"VMName","MetricId","TimestampUtc","SampleIntervalSeconds","RawValue","ConvertedValue","Unit","Disk instance","SegmentLevel","SegmentIntervalMinutes"
"Test","cpu.ready.summation","8/20/2026 2:30:20 AM","20","21","1.05","millisecond","","n/a","0"
"Test","cpu.ready.summation","8/20/2026 2:30:40 AM","20","40","2","millisecond","","n/a","0"
"Test","cpu.ready.summation","8/20/2026 2:31:00 AM","20","24","1.2","millisecond","","n/a","0"
"Test","cpu.ready.summation","8/20/2026 2:31:20 AM","20","48","2.4","millisecond","","n/a","0"
"Test","cpu.ready.summation","8/20/2026 2:31:40 AM","20","88","4.4","millisecond","","n/a","0"
"Test","cpu.ready.summation","8/20/2026 2:32:00 AM","20","67","3.35","millisecond","","n/a","0"
"Test","cpu.ready.summation","8/20/2026 2:32:20 AM","20","71","3.55","millisecond","","n/a","0"
"Test","cpu.ready.summation","8/20/2026 2:32:40 AM","20","69","3.45","millisecond","","n/a","0"
"Test","cpu.ready.summation","8/20/2026 2:33:00 AM","20","87","4.35","millisecond","","n/a","0"
"Test","cpu.ready.summation","8/20/2026 2:33:20 AM","20","66","3.3","millisecond","","n/a","0"
"Test","cpu.ready.summation","8/20/2026 2:33:40 AM","20","68","3.4","millisecond","","n/a","0"
"Test","cpu.ready.summation","8/20/2026 2:34:00 AM","20","70","3.5","millisecond","","n/a","0"
"Test","cpu.ready.summation","8/20/2026 2:34:20 AM","20","80","4","millisecond","","n/a","0"
"Test","cpu.ready.summation","8/20/2026 2:34:40 AM","20","73","3.65","millisecond","","n/a","0"
"Test","cpu.ready.summation","8/20/2026 2:35:00 AM","20","68","3.4","millisecond","","n/a","0"
"Test","cpu.ready.summation","8/20/2026 2:35:20 AM","20","52","2.6","millisecond","","n/a","0"
"Test","cpu.ready.summation","8/20/2026 2:35:40 AM","20","64","3.2","millisecond","","n/a","0"
"Test","cpu.ready.summation","8/20/2026 2:36:00 AM","20","53","2.65","millisecond","","n/a","0"
"Test","cpu.ready.summation","8/20/2026 2:36:20 AM","20","70","3.5","millisecond","","n/a","0"
"Test","cpu.ready.summation","8/20/2026 2:36:40 AM","20","76","3.8","millisecond","","n/a","0"
"Test","cpu.ready.summation","8/20/2026 2:37:00 AM","20","79","3.95","millisecond","","n/a","0"
"Test","cpu.ready.summation","8/20/2026 2:37:20 AM","20","80","4","millisecond","","n/a","0"
"Test","cpu.ready.summation","8/20/2026 2:37:40 AM","20","97","4.85","millisecond","","n/a","0"
"Test","cpu.ready.summation","8/20/2026 2:38:00 AM","20","75","3.75","millisecond","","n/a","0"
"Test","cpu.ready.summation","8/20/2026 2:38:20 AM","20","75","3.75","millisecond","","n/a","0"
"Test","cpu.ready.summation","8/20/2026 2:38:40 AM","20","61","3.05","millisecond","","n/a","0"
"Test","cpu.ready.summation","8/20/2026 2:39:00 AM","20","94","4.7","millisecond","","n/a","0"
"Test","cpu.ready.summation","8/20/2026 2:39:20 AM","20","106","5.3","millisecond","","n/a","0"
"Test","cpu.ready.summation","8/20/2026 2:39:40 AM","20","109","5.45","millisecond","","n/a","0"
"Test","cpu.ready.summation","8/20/2026 2:40:00 AM","20","142","7.1","millisecond","","n/a","0"
"Test","cpu.ready.summation","8/20/2026 2:40:20 AM","20","148","7.4","millisecond","","n/a","0"
"Test","cpu.ready.summation","8/20/2026 2:40:40 AM","20","135","6.75","millisecond","","n/a","0"
"Test","cpu.ready.summation","8/20/2026 2:41:00 AM","20","101","5.05","millisecond","","n/a","0"
"Test","cpu.ready.summation","8/20/2026 2:41:20 AM","20","92","4.6","millisecond","","n/a","0"
"Test","cpu.ready.summation","8/20/2026 2:41:40 AM","20","120","6","millisecond","","n/a","0"
"Test","cpu.ready.summation","8/20/2026 2:42:00 AM","20","152","7.6","millisecond","","n/a","0"
"Test","cpu.ready.summation","8/20/2026 2:42:20 AM","20","106","5.3","millisecond","","n/a","0"
"Test","cpu.ready.summation","8/20/2026 2:42:40 AM","20","84","4.2","millisecond","","n/a","0"
"Test","cpu.ready.summation","8/20/2026 2:43:00 AM","20","136","6.8","millisecond","","n/a","0"
"Test","cpu.ready.summation","8/20/2026 2:43:20 AM","20","123","6.15","millisecond","","n/a","0"
"Test","cpu.ready.summation","8/20/2026 2:43:40 AM","20","101","5.05","millisecond","","n/a","0"
"Test","cpu.ready.summation","8/20/2026 2:44:00 AM","20","69","3.45","millisecond","","n/a","0"
"Test","cpu.ready.summation","8/20/2026 2:44:20 AM","20","95","4.75","millisecond","","n/a","0"
"Test","cpu.ready.summation","8/20/2026 2:44:40 AM","20","86","4.3","millisecond","","n/a","0"
"Test","cpu.ready.summation","8/20/2026 2:45:00 AM","20","83","4.15","millisecond","","n/a","0"
"Test","cpu.ready.summation","8/20/2026 2:45:20 AM","20","72","3.6","millisecond","","n/a","0"
"Test","cpu.ready.summation","8/20/2026 2:45:40 AM","20","103","5.15","millisecond","","n/a","0"
"Test","cpu.ready.summation","8/20/2026 2:46:00 AM","20","35","1.75","millisecond","","n/a","0"
"Test","cpu.ready.summation","8/20/2026 2:46:20 AM","20","60","3","millisecond","","n/a","0"
"Test","cpu.ready.summation","8/20/2026 2:46:40 AM","20","58","2.9","millisecond","","n/a","0"
"Test","cpu.ready.summation","8/20/2026 2:47:00 AM","20","72","3.6","millisecond","","n/a","0"
"Test","cpu.ready.summation","8/20/2026 2:47:20 AM","20","104","5.2","millisecond","","n/a","0"
"Test","cpu.ready.summation","8/20/2026 2:47:40 AM","20","99","4.95","millisecond","","n/a","0"
"Test","cpu.ready.summation","8/20/2026 2:48:00 AM","20","43","2.15","millisecond","","n/a","0"
"Test","cpu.ready.summation","8/20/2026 2:48:20 AM","20","27","1.35","millisecond","","n/a","0"
"Test","cpu.ready.summation","8/20/2026 2:48:40 AM","20","102","5.1","millisecond","","n/a","0"
"Test","cpu.ready.summation","8/20/2026 2:49:00 AM","20","94","4.7","millisecond","","n/a","0"
"Test","cpu.ready.summation","8/20/2026 2:49:20 AM","20","96","4.8","millisecond","","n/a","0"
"Test","cpu.ready.summation","8/20/2026 2:49:40 AM","20","92","4.6","millisecond","","n/a","0"
"Test","cpu.ready.summation","8/20/2026 2:50:00 AM","20","73","3.65","millisecond","","n/a","0"
"Test","cpu.ready.summation","8/20/2026 2:50:20 AM","20","29","1.45","millisecond","","n/a","0"
"Test","cpu.ready.summation","8/20/2026 2:50:40 AM","20","27","1.35","millisecond","","n/a","0"
"Test","cpu.ready.summation","8/20/2026 2:51:00 AM","20","115","5.75","millisecond","","n/a","0"
"Test","cpu.ready.summation","8/20/2026 2:51:20 AM","20","95","4.75","millisecond","","n/a","0"
"Test","cpu.ready.summation","8/20/2026 2:51:40 AM","20","93","4.65","millisecond","","n/a","0"
"Test","cpu.ready.summation","8/20/2026 2:52:00 AM","20","78","3.9","millisecond","","n/a","0"
"Test","cpu.ready.summation","8/20/2026 2:52:20 AM","20","91","4.55","millisecond","","n/a","0"
"Test","cpu.ready.summation","8/20/2026 2:52:40 AM","20","100","5","millisecond","","n/a","0"
"Test","cpu.ready.summation","8/20/2026 2:53:00 AM","20","87","4.35","millisecond","","n/a","0"
"Test","cpu.ready.summation","8/20/2026 2:53:20 AM","20","79","3.95","millisecond","","n/a","0"
"Test","cpu.ready.summation","8/20/2026 2:53:40 AM","20","88","4.4","millisecond","","n/a","0"
"Test","cpu.ready.summation","8/20/2026 2:54:00 AM","20","88","4.4","millisecond","","n/a","0"
"Test","cpu.ready.summation","8/20/2026 2:54:20 AM","20","107","5.35","millisecond","","n/a","0"
"Test","cpu.ready.summation","8/20/2026 2:54:40 AM","20","82","4.1","millisecond","","n/a","0"
"Test","cpu.ready.summation","8/20/2026 2:55:00 AM","20","100","5","millisecond","","n/a","0"
"Test","cpu.ready.summation","8/20/2026 2:55:20 AM","20","70","3.5","millisecond","","n/a","0"
"Test","cpu.ready.summation","8/20/2026 2:55:40 AM","20","82","4.1","millisecond","","n/a","0"
"Test","cpu.ready.summation","8/20/2026 2:56:00 AM","20","75","3.75","millisecond","","n/a","0"
"Test","cpu.ready.summation","8/20/2026 2:56:20 AM","20","77","3.85","millisecond","","n/a","0"
"Test","cpu.ready.summation","8/20/2026 2:56:40 AM","20","82","4.1","millisecond","","n/a","0"
"Test","cpu.ready.summation","8/20/2026 2:57:00 AM","20","80","4","millisecond","","n/a","0"
"Test","cpu.ready.summation","8/20/2026 2:57:20 AM","20","105","5.25","millisecond","","n/a","0"
"Test","cpu.ready.summation","8/20/2026 2:57:40 AM","20","84","4.2","millisecond","","n/a","0"
"Test","cpu.ready.summation","8/20/2026 2:58:00 AM","20","105","5.25","millisecond","","n/a","0"
"Test","cpu.ready.summation","8/20/2026 2:58:20 AM","20","73","3.65","millisecond","","n/a","0"
"Test","cpu.ready.summation","8/20/2026 2:58:40 AM","20","57","2.85","millisecond","","n/a","0"
"Test","cpu.ready.summation","8/20/2026 2:59:00 AM","20","67","3.35","millisecond","","n/a","0"
"Test","cpu.ready.summation","8/20/2026 2:59:20 AM","20","50","2.5","millisecond","","n/a","0"
"Test","cpu.ready.summation","8/20/2026 2:59:40 AM","20","88","4.4","millisecond","","n/a","0"
"Test","cpu.ready.summation","8/20/2026 3:00:00 AM","20","56","2.8","millisecond","","n/a","0"
"Test","cpu.ready.summation","8/20/2026 3:00:20 AM","20","63","3.15","millisecond","","n/a","0"
"Test","cpu.ready.summation","8/20/2026 3:00:40 AM","20","60","3","millisecond","","n/a","0"
"Test","cpu.ready.summation","8/20/2026 3:01:00 AM","20","142","7.1","millisecond","","n/a","0"
"Test","cpu.ready.summation","8/20/2026 3:01:20 AM","20","113","5.65","millisecond","","n/a","0"
"Test","cpu.ready.summation","8/20/2026 3:01:40 AM","20","64","3.2","millisecond","","n/a","0"
"Test","cpu.ready.summation","8/20/2026 3:02:00 AM","20","129","6.45","millisecond","","n/a","0"
"Test","cpu.ready.summation","8/20/2026 3:02:20 AM","20","112","5.6","millisecond","","n/a","0"
"Test","cpu.ready.summation","8/20/2026 3:02:40 AM","20","69","3.45","millisecond","","n/a","0"
"Test","cpu.ready.summation","8/20/2026 3:03:00 AM","20","105","5.25","millisecond","","n/a","0"
"Test","cpu.ready.summation","8/20/2026 3:03:20 AM","20","75","3.75","millisecond","","n/a","0"
"Test","cpu.ready.summation","8/20/2026 3:03:40 AM","20","114","5.7","millisecond","","n/a","0"
"Test","cpu.ready.summation","8/20/2026 3:04:00 AM","20","66","3.3","millisecond","","n/a","0"
"Test","cpu.ready.summation","8/20/2026 3:04:20 AM","20","106","5.3","millisecond","","n/a","0"
"Test","cpu.ready.summation","8/20/2026 3:04:40 AM","20","117","5.85","millisecond","","n/a","0"
"Test","cpu.ready.summation","8/20/2026 3:05:00 AM","20","97","4.85","millisecond","","n/a","0"
"Test","cpu.ready.summation","8/20/2026 3:05:20 AM","20","75","3.75","millisecond","","n/a","0"
"Test","cpu.ready.summation","8/20/2026 3:05:40 AM","20","73","3.65","millisecond","","n/a","0"
"Test","cpu.ready.summation","8/20/2026 3:06:00 AM","20","89","4.45","millisecond","","n/a","0"
"Test","cpu.ready.summation","8/20/2026 3:06:20 AM","20","70","3.5","millisecond","","n/a","0"
"Test","cpu.ready.summation","8/20/2026 3:06:40 AM","20","67","3.35","millisecond","","n/a","0"
"Test","cpu.ready.summation","8/20/2026 3:07:00 AM","20","144","7.2","millisecond","","n/a","0"
"Test","cpu.ready.summation","8/20/2026 3:07:20 AM","20","168","8.4","millisecond","","n/a","0"
"Test","cpu.ready.summation","8/20/2026 3:07:40 AM","20","119","5.95","millisecond","","n/a","0"
"Test","cpu.ready.summation","8/20/2026 3:08:00 AM","20","83","4.15","millisecond","","n/a","0"
"Test","cpu.ready.summation","8/20/2026 3:08:20 AM","20","102","5.1","millisecond","","n/a","0"
"Test","cpu.ready.summation","8/20/2026 3:08:40 AM","20","68","3.4","millisecond","","n/a","0"
"Test","cpu.ready.summation","8/20/2026 3:09:00 AM","20","75","3.75","millisecond","","n/a","0"
"Test","cpu.ready.summation","8/20/2026 3:09:20 AM","20","89","4.45","millisecond","","n/a","0"
"Test","cpu.ready.summation","8/20/2026 3:09:40 AM","20","54","2.7","millisecond","","n/a","0"
"Test","cpu.ready.summation","8/20/2026 3:10:00 AM","20","78","3.9","millisecond","","n/a","0"
"Test","cpu.ready.summation","8/20/2026 3:10:20 AM","20","57","2.85","millisecond","","n/a","0"
"Test","cpu.ready.summation","8/20/2026 3:10:40 AM","20","17","0.85","millisecond","","n/a","0"
"Test","cpu.ready.summation","8/20/2026 3:11:00 AM","20","16","0.8","millisecond","","n/a","0"
"Test","cpu.ready.summation","8/20/2026 3:11:20 AM","20","31","1.55","millisecond","","n/a","0"
"Test","cpu.ready.summation","8/20/2026 3:11:40 AM","20","76","3.8","millisecond","","n/a","0"
"Test","cpu.ready.summation","8/20/2026 3:12:00 AM","20","74","3.7","millisecond","","n/a","0"
"Test","cpu.ready.summation","8/20/2026 3:12:20 AM","20","66","3.3","millisecond","","n/a","0"
"Test","cpu.ready.summation","8/20/2026 3:12:40 AM","20","70","3.5","millisecond","","n/a","0"
"Test","cpu.ready.summation","8/20/2026 3:13:00 AM","20","61","3.05","millisecond","","n/a","0"
"Test","cpu.ready.summation","8/20/2026 3:13:20 AM","20","75","3.75","millisecond","","n/a","0"
"Test","cpu.ready.summation","8/20/2026 3:13:40 AM","20","96","4.8","millisecond","","n/a","0"
"Test","cpu.ready.summation","8/20/2026 3:14:00 AM","20","125","6.25","millisecond","","n/a","0"
"Test","cpu.ready.summation","8/20/2026 3:14:20 AM","20","174","8.7","millisecond","","n/a","0"
"Test","cpu.ready.summation","8/20/2026 3:14:40 AM","20","137","6.85","millisecond","","n/a","0"
"Test","cpu.ready.summation","8/20/2026 3:15:00 AM","20","124","6.2","millisecond","","n/a","0"
"Test","cpu.ready.summation","8/20/2026 3:15:20 AM","20","74","3.7","millisecond","","n/a","0"
"Test","cpu.ready.summation","8/20/2026 3:15:40 AM","20","88","4.4","millisecond","","n/a","0"
"Test","cpu.ready.summation","8/20/2026 3:16:00 AM","20","103","5.15","millisecond","","n/a","0"
"Test","cpu.ready.summation","8/20/2026 3:16:20 AM","20","56","2.8","millisecond","","n/a","0"
"Test","cpu.ready.summation","8/20/2026 3:16:40 AM","20","120","6","millisecond","","n/a","0"
"Test","cpu.ready.summation","8/20/2026 3:17:00 AM","20","69","3.45","millisecond","","n/a","0"
"Test","cpu.ready.summation","8/20/2026 3:17:20 AM","20","105","5.25","millisecond","","n/a","0"
"Test","cpu.ready.summation","8/20/2026 3:17:40 AM","20","74","3.7","millisecond","","n/a","0"
"Test","cpu.ready.summation","8/20/2026 3:18:00 AM","20","71","3.55","millisecond","","n/a","0"
"Test","cpu.ready.summation","8/20/2026 3:18:20 AM","20","69","3.45","millisecond","","n/a","0"
"Test","cpu.ready.summation","8/20/2026 3:18:40 AM","20","83","4.15","millisecond","","n/a","0"
"Test","cpu.ready.summation","8/20/2026 3:19:00 AM","20","51","2.55","millisecond","","n/a","0"
"Test","cpu.ready.summation","8/20/2026 3:19:20 AM","20","39","1.95","millisecond","","n/a","0"
"Test","cpu.ready.summation","8/20/2026 3:19:40 AM","20","98","4.9","millisecond","","n/a","0"
"Test","cpu.ready.summation","8/20/2026 3:20:00 AM","20","86","4.3","millisecond","","n/a","0"
"Test","cpu.ready.summation","8/20/2026 3:20:20 AM","20","86","4.3","millisecond","","n/a","0"
"Test","cpu.ready.summation","8/20/2026 3:20:40 AM","20","91","4.55","millisecond","","n/a","0"
"Test","cpu.ready.summation","8/20/2026 3:21:00 AM","20","79","3.95","millisecond","","n/a","0"
"Test","cpu.ready.summation","8/20/2026 3:21:20 AM","20","107","5.35","millisecond","","n/a","0"
"Test","cpu.ready.summation","8/20/2026 3:21:40 AM","20","67","3.35","millisecond","","n/a","0"
"Test","cpu.ready.summation","8/20/2026 3:22:00 AM","20","64","3.2","millisecond","","n/a","0"
"Test","cpu.ready.summation","8/20/2026 3:22:20 AM","20","78","3.9","millisecond","","n/a","0"
"Test","cpu.ready.summation","8/20/2026 3:22:40 AM","20","99","4.95","millisecond","","n/a","0"
"Test","cpu.ready.summation","8/20/2026 3:23:00 AM","20","70","3.5","millisecond","","n/a","0"
"Test","cpu.ready.summation","8/20/2026 3:23:20 AM","20","74","3.7","millisecond","","n/a","0"
"Test","cpu.ready.summation","8/20/2026 3:23:40 AM","20","67","3.35","millisecond","","n/a","0"
"Test","cpu.ready.summation","8/20/2026 3:24:00 AM","20","70","3.5","millisecond","","n/a","0"
"Test","cpu.ready.summation","8/20/2026 3:24:20 AM","20","80","4","millisecond","","n/a","0"
"Test","cpu.ready.summation","8/20/2026 3:24:40 AM","20","101","5.05","millisecond","","n/a","0"
"Test","cpu.ready.summation","8/20/2026 3:25:00 AM","20","50","2.5","millisecond","","n/a","0"
"Test","cpu.ready.summation","8/20/2026 3:25:20 AM","20","80","4","millisecond","","n/a","0"
"Test","cpu.ready.summation","8/20/2026 3:25:40 AM","20","102","5.1","millisecond","","n/a","0"
"Test","cpu.ready.summation","8/20/2026 3:26:00 AM","20","132","6.6","millisecond","","n/a","0"
"Test","cpu.ready.summation","8/20/2026 3:26:20 AM","20","104","5.2","millisecond","","n/a","0"
"Test","cpu.ready.summation","8/20/2026 3:26:40 AM","20","66","3.3","millisecond","","n/a","0"
"Test","cpu.ready.summation","8/20/2026 3:27:00 AM","20","104","5.2","millisecond","","n/a","0"
"Test","cpu.ready.summation","8/20/2026 3:27:20 AM","20","133","6.65","millisecond","","n/a","0"
"Test","cpu.ready.summation","8/20/2026 3:27:40 AM","20","129","6.45","millisecond","","n/a","0"
"Test","cpu.ready.summation","8/20/2026 3:28:00 AM","20","121","6.05","millisecond","","n/a","0"
"Test","cpu.ready.summation","8/20/2026 3:28:20 AM","20","146","7.3","millisecond","","n/a","0"
"Test","cpu.ready.summation","8/20/2026 3:28:40 AM","20","146","7.3","millisecond","","n/a","0"
"Test","cpu.ready.summation","8/20/2026 3:29:00 AM","20","141","7.05","millisecond","","n/a","0"
"Test","cpu.ready.summation","8/20/2026 3:29:20 AM","20","142","7.1","millisecond","","n/a","0"
"Test","cpu.ready.summation","8/20/2026 3:29:40 AM","20","139","6.95","millisecond","","n/a","0"
"Test","cpu.ready.summation","8/20/2026 3:30:00 AM","20","158","7.9","millisecond","","n/a","0"
"Test","cpu.usage.average","8/20/2026 2:30:20 AM","20","0.409999996423721","0.409999996423721","%","","n/a","0"
"Test","cpu.usage.average","8/20/2026 2:30:40 AM","20","0.550000011920929","0.550000011920929","%","","n/a","0"
"Test","cpu.usage.average","8/20/2026 2:31:00 AM","20","0.419999986886978","0.419999986886978","%","","n/a","0"
"Test","cpu.usage.average","8/20/2026 2:31:20 AM","20","0.419999986886978","0.419999986886978","%","","n/a","0"
"Test","cpu.usage.average","8/20/2026 2:31:40 AM","20","0.509999990463257","0.509999990463257","%","","n/a","0"
"Test","cpu.usage.average","8/20/2026 2:32:00 AM","20","0.529999971389771","0.529999971389771","%","","n/a","0"
"Test","cpu.usage.average","8/20/2026 2:32:20 AM","20","0.469999998807907","0.469999998807907","%","","n/a","0"
"Test","cpu.usage.average","8/20/2026 2:32:40 AM","20","0.519999980926514","0.519999980926514","%","","n/a","0"
"Test","cpu.usage.average","8/20/2026 2:33:00 AM","20","0.419999986886978","0.419999986886978","%","","n/a","0"
"Test","cpu.usage.average","8/20/2026 2:33:20 AM","20","0.479999989271164","0.479999989271164","%","","n/a","0"
"Test","cpu.usage.average","8/20/2026 2:33:40 AM","20","0.469999998807907","0.469999998807907","%","","n/a","0"
"Test","cpu.usage.average","8/20/2026 2:34:00 AM","20","0.349999994039536","0.349999994039536","%","","n/a","0"
"Test","cpu.usage.average","8/20/2026 2:34:20 AM","20","0.490000009536743","0.490000009536743","%","","n/a","0"
"Test","cpu.usage.average","8/20/2026 2:34:40 AM","20","0.419999986886978","0.419999986886978","%","","n/a","0"
"Test","cpu.usage.average","8/20/2026 2:35:00 AM","20","0.469999998807907","0.469999998807907","%","","n/a","0"
"Test","cpu.usage.average","8/20/2026 2:35:20 AM","20","0.400000005960464","0.400000005960464","%","","n/a","0"
"Test","cpu.usage.average","8/20/2026 2:35:40 AM","20","0.400000005960464","0.400000005960464","%","","n/a","0"
"Test","cpu.usage.average","8/20/2026 2:36:00 AM","20","0.400000005960464","0.400000005960464","%","","n/a","0"
"Test","cpu.usage.average","8/20/2026 2:36:20 AM","20","0.46000000834465","0.46000000834465","%","","n/a","0"
"Test","cpu.usage.average","8/20/2026 2:36:40 AM","20","0.589999973773956","0.589999973773956","%","","n/a","0"
"Test","cpu.usage.average","8/20/2026 2:37:00 AM","20","0.449999988079071","0.449999988079071","%","","n/a","0"
"Test","cpu.usage.average","8/20/2026 2:37:20 AM","20","0.579999983310699","0.579999983310699","%","","n/a","0"
"Test","cpu.usage.average","8/20/2026 2:37:40 AM","20","0.379999995231628","0.379999995231628","%","","n/a","0"
"Test","cpu.usage.average","8/20/2026 2:38:00 AM","20","0.469999998807907","0.469999998807907","%","","n/a","0"
"Test","cpu.usage.average","8/20/2026 2:38:20 AM","20","0.970000028610229","0.970000028610229","%","","n/a","0"
"Test","cpu.usage.average","8/20/2026 2:38:40 AM","20","0.400000005960464","0.400000005960464","%","","n/a","0"
"Test","cpu.usage.average","8/20/2026 2:39:00 AM","20","0.519999980926514","0.519999980926514","%","","n/a","0"
"Test","cpu.usage.average","8/20/2026 2:39:20 AM","20","0.430000007152557","0.430000007152557","%","","n/a","0"
"Test","cpu.usage.average","8/20/2026 2:39:40 AM","20","0.529999971389771","0.529999971389771","%","","n/a","0"
"Test","cpu.usage.average","8/20/2026 2:40:00 AM","20","0.479999989271164","0.479999989271164","%","","n/a","0"
"Test","cpu.usage.average","8/20/2026 2:40:20 AM","20","0.400000005960464","0.400000005960464","%","","n/a","0"
"Test","cpu.usage.average","8/20/2026 2:40:40 AM","20","0.490000009536743","0.490000009536743","%","","n/a","0"
"Test","cpu.usage.average","8/20/2026 2:41:00 AM","20","0.469999998807907","0.469999998807907","%","","n/a","0"
"Test","cpu.usage.average","8/20/2026 2:41:20 AM","20","0.469999998807907","0.469999998807907","%","","n/a","0"
"Test","cpu.usage.average","8/20/2026 2:41:40 AM","20","0.540000021457672","0.540000021457672","%","","n/a","0"
"Test","cpu.usage.average","8/20/2026 2:42:00 AM","20","0.479999989271164","0.479999989271164","%","","n/a","0"
"Test","cpu.usage.average","8/20/2026 2:42:20 AM","20","0.430000007152557","0.430000007152557","%","","n/a","0"
"Test","cpu.usage.average","8/20/2026 2:42:40 AM","20","0.400000005960464","0.400000005960464","%","","n/a","0"
"Test","cpu.usage.average","8/20/2026 2:43:00 AM","20","0.449999988079071","0.449999988079071","%","","n/a","0"
"Test","cpu.usage.average","8/20/2026 2:43:20 AM","20","0.589999973773956","0.589999973773956","%","","n/a","0"
"Test","cpu.usage.average","8/20/2026 2:43:40 AM","20","0.550000011920929","0.550000011920929","%","","n/a","0"
"Test","cpu.usage.average","8/20/2026 2:44:00 AM","20","0.479999989271164","0.479999989271164","%","","n/a","0"
"Test","cpu.usage.average","8/20/2026 2:44:20 AM","20","0.46000000834465","0.46000000834465","%","","n/a","0"
"Test","cpu.usage.average","8/20/2026 2:44:40 AM","20","0.5","0.5","%","","n/a","0"
"Test","cpu.usage.average","8/20/2026 2:45:00 AM","20","0.579999983310699","0.579999983310699","%","","n/a","0"
"Test","cpu.usage.average","8/20/2026 2:45:20 AM","20","0.479999989271164","0.479999989271164","%","","n/a","0"
"Test","cpu.usage.average","8/20/2026 2:45:40 AM","20","0.779999971389771","0.779999971389771","%","","n/a","0"
"Test","cpu.usage.average","8/20/2026 2:46:00 AM","20","0.529999971389771","0.529999971389771","%","","n/a","0"
"Test","cpu.usage.average","8/20/2026 2:46:20 AM","20","0.509999990463257","0.509999990463257","%","","n/a","0"
"Test","cpu.usage.average","8/20/2026 2:46:40 AM","20","0.600000023841858","0.600000023841858","%","","n/a","0"
"Test","cpu.usage.average","8/20/2026 2:47:00 AM","20","0.5","0.5","%","","n/a","0"
"Test","cpu.usage.average","8/20/2026 2:47:20 AM","20","0.689999997615814","0.689999997615814","%","","n/a","0"
"Test","cpu.usage.average","8/20/2026 2:47:40 AM","20","0.490000009536743","0.490000009536743","%","","n/a","0"
"Test","cpu.usage.average","8/20/2026 2:48:00 AM","20","0.469999998807907","0.469999998807907","%","","n/a","0"
"Test","cpu.usage.average","8/20/2026 2:48:20 AM","20","0.569999992847443","0.569999992847443","%","","n/a","0"
"Test","cpu.usage.average","8/20/2026 2:48:40 AM","20","0.400000005960464","0.400000005960464","%","","n/a","0"
"Test","cpu.usage.average","8/20/2026 2:49:00 AM","20","0.5","0.5","%","","n/a","0"
"Test","cpu.usage.average","8/20/2026 2:49:20 AM","20","0.419999986886978","0.419999986886978","%","","n/a","0"
"Test","cpu.usage.average","8/20/2026 2:49:40 AM","20","0.419999986886978","0.419999986886978","%","","n/a","0"
"Test","cpu.usage.average","8/20/2026 2:50:00 AM","20","0.469999998807907","0.469999998807907","%","","n/a","0"
"Test","cpu.usage.average","8/20/2026 2:50:20 AM","20","0.439999997615814","0.439999997615814","%","","n/a","0"
"Test","cpu.usage.average","8/20/2026 2:50:40 AM","20","0.439999997615814","0.439999997615814","%","","n/a","0"
"Test","cpu.usage.average","8/20/2026 2:51:00 AM","20","0.479999989271164","0.479999989271164","%","","n/a","0"
"Test","cpu.usage.average","8/20/2026 2:51:20 AM","20","0.5","0.5","%","","n/a","0"
"Test","cpu.usage.average","8/20/2026 2:51:40 AM","20","0.519999980926514","0.519999980926514","%","","n/a","0"
"Test","cpu.usage.average","8/20/2026 2:52:00 AM","20","0.349999994039536","0.349999994039536","%","","n/a","0"
"Test","cpu.usage.average","8/20/2026 2:52:20 AM","20","0.569999992847443","0.569999992847443","%","","n/a","0"
"Test","cpu.usage.average","8/20/2026 2:52:40 AM","20","0.349999994039536","0.349999994039536","%","","n/a","0"
"Test","cpu.usage.average","8/20/2026 2:53:00 AM","20","0.579999983310699","0.579999983310699","%","","n/a","0"
"Test","cpu.usage.average","8/20/2026 2:53:20 AM","20","0.409999996423721","0.409999996423721","%","","n/a","0"
"Test","cpu.usage.average","8/20/2026 2:53:40 AM","20","0.469999998807907","0.469999998807907","%","","n/a","0"
"Test","cpu.usage.average","8/20/2026 2:54:00 AM","20","0.449999988079071","0.449999988079071","%","","n/a","0"
"Test","cpu.usage.average","8/20/2026 2:54:20 AM","20","0.529999971389771","0.529999971389771","%","","n/a","0"
"Test","cpu.usage.average","8/20/2026 2:54:40 AM","20","0.349999994039536","0.349999994039536","%","","n/a","0"
"Test","cpu.usage.average","8/20/2026 2:55:00 AM","20","0.469999998807907","0.469999998807907","%","","n/a","0"
"Test","cpu.usage.average","8/20/2026 2:55:20 AM","20","0.509999990463257","0.509999990463257","%","","n/a","0"
"Test","cpu.usage.average","8/20/2026 2:55:40 AM","20","0.449999988079071","0.449999988079071","%","","n/a","0"
"Test","cpu.usage.average","8/20/2026 2:56:00 AM","20","0.449999988079071","0.449999988079071","%","","n/a","0"
"Test","cpu.usage.average","8/20/2026 2:56:20 AM","20","0.319999992847443","0.319999992847443","%","","n/a","0"
"Test","cpu.usage.average","8/20/2026 2:56:40 AM","20","0.620000004768372","0.620000004768372","%","","n/a","0"
"Test","cpu.usage.average","8/20/2026 2:57:00 AM","20","0.349999994039536","0.349999994039536","%","","n/a","0"
"Test","cpu.usage.average","8/20/2026 2:57:20 AM","20","0.519999980926514","0.519999980926514","%","","n/a","0"
"Test","cpu.usage.average","8/20/2026 2:57:40 AM","20","0.370000004768372","0.370000004768372","%","","n/a","0"
"Test","cpu.usage.average","8/20/2026 2:58:00 AM","20","0.469999998807907","0.469999998807907","%","","n/a","0"
"Test","cpu.usage.average","8/20/2026 2:58:20 AM","20","0.569999992847443","0.569999992847443","%","","n/a","0"
"Test","cpu.usage.average","8/20/2026 2:58:40 AM","20","0.349999994039536","0.349999994039536","%","","n/a","0"
"Test","cpu.usage.average","8/20/2026 2:59:00 AM","20","0.449999988079071","0.449999988079071","%","","n/a","0"
"Test","cpu.usage.average","8/20/2026 2:59:20 AM","20","0.430000007152557","0.430000007152557","%","","n/a","0"
"Test","cpu.usage.average","8/20/2026 2:59:40 AM","20","0.400000005960464","0.400000005960464","%","","n/a","0"
"Test","cpu.usage.average","8/20/2026 3:00:00 AM","20","0.449999988079071","0.449999988079071","%","","n/a","0"
"Test","cpu.usage.average","8/20/2026 3:00:20 AM","20","0.349999994039536","0.349999994039536","%","","n/a","0"
"Test","cpu.usage.average","8/20/2026 3:00:40 AM","20","0.540000021457672","0.540000021457672","%","","n/a","0"
"Test","cpu.usage.average","8/20/2026 3:01:00 AM","20","0.5","0.5","%","","n/a","0"
"Test","cpu.usage.average","8/20/2026 3:01:20 AM","20","0.469999998807907","0.469999998807907","%","","n/a","0"
"Test","cpu.usage.average","8/20/2026 3:01:40 AM","20","0.550000011920929","0.550000011920929","%","","n/a","0"
"Test","cpu.usage.average","8/20/2026 3:02:00 AM","20","0.360000014305115","0.360000014305115","%","","n/a","0"
"Test","cpu.usage.average","8/20/2026 3:02:20 AM","20","0.589999973773956","0.589999973773956","%","","n/a","0"
"Test","cpu.usage.average","8/20/2026 3:02:40 AM","20","0.400000005960464","0.400000005960464","%","","n/a","0"
"Test","cpu.usage.average","8/20/2026 3:03:00 AM","20","0.529999971389771","0.529999971389771","%","","n/a","0"
"Test","cpu.usage.average","8/20/2026 3:03:20 AM","20","0.589999973773956","0.589999973773956","%","","n/a","0"
"Test","cpu.usage.average","8/20/2026 3:03:40 AM","20","0.5","0.5","%","","n/a","0"
"Test","cpu.usage.average","8/20/2026 3:04:00 AM","20","0.419999986886978","0.419999986886978","%","","n/a","0"
"Test","cpu.usage.average","8/20/2026 3:04:20 AM","20","0.479999989271164","0.479999989271164","%","","n/a","0"
"Test","cpu.usage.average","8/20/2026 3:04:40 AM","20","0.469999998807907","0.469999998807907","%","","n/a","0"
"Test","cpu.usage.average","8/20/2026 3:05:00 AM","20","0.550000011920929","0.550000011920929","%","","n/a","0"
"Test","cpu.usage.average","8/20/2026 3:05:20 AM","20","0.419999986886978","0.419999986886978","%","","n/a","0"
"Test","cpu.usage.average","8/20/2026 3:05:40 AM","20","0.529999971389771","0.529999971389771","%","","n/a","0"
"Test","cpu.usage.average","8/20/2026 3:06:00 AM","20","0.479999989271164","0.479999989271164","%","","n/a","0"
"Test","cpu.usage.average","8/20/2026 3:06:20 AM","20","0.579999983310699","0.579999983310699","%","","n/a","0"
"Test","cpu.usage.average","8/20/2026 3:06:40 AM","20","0.46000000834465","0.46000000834465","%","","n/a","0"
"Test","cpu.usage.average","8/20/2026 3:07:00 AM","20","0.449999988079071","0.449999988079071","%","","n/a","0"
"Test","cpu.usage.average","8/20/2026 3:07:20 AM","20","0.579999983310699","0.579999983310699","%","","n/a","0"
"Test","cpu.usage.average","8/20/2026 3:07:40 AM","20","0.569999992847443","0.569999992847443","%","","n/a","0"
"Test","cpu.usage.average","8/20/2026 3:08:00 AM","20","0.610000014305115","0.610000014305115","%","","n/a","0"
"Test","cpu.usage.average","8/20/2026 3:08:20 AM","20","0.860000014305115","0.860000014305115","%","","n/a","0"
"Test","cpu.usage.average","8/20/2026 3:08:40 AM","20","0.419999986886978","0.419999986886978","%","","n/a","0"
"Test","cpu.usage.average","8/20/2026 3:09:00 AM","20","0.46000000834465","0.46000000834465","%","","n/a","0"
"Test","cpu.usage.average","8/20/2026 3:09:20 AM","20","0.509999990463257","0.509999990463257","%","","n/a","0"
"Test","cpu.usage.average","8/20/2026 3:09:40 AM","20","0.469999998807907","0.469999998807907","%","","n/a","0"
"Test","cpu.usage.average","8/20/2026 3:10:00 AM","20","0.5","0.5","%","","n/a","0"
"Test","cpu.usage.average","8/20/2026 3:10:20 AM","20","0.5","0.5","%","","n/a","0"
"Test","cpu.usage.average","8/20/2026 3:10:40 AM","20","0.449999988079071","0.449999988079071","%","","n/a","0"
"Test","cpu.usage.average","8/20/2026 3:11:00 AM","20","0.469999998807907","0.469999998807907","%","","n/a","0"
"Test","cpu.usage.average","8/20/2026 3:11:20 AM","20","0.529999971389771","0.529999971389771","%","","n/a","0"
"Test","cpu.usage.average","8/20/2026 3:11:40 AM","20","0.46000000834465","0.46000000834465","%","","n/a","0"
"Test","cpu.usage.average","8/20/2026 3:12:00 AM","20","0.400000005960464","0.400000005960464","%","","n/a","0"
"Test","cpu.usage.average","8/20/2026 3:12:20 AM","20","0.469999998807907","0.469999998807907","%","","n/a","0"
"Test","cpu.usage.average","8/20/2026 3:12:40 AM","20","0.529999971389771","0.529999971389771","%","","n/a","0"
"Test","cpu.usage.average","8/20/2026 3:13:00 AM","20","0.479999989271164","0.479999989271164","%","","n/a","0"
"Test","cpu.usage.average","8/20/2026 3:13:20 AM","20","0.509999990463257","0.509999990463257","%","","n/a","0"
"Test","cpu.usage.average","8/20/2026 3:13:40 AM","20","0.479999989271164","0.479999989271164","%","","n/a","0"
"Test","cpu.usage.average","8/20/2026 3:14:00 AM","20","0.579999983310699","0.579999983310699","%","","n/a","0"
"Test","cpu.usage.average","8/20/2026 3:14:20 AM","20","0.409999996423721","0.409999996423721","%","","n/a","0"
"Test","cpu.usage.average","8/20/2026 3:14:40 AM","20","0.479999989271164","0.479999989271164","%","","n/a","0"
"Test","cpu.usage.average","8/20/2026 3:15:00 AM","20","0.5","0.5","%","","n/a","0"
"Test","cpu.usage.average","8/20/2026 3:15:20 AM","20","0.46000000834465","0.46000000834465","%","","n/a","0"
"Test","cpu.usage.average","8/20/2026 3:15:40 AM","20","0.400000005960464","0.400000005960464","%","","n/a","0"
"Test","cpu.usage.average","8/20/2026 3:16:00 AM","20","0.400000005960464","0.400000005960464","%","","n/a","0"
"Test","cpu.usage.average","8/20/2026 3:16:20 AM","20","0.579999983310699","0.579999983310699","%","","n/a","0"
"Test","cpu.usage.average","8/20/2026 3:16:40 AM","20","0.560000002384186","0.560000002384186","%","","n/a","0"
"Test","cpu.usage.average","8/20/2026 3:17:00 AM","20","0.349999994039536","0.349999994039536","%","","n/a","0"
"Test","cpu.usage.average","8/20/2026 3:17:20 AM","20","0.5","0.5","%","","n/a","0"
"Test","cpu.usage.average","8/20/2026 3:17:40 AM","20","0.419999986886978","0.419999986886978","%","","n/a","0"
"Test","cpu.usage.average","8/20/2026 3:18:00 AM","20","0.479999989271164","0.479999989271164","%","","n/a","0"
"Test","cpu.usage.average","8/20/2026 3:18:20 AM","20","0.519999980926514","0.519999980926514","%","","n/a","0"
"Test","cpu.usage.average","8/20/2026 3:18:40 AM","20","0.409999996423721","0.409999996423721","%","","n/a","0"
"Test","cpu.usage.average","8/20/2026 3:19:00 AM","20","0.529999971389771","0.529999971389771","%","","n/a","0"
"Test","cpu.usage.average","8/20/2026 3:19:20 AM","20","0.409999996423721","0.409999996423721","%","","n/a","0"
"Test","cpu.usage.average","8/20/2026 3:19:40 AM","20","0.400000005960464","0.400000005960464","%","","n/a","0"
"Test","cpu.usage.average","8/20/2026 3:20:00 AM","20","0.400000005960464","0.400000005960464","%","","n/a","0"
"Test","cpu.usage.average","8/20/2026 3:20:20 AM","20","0.439999997615814","0.439999997615814","%","","n/a","0"
"Test","cpu.usage.average","8/20/2026 3:20:40 AM","20","0.400000005960464","0.400000005960464","%","","n/a","0"
"Test","cpu.usage.average","8/20/2026 3:21:00 AM","20","0.5","0.5","%","","n/a","0"
"Test","cpu.usage.average","8/20/2026 3:21:20 AM","20","0.419999986886978","0.419999986886978","%","","n/a","0"
"Test","cpu.usage.average","8/20/2026 3:21:40 AM","20","0.579999983310699","0.579999983310699","%","","n/a","0"
"Test","cpu.usage.average","8/20/2026 3:22:00 AM","20","0.349999994039536","0.349999994039536","%","","n/a","0"
"Test","cpu.usage.average","8/20/2026 3:22:20 AM","20","0.689999997615814","0.689999997615814","%","","n/a","0"
"Test","cpu.usage.average","8/20/2026 3:22:40 AM","20","0.550000011920929","0.550000011920929","%","","n/a","0"
"Test","cpu.usage.average","8/20/2026 3:23:00 AM","20","0.620000004768372","0.620000004768372","%","","n/a","0"
"Test","cpu.usage.average","8/20/2026 3:23:20 AM","20","0.589999973773956","0.589999973773956","%","","n/a","0"
"Test","cpu.usage.average","8/20/2026 3:23:40 AM","20","0.529999971389771","0.529999971389771","%","","n/a","0"
"Test","cpu.usage.average","8/20/2026 3:24:00 AM","20","0.419999986886978","0.419999986886978","%","","n/a","0"
"Test","cpu.usage.average","8/20/2026 3:24:20 AM","20","0.46000000834465","0.46000000834465","%","","n/a","0"
"Test","cpu.usage.average","8/20/2026 3:24:40 AM","20","0.5","0.5","%","","n/a","0"
"Test","cpu.usage.average","8/20/2026 3:25:00 AM","20","0.400000005960464","0.400000005960464","%","","n/a","0"
"Test","cpu.usage.average","8/20/2026 3:25:20 AM","20","0.449999988079071","0.449999988079071","%","","n/a","0"
"Test","cpu.usage.average","8/20/2026 3:25:40 AM","20","0.479999989271164","0.479999989271164","%","","n/a","0"
"Test","cpu.usage.average","8/20/2026 3:26:00 AM","20","0.529999971389771","0.529999971389771","%","","n/a","0"
"Test","cpu.usage.average","8/20/2026 3:26:20 AM","20","0.419999986886978","0.419999986886978","%","","n/a","0"
"Test","cpu.usage.average","8/20/2026 3:26:40 AM","20","0.560000002384186","0.560000002384186","%","","n/a","0"
"Test","cpu.usage.average","8/20/2026 3:27:00 AM","20","0.529999971389771","0.529999971389771","%","","n/a","0"
"Test","cpu.usage.average","8/20/2026 3:27:20 AM","20","0.46000000834465","0.46000000834465","%","","n/a","0"
"Test","cpu.usage.average","8/20/2026 3:27:40 AM","20","0.469999998807907","0.469999998807907","%","","n/a","0"
"Test","cpu.usage.average","8/20/2026 3:28:00 AM","20","0.529999971389771","0.529999971389771","%","","n/a","0"
"Test","cpu.usage.average","8/20/2026 3:28:20 AM","20","0.589999973773956","0.589999973773956","%","","n/a","0"
"Test","cpu.usage.average","8/20/2026 3:28:40 AM","20","0.439999997615814","0.439999997615814","%","","n/a","0"
"Test","cpu.usage.average","8/20/2026 3:29:00 AM","20","0.579999983310699","0.579999983310699","%","","n/a","0"
"Test","cpu.usage.average","8/20/2026 3:29:20 AM","20","0.449999988079071","0.449999988079071","%","","n/a","0"
"Test","cpu.usage.average","8/20/2026 3:29:40 AM","20","0.469999998807907","0.469999998807907","%","","n/a","0"
"Test","cpu.usage.average","8/20/2026 3:30:00 AM","20","0.400000005960464","0.400000005960464","%","","n/a","0"
"Test","mem.consumed.average","8/20/2026 2:30:20 AM","20","4194204","4194204","KB","","n/a","0"
"Test","mem.consumed.average","8/20/2026 2:30:40 AM","20","4194204","4194204","KB","","n/a","0"
"Test","mem.consumed.average","8/20/2026 2:31:00 AM","20","4194204","4194204","KB","","n/a","0"
"Test","mem.consumed.average","8/20/2026 2:31:20 AM","20","4194204","4194204","KB","","n/a","0"
"Test","mem.consumed.average","8/20/2026 2:31:40 AM","20","4194204","4194204","KB","","n/a","0"
"Test","mem.consumed.average","8/20/2026 2:32:00 AM","20","4194204","4194204","KB","","n/a","0"
"Test","mem.consumed.average","8/20/2026 2:32:20 AM","20","4194204","4194204","KB","","n/a","0"
"Test","mem.consumed.average","8/20/2026 2:32:40 AM","20","4194204","4194204","KB","","n/a","0"
"Test","mem.consumed.average","8/20/2026 2:33:00 AM","20","4194204","4194204","KB","","n/a","0"
"Test","mem.consumed.average","8/20/2026 2:33:20 AM","20","4194204","4194204","KB","","n/a","0"
"Test","mem.consumed.average","8/20/2026 2:33:40 AM","20","4194204","4194204","KB","","n/a","0"
"Test","mem.consumed.average","8/20/2026 2:34:00 AM","20","4194204","4194204","KB","","n/a","0"
"Test","mem.consumed.average","8/20/2026 2:34:20 AM","20","4194204","4194204","KB","","n/a","0"
"Test","mem.consumed.average","8/20/2026 2:34:40 AM","20","4194204","4194204","KB","","n/a","0"
"Test","mem.consumed.average","8/20/2026 2:35:00 AM","20","4194204","4194204","KB","","n/a","0"
"Test","mem.consumed.average","8/20/2026 2:35:20 AM","20","4194204","4194204","KB","","n/a","0"
"Test","mem.consumed.average","8/20/2026 2:35:40 AM","20","4194204","4194204","KB","","n/a","0"
"Test","mem.consumed.average","8/20/2026 2:36:00 AM","20","4194204","4194204","KB","","n/a","0"
"Test","mem.consumed.average","8/20/2026 2:36:20 AM","20","4194204","4194204","KB","","n/a","0"
"Test","mem.consumed.average","8/20/2026 2:36:40 AM","20","4194204","4194204","KB","","n/a","0"
"Test","mem.consumed.average","8/20/2026 2:37:00 AM","20","4194204","4194204","KB","","n/a","0"
"Test","mem.consumed.average","8/20/2026 2:37:20 AM","20","4194204","4194204","KB","","n/a","0"
"Test","mem.consumed.average","8/20/2026 2:37:40 AM","20","4194204","4194204","KB","","n/a","0"
"Test","mem.consumed.average","8/20/2026 2:38:00 AM","20","4194204","4194204","KB","","n/a","0"
"Test","mem.consumed.average","8/20/2026 2:38:20 AM","20","4194204","4194204","KB","","n/a","0"
"Test","mem.consumed.average","8/20/2026 2:38:40 AM","20","4194204","4194204","KB","","n/a","0"
"Test","mem.consumed.average","8/20/2026 2:39:00 AM","20","4194204","4194204","KB","","n/a","0"
"Test","mem.consumed.average","8/20/2026 2:39:20 AM","20","4194204","4194204","KB","","n/a","0"
"Test","mem.consumed.average","8/20/2026 2:39:40 AM","20","4194204","4194204","KB","","n/a","0"
"Test","mem.consumed.average","8/20/2026 2:40:00 AM","20","4194204","4194204","KB","","n/a","0"
"Test","mem.consumed.average","8/20/2026 2:40:20 AM","20","4194204","4194204","KB","","n/a","0"
"Test","mem.consumed.average","8/20/2026 2:40:40 AM","20","4194204","4194204","KB","","n/a","0"
"Test","mem.consumed.average","8/20/2026 2:41:00 AM","20","4194204","4194204","KB","","n/a","0"
"Test","mem.consumed.average","8/20/2026 2:41:20 AM","20","4194204","4194204","KB","","n/a","0"
"Test","mem.consumed.average","8/20/2026 2:41:40 AM","20","4194204","4194204","KB","","n/a","0"
"Test","mem.consumed.average","8/20/2026 2:42:00 AM","20","4194204","4194204","KB","","n/a","0"
"Test","mem.consumed.average","8/20/2026 2:42:20 AM","20","4194204","4194204","KB","","n/a","0"
"Test","mem.consumed.average","8/20/2026 2:42:40 AM","20","4194204","4194204","KB","","n/a","0"
"Test","mem.consumed.average","8/20/2026 2:43:00 AM","20","4194204","4194204","KB","","n/a","0"
"Test","mem.consumed.average","8/20/2026 2:43:20 AM","20","4194204","4194204","KB","","n/a","0"
"Test","mem.consumed.average","8/20/2026 2:43:40 AM","20","4194204","4194204","KB","","n/a","0"
"Test","mem.consumed.average","8/20/2026 2:44:00 AM","20","4194204","4194204","KB","","n/a","0"
"Test","mem.consumed.average","8/20/2026 2:44:20 AM","20","4194204","4194204","KB","","n/a","0"
"Test","mem.consumed.average","8/20/2026 2:44:40 AM","20","4194204","4194204","KB","","n/a","0"
"Test","mem.consumed.average","8/20/2026 2:45:00 AM","20","4194204","4194204","KB","","n/a","0"
"Test","mem.consumed.average","8/20/2026 2:45:20 AM","20","4194204","4194204","KB","","n/a","0"
"Test","mem.consumed.average","8/20/2026 2:45:40 AM","20","4194204","4194204","KB","","n/a","0"
"Test","mem.consumed.average","8/20/2026 2:46:00 AM","20","4194204","4194204","KB","","n/a","0"
"Test","mem.consumed.average","8/20/2026 2:46:20 AM","20","4194204","4194204","KB","","n/a","0"
"Test","mem.consumed.average","8/20/2026 2:46:40 AM","20","4194204","4194204","KB","","n/a","0"
"Test","mem.consumed.average","8/20/2026 2:47:00 AM","20","4194204","4194204","KB","","n/a","0"
"Test","mem.consumed.average","8/20/2026 2:47:20 AM","20","4194204","4194204","KB","","n/a","0"
"Test","mem.consumed.average","8/20/2026 2:47:40 AM","20","4194204","4194204","KB","","n/a","0"
"Test","mem.consumed.average","8/20/2026 2:48:00 AM","20","4194204","4194204","KB","","n/a","0"
"Test","mem.consumed.average","8/20/2026 2:48:20 AM","20","4194204","4194204","KB","","n/a","0"
"Test","mem.consumed.average","8/20/2026 2:48:40 AM","20","4194204","4194204","KB","","n/a","0"
"Test","mem.consumed.average","8/20/2026 2:49:00 AM","20","4194204","4194204","KB","","n/a","0"
"Test","mem.consumed.average","8/20/2026 2:49:20 AM","20","4194204","4194204","KB","","n/a","0"
"Test","mem.consumed.average","8/20/2026 2:49:40 AM","20","4194204","4194204","KB","","n/a","0"
"Test","mem.consumed.average","8/20/2026 2:50:00 AM","20","4194204","4194204","KB","","n/a","0"
"Test","mem.consumed.average","8/20/2026 2:50:20 AM","20","4194204","4194204","KB","","n/a","0"
"Test","mem.consumed.average","8/20/2026 2:50:40 AM","20","4194204","4194204","KB","","n/a","0"
"Test","mem.consumed.average","8/20/2026 2:51:00 AM","20","4194204","4194204","KB","","n/a","0"
"Test","mem.consumed.average","8/20/2026 2:51:20 AM","20","4194204","4194204","KB","","n/a","0"
"Test","mem.consumed.average","8/20/2026 2:51:40 AM","20","4194204","4194204","KB","","n/a","0"
"Test","mem.consumed.average","8/20/2026 2:52:00 AM","20","4194204","4194204","KB","","n/a","0"
"Test","mem.consumed.average","8/20/2026 2:52:20 AM","20","4194204","4194204","KB","","n/a","0"
"Test","mem.consumed.average","8/20/2026 2:52:40 AM","20","4194204","4194204","KB","","n/a","0"
"Test","mem.consumed.average","8/20/2026 2:53:00 AM","20","4194204","4194204","KB","","n/a","0"
"Test","mem.consumed.average","8/20/2026 2:53:20 AM","20","4194204","4194204","KB","","n/a","0"
"Test","mem.consumed.average","8/20/2026 2:53:40 AM","20","4194204","4194204","KB","","n/a","0"
"Test","mem.consumed.average","8/20/2026 2:54:00 AM","20","4194204","4194204","KB","","n/a","0"
"Test","mem.consumed.average","8/20/2026 2:54:20 AM","20","4194204","4194204","KB","","n/a","0"
"Test","mem.consumed.average","8/20/2026 2:54:40 AM","20","4194204","4194204","KB","","n/a","0"
"Test","mem.consumed.average","8/20/2026 2:55:00 AM","20","4194204","4194204","KB","","n/a","0"
"Test","mem.consumed.average","8/20/2026 2:55:20 AM","20","4194204","4194204","KB","","n/a","0"
"Test","mem.consumed.average","8/20/2026 2:55:40 AM","20","4194204","4194204","KB","","n/a","0"
"Test","mem.consumed.average","8/20/2026 2:56:00 AM","20","4194204","4194204","KB","","n/a","0"
"Test","mem.consumed.average","8/20/2026 2:56:20 AM","20","4194204","4194204","KB","","n/a","0"
"Test","mem.consumed.average","8/20/2026 2:56:40 AM","20","4194204","4194204","KB","","n/a","0"
"Test","mem.consumed.average","8/20/2026 2:57:00 AM","20","4194204","4194204","KB","","n/a","0"
"Test","mem.consumed.average","8/20/2026 2:57:20 AM","20","4194204","4194204","KB","","n/a","0"
"Test","mem.consumed.average","8/20/2026 2:57:40 AM","20","4194204","4194204","KB","","n/a","0"
"Test","mem.consumed.average","8/20/2026 2:58:00 AM","20","4194204","4194204","KB","","n/a","0"
"Test","mem.consumed.average","8/20/2026 2:58:20 AM","20","4194204","4194204","KB","","n/a","0"
"Test","mem.consumed.average","8/20/2026 2:58:40 AM","20","4194204","4194204","KB","","n/a","0"
"Test","mem.consumed.average","8/20/2026 2:59:00 AM","20","4194204","4194204","KB","","n/a","0"
"Test","mem.consumed.average","8/20/2026 2:59:20 AM","20","4194204","4194204","KB","","n/a","0"
"Test","mem.consumed.average","8/20/2026 2:59:40 AM","20","4194204","4194204","KB","","n/a","0"
"Test","mem.consumed.average","8/20/2026 3:00:00 AM","20","4194204","4194204","KB","","n/a","0"
"Test","mem.consumed.average","8/20/2026 3:00:20 AM","20","4194204","4194204","KB","","n/a","0"
"Test","mem.consumed.average","8/20/2026 3:00:40 AM","20","4194204","4194204","KB","","n/a","0"
"Test","mem.consumed.average","8/20/2026 3:01:00 AM","20","4194204","4194204","KB","","n/a","0"
"Test","mem.consumed.average","8/20/2026 3:01:20 AM","20","4194204","4194204","KB","","n/a","0"
"Test","mem.consumed.average","8/20/2026 3:01:40 AM","20","4194204","4194204","KB","","n/a","0"
"Test","mem.consumed.average","8/20/2026 3:02:00 AM","20","4194204","4194204","KB","","n/a","0"
"Test","mem.consumed.average","8/20/2026 3:02:20 AM","20","4194204","4194204","KB","","n/a","0"
"Test","mem.consumed.average","8/20/2026 3:02:40 AM","20","4194204","4194204","KB","","n/a","0"
"Test","mem.consumed.average","8/20/2026 3:03:00 AM","20","4194204","4194204","KB","","n/a","0"
"Test","mem.consumed.average","8/20/2026 3:03:20 AM","20","4194204","4194204","KB","","n/a","0"
"Test","mem.consumed.average","8/20/2026 3:03:40 AM","20","4194204","4194204","KB","","n/a","0"
"Test","mem.consumed.average","8/20/2026 3:04:00 AM","20","4194204","4194204","KB","","n/a","0"
"Test","mem.consumed.average","8/20/2026 3:04:20 AM","20","4194204","4194204","KB","","n/a","0"
"Test","mem.consumed.average","8/20/2026 3:04:40 AM","20","4194204","4194204","KB","","n/a","0"
"Test","mem.consumed.average","8/20/2026 3:05:00 AM","20","4194204","4194204","KB","","n/a","0"
"Test","mem.consumed.average","8/20/2026 3:05:20 AM","20","4194204","4194204","KB","","n/a","0"
"Test","mem.consumed.average","8/20/2026 3:05:40 AM","20","4194204","4194204","KB","","n/a","0"
"Test","mem.consumed.average","8/20/2026 3:06:00 AM","20","4194204","4194204","KB","","n/a","0"
"Test","mem.consumed.average","8/20/2026 3:06:20 AM","20","4194204","4194204","KB","","n/a","0"
"Test","mem.consumed.average","8/20/2026 3:06:40 AM","20","4194204","4194204","KB","","n/a","0"
"Test","mem.consumed.average","8/20/2026 3:07:00 AM","20","4194204","4194204","KB","","n/a","0"
"Test","mem.consumed.average","8/20/2026 3:07:20 AM","20","4194204","4194204","KB","","n/a","0"
"Test","mem.consumed.average","8/20/2026 3:07:40 AM","20","4194204","4194204","KB","","n/a","0"
"Test","mem.consumed.average","8/20/2026 3:08:00 AM","20","4194204","4194204","KB","","n/a","0"
"Test","mem.consumed.average","8/20/2026 3:08:20 AM","20","4194204","4194204","KB","","n/a","0"
"Test","mem.consumed.average","8/20/2026 3:08:40 AM","20","4194204","4194204","KB","","n/a","0"
"Test","mem.consumed.average","8/20/2026 3:09:00 AM","20","4194204","4194204","KB","","n/a","0"
"Test","mem.consumed.average","8/20/2026 3:09:20 AM","20","4194204","4194204","KB","","n/a","0"
"Test","mem.consumed.average","8/20/2026 3:09:40 AM","20","4194204","4194204","KB","","n/a","0"
"Test","mem.consumed.average","8/20/2026 3:10:00 AM","20","4194204","4194204","KB","","n/a","0"
"Test","mem.consumed.average","8/20/2026 3:10:20 AM","20","4194204","4194204","KB","","n/a","0"
"Test","mem.consumed.average","8/20/2026 3:10:40 AM","20","4194204","4194204","KB","","n/a","0"
"Test","mem.consumed.average","8/20/2026 3:11:00 AM","20","4194204","4194204","KB","","n/a","0"
"Test","mem.consumed.average","8/20/2026 3:11:20 AM","20","4194204","4194204","KB","","n/a","0"
"Test","mem.consumed.average","8/20/2026 3:11:40 AM","20","4194204","4194204","KB","","n/a","0"
"Test","mem.consumed.average","8/20/2026 3:12:00 AM","20","4194204","4194204","KB","","n/a","0"
"Test","mem.consumed.average","8/20/2026 3:12:20 AM","20","4194204","4194204","KB","","n/a","0"
"Test","mem.consumed.average","8/20/2026 3:12:40 AM","20","4194204","4194204","KB","","n/a","0"
"Test","mem.consumed.average","8/20/2026 3:13:00 AM","20","4194204","4194204","KB","","n/a","0"
"Test","mem.consumed.average","8/20/2026 3:13:20 AM","20","4194204","4194204","KB","","n/a","0"
"Test","mem.consumed.average","8/20/2026 3:13:40 AM","20","4194204","4194204","KB","","n/a","0"
"Test","mem.consumed.average","8/20/2026 3:14:00 AM","20","4194204","4194204","KB","","n/a","0"
"Test","mem.consumed.average","8/20/2026 3:14:20 AM","20","4194204","4194204","KB","","n/a","0"
"Test","mem.consumed.average","8/20/2026 3:14:40 AM","20","4194204","4194204","KB","","n/a","0"
"Test","mem.consumed.average","8/20/2026 3:15:00 AM","20","4194204","4194204","KB","","n/a","0"
"Test","mem.consumed.average","8/20/2026 3:15:20 AM","20","4194204","4194204","KB","","n/a","0"
"Test","mem.consumed.average","8/20/2026 3:15:40 AM","20","4194204","4194204","KB","","n/a","0"
"Test","mem.consumed.average","8/20/2026 3:16:00 AM","20","4194204","4194204","KB","","n/a","0"
"Test","mem.consumed.average","8/20/2026 3:16:20 AM","20","4194204","4194204","KB","","n/a","0"
"Test","mem.consumed.average","8/20/2026 3:16:40 AM","20","4194204","4194204","KB","","n/a","0"
"Test","mem.consumed.average","8/20/2026 3:17:00 AM","20","4194204","4194204","KB","","n/a","0"
"Test","mem.consumed.average","8/20/2026 3:17:20 AM","20","4194204","4194204","KB","","n/a","0"
"Test","mem.consumed.average","8/20/2026 3:17:40 AM","20","4194204","4194204","KB","","n/a","0"
"Test","mem.consumed.average","8/20/2026 3:18:00 AM","20","4194204","4194204","KB","","n/a","0"
"Test","mem.consumed.average","8/20/2026 3:18:20 AM","20","4194204","4194204","KB","","n/a","0"
"Test","mem.consumed.average","8/20/2026 3:18:40 AM","20","4194204","4194204","KB","","n/a","0"
"Test","mem.consumed.average","8/20/2026 3:19:00 AM","20","4194204","4194204","KB","","n/a","0"
"Test","mem.consumed.average","8/20/2026 3:19:20 AM","20","4194204","4194204","KB","","n/a","0"
"Test","mem.consumed.average","8/20/2026 3:19:40 AM","20","4194204","4194204","KB","","n/a","0"
"Test","mem.consumed.average","8/20/2026 3:20:00 AM","20","4194204","4194204","KB","","n/a","0"
"Test","mem.consumed.average","8/20/2026 3:20:20 AM","20","4194204","4194204","KB","","n/a","0"
"Test","mem.consumed.average","8/20/2026 3:20:40 AM","20","4194204","4194204","KB","","n/a","0"
"Test","mem.consumed.average","8/20/2026 3:21:00 AM","20","4194204","4194204","KB","","n/a","0"
"Test","mem.consumed.average","8/20/2026 3:21:20 AM","20","4194204","4194204","KB","","n/a","0"
"Test","mem.consumed.average","8/20/2026 3:21:40 AM","20","4194204","4194204","KB","","n/a","0"
"Test","mem.consumed.average","8/20/2026 3:22:00 AM","20","4194204","4194204","KB","","n/a","0"
"Test","mem.consumed.average","8/20/2026 3:22:20 AM","20","4194204","4194204","KB","","n/a","0"
"Test","mem.consumed.average","8/20/2026 3:22:40 AM","20","4194204","4194204","KB","","n/a","0"
"Test","mem.consumed.average","8/20/2026 3:23:00 AM","20","4194204","4194204","KB","","n/a","0"
"Test","mem.consumed.average","8/20/2026 3:23:20 AM","20","4194204","4194204","KB","","n/a","0"
"Test","mem.consumed.average","8/20/2026 3:23:40 AM","20","4194204","4194204","KB","","n/a","0"
"Test","mem.consumed.average","8/20/2026 3:24:00 AM","20","4194204","4194204","KB","","n/a","0"
"Test","mem.consumed.average","8/20/2026 3:24:20 AM","20","4194204","4194204","KB","","n/a","0"
"Test","mem.consumed.average","8/20/2026 3:24:40 AM","20","4194204","4194204","KB","","n/a","0"
"Test","mem.consumed.average","8/20/2026 3:25:00 AM","20","4194204","4194204","KB","","n/a","0"
"Test","mem.consumed.average","8/20/2026 3:25:20 AM","20","4194204","4194204","KB","","n/a","0"
"Test","mem.consumed.average","8/20/2026 3:25:40 AM","20","4194204","4194204","KB","","n/a","0"
"Test","mem.consumed.average","8/20/2026 3:26:00 AM","20","4194204","4194204","KB","","n/a","0"
"Test","mem.consumed.average","8/20/2026 3:26:20 AM","20","4194204","4194204","KB","","n/a","0"
"Test","mem.consumed.average","8/20/2026 3:26:40 AM","20","4194204","4194204","KB","","n/a","0"
"Test","mem.consumed.average","8/20/2026 3:27:00 AM","20","4194204","4194204","KB","","n/a","0"
"Test","mem.consumed.average","8/20/2026 3:27:20 AM","20","4194204","4194204","KB","","n/a","0"
"Test","mem.consumed.average","8/20/2026 3:27:40 AM","20","4194204","4194204","KB","","n/a","0"
"Test","mem.consumed.average","8/20/2026 3:28:00 AM","20","4194204","4194204","KB","","n/a","0"
"Test","mem.consumed.average","8/20/2026 3:28:20 AM","20","4194204","4194204","KB","","n/a","0"
"Test","mem.consumed.average","8/20/2026 3:28:40 AM","20","4194204","4194204","KB","","n/a","0"
"Test","mem.consumed.average","8/20/2026 3:29:00 AM","20","4194204","4194204","KB","","n/a","0"
"Test","mem.consumed.average","8/20/2026 3:29:20 AM","20","4194204","4194204","KB","","n/a","0"
"Test","mem.consumed.average","8/20/2026 3:29:40 AM","20","4194204","4194204","KB","","n/a","0"
"Test","mem.consumed.average","8/20/2026 3:30:00 AM","20","4194204","4194204","KB","","n/a","0"
"Test","mem.usage.average","8/20/2026 2:30:20 AM","20","2.99000000953674","2.99000000953674","%","","n/a","0"
"Test","mem.usage.average","8/20/2026 2:30:40 AM","20","2.99000000953674","2.99000000953674","%","","n/a","0"
"Test","mem.usage.average","8/20/2026 2:31:00 AM","20","1.99000000953674","1.99000000953674","%","","n/a","0"
"Test","mem.usage.average","8/20/2026 2:31:20 AM","20","1.99000000953674","1.99000000953674","%","","n/a","0"
"Test","mem.usage.average","8/20/2026 2:31:40 AM","20","1.99000000953674","1.99000000953674","%","","n/a","0"
"Test","mem.usage.average","8/20/2026 2:32:00 AM","20","0.990000009536743","0.990000009536743","%","","n/a","0"
"Test","mem.usage.average","8/20/2026 2:32:20 AM","20","0.990000009536743","0.990000009536743","%","","n/a","0"
"Test","mem.usage.average","8/20/2026 2:32:40 AM","20","0.990000009536743","0.990000009536743","%","","n/a","0"
"Test","mem.usage.average","8/20/2026 2:33:00 AM","20","2.99000000953674","2.99000000953674","%","","n/a","0"
"Test","mem.usage.average","8/20/2026 2:33:20 AM","20","2.99000000953674","2.99000000953674","%","","n/a","0"
"Test","mem.usage.average","8/20/2026 2:33:40 AM","20","2.99000000953674","2.99000000953674","%","","n/a","0"
"Test","mem.usage.average","8/20/2026 2:34:00 AM","20","2.99000000953674","2.99000000953674","%","","n/a","0"
"Test","mem.usage.average","8/20/2026 2:34:20 AM","20","2.99000000953674","2.99000000953674","%","","n/a","0"
"Test","mem.usage.average","8/20/2026 2:34:40 AM","20","2.99000000953674","2.99000000953674","%","","n/a","0"
"Test","mem.usage.average","8/20/2026 2:35:00 AM","20","3.99000000953674","3.99000000953674","%","","n/a","0"
"Test","mem.usage.average","8/20/2026 2:35:20 AM","20","3.99000000953674","3.99000000953674","%","","n/a","0"
"Test","mem.usage.average","8/20/2026 2:35:40 AM","20","3.99000000953674","3.99000000953674","%","","n/a","0"
"Test","mem.usage.average","8/20/2026 2:36:00 AM","20","1.99000000953674","1.99000000953674","%","","n/a","0"
"Test","mem.usage.average","8/20/2026 2:36:20 AM","20","1.99000000953674","1.99000000953674","%","","n/a","0"
"Test","mem.usage.average","8/20/2026 2:36:40 AM","20","1.99000000953674","1.99000000953674","%","","n/a","0"
"Test","mem.usage.average","8/20/2026 2:37:00 AM","20","1.99000000953674","1.99000000953674","%","","n/a","0"
"Test","mem.usage.average","8/20/2026 2:37:20 AM","20","1.99000000953674","1.99000000953674","%","","n/a","0"
"Test","mem.usage.average","8/20/2026 2:37:40 AM","20","1.99000000953674","1.99000000953674","%","","n/a","0"
"Test","mem.usage.average","8/20/2026 2:38:00 AM","20","4.98999977111816","4.98999977111816","%","","n/a","0"
"Test","mem.usage.average","8/20/2026 2:38:20 AM","20","4.98999977111816","4.98999977111816","%","","n/a","0"
"Test","mem.usage.average","8/20/2026 2:38:40 AM","20","4.98999977111816","4.98999977111816","%","","n/a","0"
"Test","mem.usage.average","8/20/2026 2:39:00 AM","20","4.98999977111816","4.98999977111816","%","","n/a","0"
"Test","mem.usage.average","8/20/2026 2:39:20 AM","20","4.98999977111816","4.98999977111816","%","","n/a","0"
"Test","mem.usage.average","8/20/2026 2:39:40 AM","20","4.98999977111816","4.98999977111816","%","","n/a","0"
"Test","mem.usage.average","8/20/2026 2:40:00 AM","20","4.98999977111816","4.98999977111816","%","","n/a","0"
"Test","mem.usage.average","8/20/2026 2:40:20 AM","20","4.98999977111816","4.98999977111816","%","","n/a","0"
"Test","mem.usage.average","8/20/2026 2:40:40 AM","20","4.98999977111816","4.98999977111816","%","","n/a","0"
"Test","mem.usage.average","8/20/2026 2:41:00 AM","20","3.99000000953674","3.99000000953674","%","","n/a","0"
"Test","mem.usage.average","8/20/2026 2:41:20 AM","20","3.99000000953674","3.99000000953674","%","","n/a","0"
"Test","mem.usage.average","8/20/2026 2:41:40 AM","20","3.99000000953674","3.99000000953674","%","","n/a","0"
"Test","mem.usage.average","8/20/2026 2:42:00 AM","20","6.98999977111816","6.98999977111816","%","","n/a","0"
"Test","mem.usage.average","8/20/2026 2:42:20 AM","20","6.98999977111816","6.98999977111816","%","","n/a","0"
"Test","mem.usage.average","8/20/2026 2:42:40 AM","20","6.98999977111816","6.98999977111816","%","","n/a","0"
"Test","mem.usage.average","8/20/2026 2:43:00 AM","20","6.98999977111816","6.98999977111816","%","","n/a","0"
"Test","mem.usage.average","8/20/2026 2:43:20 AM","20","6.98999977111816","6.98999977111816","%","","n/a","0"
"Test","mem.usage.average","8/20/2026 2:43:40 AM","20","6.98999977111816","6.98999977111816","%","","n/a","0"
"Test","mem.usage.average","8/20/2026 2:44:00 AM","20","3.99000000953674","3.99000000953674","%","","n/a","0"
"Test","mem.usage.average","8/20/2026 2:44:20 AM","20","3.99000000953674","3.99000000953674","%","","n/a","0"
"Test","mem.usage.average","8/20/2026 2:44:40 AM","20","3.99000000953674","3.99000000953674","%","","n/a","0"
"Test","mem.usage.average","8/20/2026 2:45:00 AM","20","3.99000000953674","3.99000000953674","%","","n/a","0"
"Test","mem.usage.average","8/20/2026 2:45:20 AM","20","3.99000000953674","3.99000000953674","%","","n/a","0"
"Test","mem.usage.average","8/20/2026 2:45:40 AM","20","3.99000000953674","3.99000000953674","%","","n/a","0"
"Test","mem.usage.average","8/20/2026 2:46:00 AM","20","4.98999977111816","4.98999977111816","%","","n/a","0"
"Test","mem.usage.average","8/20/2026 2:46:20 AM","20","4.98999977111816","4.98999977111816","%","","n/a","0"
"Test","mem.usage.average","8/20/2026 2:46:40 AM","20","4.98999977111816","4.98999977111816","%","","n/a","0"
"Test","mem.usage.average","8/20/2026 2:47:00 AM","20","2.99000000953674","2.99000000953674","%","","n/a","0"
"Test","mem.usage.average","8/20/2026 2:47:20 AM","20","3.99000000953674","3.99000000953674","%","","n/a","0"
"Test","mem.usage.average","8/20/2026 2:47:40 AM","20","3.99000000953674","3.99000000953674","%","","n/a","0"
"Test","mem.usage.average","8/20/2026 2:48:00 AM","20","3.99000000953674","3.99000000953674","%","","n/a","0"
"Test","mem.usage.average","8/20/2026 2:48:20 AM","20","3.99000000953674","3.99000000953674","%","","n/a","0"
"Test","mem.usage.average","8/20/2026 2:48:40 AM","20","3.99000000953674","3.99000000953674","%","","n/a","0"
"Test","mem.usage.average","8/20/2026 2:49:00 AM","20","3.99000000953674","3.99000000953674","%","","n/a","0"
"Test","mem.usage.average","8/20/2026 2:49:20 AM","20","3.99000000953674","3.99000000953674","%","","n/a","0"
"Test","mem.usage.average","8/20/2026 2:49:40 AM","20","3.99000000953674","3.99000000953674","%","","n/a","0"
"Test","mem.usage.average","8/20/2026 2:50:00 AM","20","3.99000000953674","3.99000000953674","%","","n/a","0"
"Test","mem.usage.average","8/20/2026 2:50:20 AM","20","3.99000000953674","3.99000000953674","%","","n/a","0"
"Test","mem.usage.average","8/20/2026 2:50:40 AM","20","3.99000000953674","3.99000000953674","%","","n/a","0"
"Test","mem.usage.average","8/20/2026 2:51:00 AM","20","3.99000000953674","3.99000000953674","%","","n/a","0"
"Test","mem.usage.average","8/20/2026 2:51:20 AM","20","3.99000000953674","3.99000000953674","%","","n/a","0"
"Test","mem.usage.average","8/20/2026 2:51:40 AM","20","3.99000000953674","3.99000000953674","%","","n/a","0"
"Test","mem.usage.average","8/20/2026 2:52:00 AM","20","2.99000000953674","2.99000000953674","%","","n/a","0"
"Test","mem.usage.average","8/20/2026 2:52:20 AM","20","2.99000000953674","2.99000000953674","%","","n/a","0"
"Test","mem.usage.average","8/20/2026 2:52:40 AM","20","2.99000000953674","2.99000000953674","%","","n/a","0"
"Test","mem.usage.average","8/20/2026 2:53:00 AM","20","2.99000000953674","2.99000000953674","%","","n/a","0"
"Test","mem.usage.average","8/20/2026 2:53:20 AM","20","2.99000000953674","2.99000000953674","%","","n/a","0"
"Test","mem.usage.average","8/20/2026 2:53:40 AM","20","3.99000000953674","3.99000000953674","%","","n/a","0"
"Test","mem.usage.average","8/20/2026 2:54:00 AM","20","4.98999977111816","4.98999977111816","%","","n/a","0"
"Test","mem.usage.average","8/20/2026 2:54:20 AM","20","4.98999977111816","4.98999977111816","%","","n/a","0"
"Test","mem.usage.average","8/20/2026 2:54:40 AM","20","4.98999977111816","4.98999977111816","%","","n/a","0"
"Test","mem.usage.average","8/20/2026 2:55:00 AM","20","4.98999977111816","4.98999977111816","%","","n/a","0"
"Test","mem.usage.average","8/20/2026 2:55:20 AM","20","4.98999977111816","4.98999977111816","%","","n/a","0"
"Test","mem.usage.average","8/20/2026 2:55:40 AM","20","4.98999977111816","4.98999977111816","%","","n/a","0"
"Test","mem.usage.average","8/20/2026 2:56:00 AM","20","3.99000000953674","3.99000000953674","%","","n/a","0"
"Test","mem.usage.average","8/20/2026 2:56:20 AM","20","3.99000000953674","3.99000000953674","%","","n/a","0"
"Test","mem.usage.average","8/20/2026 2:56:40 AM","20","3.99000000953674","3.99000000953674","%","","n/a","0"
"Test","mem.usage.average","8/20/2026 2:57:00 AM","20","4.98999977111816","4.98999977111816","%","","n/a","0"
"Test","mem.usage.average","8/20/2026 2:57:20 AM","20","4.98999977111816","4.98999977111816","%","","n/a","0"
"Test","mem.usage.average","8/20/2026 2:57:40 AM","20","4.98999977111816","4.98999977111816","%","","n/a","0"
"Test","mem.usage.average","8/20/2026 2:58:00 AM","20","1.99000000953674","1.99000000953674","%","","n/a","0"
"Test","mem.usage.average","8/20/2026 2:58:20 AM","20","1.99000000953674","1.99000000953674","%","","n/a","0"
"Test","mem.usage.average","8/20/2026 2:58:40 AM","20","1.99000000953674","1.99000000953674","%","","n/a","0"
"Test","mem.usage.average","8/20/2026 2:59:00 AM","20","1.99000000953674","1.99000000953674","%","","n/a","0"
"Test","mem.usage.average","8/20/2026 2:59:20 AM","20","1.99000000953674","1.99000000953674","%","","n/a","0"
"Test","mem.usage.average","8/20/2026 2:59:40 AM","20","1.99000000953674","1.99000000953674","%","","n/a","0"
"Test","mem.usage.average","8/20/2026 3:00:00 AM","20","4.98999977111816","4.98999977111816","%","","n/a","0"
"Test","mem.usage.average","8/20/2026 3:00:20 AM","20","4.98999977111816","4.98999977111816","%","","n/a","0"
"Test","mem.usage.average","8/20/2026 3:00:40 AM","20","4.98999977111816","4.98999977111816","%","","n/a","0"
"Test","mem.usage.average","8/20/2026 3:01:00 AM","20","1.99000000953674","1.99000000953674","%","","n/a","0"
"Test","mem.usage.average","8/20/2026 3:01:20 AM","20","1.99000000953674","1.99000000953674","%","","n/a","0"
"Test","mem.usage.average","8/20/2026 3:01:40 AM","20","1.99000000953674","1.99000000953674","%","","n/a","0"
"Test","mem.usage.average","8/20/2026 3:02:00 AM","20","1.99000000953674","1.99000000953674","%","","n/a","0"
"Test","mem.usage.average","8/20/2026 3:02:20 AM","20","1.99000000953674","1.99000000953674","%","","n/a","0"
"Test","mem.usage.average","8/20/2026 3:02:40 AM","20","1.99000000953674","1.99000000953674","%","","n/a","0"
"Test","mem.usage.average","8/20/2026 3:03:00 AM","20","1.99000000953674","1.99000000953674","%","","n/a","0"
"Test","mem.usage.average","8/20/2026 3:03:20 AM","20","1.99000000953674","1.99000000953674","%","","n/a","0"
"Test","mem.usage.average","8/20/2026 3:03:40 AM","20","1.99000000953674","1.99000000953674","%","","n/a","0"
"Test","mem.usage.average","8/20/2026 3:04:00 AM","20","3.99000000953674","3.99000000953674","%","","n/a","0"
"Test","mem.usage.average","8/20/2026 3:04:20 AM","20","3.99000000953674","3.99000000953674","%","","n/a","0"
"Test","mem.usage.average","8/20/2026 3:04:40 AM","20","3.99000000953674","3.99000000953674","%","","n/a","0"
"Test","mem.usage.average","8/20/2026 3:05:00 AM","20","2.99000000953674","2.99000000953674","%","","n/a","0"
"Test","mem.usage.average","8/20/2026 3:05:20 AM","20","2.99000000953674","2.99000000953674","%","","n/a","0"
"Test","mem.usage.average","8/20/2026 3:05:40 AM","20","2.99000000953674","2.99000000953674","%","","n/a","0"
"Test","mem.usage.average","8/20/2026 3:06:00 AM","20","2.99000000953674","2.99000000953674","%","","n/a","0"
"Test","mem.usage.average","8/20/2026 3:06:20 AM","20","2.99000000953674","2.99000000953674","%","","n/a","0"
"Test","mem.usage.average","8/20/2026 3:06:40 AM","20","2.99000000953674","2.99000000953674","%","","n/a","0"
"Test","mem.usage.average","8/20/2026 3:07:00 AM","20","1.99000000953674","1.99000000953674","%","","n/a","0"
"Test","mem.usage.average","8/20/2026 3:07:20 AM","20","1.99000000953674","1.99000000953674","%","","n/a","0"
"Test","mem.usage.average","8/20/2026 3:07:40 AM","20","1.99000000953674","1.99000000953674","%","","n/a","0"
"Test","mem.usage.average","8/20/2026 3:08:00 AM","20","4.98999977111816","4.98999977111816","%","","n/a","0"
"Test","mem.usage.average","8/20/2026 3:08:20 AM","20","4.98999977111816","4.98999977111816","%","","n/a","0"
"Test","mem.usage.average","8/20/2026 3:08:40 AM","20","4.98999977111816","4.98999977111816","%","","n/a","0"
"Test","mem.usage.average","8/20/2026 3:09:00 AM","20","2.99000000953674","2.99000000953674","%","","n/a","0"
"Test","mem.usage.average","8/20/2026 3:09:20 AM","20","2.99000000953674","2.99000000953674","%","","n/a","0"
"Test","mem.usage.average","8/20/2026 3:09:40 AM","20","2.99000000953674","2.99000000953674","%","","n/a","0"
"Test","mem.usage.average","8/20/2026 3:10:00 AM","20","2.99000000953674","2.99000000953674","%","","n/a","0"
"Test","mem.usage.average","8/20/2026 3:10:20 AM","20","2.99000000953674","2.99000000953674","%","","n/a","0"
"Test","mem.usage.average","8/20/2026 3:10:40 AM","20","2.99000000953674","2.99000000953674","%","","n/a","0"
"Test","mem.usage.average","8/20/2026 3:11:00 AM","20","1.99000000953674","1.99000000953674","%","","n/a","0"
"Test","mem.usage.average","8/20/2026 3:11:20 AM","20","1.99000000953674","1.99000000953674","%","","n/a","0"
"Test","mem.usage.average","8/20/2026 3:11:40 AM","20","1.99000000953674","1.99000000953674","%","","n/a","0"
"Test","mem.usage.average","8/20/2026 3:12:00 AM","20","1.99000000953674","1.99000000953674","%","","n/a","0"
"Test","mem.usage.average","8/20/2026 3:12:20 AM","20","1.99000000953674","1.99000000953674","%","","n/a","0"
"Test","mem.usage.average","8/20/2026 3:12:40 AM","20","1.99000000953674","1.99000000953674","%","","n/a","0"
"Test","mem.usage.average","8/20/2026 3:13:00 AM","20","1.99000000953674","1.99000000953674","%","","n/a","0"
"Test","mem.usage.average","8/20/2026 3:13:20 AM","20","1.99000000953674","1.99000000953674","%","","n/a","0"
"Test","mem.usage.average","8/20/2026 3:13:40 AM","20","1.99000000953674","1.99000000953674","%","","n/a","0"
"Test","mem.usage.average","8/20/2026 3:14:00 AM","20","1.99000000953674","1.99000000953674","%","","n/a","0"
"Test","mem.usage.average","8/20/2026 3:14:20 AM","20","1.99000000953674","1.99000000953674","%","","n/a","0"
"Test","mem.usage.average","8/20/2026 3:14:40 AM","20","1.99000000953674","1.99000000953674","%","","n/a","0"
"Test","mem.usage.average","8/20/2026 3:15:00 AM","20","3.99000000953674","3.99000000953674","%","","n/a","0"
"Test","mem.usage.average","8/20/2026 3:15:20 AM","20","3.99000000953674","3.99000000953674","%","","n/a","0"
"Test","mem.usage.average","8/20/2026 3:15:40 AM","20","3.99000000953674","3.99000000953674","%","","n/a","0"
"Test","mem.usage.average","8/20/2026 3:16:00 AM","20","1.99000000953674","1.99000000953674","%","","n/a","0"
"Test","mem.usage.average","8/20/2026 3:16:20 AM","20","1.99000000953674","1.99000000953674","%","","n/a","0"
"Test","mem.usage.average","8/20/2026 3:16:40 AM","20","3.99000000953674","3.99000000953674","%","","n/a","0"
"Test","mem.usage.average","8/20/2026 3:17:00 AM","20","3.99000000953674","3.99000000953674","%","","n/a","0"
"Test","mem.usage.average","8/20/2026 3:17:20 AM","20","4.98999977111816","4.98999977111816","%","","n/a","0"
"Test","mem.usage.average","8/20/2026 3:17:40 AM","20","4.98999977111816","4.98999977111816","%","","n/a","0"
"Test","mem.usage.average","8/20/2026 3:18:00 AM","20","4.98999977111816","4.98999977111816","%","","n/a","0"
"Test","mem.usage.average","8/20/2026 3:18:20 AM","20","4.98999977111816","4.98999977111816","%","","n/a","0"
"Test","mem.usage.average","8/20/2026 3:18:40 AM","20","4.98999977111816","4.98999977111816","%","","n/a","0"
"Test","mem.usage.average","8/20/2026 3:19:00 AM","20","3.99000000953674","3.99000000953674","%","","n/a","0"
"Test","mem.usage.average","8/20/2026 3:19:20 AM","20","3.99000000953674","3.99000000953674","%","","n/a","0"
"Test","mem.usage.average","8/20/2026 3:19:40 AM","20","3.99000000953674","3.99000000953674","%","","n/a","0"
"Test","mem.usage.average","8/20/2026 3:20:00 AM","20","6.98999977111816","6.98999977111816","%","","n/a","0"
"Test","mem.usage.average","8/20/2026 3:20:20 AM","20","6.98999977111816","6.98999977111816","%","","n/a","0"
"Test","mem.usage.average","8/20/2026 3:20:40 AM","20","6.98999977111816","6.98999977111816","%","","n/a","0"
"Test","mem.usage.average","8/20/2026 3:21:00 AM","20","5.98999977111816","5.98999977111816","%","","n/a","0"
"Test","mem.usage.average","8/20/2026 3:21:20 AM","20","5.98999977111816","5.98999977111816","%","","n/a","0"
"Test","mem.usage.average","8/20/2026 3:21:40 AM","20","5.98999977111816","5.98999977111816","%","","n/a","0"
"Test","mem.usage.average","8/20/2026 3:22:00 AM","20","2.99000000953674","2.99000000953674","%","","n/a","0"
"Test","mem.usage.average","8/20/2026 3:22:20 AM","20","2.99000000953674","2.99000000953674","%","","n/a","0"
"Test","mem.usage.average","8/20/2026 3:22:40 AM","20","2.99000000953674","2.99000000953674","%","","n/a","0"
"Test","mem.usage.average","8/20/2026 3:23:00 AM","20","2.99000000953674","2.99000000953674","%","","n/a","0"
"Test","mem.usage.average","8/20/2026 3:23:20 AM","20","2.99000000953674","2.99000000953674","%","","n/a","0"
"Test","mem.usage.average","8/20/2026 3:23:40 AM","20","2.99000000953674","2.99000000953674","%","","n/a","0"
"Test","mem.usage.average","8/20/2026 3:24:00 AM","20","5.98999977111816","5.98999977111816","%","","n/a","0"
"Test","mem.usage.average","8/20/2026 3:24:20 AM","20","5.98999977111816","5.98999977111816","%","","n/a","0"
"Test","mem.usage.average","8/20/2026 3:24:40 AM","20","5.98999977111816","5.98999977111816","%","","n/a","0"
"Test","mem.usage.average","8/20/2026 3:25:00 AM","20","5.98999977111816","5.98999977111816","%","","n/a","0"
"Test","mem.usage.average","8/20/2026 3:25:20 AM","20","5.98999977111816","5.98999977111816","%","","n/a","0"
"Test","mem.usage.average","8/20/2026 3:25:40 AM","20","5.98999977111816","5.98999977111816","%","","n/a","0"
"Test","mem.usage.average","8/20/2026 3:26:00 AM","20","2.99000000953674","2.99000000953674","%","","n/a","0"
"Test","mem.usage.average","8/20/2026 3:26:20 AM","20","2.99000000953674","2.99000000953674","%","","n/a","0"
"Test","mem.usage.average","8/20/2026 3:26:40 AM","20","2.99000000953674","2.99000000953674","%","","n/a","0"
"Test","mem.usage.average","8/20/2026 3:27:00 AM","20","2.99000000953674","2.99000000953674","%","","n/a","0"
"Test","mem.usage.average","8/20/2026 3:27:20 AM","20","2.99000000953674","2.99000000953674","%","","n/a","0"
"Test","mem.usage.average","8/20/2026 3:27:40 AM","20","2.99000000953674","2.99000000953674","%","","n/a","0"
"Test","mem.usage.average","8/20/2026 3:28:00 AM","20","3.99000000953674","3.99000000953674","%","","n/a","0"
"Test","mem.usage.average","8/20/2026 3:28:20 AM","20","3.99000000953674","3.99000000953674","%","","n/a","0"
"Test","mem.usage.average","8/20/2026 3:28:40 AM","20","3.99000000953674","3.99000000953674","%","","n/a","0"
"Test","mem.usage.average","8/20/2026 3:29:00 AM","20","2.99000000953674","2.99000000953674","%","","n/a","0"
"Test","mem.usage.average","8/20/2026 3:29:20 AM","20","2.99000000953674","2.99000000953674","%","","n/a","0"
"Test","mem.usage.average","8/20/2026 3:29:40 AM","20","2.99000000953674","2.99000000953674","%","","n/a","0"
"Test","mem.usage.average","8/20/2026 3:30:00 AM","20","2.99000000953674","2.99000000953674","%","","n/a","0"
"Test","mem.vmmemctl.average","8/20/2026 2:30:20 AM","20","0","0","KB","","n/a","0"
"Test","mem.vmmemctl.average","8/20/2026 2:30:40 AM","20","0","0","KB","","n/a","0"
"Test","mem.vmmemctl.average","8/20/2026 2:31:00 AM","20","0","0","KB","","n/a","0"
"Test","mem.vmmemctl.average","8/20/2026 2:31:20 AM","20","0","0","KB","","n/a","0"
"Test","mem.vmmemctl.average","8/20/2026 2:31:40 AM","20","0","0","KB","","n/a","0"
"Test","mem.vmmemctl.average","8/20/2026 2:32:00 AM","20","0","0","KB","","n/a","0"
"Test","mem.vmmemctl.average","8/20/2026 2:32:20 AM","20","0","0","KB","","n/a","0"
"Test","mem.vmmemctl.average","8/20/2026 2:32:40 AM","20","0","0","KB","","n/a","0"
"Test","mem.vmmemctl.average","8/20/2026 2:33:00 AM","20","0","0","KB","","n/a","0"
"Test","mem.vmmemctl.average","8/20/2026 2:33:20 AM","20","0","0","KB","","n/a","0"
"Test","mem.vmmemctl.average","8/20/2026 2:33:40 AM","20","0","0","KB","","n/a","0"
"Test","mem.vmmemctl.average","8/20/2026 2:34:00 AM","20","0","0","KB","","n/a","0"
"Test","mem.vmmemctl.average","8/20/2026 2:34:20 AM","20","0","0","KB","","n/a","0"
"Test","mem.vmmemctl.average","8/20/2026 2:34:40 AM","20","0","0","KB","","n/a","0"
"Test","mem.vmmemctl.average","8/20/2026 2:35:00 AM","20","0","0","KB","","n/a","0"
"Test","mem.vmmemctl.average","8/20/2026 2:35:20 AM","20","0","0","KB","","n/a","0"
"Test","mem.vmmemctl.average","8/20/2026 2:35:40 AM","20","0","0","KB","","n/a","0"
"Test","mem.vmmemctl.average","8/20/2026 2:36:00 AM","20","0","0","KB","","n/a","0"
"Test","mem.vmmemctl.average","8/20/2026 2:36:20 AM","20","0","0","KB","","n/a","0"
"Test","mem.vmmemctl.average","8/20/2026 2:36:40 AM","20","0","0","KB","","n/a","0"
"Test","mem.vmmemctl.average","8/20/2026 2:37:00 AM","20","0","0","KB","","n/a","0"
"Test","mem.vmmemctl.average","8/20/2026 2:37:20 AM","20","0","0","KB","","n/a","0"
"Test","mem.vmmemctl.average","8/20/2026 2:37:40 AM","20","0","0","KB","","n/a","0"
"Test","mem.vmmemctl.average","8/20/2026 2:38:00 AM","20","0","0","KB","","n/a","0"
"Test","mem.vmmemctl.average","8/20/2026 2:38:20 AM","20","0","0","KB","","n/a","0"
"Test","mem.vmmemctl.average","8/20/2026 2:38:40 AM","20","0","0","KB","","n/a","0"
"Test","mem.vmmemctl.average","8/20/2026 2:39:00 AM","20","0","0","KB","","n/a","0"
"Test","mem.vmmemctl.average","8/20/2026 2:39:20 AM","20","0","0","KB","","n/a","0"
"Test","mem.vmmemctl.average","8/20/2026 2:39:40 AM","20","0","0","KB","","n/a","0"
"Test","mem.vmmemctl.average","8/20/2026 2:40:00 AM","20","0","0","KB","","n/a","0"
"Test","mem.vmmemctl.average","8/20/2026 2:40:20 AM","20","0","0","KB","","n/a","0"
"Test","mem.vmmemctl.average","8/20/2026 2:40:40 AM","20","0","0","KB","","n/a","0"
"Test","mem.vmmemctl.average","8/20/2026 2:41:00 AM","20","0","0","KB","","n/a","0"
"Test","mem.vmmemctl.average","8/20/2026 2:41:20 AM","20","0","0","KB","","n/a","0"
"Test","mem.vmmemctl.average","8/20/2026 2:41:40 AM","20","0","0","KB","","n/a","0"
"Test","mem.vmmemctl.average","8/20/2026 2:42:00 AM","20","0","0","KB","","n/a","0"
"Test","mem.vmmemctl.average","8/20/2026 2:42:20 AM","20","0","0","KB","","n/a","0"
"Test","mem.vmmemctl.average","8/20/2026 2:42:40 AM","20","0","0","KB","","n/a","0"
"Test","mem.vmmemctl.average","8/20/2026 2:43:00 AM","20","0","0","KB","","n/a","0"
"Test","mem.vmmemctl.average","8/20/2026 2:43:20 AM","20","0","0","KB","","n/a","0"
"Test","mem.vmmemctl.average","8/20/2026 2:43:40 AM","20","0","0","KB","","n/a","0"
"Test","mem.vmmemctl.average","8/20/2026 2:44:00 AM","20","0","0","KB","","n/a","0"
"Test","mem.vmmemctl.average","8/20/2026 2:44:20 AM","20","0","0","KB","","n/a","0"
"Test","mem.vmmemctl.average","8/20/2026 2:44:40 AM","20","0","0","KB","","n/a","0"
"Test","mem.vmmemctl.average","8/20/2026 2:45:00 AM","20","0","0","KB","","n/a","0"
"Test","mem.vmmemctl.average","8/20/2026 2:45:20 AM","20","0","0","KB","","n/a","0"
"Test","mem.vmmemctl.average","8/20/2026 2:45:40 AM","20","0","0","KB","","n/a","0"
"Test","mem.vmmemctl.average","8/20/2026 2:46:00 AM","20","0","0","KB","","n/a","0"
"Test","mem.vmmemctl.average","8/20/2026 2:46:20 AM","20","0","0","KB","","n/a","0"
"Test","mem.vmmemctl.average","8/20/2026 2:46:40 AM","20","0","0","KB","","n/a","0"
"Test","mem.vmmemctl.average","8/20/2026 2:47:00 AM","20","0","0","KB","","n/a","0"
"Test","mem.vmmemctl.average","8/20/2026 2:47:20 AM","20","0","0","KB","","n/a","0"
"Test","mem.vmmemctl.average","8/20/2026 2:47:40 AM","20","0","0","KB","","n/a","0"
"Test","mem.vmmemctl.average","8/20/2026 2:48:00 AM","20","0","0","KB","","n/a","0"
"Test","mem.vmmemctl.average","8/20/2026 2:48:20 AM","20","0","0","KB","","n/a","0"
"Test","mem.vmmemctl.average","8/20/2026 2:48:40 AM","20","0","0","KB","","n/a","0"
"Test","mem.vmmemctl.average","8/20/2026 2:49:00 AM","20","0","0","KB","","n/a","0"
"Test","mem.vmmemctl.average","8/20/2026 2:49:20 AM","20","0","0","KB","","n/a","0"
"Test","mem.vmmemctl.average","8/20/2026 2:49:40 AM","20","0","0","KB","","n/a","0"
"Test","mem.vmmemctl.average","8/20/2026 2:50:00 AM","20","0","0","KB","","n/a","0"
"Test","mem.vmmemctl.average","8/20/2026 2:50:20 AM","20","0","0","KB","","n/a","0"
"Test","mem.vmmemctl.average","8/20/2026 2:50:40 AM","20","0","0","KB","","n/a","0"
"Test","mem.vmmemctl.average","8/20/2026 2:51:00 AM","20","0","0","KB","","n/a","0"
"Test","mem.vmmemctl.average","8/20/2026 2:51:20 AM","20","0","0","KB","","n/a","0"
"Test","mem.vmmemctl.average","8/20/2026 2:51:40 AM","20","0","0","KB","","n/a","0"
"Test","mem.vmmemctl.average","8/20/2026 2:52:00 AM","20","0","0","KB","","n/a","0"
"Test","mem.vmmemctl.average","8/20/2026 2:52:20 AM","20","0","0","KB","","n/a","0"
"Test","mem.vmmemctl.average","8/20/2026 2:52:40 AM","20","0","0","KB","","n/a","0"
"Test","mem.vmmemctl.average","8/20/2026 2:53:00 AM","20","0","0","KB","","n/a","0"
"Test","mem.vmmemctl.average","8/20/2026 2:53:20 AM","20","0","0","KB","","n/a","0"
"Test","mem.vmmemctl.average","8/20/2026 2:53:40 AM","20","0","0","KB","","n/a","0"
"Test","mem.vmmemctl.average","8/20/2026 2:54:00 AM","20","0","0","KB","","n/a","0"
"Test","mem.vmmemctl.average","8/20/2026 2:54:20 AM","20","0","0","KB","","n/a","0"
"Test","mem.vmmemctl.average","8/20/2026 2:54:40 AM","20","0","0","KB","","n/a","0"
"Test","mem.vmmemctl.average","8/20/2026 2:55:00 AM","20","0","0","KB","","n/a","0"
"Test","mem.vmmemctl.average","8/20/2026 2:55:20 AM","20","0","0","KB","","n/a","0"
"Test","mem.vmmemctl.average","8/20/2026 2:55:40 AM","20","0","0","KB","","n/a","0"
"Test","mem.vmmemctl.average","8/20/2026 2:56:00 AM","20","0","0","KB","","n/a","0"
"Test","mem.vmmemctl.average","8/20/2026 2:56:20 AM","20","0","0","KB","","n/a","0"
"Test","mem.vmmemctl.average","8/20/2026 2:56:40 AM","20","0","0","KB","","n/a","0"
"Test","mem.vmmemctl.average","8/20/2026 2:57:00 AM","20","0","0","KB","","n/a","0"
"Test","mem.vmmemctl.average","8/20/2026 2:57:20 AM","20","0","0","KB","","n/a","0"
"Test","mem.vmmemctl.average","8/20/2026 2:57:40 AM","20","0","0","KB","","n/a","0"
"Test","mem.vmmemctl.average","8/20/2026 2:58:00 AM","20","0","0","KB","","n/a","0"
"Test","mem.vmmemctl.average","8/20/2026 2:58:20 AM","20","0","0","KB","","n/a","0"
"Test","mem.vmmemctl.average","8/20/2026 2:58:40 AM","20","0","0","KB","","n/a","0"
"Test","mem.vmmemctl.average","8/20/2026 2:59:00 AM","20","0","0","KB","","n/a","0"
"Test","mem.vmmemctl.average","8/20/2026 2:59:20 AM","20","0","0","KB","","n/a","0"
"Test","mem.vmmemctl.average","8/20/2026 2:59:40 AM","20","0","0","KB","","n/a","0"
"Test","mem.vmmemctl.average","8/20/2026 3:00:00 AM","20","0","0","KB","","n/a","0"
"Test","mem.vmmemctl.average","8/20/2026 3:00:20 AM","20","0","0","KB","","n/a","0"
"Test","mem.vmmemctl.average","8/20/2026 3:00:40 AM","20","0","0","KB","","n/a","0"
"Test","mem.vmmemctl.average","8/20/2026 3:01:00 AM","20","0","0","KB","","n/a","0"
"Test","mem.vmmemctl.average","8/20/2026 3:01:20 AM","20","0","0","KB","","n/a","0"
"Test","mem.vmmemctl.average","8/20/2026 3:01:40 AM","20","0","0","KB","","n/a","0"
"Test","mem.vmmemctl.average","8/20/2026 3:02:00 AM","20","0","0","KB","","n/a","0"
"Test","mem.vmmemctl.average","8/20/2026 3:02:20 AM","20","0","0","KB","","n/a","0"
"Test","mem.vmmemctl.average","8/20/2026 3:02:40 AM","20","0","0","KB","","n/a","0"
"Test","mem.vmmemctl.average","8/20/2026 3:03:00 AM","20","0","0","KB","","n/a","0"
"Test","mem.vmmemctl.average","8/20/2026 3:03:20 AM","20","0","0","KB","","n/a","0"
"Test","mem.vmmemctl.average","8/20/2026 3:03:40 AM","20","0","0","KB","","n/a","0"
"Test","mem.vmmemctl.average","8/20/2026 3:04:00 AM","20","0","0","KB","","n/a","0"
"Test","mem.vmmemctl.average","8/20/2026 3:04:20 AM","20","0","0","KB","","n/a","0"
"Test","mem.vmmemctl.average","8/20/2026 3:04:40 AM","20","0","0","KB","","n/a","0"
"Test","mem.vmmemctl.average","8/20/2026 3:05:00 AM","20","0","0","KB","","n/a","0"
"Test","mem.vmmemctl.average","8/20/2026 3:05:20 AM","20","0","0","KB","","n/a","0"
"Test","mem.vmmemctl.average","8/20/2026 3:05:40 AM","20","0","0","KB","","n/a","0"
"Test","mem.vmmemctl.average","8/20/2026 3:06:00 AM","20","0","0","KB","","n/a","0"
"Test","mem.vmmemctl.average","8/20/2026 3:06:20 AM","20","0","0","KB","","n/a","0"
"Test","mem.vmmemctl.average","8/20/2026 3:06:40 AM","20","0","0","KB","","n/a","0"
"Test","mem.vmmemctl.average","8/20/2026 3:07:00 AM","20","0","0","KB","","n/a","0"
"Test","mem.vmmemctl.average","8/20/2026 3:07:20 AM","20","0","0","KB","","n/a","0"
"Test","mem.vmmemctl.average","8/20/2026 3:07:40 AM","20","0","0","KB","","n/a","0"
"Test","mem.vmmemctl.average","8/20/2026 3:08:00 AM","20","0","0","KB","","n/a","0"
"Test","mem.vmmemctl.average","8/20/2026 3:08:20 AM","20","0","0","KB","","n/a","0"
"Test","mem.vmmemctl.average","8/20/2026 3:08:40 AM","20","0","0","KB","","n/a","0"
"Test","mem.vmmemctl.average","8/20/2026 3:09:00 AM","20","0","0","KB","","n/a","0"
"Test","mem.vmmemctl.average","8/20/2026 3:09:20 AM","20","0","0","KB","","n/a","0"
"Test","mem.vmmemctl.average","8/20/2026 3:09:40 AM","20","0","0","KB","","n/a","0"
"Test","mem.vmmemctl.average","8/20/2026 3:10:00 AM","20","0","0","KB","","n/a","0"
"Test","mem.vmmemctl.average","8/20/2026 3:10:20 AM","20","0","0","KB","","n/a","0"
"Test","mem.vmmemctl.average","8/20/2026 3:10:40 AM","20","0","0","KB","","n/a","0"
"Test","mem.vmmemctl.average","8/20/2026 3:11:00 AM","20","0","0","KB","","n/a","0"
"Test","mem.vmmemctl.average","8/20/2026 3:11:20 AM","20","0","0","KB","","n/a","0"
"Test","mem.vmmemctl.average","8/20/2026 3:11:40 AM","20","0","0","KB","","n/a","0"
"Test","mem.vmmemctl.average","8/20/2026 3:12:00 AM","20","0","0","KB","","n/a","0"
"Test","mem.vmmemctl.average","8/20/2026 3:12:20 AM","20","0","0","KB","","n/a","0"
"Test","mem.vmmemctl.average","8/20/2026 3:12:40 AM","20","0","0","KB","","n/a","0"
"Test","mem.vmmemctl.average","8/20/2026 3:13:00 AM","20","0","0","KB","","n/a","0"
"Test","mem.vmmemctl.average","8/20/2026 3:13:20 AM","20","0","0","KB","","n/a","0"
"Test","mem.vmmemctl.average","8/20/2026 3:13:40 AM","20","0","0","KB","","n/a","0"
"Test","mem.vmmemctl.average","8/20/2026 3:14:00 AM","20","0","0","KB","","n/a","0"
"Test","mem.vmmemctl.average","8/20/2026 3:14:20 AM","20","0","0","KB","","n/a","0"
"Test","mem.vmmemctl.average","8/20/2026 3:14:40 AM","20","0","0","KB","","n/a","0"
"Test","mem.vmmemctl.average","8/20/2026 3:15:00 AM","20","0","0","KB","","n/a","0"
"Test","mem.vmmemctl.average","8/20/2026 3:15:20 AM","20","0","0","KB","","n/a","0"
"Test","mem.vmmemctl.average","8/20/2026 3:15:40 AM","20","0","0","KB","","n/a","0"
"Test","mem.vmmemctl.average","8/20/2026 3:16:00 AM","20","0","0","KB","","n/a","0"
"Test","mem.vmmemctl.average","8/20/2026 3:16:20 AM","20","0","0","KB","","n/a","0"
"Test","mem.vmmemctl.average","8/20/2026 3:16:40 AM","20","0","0","KB","","n/a","0"
"Test","mem.vmmemctl.average","8/20/2026 3:17:00 AM","20","0","0","KB","","n/a","0"
"Test","mem.vmmemctl.average","8/20/2026 3:17:20 AM","20","0","0","KB","","n/a","0"
"Test","mem.vmmemctl.average","8/20/2026 3:17:40 AM","20","0","0","KB","","n/a","0"
"Test","mem.vmmemctl.average","8/20/2026 3:18:00 AM","20","0","0","KB","","n/a","0"
"Test","mem.vmmemctl.average","8/20/2026 3:18:20 AM","20","0","0","KB","","n/a","0"
"Test","mem.vmmemctl.average","8/20/2026 3:18:40 AM","20","0","0","KB","","n/a","0"
"Test","mem.vmmemctl.average","8/20/2026 3:19:00 AM","20","0","0","KB","","n/a","0"
"Test","mem.vmmemctl.average","8/20/2026 3:19:20 AM","20","0","0","KB","","n/a","0"
"Test","mem.vmmemctl.average","8/20/2026 3:19:40 AM","20","0","0","KB","","n/a","0"
"Test","mem.vmmemctl.average","8/20/2026 3:20:00 AM","20","0","0","KB","","n/a","0"
"Test","mem.vmmemctl.average","8/20/2026 3:20:20 AM","20","0","0","KB","","n/a","0"
"Test","mem.vmmemctl.average","8/20/2026 3:20:40 AM","20","0","0","KB","","n/a","0"
"Test","mem.vmmemctl.average","8/20/2026 3:21:00 AM","20","0","0","KB","","n/a","0"
"Test","mem.vmmemctl.average","8/20/2026 3:21:20 AM","20","0","0","KB","","n/a","0"
"Test","mem.vmmemctl.average","8/20/2026 3:21:40 AM","20","0","0","KB","","n/a","0"
"Test","mem.vmmemctl.average","8/20/2026 3:22:00 AM","20","0","0","KB","","n/a","0"
"Test","mem.vmmemctl.average","8/20/2026 3:22:20 AM","20","0","0","KB","","n/a","0"
"Test","mem.vmmemctl.average","8/20/2026 3:22:40 AM","20","0","0","KB","","n/a","0"
"Test","mem.vmmemctl.average","8/20/2026 3:23:00 AM","20","0","0","KB","","n/a","0"
"Test","mem.vmmemctl.average","8/20/2026 3:23:20 AM","20","0","0","KB","","n/a","0"
"Test","mem.vmmemctl.average","8/20/2026 3:23:40 AM","20","0","0","KB","","n/a","0"
"Test","mem.vmmemctl.average","8/20/2026 3:24:00 AM","20","0","0","KB","","n/a","0"
"Test","mem.vmmemctl.average","8/20/2026 3:24:20 AM","20","0","0","KB","","n/a","0"
"Test","mem.vmmemctl.average","8/20/2026 3:24:40 AM","20","0","0","KB","","n/a","0"
"Test","mem.vmmemctl.average","8/20/2026 3:25:00 AM","20","0","0","KB","","n/a","0"
"Test","mem.vmmemctl.average","8/20/2026 3:25:20 AM","20","0","0","KB","","n/a","0"
"Test","mem.vmmemctl.average","8/20/2026 3:25:40 AM","20","0","0","KB","","n/a","0"
"Test","mem.vmmemctl.average","8/20/2026 3:26:00 AM","20","0","0","KB","","n/a","0"
"Test","mem.vmmemctl.average","8/20/2026 3:26:20 AM","20","0","0","KB","","n/a","0"
"Test","mem.vmmemctl.average","8/20/2026 3:26:40 AM","20","0","0","KB","","n/a","0"
"Test","mem.vmmemctl.average","8/20/2026 3:27:00 AM","20","0","0","KB","","n/a","0"
"Test","mem.vmmemctl.average","8/20/2026 3:27:20 AM","20","0","0","KB","","n/a","0"
"Test","mem.vmmemctl.average","8/20/2026 3:27:40 AM","20","0","0","KB","","n/a","0"
"Test","mem.vmmemctl.average","8/20/2026 3:28:00 AM","20","0","0","KB","","n/a","0"
"Test","mem.vmmemctl.average","8/20/2026 3:28:20 AM","20","0","0","KB","","n/a","0"
"Test","mem.vmmemctl.average","8/20/2026 3:28:40 AM","20","0","0","KB","","n/a","0"
"Test","mem.vmmemctl.average","8/20/2026 3:29:00 AM","20","0","0","KB","","n/a","0"
"Test","mem.vmmemctl.average","8/20/2026 3:29:20 AM","20","0","0","KB","","n/a","0"
"Test","mem.vmmemctl.average","8/20/2026 3:29:40 AM","20","0","0","KB","","n/a","0"
"Test","mem.vmmemctl.average","8/20/2026 3:30:00 AM","20","0","0","KB","","n/a","0"
"Test","net.received.average","8/20/2026 2:30:20 AM","20","0","0","KBps","","n/a","0"
"Test","net.received.average","8/20/2026 2:30:40 AM","20","0","0","KBps","","n/a","0"
"Test","net.received.average","8/20/2026 2:31:00 AM","20","0","0","KBps","","n/a","0"
"Test","net.received.average","8/20/2026 2:31:20 AM","20","0","0","KBps","","n/a","0"
"Test","net.received.average","8/20/2026 2:31:40 AM","20","0","0","KBps","","n/a","0"
"Test","net.received.average","8/20/2026 2:32:00 AM","20","0","0","KBps","","n/a","0"
"Test","net.received.average","8/20/2026 2:32:20 AM","20","0","0","KBps","","n/a","0"
"Test","net.received.average","8/20/2026 2:32:40 AM","20","0","0","KBps","","n/a","0"
"Test","net.received.average","8/20/2026 2:33:00 AM","20","0","0","KBps","","n/a","0"
"Test","net.received.average","8/20/2026 2:33:20 AM","20","0","0","KBps","","n/a","0"
"Test","net.received.average","8/20/2026 2:33:40 AM","20","0","0","KBps","","n/a","0"
"Test","net.received.average","8/20/2026 2:34:00 AM","20","0","0","KBps","","n/a","0"
"Test","net.received.average","8/20/2026 2:34:20 AM","20","0","0","KBps","","n/a","0"
"Test","net.received.average","8/20/2026 2:34:40 AM","20","0","0","KBps","","n/a","0"
"Test","net.received.average","8/20/2026 2:35:00 AM","20","0","0","KBps","","n/a","0"
"Test","net.received.average","8/20/2026 2:35:20 AM","20","0","0","KBps","","n/a","0"
"Test","net.received.average","8/20/2026 2:35:40 AM","20","0","0","KBps","","n/a","0"
"Test","net.received.average","8/20/2026 2:36:00 AM","20","0","0","KBps","","n/a","0"
"Test","net.received.average","8/20/2026 2:36:20 AM","20","0","0","KBps","","n/a","0"
"Test","net.received.average","8/20/2026 2:36:40 AM","20","0","0","KBps","","n/a","0"
"Test","net.received.average","8/20/2026 2:37:00 AM","20","0","0","KBps","","n/a","0"
"Test","net.received.average","8/20/2026 2:37:20 AM","20","0","0","KBps","","n/a","0"
"Test","net.received.average","8/20/2026 2:37:40 AM","20","0","0","KBps","","n/a","0"
"Test","net.received.average","8/20/2026 2:38:00 AM","20","0","0","KBps","","n/a","0"
"Test","net.received.average","8/20/2026 2:38:20 AM","20","0","0","KBps","","n/a","0"
"Test","net.received.average","8/20/2026 2:38:40 AM","20","0","0","KBps","","n/a","0"
"Test","net.received.average","8/20/2026 2:39:00 AM","20","0","0","KBps","","n/a","0"
"Test","net.received.average","8/20/2026 2:39:20 AM","20","0","0","KBps","","n/a","0"
"Test","net.received.average","8/20/2026 2:39:40 AM","20","0","0","KBps","","n/a","0"
"Test","net.received.average","8/20/2026 2:40:00 AM","20","0","0","KBps","","n/a","0"
"Test","net.received.average","8/20/2026 2:40:20 AM","20","0","0","KBps","","n/a","0"
"Test","net.received.average","8/20/2026 2:40:40 AM","20","0","0","KBps","","n/a","0"
"Test","net.received.average","8/20/2026 2:41:00 AM","20","0","0","KBps","","n/a","0"
"Test","net.received.average","8/20/2026 2:41:20 AM","20","0","0","KBps","","n/a","0"
"Test","net.received.average","8/20/2026 2:41:40 AM","20","0","0","KBps","","n/a","0"
"Test","net.received.average","8/20/2026 2:42:00 AM","20","0","0","KBps","","n/a","0"
"Test","net.received.average","8/20/2026 2:42:20 AM","20","0","0","KBps","","n/a","0"
"Test","net.received.average","8/20/2026 2:42:40 AM","20","0","0","KBps","","n/a","0"
"Test","net.received.average","8/20/2026 2:43:00 AM","20","0","0","KBps","","n/a","0"
"Test","net.received.average","8/20/2026 2:43:20 AM","20","0","0","KBps","","n/a","0"
"Test","net.received.average","8/20/2026 2:43:40 AM","20","0","0","KBps","","n/a","0"
"Test","net.received.average","8/20/2026 2:44:00 AM","20","0","0","KBps","","n/a","0"
"Test","net.received.average","8/20/2026 2:44:20 AM","20","0","0","KBps","","n/a","0"
"Test","net.received.average","8/20/2026 2:44:40 AM","20","0","0","KBps","","n/a","0"
"Test","net.received.average","8/20/2026 2:45:00 AM","20","0","0","KBps","","n/a","0"
"Test","net.received.average","8/20/2026 2:45:20 AM","20","0","0","KBps","","n/a","0"
"Test","net.received.average","8/20/2026 2:45:40 AM","20","0","0","KBps","","n/a","0"
"Test","net.received.average","8/20/2026 2:46:00 AM","20","0","0","KBps","","n/a","0"
"Test","net.received.average","8/20/2026 2:46:20 AM","20","0","0","KBps","","n/a","0"
"Test","net.received.average","8/20/2026 2:46:40 AM","20","0","0","KBps","","n/a","0"
"Test","net.received.average","8/20/2026 2:47:00 AM","20","0","0","KBps","","n/a","0"
"Test","net.received.average","8/20/2026 2:47:20 AM","20","0","0","KBps","","n/a","0"
"Test","net.received.average","8/20/2026 2:47:40 AM","20","0","0","KBps","","n/a","0"
"Test","net.received.average","8/20/2026 2:48:00 AM","20","0","0","KBps","","n/a","0"
"Test","net.received.average","8/20/2026 2:48:20 AM","20","0","0","KBps","","n/a","0"
"Test","net.received.average","8/20/2026 2:48:40 AM","20","0","0","KBps","","n/a","0"
"Test","net.received.average","8/20/2026 2:49:00 AM","20","0","0","KBps","","n/a","0"
"Test","net.received.average","8/20/2026 2:49:20 AM","20","0","0","KBps","","n/a","0"
"Test","net.received.average","8/20/2026 2:49:40 AM","20","0","0","KBps","","n/a","0"
"Test","net.received.average","8/20/2026 2:50:00 AM","20","0","0","KBps","","n/a","0"
"Test","net.received.average","8/20/2026 2:50:20 AM","20","0","0","KBps","","n/a","0"
"Test","net.received.average","8/20/2026 2:50:40 AM","20","0","0","KBps","","n/a","0"
"Test","net.received.average","8/20/2026 2:51:00 AM","20","0","0","KBps","","n/a","0"
"Test","net.received.average","8/20/2026 2:51:20 AM","20","0","0","KBps","","n/a","0"
"Test","net.received.average","8/20/2026 2:51:40 AM","20","0","0","KBps","","n/a","0"
"Test","net.received.average","8/20/2026 2:52:00 AM","20","0","0","KBps","","n/a","0"
"Test","net.received.average","8/20/2026 2:52:20 AM","20","0","0","KBps","","n/a","0"
"Test","net.received.average","8/20/2026 2:52:40 AM","20","0","0","KBps","","n/a","0"
"Test","net.received.average","8/20/2026 2:53:00 AM","20","0","0","KBps","","n/a","0"
"Test","net.received.average","8/20/2026 2:53:20 AM","20","0","0","KBps","","n/a","0"
"Test","net.received.average","8/20/2026 2:53:40 AM","20","0","0","KBps","","n/a","0"
"Test","net.received.average","8/20/2026 2:54:00 AM","20","0","0","KBps","","n/a","0"
"Test","net.received.average","8/20/2026 2:54:20 AM","20","0","0","KBps","","n/a","0"
"Test","net.received.average","8/20/2026 2:54:40 AM","20","0","0","KBps","","n/a","0"
"Test","net.received.average","8/20/2026 2:55:00 AM","20","0","0","KBps","","n/a","0"
"Test","net.received.average","8/20/2026 2:55:20 AM","20","0","0","KBps","","n/a","0"
"Test","net.received.average","8/20/2026 2:55:40 AM","20","0","0","KBps","","n/a","0"
"Test","net.received.average","8/20/2026 2:56:00 AM","20","0","0","KBps","","n/a","0"
"Test","net.received.average","8/20/2026 2:56:20 AM","20","0","0","KBps","","n/a","0"
"Test","net.received.average","8/20/2026 2:56:40 AM","20","0","0","KBps","","n/a","0"
"Test","net.received.average","8/20/2026 2:57:00 AM","20","0","0","KBps","","n/a","0"
"Test","net.received.average","8/20/2026 2:57:20 AM","20","0","0","KBps","","n/a","0"
"Test","net.received.average","8/20/2026 2:57:40 AM","20","0","0","KBps","","n/a","0"
"Test","net.received.average","8/20/2026 2:58:00 AM","20","0","0","KBps","","n/a","0"
"Test","net.received.average","8/20/2026 2:58:20 AM","20","0","0","KBps","","n/a","0"
"Test","net.received.average","8/20/2026 2:58:40 AM","20","0","0","KBps","","n/a","0"
"Test","net.received.average","8/20/2026 2:59:00 AM","20","0","0","KBps","","n/a","0"
"Test","net.received.average","8/20/2026 2:59:20 AM","20","0","0","KBps","","n/a","0"
"Test","net.received.average","8/20/2026 2:59:40 AM","20","0","0","KBps","","n/a","0"
"Test","net.received.average","8/20/2026 3:00:00 AM","20","0","0","KBps","","n/a","0"
"Test","net.received.average","8/20/2026 3:00:20 AM","20","0","0","KBps","","n/a","0"
"Test","net.received.average","8/20/2026 3:00:40 AM","20","0","0","KBps","","n/a","0"
"Test","net.received.average","8/20/2026 3:01:00 AM","20","0","0","KBps","","n/a","0"
"Test","net.received.average","8/20/2026 3:01:20 AM","20","0","0","KBps","","n/a","0"
"Test","net.received.average","8/20/2026 3:01:40 AM","20","0","0","KBps","","n/a","0"
"Test","net.received.average","8/20/2026 3:02:00 AM","20","0","0","KBps","","n/a","0"
"Test","net.received.average","8/20/2026 3:02:20 AM","20","0","0","KBps","","n/a","0"
"Test","net.received.average","8/20/2026 3:02:40 AM","20","0","0","KBps","","n/a","0"
"Test","net.received.average","8/20/2026 3:03:00 AM","20","0","0","KBps","","n/a","0"
"Test","net.received.average","8/20/2026 3:03:20 AM","20","0","0","KBps","","n/a","0"
"Test","net.received.average","8/20/2026 3:03:40 AM","20","0","0","KBps","","n/a","0"
"Test","net.received.average","8/20/2026 3:04:00 AM","20","0","0","KBps","","n/a","0"
"Test","net.received.average","8/20/2026 3:04:20 AM","20","0","0","KBps","","n/a","0"
"Test","net.received.average","8/20/2026 3:04:40 AM","20","0","0","KBps","","n/a","0"
"Test","net.received.average","8/20/2026 3:05:00 AM","20","0","0","KBps","","n/a","0"
"Test","net.received.average","8/20/2026 3:05:20 AM","20","0","0","KBps","","n/a","0"
"Test","net.received.average","8/20/2026 3:05:40 AM","20","0","0","KBps","","n/a","0"
"Test","net.received.average","8/20/2026 3:06:00 AM","20","0","0","KBps","","n/a","0"
"Test","net.received.average","8/20/2026 3:06:20 AM","20","0","0","KBps","","n/a","0"
"Test","net.received.average","8/20/2026 3:06:40 AM","20","0","0","KBps","","n/a","0"
"Test","net.received.average","8/20/2026 3:07:00 AM","20","0","0","KBps","","n/a","0"
"Test","net.received.average","8/20/2026 3:07:20 AM","20","0","0","KBps","","n/a","0"
"Test","net.received.average","8/20/2026 3:07:40 AM","20","0","0","KBps","","n/a","0"
"Test","net.received.average","8/20/2026 3:08:00 AM","20","2","2","KBps","","n/a","0"
"Test","net.received.average","8/20/2026 3:08:20 AM","20","0","0","KBps","","n/a","0"
"Test","net.received.average","8/20/2026 3:08:40 AM","20","0","0","KBps","","n/a","0"
"Test","net.received.average","8/20/2026 3:09:00 AM","20","0","0","KBps","","n/a","0"
"Test","net.received.average","8/20/2026 3:09:20 AM","20","0","0","KBps","","n/a","0"
"Test","net.received.average","8/20/2026 3:09:40 AM","20","0","0","KBps","","n/a","0"
"Test","net.received.average","8/20/2026 3:10:00 AM","20","0","0","KBps","","n/a","0"
"Test","net.received.average","8/20/2026 3:10:20 AM","20","0","0","KBps","","n/a","0"
"Test","net.received.average","8/20/2026 3:10:40 AM","20","0","0","KBps","","n/a","0"
"Test","net.received.average","8/20/2026 3:11:00 AM","20","0","0","KBps","","n/a","0"
"Test","net.received.average","8/20/2026 3:11:20 AM","20","0","0","KBps","","n/a","0"
"Test","net.received.average","8/20/2026 3:11:40 AM","20","0","0","KBps","","n/a","0"
"Test","net.received.average","8/20/2026 3:12:00 AM","20","0","0","KBps","","n/a","0"
"Test","net.received.average","8/20/2026 3:12:20 AM","20","0","0","KBps","","n/a","0"
"Test","net.received.average","8/20/2026 3:12:40 AM","20","0","0","KBps","","n/a","0"
"Test","net.received.average","8/20/2026 3:13:00 AM","20","0","0","KBps","","n/a","0"
"Test","net.received.average","8/20/2026 3:13:20 AM","20","0","0","KBps","","n/a","0"
"Test","net.received.average","8/20/2026 3:13:40 AM","20","0","0","KBps","","n/a","0"
"Test","net.received.average","8/20/2026 3:14:00 AM","20","0","0","KBps","","n/a","0"
"Test","net.received.average","8/20/2026 3:14:20 AM","20","0","0","KBps","","n/a","0"
"Test","net.received.average","8/20/2026 3:14:40 AM","20","0","0","KBps","","n/a","0"
"Test","net.received.average","8/20/2026 3:15:00 AM","20","0","0","KBps","","n/a","0"
"Test","net.received.average","8/20/2026 3:15:20 AM","20","0","0","KBps","","n/a","0"
"Test","net.received.average","8/20/2026 3:15:40 AM","20","0","0","KBps","","n/a","0"
"Test","net.received.average","8/20/2026 3:16:00 AM","20","0","0","KBps","","n/a","0"
"Test","net.received.average","8/20/2026 3:16:20 AM","20","0","0","KBps","","n/a","0"
"Test","net.received.average","8/20/2026 3:16:40 AM","20","0","0","KBps","","n/a","0"
"Test","net.received.average","8/20/2026 3:17:00 AM","20","0","0","KBps","","n/a","0"
"Test","net.received.average","8/20/2026 3:17:20 AM","20","0","0","KBps","","n/a","0"
"Test","net.received.average","8/20/2026 3:17:40 AM","20","0","0","KBps","","n/a","0"
"Test","net.received.average","8/20/2026 3:18:00 AM","20","0","0","KBps","","n/a","0"
"Test","net.received.average","8/20/2026 3:18:20 AM","20","0","0","KBps","","n/a","0"
"Test","net.received.average","8/20/2026 3:18:40 AM","20","0","0","KBps","","n/a","0"
"Test","net.received.average","8/20/2026 3:19:00 AM","20","0","0","KBps","","n/a","0"
"Test","net.received.average","8/20/2026 3:19:20 AM","20","0","0","KBps","","n/a","0"
"Test","net.received.average","8/20/2026 3:19:40 AM","20","0","0","KBps","","n/a","0"
"Test","net.received.average","8/20/2026 3:20:00 AM","20","0","0","KBps","","n/a","0"
"Test","net.received.average","8/20/2026 3:20:20 AM","20","0","0","KBps","","n/a","0"
"Test","net.received.average","8/20/2026 3:20:40 AM","20","0","0","KBps","","n/a","0"
"Test","net.received.average","8/20/2026 3:21:00 AM","20","0","0","KBps","","n/a","0"
"Test","net.received.average","8/20/2026 3:21:20 AM","20","0","0","KBps","","n/a","0"
"Test","net.received.average","8/20/2026 3:21:40 AM","20","0","0","KBps","","n/a","0"
"Test","net.received.average","8/20/2026 3:22:00 AM","20","0","0","KBps","","n/a","0"
"Test","net.received.average","8/20/2026 3:22:20 AM","20","0","0","KBps","","n/a","0"
"Test","net.received.average","8/20/2026 3:22:40 AM","20","0","0","KBps","","n/a","0"
"Test","net.received.average","8/20/2026 3:23:00 AM","20","1","1","KBps","","n/a","0"
"Test","net.received.average","8/20/2026 3:23:20 AM","20","0","0","KBps","","n/a","0"
"Test","net.received.average","8/20/2026 3:23:40 AM","20","0","0","KBps","","n/a","0"
"Test","net.received.average","8/20/2026 3:24:00 AM","20","0","0","KBps","","n/a","0"
"Test","net.received.average","8/20/2026 3:24:20 AM","20","0","0","KBps","","n/a","0"
"Test","net.received.average","8/20/2026 3:24:40 AM","20","0","0","KBps","","n/a","0"
"Test","net.received.average","8/20/2026 3:25:00 AM","20","0","0","KBps","","n/a","0"
"Test","net.received.average","8/20/2026 3:25:20 AM","20","0","0","KBps","","n/a","0"
"Test","net.received.average","8/20/2026 3:25:40 AM","20","0","0","KBps","","n/a","0"
"Test","net.received.average","8/20/2026 3:26:00 AM","20","0","0","KBps","","n/a","0"
"Test","net.received.average","8/20/2026 3:26:20 AM","20","0","0","KBps","","n/a","0"
"Test","net.received.average","8/20/2026 3:26:40 AM","20","0","0","KBps","","n/a","0"
"Test","net.received.average","8/20/2026 3:27:00 AM","20","0","0","KBps","","n/a","0"
"Test","net.received.average","8/20/2026 3:27:20 AM","20","0","0","KBps","","n/a","0"
"Test","net.received.average","8/20/2026 3:27:40 AM","20","0","0","KBps","","n/a","0"
"Test","net.received.average","8/20/2026 3:28:00 AM","20","0","0","KBps","","n/a","0"
"Test","net.received.average","8/20/2026 3:28:20 AM","20","0","0","KBps","","n/a","0"
"Test","net.received.average","8/20/2026 3:28:40 AM","20","0","0","KBps","","n/a","0"
"Test","net.received.average","8/20/2026 3:29:00 AM","20","0","0","KBps","","n/a","0"
"Test","net.received.average","8/20/2026 3:29:20 AM","20","0","0","KBps","","n/a","0"
"Test","net.received.average","8/20/2026 3:29:40 AM","20","0","0","KBps","","n/a","0"
"Test","net.received.average","8/20/2026 3:30:00 AM","20","0","0","KBps","","n/a","0"
"Test","net.transmitted.average","8/20/2026 2:30:20 AM","20","0","0","KBps","","n/a","0"
"Test","net.transmitted.average","8/20/2026 2:30:40 AM","20","0","0","KBps","","n/a","0"
"Test","net.transmitted.average","8/20/2026 2:31:00 AM","20","0","0","KBps","","n/a","0"
"Test","net.transmitted.average","8/20/2026 2:31:20 AM","20","0","0","KBps","","n/a","0"
"Test","net.transmitted.average","8/20/2026 2:31:40 AM","20","0","0","KBps","","n/a","0"
"Test","net.transmitted.average","8/20/2026 2:32:00 AM","20","0","0","KBps","","n/a","0"
"Test","net.transmitted.average","8/20/2026 2:32:20 AM","20","0","0","KBps","","n/a","0"
"Test","net.transmitted.average","8/20/2026 2:32:40 AM","20","0","0","KBps","","n/a","0"
"Test","net.transmitted.average","8/20/2026 2:33:00 AM","20","0","0","KBps","","n/a","0"
"Test","net.transmitted.average","8/20/2026 2:33:20 AM","20","0","0","KBps","","n/a","0"
"Test","net.transmitted.average","8/20/2026 2:33:40 AM","20","0","0","KBps","","n/a","0"
"Test","net.transmitted.average","8/20/2026 2:34:00 AM","20","0","0","KBps","","n/a","0"
"Test","net.transmitted.average","8/20/2026 2:34:20 AM","20","0","0","KBps","","n/a","0"
"Test","net.transmitted.average","8/20/2026 2:34:40 AM","20","0","0","KBps","","n/a","0"
"Test","net.transmitted.average","8/20/2026 2:35:00 AM","20","0","0","KBps","","n/a","0"
"Test","net.transmitted.average","8/20/2026 2:35:20 AM","20","0","0","KBps","","n/a","0"
"Test","net.transmitted.average","8/20/2026 2:35:40 AM","20","0","0","KBps","","n/a","0"
"Test","net.transmitted.average","8/20/2026 2:36:00 AM","20","0","0","KBps","","n/a","0"
"Test","net.transmitted.average","8/20/2026 2:36:20 AM","20","0","0","KBps","","n/a","0"
"Test","net.transmitted.average","8/20/2026 2:36:40 AM","20","0","0","KBps","","n/a","0"
"Test","net.transmitted.average","8/20/2026 2:37:00 AM","20","0","0","KBps","","n/a","0"
"Test","net.transmitted.average","8/20/2026 2:37:20 AM","20","0","0","KBps","","n/a","0"
"Test","net.transmitted.average","8/20/2026 2:37:40 AM","20","0","0","KBps","","n/a","0"
"Test","net.transmitted.average","8/20/2026 2:38:00 AM","20","0","0","KBps","","n/a","0"
"Test","net.transmitted.average","8/20/2026 2:38:20 AM","20","0","0","KBps","","n/a","0"
"Test","net.transmitted.average","8/20/2026 2:38:40 AM","20","0","0","KBps","","n/a","0"
"Test","net.transmitted.average","8/20/2026 2:39:00 AM","20","0","0","KBps","","n/a","0"
"Test","net.transmitted.average","8/20/2026 2:39:20 AM","20","0","0","KBps","","n/a","0"
"Test","net.transmitted.average","8/20/2026 2:39:40 AM","20","0","0","KBps","","n/a","0"
"Test","net.transmitted.average","8/20/2026 2:40:00 AM","20","0","0","KBps","","n/a","0"
"Test","net.transmitted.average","8/20/2026 2:40:20 AM","20","0","0","KBps","","n/a","0"
"Test","net.transmitted.average","8/20/2026 2:40:40 AM","20","0","0","KBps","","n/a","0"
"Test","net.transmitted.average","8/20/2026 2:41:00 AM","20","0","0","KBps","","n/a","0"
"Test","net.transmitted.average","8/20/2026 2:41:20 AM","20","0","0","KBps","","n/a","0"
"Test","net.transmitted.average","8/20/2026 2:41:40 AM","20","0","0","KBps","","n/a","0"
"Test","net.transmitted.average","8/20/2026 2:42:00 AM","20","0","0","KBps","","n/a","0"
"Test","net.transmitted.average","8/20/2026 2:42:20 AM","20","0","0","KBps","","n/a","0"
"Test","net.transmitted.average","8/20/2026 2:42:40 AM","20","0","0","KBps","","n/a","0"
"Test","net.transmitted.average","8/20/2026 2:43:00 AM","20","0","0","KBps","","n/a","0"
"Test","net.transmitted.average","8/20/2026 2:43:20 AM","20","0","0","KBps","","n/a","0"
"Test","net.transmitted.average","8/20/2026 2:43:40 AM","20","0","0","KBps","","n/a","0"
"Test","net.transmitted.average","8/20/2026 2:44:00 AM","20","0","0","KBps","","n/a","0"
"Test","net.transmitted.average","8/20/2026 2:44:20 AM","20","0","0","KBps","","n/a","0"
"Test","net.transmitted.average","8/20/2026 2:44:40 AM","20","0","0","KBps","","n/a","0"
"Test","net.transmitted.average","8/20/2026 2:45:00 AM","20","0","0","KBps","","n/a","0"
"Test","net.transmitted.average","8/20/2026 2:45:20 AM","20","0","0","KBps","","n/a","0"
"Test","net.transmitted.average","8/20/2026 2:45:40 AM","20","0","0","KBps","","n/a","0"
"Test","net.transmitted.average","8/20/2026 2:46:00 AM","20","0","0","KBps","","n/a","0"
"Test","net.transmitted.average","8/20/2026 2:46:20 AM","20","0","0","KBps","","n/a","0"
"Test","net.transmitted.average","8/20/2026 2:46:40 AM","20","0","0","KBps","","n/a","0"
"Test","net.transmitted.average","8/20/2026 2:47:00 AM","20","0","0","KBps","","n/a","0"
"Test","net.transmitted.average","8/20/2026 2:47:20 AM","20","0","0","KBps","","n/a","0"
"Test","net.transmitted.average","8/20/2026 2:47:40 AM","20","0","0","KBps","","n/a","0"
"Test","net.transmitted.average","8/20/2026 2:48:00 AM","20","0","0","KBps","","n/a","0"
"Test","net.transmitted.average","8/20/2026 2:48:20 AM","20","0","0","KBps","","n/a","0"
"Test","net.transmitted.average","8/20/2026 2:48:40 AM","20","0","0","KBps","","n/a","0"
"Test","net.transmitted.average","8/20/2026 2:49:00 AM","20","0","0","KBps","","n/a","0"
"Test","net.transmitted.average","8/20/2026 2:49:20 AM","20","0","0","KBps","","n/a","0"
"Test","net.transmitted.average","8/20/2026 2:49:40 AM","20","0","0","KBps","","n/a","0"
"Test","net.transmitted.average","8/20/2026 2:50:00 AM","20","0","0","KBps","","n/a","0"
"Test","net.transmitted.average","8/20/2026 2:50:20 AM","20","0","0","KBps","","n/a","0"
"Test","net.transmitted.average","8/20/2026 2:50:40 AM","20","0","0","KBps","","n/a","0"
"Test","net.transmitted.average","8/20/2026 2:51:00 AM","20","0","0","KBps","","n/a","0"
"Test","net.transmitted.average","8/20/2026 2:51:20 AM","20","0","0","KBps","","n/a","0"
"Test","net.transmitted.average","8/20/2026 2:51:40 AM","20","0","0","KBps","","n/a","0"
"Test","net.transmitted.average","8/20/2026 2:52:00 AM","20","0","0","KBps","","n/a","0"
"Test","net.transmitted.average","8/20/2026 2:52:20 AM","20","0","0","KBps","","n/a","0"
"Test","net.transmitted.average","8/20/2026 2:52:40 AM","20","0","0","KBps","","n/a","0"
"Test","net.transmitted.average","8/20/2026 2:53:00 AM","20","0","0","KBps","","n/a","0"
"Test","net.transmitted.average","8/20/2026 2:53:20 AM","20","0","0","KBps","","n/a","0"
"Test","net.transmitted.average","8/20/2026 2:53:40 AM","20","0","0","KBps","","n/a","0"
"Test","net.transmitted.average","8/20/2026 2:54:00 AM","20","0","0","KBps","","n/a","0"
"Test","net.transmitted.average","8/20/2026 2:54:20 AM","20","0","0","KBps","","n/a","0"
"Test","net.transmitted.average","8/20/2026 2:54:40 AM","20","0","0","KBps","","n/a","0"
"Test","net.transmitted.average","8/20/2026 2:55:00 AM","20","0","0","KBps","","n/a","0"
"Test","net.transmitted.average","8/20/2026 2:55:20 AM","20","0","0","KBps","","n/a","0"
"Test","net.transmitted.average","8/20/2026 2:55:40 AM","20","0","0","KBps","","n/a","0"
"Test","net.transmitted.average","8/20/2026 2:56:00 AM","20","0","0","KBps","","n/a","0"
"Test","net.transmitted.average","8/20/2026 2:56:20 AM","20","0","0","KBps","","n/a","0"
"Test","net.transmitted.average","8/20/2026 2:56:40 AM","20","0","0","KBps","","n/a","0"
"Test","net.transmitted.average","8/20/2026 2:57:00 AM","20","0","0","KBps","","n/a","0"
"Test","net.transmitted.average","8/20/2026 2:57:20 AM","20","0","0","KBps","","n/a","0"
"Test","net.transmitted.average","8/20/2026 2:57:40 AM","20","0","0","KBps","","n/a","0"
"Test","net.transmitted.average","8/20/2026 2:58:00 AM","20","0","0","KBps","","n/a","0"
"Test","net.transmitted.average","8/20/2026 2:58:20 AM","20","0","0","KBps","","n/a","0"
"Test","net.transmitted.average","8/20/2026 2:58:40 AM","20","0","0","KBps","","n/a","0"
"Test","net.transmitted.average","8/20/2026 2:59:00 AM","20","0","0","KBps","","n/a","0"
"Test","net.transmitted.average","8/20/2026 2:59:20 AM","20","0","0","KBps","","n/a","0"
"Test","net.transmitted.average","8/20/2026 2:59:40 AM","20","0","0","KBps","","n/a","0"
"Test","net.transmitted.average","8/20/2026 3:00:00 AM","20","0","0","KBps","","n/a","0"
"Test","net.transmitted.average","8/20/2026 3:00:20 AM","20","0","0","KBps","","n/a","0"
"Test","net.transmitted.average","8/20/2026 3:00:40 AM","20","0","0","KBps","","n/a","0"
"Test","net.transmitted.average","8/20/2026 3:01:00 AM","20","0","0","KBps","","n/a","0"
"Test","net.transmitted.average","8/20/2026 3:01:20 AM","20","0","0","KBps","","n/a","0"
"Test","net.transmitted.average","8/20/2026 3:01:40 AM","20","0","0","KBps","","n/a","0"
"Test","net.transmitted.average","8/20/2026 3:02:00 AM","20","0","0","KBps","","n/a","0"
"Test","net.transmitted.average","8/20/2026 3:02:20 AM","20","0","0","KBps","","n/a","0"
"Test","net.transmitted.average","8/20/2026 3:02:40 AM","20","0","0","KBps","","n/a","0"
"Test","net.transmitted.average","8/20/2026 3:03:00 AM","20","0","0","KBps","","n/a","0"
"Test","net.transmitted.average","8/20/2026 3:03:20 AM","20","0","0","KBps","","n/a","0"
"Test","net.transmitted.average","8/20/2026 3:03:40 AM","20","0","0","KBps","","n/a","0"
"Test","net.transmitted.average","8/20/2026 3:04:00 AM","20","0","0","KBps","","n/a","0"
"Test","net.transmitted.average","8/20/2026 3:04:20 AM","20","0","0","KBps","","n/a","0"
"Test","net.transmitted.average","8/20/2026 3:04:40 AM","20","0","0","KBps","","n/a","0"
"Test","net.transmitted.average","8/20/2026 3:05:00 AM","20","0","0","KBps","","n/a","0"
"Test","net.transmitted.average","8/20/2026 3:05:20 AM","20","0","0","KBps","","n/a","0"
"Test","net.transmitted.average","8/20/2026 3:05:40 AM","20","0","0","KBps","","n/a","0"
"Test","net.transmitted.average","8/20/2026 3:06:00 AM","20","0","0","KBps","","n/a","0"
"Test","net.transmitted.average","8/20/2026 3:06:20 AM","20","0","0","KBps","","n/a","0"
"Test","net.transmitted.average","8/20/2026 3:06:40 AM","20","0","0","KBps","","n/a","0"
"Test","net.transmitted.average","8/20/2026 3:07:00 AM","20","0","0","KBps","","n/a","0"
"Test","net.transmitted.average","8/20/2026 3:07:20 AM","20","0","0","KBps","","n/a","0"
"Test","net.transmitted.average","8/20/2026 3:07:40 AM","20","0","0","KBps","","n/a","0"
"Test","net.transmitted.average","8/20/2026 3:08:00 AM","20","1","1","KBps","","n/a","0"
"Test","net.transmitted.average","8/20/2026 3:08:20 AM","20","0","0","KBps","","n/a","0"
"Test","net.transmitted.average","8/20/2026 3:08:40 AM","20","0","0","KBps","","n/a","0"
"Test","net.transmitted.average","8/20/2026 3:09:00 AM","20","0","0","KBps","","n/a","0"
"Test","net.transmitted.average","8/20/2026 3:09:20 AM","20","0","0","KBps","","n/a","0"
"Test","net.transmitted.average","8/20/2026 3:09:40 AM","20","0","0","KBps","","n/a","0"
"Test","net.transmitted.average","8/20/2026 3:10:00 AM","20","0","0","KBps","","n/a","0"
"Test","net.transmitted.average","8/20/2026 3:10:20 AM","20","0","0","KBps","","n/a","0"
"Test","net.transmitted.average","8/20/2026 3:10:40 AM","20","0","0","KBps","","n/a","0"
"Test","net.transmitted.average","8/20/2026 3:11:00 AM","20","0","0","KBps","","n/a","0"
"Test","net.transmitted.average","8/20/2026 3:11:20 AM","20","0","0","KBps","","n/a","0"
"Test","net.transmitted.average","8/20/2026 3:11:40 AM","20","0","0","KBps","","n/a","0"
"Test","net.transmitted.average","8/20/2026 3:12:00 AM","20","0","0","KBps","","n/a","0"
"Test","net.transmitted.average","8/20/2026 3:12:20 AM","20","0","0","KBps","","n/a","0"
"Test","net.transmitted.average","8/20/2026 3:12:40 AM","20","0","0","KBps","","n/a","0"
"Test","net.transmitted.average","8/20/2026 3:13:00 AM","20","0","0","KBps","","n/a","0"
"Test","net.transmitted.average","8/20/2026 3:13:20 AM","20","0","0","KBps","","n/a","0"
"Test","net.transmitted.average","8/20/2026 3:13:40 AM","20","0","0","KBps","","n/a","0"
"Test","net.transmitted.average","8/20/2026 3:14:00 AM","20","0","0","KBps","","n/a","0"
"Test","net.transmitted.average","8/20/2026 3:14:20 AM","20","0","0","KBps","","n/a","0"
"Test","net.transmitted.average","8/20/2026 3:14:40 AM","20","0","0","KBps","","n/a","0"
"Test","net.transmitted.average","8/20/2026 3:15:00 AM","20","0","0","KBps","","n/a","0"
"Test","net.transmitted.average","8/20/2026 3:15:20 AM","20","0","0","KBps","","n/a","0"
"Test","net.transmitted.average","8/20/2026 3:15:40 AM","20","0","0","KBps","","n/a","0"
"Test","net.transmitted.average","8/20/2026 3:16:00 AM","20","0","0","KBps","","n/a","0"
"Test","net.transmitted.average","8/20/2026 3:16:20 AM","20","0","0","KBps","","n/a","0"
"Test","net.transmitted.average","8/20/2026 3:16:40 AM","20","0","0","KBps","","n/a","0"
"Test","net.transmitted.average","8/20/2026 3:17:00 AM","20","0","0","KBps","","n/a","0"
"Test","net.transmitted.average","8/20/2026 3:17:20 AM","20","0","0","KBps","","n/a","0"
"Test","net.transmitted.average","8/20/2026 3:17:40 AM","20","0","0","KBps","","n/a","0"
"Test","net.transmitted.average","8/20/2026 3:18:00 AM","20","0","0","KBps","","n/a","0"
"Test","net.transmitted.average","8/20/2026 3:18:20 AM","20","0","0","KBps","","n/a","0"
"Test","net.transmitted.average","8/20/2026 3:18:40 AM","20","0","0","KBps","","n/a","0"
"Test","net.transmitted.average","8/20/2026 3:19:00 AM","20","0","0","KBps","","n/a","0"
"Test","net.transmitted.average","8/20/2026 3:19:20 AM","20","0","0","KBps","","n/a","0"
"Test","net.transmitted.average","8/20/2026 3:19:40 AM","20","0","0","KBps","","n/a","0"
"Test","net.transmitted.average","8/20/2026 3:20:00 AM","20","0","0","KBps","","n/a","0"
"Test","net.transmitted.average","8/20/2026 3:20:20 AM","20","0","0","KBps","","n/a","0"
"Test","net.transmitted.average","8/20/2026 3:20:40 AM","20","0","0","KBps","","n/a","0"
"Test","net.transmitted.average","8/20/2026 3:21:00 AM","20","0","0","KBps","","n/a","0"
"Test","net.transmitted.average","8/20/2026 3:21:20 AM","20","0","0","KBps","","n/a","0"
"Test","net.transmitted.average","8/20/2026 3:21:40 AM","20","0","0","KBps","","n/a","0"
"Test","net.transmitted.average","8/20/2026 3:22:00 AM","20","0","0","KBps","","n/a","0"
"Test","net.transmitted.average","8/20/2026 3:22:20 AM","20","0","0","KBps","","n/a","0"
"Test","net.transmitted.average","8/20/2026 3:22:40 AM","20","0","0","KBps","","n/a","0"
"Test","net.transmitted.average","8/20/2026 3:23:00 AM","20","0","0","KBps","","n/a","0"
"Test","net.transmitted.average","8/20/2026 3:23:20 AM","20","0","0","KBps","","n/a","0"
"Test","net.transmitted.average","8/20/2026 3:23:40 AM","20","0","0","KBps","","n/a","0"
"Test","net.transmitted.average","8/20/2026 3:24:00 AM","20","0","0","KBps","","n/a","0"
"Test","net.transmitted.average","8/20/2026 3:24:20 AM","20","0","0","KBps","","n/a","0"
"Test","net.transmitted.average","8/20/2026 3:24:40 AM","20","0","0","KBps","","n/a","0"
"Test","net.transmitted.average","8/20/2026 3:25:00 AM","20","0","0","KBps","","n/a","0"
"Test","net.transmitted.average","8/20/2026 3:25:20 AM","20","0","0","KBps","","n/a","0"
"Test","net.transmitted.average","8/20/2026 3:25:40 AM","20","0","0","KBps","","n/a","0"
"Test","net.transmitted.average","8/20/2026 3:26:00 AM","20","0","0","KBps","","n/a","0"
"Test","net.transmitted.average","8/20/2026 3:26:20 AM","20","0","0","KBps","","n/a","0"
"Test","net.transmitted.average","8/20/2026 3:26:40 AM","20","0","0","KBps","","n/a","0"
"Test","net.transmitted.average","8/20/2026 3:27:00 AM","20","0","0","KBps","","n/a","0"
"Test","net.transmitted.average","8/20/2026 3:27:20 AM","20","0","0","KBps","","n/a","0"
"Test","net.transmitted.average","8/20/2026 3:27:40 AM","20","0","0","KBps","","n/a","0"
"Test","net.transmitted.average","8/20/2026 3:28:00 AM","20","0","0","KBps","","n/a","0"
"Test","net.transmitted.average","8/20/2026 3:28:20 AM","20","0","0","KBps","","n/a","0"
"Test","net.transmitted.average","8/20/2026 3:28:40 AM","20","0","0","KBps","","n/a","0"
"Test","net.transmitted.average","8/20/2026 3:29:00 AM","20","0","0","KBps","","n/a","0"
"Test","net.transmitted.average","8/20/2026 3:29:20 AM","20","0","0","KBps","","n/a","0"
"Test","net.transmitted.average","8/20/2026 3:29:40 AM","20","0","0","KBps","","n/a","0"
"Test","net.transmitted.average","8/20/2026 3:30:00 AM","20","0","0","KBps","","n/a","0"
"Test","virtualdisk.numberreadaveraged.average","8/20/2026 2:30:20 AM","20","0","0","number","scsi0:0","n/a","0"
"Test","virtualdisk.numberreadaveraged.average","8/20/2026 2:30:40 AM","20","0","0","number","scsi0:0","n/a","0"
"Test","virtualdisk.numberreadaveraged.average","8/20/2026 2:31:00 AM","20","0","0","number","scsi0:0","n/a","0"
"Test","virtualdisk.numberreadaveraged.average","8/20/2026 2:31:20 AM","20","0","0","number","scsi0:0","n/a","0"
"Test","virtualdisk.numberreadaveraged.average","8/20/2026 2:31:40 AM","20","0","0","number","scsi0:0","n/a","0"
"Test","virtualdisk.numberreadaveraged.average","8/20/2026 2:32:00 AM","20","0","0","number","scsi0:0","n/a","0"
"Test","virtualdisk.numberreadaveraged.average","8/20/2026 2:32:20 AM","20","0","0","number","scsi0:0","n/a","0"
"Test","virtualdisk.numberreadaveraged.average","8/20/2026 2:32:40 AM","20","0","0","number","scsi0:0","n/a","0"
"Test","virtualdisk.numberreadaveraged.average","8/20/2026 2:33:00 AM","20","0","0","number","scsi0:0","n/a","0"
"Test","virtualdisk.numberreadaveraged.average","8/20/2026 2:33:20 AM","20","0","0","number","scsi0:0","n/a","0"
"Test","virtualdisk.numberreadaveraged.average","8/20/2026 2:33:40 AM","20","0","0","number","scsi0:0","n/a","0"
"Test","virtualdisk.numberreadaveraged.average","8/20/2026 2:34:00 AM","20","0","0","number","scsi0:0","n/a","0"
"Test","virtualdisk.numberreadaveraged.average","8/20/2026 2:34:20 AM","20","0","0","number","scsi0:0","n/a","0"
"Test","virtualdisk.numberreadaveraged.average","8/20/2026 2:34:40 AM","20","0","0","number","scsi0:0","n/a","0"
"Test","virtualdisk.numberreadaveraged.average","8/20/2026 2:35:00 AM","20","0","0","number","scsi0:0","n/a","0"
"Test","virtualdisk.numberreadaveraged.average","8/20/2026 2:35:20 AM","20","0","0","number","scsi0:0","n/a","0"
"Test","virtualdisk.numberreadaveraged.average","8/20/2026 2:35:40 AM","20","0","0","number","scsi0:0","n/a","0"
"Test","virtualdisk.numberreadaveraged.average","8/20/2026 2:36:00 AM","20","0","0","number","scsi0:0","n/a","0"
"Test","virtualdisk.numberreadaveraged.average","8/20/2026 2:36:20 AM","20","0","0","number","scsi0:0","n/a","0"
"Test","virtualdisk.numberreadaveraged.average","8/20/2026 2:36:40 AM","20","0","0","number","scsi0:0","n/a","0"
"Test","virtualdisk.numberreadaveraged.average","8/20/2026 2:37:00 AM","20","0","0","number","scsi0:0","n/a","0"
"Test","virtualdisk.numberreadaveraged.average","8/20/2026 2:37:20 AM","20","0","0","number","scsi0:0","n/a","0"
"Test","virtualdisk.numberreadaveraged.average","8/20/2026 2:37:40 AM","20","0","0","number","scsi0:0","n/a","0"
"Test","virtualdisk.numberreadaveraged.average","8/20/2026 2:38:00 AM","20","0","0","number","scsi0:0","n/a","0"
"Test","virtualdisk.numberreadaveraged.average","8/20/2026 2:38:20 AM","20","0","0","number","scsi0:0","n/a","0"
"Test","virtualdisk.numberreadaveraged.average","8/20/2026 2:38:40 AM","20","0","0","number","scsi0:0","n/a","0"
"Test","virtualdisk.numberreadaveraged.average","8/20/2026 2:39:00 AM","20","0","0","number","scsi0:0","n/a","0"
"Test","virtualdisk.numberreadaveraged.average","8/20/2026 2:39:20 AM","20","0","0","number","scsi0:0","n/a","0"
"Test","virtualdisk.numberreadaveraged.average","8/20/2026 2:39:40 AM","20","0","0","number","scsi0:0","n/a","0"
"Test","virtualdisk.numberreadaveraged.average","8/20/2026 2:40:00 AM","20","0","0","number","scsi0:0","n/a","0"
"Test","virtualdisk.numberreadaveraged.average","8/20/2026 2:40:20 AM","20","0","0","number","scsi0:0","n/a","0"
"Test","virtualdisk.numberreadaveraged.average","8/20/2026 2:40:40 AM","20","0","0","number","scsi0:0","n/a","0"
"Test","virtualdisk.numberreadaveraged.average","8/20/2026 2:41:00 AM","20","0","0","number","scsi0:0","n/a","0"
"Test","virtualdisk.numberreadaveraged.average","8/20/2026 2:41:20 AM","20","0","0","number","scsi0:0","n/a","0"
"Test","virtualdisk.numberreadaveraged.average","8/20/2026 2:41:40 AM","20","0","0","number","scsi0:0","n/a","0"
"Test","virtualdisk.numberreadaveraged.average","8/20/2026 2:42:00 AM","20","0","0","number","scsi0:0","n/a","0"
"Test","virtualdisk.numberreadaveraged.average","8/20/2026 2:42:20 AM","20","0","0","number","scsi0:0","n/a","0"
"Test","virtualdisk.numberreadaveraged.average","8/20/2026 2:42:40 AM","20","0","0","number","scsi0:0","n/a","0"
"Test","virtualdisk.numberreadaveraged.average","8/20/2026 2:43:00 AM","20","0","0","number","scsi0:0","n/a","0"
"Test","virtualdisk.numberreadaveraged.average","8/20/2026 2:43:20 AM","20","0","0","number","scsi0:0","n/a","0"
"Test","virtualdisk.numberreadaveraged.average","8/20/2026 2:43:40 AM","20","0","0","number","scsi0:0","n/a","0"
"Test","virtualdisk.numberreadaveraged.average","8/20/2026 2:44:00 AM","20","0","0","number","scsi0:0","n/a","0"
"Test","virtualdisk.numberreadaveraged.average","8/20/2026 2:44:20 AM","20","0","0","number","scsi0:0","n/a","0"
"Test","virtualdisk.numberreadaveraged.average","8/20/2026 2:44:40 AM","20","0","0","number","scsi0:0","n/a","0"
"Test","virtualdisk.numberreadaveraged.average","8/20/2026 2:45:00 AM","20","0","0","number","scsi0:0","n/a","0"
"Test","virtualdisk.numberreadaveraged.average","8/20/2026 2:45:20 AM","20","0","0","number","scsi0:0","n/a","0"
"Test","virtualdisk.numberreadaveraged.average","8/20/2026 2:45:40 AM","20","0","0","number","scsi0:0","n/a","0"
"Test","virtualdisk.numberreadaveraged.average","8/20/2026 2:46:00 AM","20","0","0","number","scsi0:0","n/a","0"
"Test","virtualdisk.numberreadaveraged.average","8/20/2026 2:46:20 AM","20","0","0","number","scsi0:0","n/a","0"
"Test","virtualdisk.numberreadaveraged.average","8/20/2026 2:46:40 AM","20","0","0","number","scsi0:0","n/a","0"
"Test","virtualdisk.numberreadaveraged.average","8/20/2026 2:47:00 AM","20","0","0","number","scsi0:0","n/a","0"
"Test","virtualdisk.numberreadaveraged.average","8/20/2026 2:47:20 AM","20","0","0","number","scsi0:0","n/a","0"
"Test","virtualdisk.numberreadaveraged.average","8/20/2026 2:47:40 AM","20","0","0","number","scsi0:0","n/a","0"
"Test","virtualdisk.numberreadaveraged.average","8/20/2026 2:48:00 AM","20","0","0","number","scsi0:0","n/a","0"
"Test","virtualdisk.numberreadaveraged.average","8/20/2026 2:48:20 AM","20","0","0","number","scsi0:0","n/a","0"
"Test","virtualdisk.numberreadaveraged.average","8/20/2026 2:48:40 AM","20","0","0","number","scsi0:0","n/a","0"
"Test","virtualdisk.numberreadaveraged.average","8/20/2026 2:49:00 AM","20","0","0","number","scsi0:0","n/a","0"
"Test","virtualdisk.numberreadaveraged.average","8/20/2026 2:49:20 AM","20","0","0","number","scsi0:0","n/a","0"
"Test","virtualdisk.numberreadaveraged.average","8/20/2026 2:49:40 AM","20","0","0","number","scsi0:0","n/a","0"
"Test","virtualdisk.numberreadaveraged.average","8/20/2026 2:50:00 AM","20","0","0","number","scsi0:0","n/a","0"
"Test","virtualdisk.numberreadaveraged.average","8/20/2026 2:50:20 AM","20","0","0","number","scsi0:0","n/a","0"
"Test","virtualdisk.numberreadaveraged.average","8/20/2026 2:50:40 AM","20","0","0","number","scsi0:0","n/a","0"
"Test","virtualdisk.numberreadaveraged.average","8/20/2026 2:51:00 AM","20","0","0","number","scsi0:0","n/a","0"
"Test","virtualdisk.numberreadaveraged.average","8/20/2026 2:51:20 AM","20","0","0","number","scsi0:0","n/a","0"
"Test","virtualdisk.numberreadaveraged.average","8/20/2026 2:51:40 AM","20","0","0","number","scsi0:0","n/a","0"
"Test","virtualdisk.numberreadaveraged.average","8/20/2026 2:52:00 AM","20","0","0","number","scsi0:0","n/a","0"
"Test","virtualdisk.numberreadaveraged.average","8/20/2026 2:52:20 AM","20","0","0","number","scsi0:0","n/a","0"
"Test","virtualdisk.numberreadaveraged.average","8/20/2026 2:52:40 AM","20","0","0","number","scsi0:0","n/a","0"
"Test","virtualdisk.numberreadaveraged.average","8/20/2026 2:53:00 AM","20","0","0","number","scsi0:0","n/a","0"
"Test","virtualdisk.numberreadaveraged.average","8/20/2026 2:53:20 AM","20","0","0","number","scsi0:0","n/a","0"
"Test","virtualdisk.numberreadaveraged.average","8/20/2026 2:53:40 AM","20","0","0","number","scsi0:0","n/a","0"
"Test","virtualdisk.numberreadaveraged.average","8/20/2026 2:54:00 AM","20","0","0","number","scsi0:0","n/a","0"
"Test","virtualdisk.numberreadaveraged.average","8/20/2026 2:54:20 AM","20","0","0","number","scsi0:0","n/a","0"
"Test","virtualdisk.numberreadaveraged.average","8/20/2026 2:54:40 AM","20","0","0","number","scsi0:0","n/a","0"
"Test","virtualdisk.numberreadaveraged.average","8/20/2026 2:55:00 AM","20","0","0","number","scsi0:0","n/a","0"
"Test","virtualdisk.numberreadaveraged.average","8/20/2026 2:55:20 AM","20","0","0","number","scsi0:0","n/a","0"
"Test","virtualdisk.numberreadaveraged.average","8/20/2026 2:55:40 AM","20","0","0","number","scsi0:0","n/a","0"
"Test","virtualdisk.numberreadaveraged.average","8/20/2026 2:56:00 AM","20","0","0","number","scsi0:0","n/a","0"
"Test","virtualdisk.numberreadaveraged.average","8/20/2026 2:56:20 AM","20","0","0","number","scsi0:0","n/a","0"
"Test","virtualdisk.numberreadaveraged.average","8/20/2026 2:56:40 AM","20","0","0","number","scsi0:0","n/a","0"
"Test","virtualdisk.numberreadaveraged.average","8/20/2026 2:57:00 AM","20","0","0","number","scsi0:0","n/a","0"
"Test","virtualdisk.numberreadaveraged.average","8/20/2026 2:57:20 AM","20","0","0","number","scsi0:0","n/a","0"
"Test","virtualdisk.numberreadaveraged.average","8/20/2026 2:57:40 AM","20","0","0","number","scsi0:0","n/a","0"
"Test","virtualdisk.numberreadaveraged.average","8/20/2026 2:58:00 AM","20","0","0","number","scsi0:0","n/a","0"
"Test","virtualdisk.numberreadaveraged.average","8/20/2026 2:58:20 AM","20","0","0","number","scsi0:0","n/a","0"
"Test","virtualdisk.numberreadaveraged.average","8/20/2026 2:58:40 AM","20","0","0","number","scsi0:0","n/a","0"
"Test","virtualdisk.numberreadaveraged.average","8/20/2026 2:59:00 AM","20","0","0","number","scsi0:0","n/a","0"
"Test","virtualdisk.numberreadaveraged.average","8/20/2026 2:59:20 AM","20","0","0","number","scsi0:0","n/a","0"
"Test","virtualdisk.numberreadaveraged.average","8/20/2026 2:59:40 AM","20","0","0","number","scsi0:0","n/a","0"
"Test","virtualdisk.numberreadaveraged.average","8/20/2026 3:00:00 AM","20","0","0","number","scsi0:0","n/a","0"
"Test","virtualdisk.numberreadaveraged.average","8/20/2026 3:00:20 AM","20","0","0","number","scsi0:0","n/a","0"
"Test","virtualdisk.numberreadaveraged.average","8/20/2026 3:00:40 AM","20","0","0","number","scsi0:0","n/a","0"
"Test","virtualdisk.numberreadaveraged.average","8/20/2026 3:01:00 AM","20","0","0","number","scsi0:0","n/a","0"
"Test","virtualdisk.numberreadaveraged.average","8/20/2026 3:01:20 AM","20","0","0","number","scsi0:0","n/a","0"
"Test","virtualdisk.numberreadaveraged.average","8/20/2026 3:01:40 AM","20","0","0","number","scsi0:0","n/a","0"
"Test","virtualdisk.numberreadaveraged.average","8/20/2026 3:02:00 AM","20","0","0","number","scsi0:0","n/a","0"
"Test","virtualdisk.numberreadaveraged.average","8/20/2026 3:02:20 AM","20","0","0","number","scsi0:0","n/a","0"
"Test","virtualdisk.numberreadaveraged.average","8/20/2026 3:02:40 AM","20","0","0","number","scsi0:0","n/a","0"
"Test","virtualdisk.numberreadaveraged.average","8/20/2026 3:03:00 AM","20","0","0","number","scsi0:0","n/a","0"
"Test","virtualdisk.numberreadaveraged.average","8/20/2026 3:03:20 AM","20","0","0","number","scsi0:0","n/a","0"
"Test","virtualdisk.numberreadaveraged.average","8/20/2026 3:03:40 AM","20","0","0","number","scsi0:0","n/a","0"
"Test","virtualdisk.numberreadaveraged.average","8/20/2026 3:04:00 AM","20","0","0","number","scsi0:0","n/a","0"
"Test","virtualdisk.numberreadaveraged.average","8/20/2026 3:04:20 AM","20","0","0","number","scsi0:0","n/a","0"
"Test","virtualdisk.numberreadaveraged.average","8/20/2026 3:04:40 AM","20","0","0","number","scsi0:0","n/a","0"
"Test","virtualdisk.numberreadaveraged.average","8/20/2026 3:05:00 AM","20","0","0","number","scsi0:0","n/a","0"
"Test","virtualdisk.numberreadaveraged.average","8/20/2026 3:05:20 AM","20","0","0","number","scsi0:0","n/a","0"
"Test","virtualdisk.numberreadaveraged.average","8/20/2026 3:05:40 AM","20","0","0","number","scsi0:0","n/a","0"
"Test","virtualdisk.numberreadaveraged.average","8/20/2026 3:06:00 AM","20","0","0","number","scsi0:0","n/a","0"
"Test","virtualdisk.numberreadaveraged.average","8/20/2026 3:06:20 AM","20","0","0","number","scsi0:0","n/a","0"
"Test","virtualdisk.numberreadaveraged.average","8/20/2026 3:06:40 AM","20","0","0","number","scsi0:0","n/a","0"
"Test","virtualdisk.numberreadaveraged.average","8/20/2026 3:07:00 AM","20","0","0","number","scsi0:0","n/a","0"
"Test","virtualdisk.numberreadaveraged.average","8/20/2026 3:07:20 AM","20","0","0","number","scsi0:0","n/a","0"
"Test","virtualdisk.numberreadaveraged.average","8/20/2026 3:07:40 AM","20","0","0","number","scsi0:0","n/a","0"
"Test","virtualdisk.numberreadaveraged.average","8/20/2026 3:08:00 AM","20","0","0","number","scsi0:0","n/a","0"
"Test","virtualdisk.numberreadaveraged.average","8/20/2026 3:08:20 AM","20","0","0","number","scsi0:0","n/a","0"
"Test","virtualdisk.numberreadaveraged.average","8/20/2026 3:08:40 AM","20","0","0","number","scsi0:0","n/a","0"
"Test","virtualdisk.numberreadaveraged.average","8/20/2026 3:09:00 AM","20","0","0","number","scsi0:0","n/a","0"
"Test","virtualdisk.numberreadaveraged.average","8/20/2026 3:09:20 AM","20","0","0","number","scsi0:0","n/a","0"
"Test","virtualdisk.numberreadaveraged.average","8/20/2026 3:09:40 AM","20","0","0","number","scsi0:0","n/a","0"
"Test","virtualdisk.numberreadaveraged.average","8/20/2026 3:10:00 AM","20","0","0","number","scsi0:0","n/a","0"
"Test","virtualdisk.numberreadaveraged.average","8/20/2026 3:10:20 AM","20","0","0","number","scsi0:0","n/a","0"
"Test","virtualdisk.numberreadaveraged.average","8/20/2026 3:10:40 AM","20","0","0","number","scsi0:0","n/a","0"
"Test","virtualdisk.numberreadaveraged.average","8/20/2026 3:11:00 AM","20","0","0","number","scsi0:0","n/a","0"
"Test","virtualdisk.numberreadaveraged.average","8/20/2026 3:11:20 AM","20","0","0","number","scsi0:0","n/a","0"
"Test","virtualdisk.numberreadaveraged.average","8/20/2026 3:11:40 AM","20","0","0","number","scsi0:0","n/a","0"
"Test","virtualdisk.numberreadaveraged.average","8/20/2026 3:12:00 AM","20","0","0","number","scsi0:0","n/a","0"
"Test","virtualdisk.numberreadaveraged.average","8/20/2026 3:12:20 AM","20","0","0","number","scsi0:0","n/a","0"
"Test","virtualdisk.numberreadaveraged.average","8/20/2026 3:12:40 AM","20","0","0","number","scsi0:0","n/a","0"
"Test","virtualdisk.numberreadaveraged.average","8/20/2026 3:13:00 AM","20","0","0","number","scsi0:0","n/a","0"
"Test","virtualdisk.numberreadaveraged.average","8/20/2026 3:13:20 AM","20","0","0","number","scsi0:0","n/a","0"
"Test","virtualdisk.numberreadaveraged.average","8/20/2026 3:13:40 AM","20","0","0","number","scsi0:0","n/a","0"
"Test","virtualdisk.numberreadaveraged.average","8/20/2026 3:14:00 AM","20","0","0","number","scsi0:0","n/a","0"
"Test","virtualdisk.numberreadaveraged.average","8/20/2026 3:14:20 AM","20","0","0","number","scsi0:0","n/a","0"
"Test","virtualdisk.numberreadaveraged.average","8/20/2026 3:14:40 AM","20","0","0","number","scsi0:0","n/a","0"
"Test","virtualdisk.numberreadaveraged.average","8/20/2026 3:15:00 AM","20","0","0","number","scsi0:0","n/a","0"
"Test","virtualdisk.numberreadaveraged.average","8/20/2026 3:15:20 AM","20","0","0","number","scsi0:0","n/a","0"
"Test","virtualdisk.numberreadaveraged.average","8/20/2026 3:15:40 AM","20","0","0","number","scsi0:0","n/a","0"
"Test","virtualdisk.numberreadaveraged.average","8/20/2026 3:16:00 AM","20","0","0","number","scsi0:0","n/a","0"
"Test","virtualdisk.numberreadaveraged.average","8/20/2026 3:16:20 AM","20","0","0","number","scsi0:0","n/a","0"
"Test","virtualdisk.numberreadaveraged.average","8/20/2026 3:16:40 AM","20","0","0","number","scsi0:0","n/a","0"
"Test","virtualdisk.numberreadaveraged.average","8/20/2026 3:17:00 AM","20","0","0","number","scsi0:0","n/a","0"
"Test","virtualdisk.numberreadaveraged.average","8/20/2026 3:17:20 AM","20","0","0","number","scsi0:0","n/a","0"
"Test","virtualdisk.numberreadaveraged.average","8/20/2026 3:17:40 AM","20","0","0","number","scsi0:0","n/a","0"
"Test","virtualdisk.numberreadaveraged.average","8/20/2026 3:18:00 AM","20","0","0","number","scsi0:0","n/a","0"
"Test","virtualdisk.numberreadaveraged.average","8/20/2026 3:18:20 AM","20","0","0","number","scsi0:0","n/a","0"
"Test","virtualdisk.numberreadaveraged.average","8/20/2026 3:18:40 AM","20","0","0","number","scsi0:0","n/a","0"
"Test","virtualdisk.numberreadaveraged.average","8/20/2026 3:19:00 AM","20","0","0","number","scsi0:0","n/a","0"
"Test","virtualdisk.numberreadaveraged.average","8/20/2026 3:19:20 AM","20","0","0","number","scsi0:0","n/a","0"
"Test","virtualdisk.numberreadaveraged.average","8/20/2026 3:19:40 AM","20","0","0","number","scsi0:0","n/a","0"
"Test","virtualdisk.numberreadaveraged.average","8/20/2026 3:20:00 AM","20","0","0","number","scsi0:0","n/a","0"
"Test","virtualdisk.numberreadaveraged.average","8/20/2026 3:20:20 AM","20","0","0","number","scsi0:0","n/a","0"
"Test","virtualdisk.numberreadaveraged.average","8/20/2026 3:20:40 AM","20","0","0","number","scsi0:0","n/a","0"
"Test","virtualdisk.numberreadaveraged.average","8/20/2026 3:21:00 AM","20","0","0","number","scsi0:0","n/a","0"
"Test","virtualdisk.numberreadaveraged.average","8/20/2026 3:21:20 AM","20","0","0","number","scsi0:0","n/a","0"
"Test","virtualdisk.numberreadaveraged.average","8/20/2026 3:21:40 AM","20","0","0","number","scsi0:0","n/a","0"
"Test","virtualdisk.numberreadaveraged.average","8/20/2026 3:22:00 AM","20","0","0","number","scsi0:0","n/a","0"
"Test","virtualdisk.numberreadaveraged.average","8/20/2026 3:22:20 AM","20","0","0","number","scsi0:0","n/a","0"
"Test","virtualdisk.numberreadaveraged.average","8/20/2026 3:22:40 AM","20","0","0","number","scsi0:0","n/a","0"
"Test","virtualdisk.numberreadaveraged.average","8/20/2026 3:23:00 AM","20","0","0","number","scsi0:0","n/a","0"
"Test","virtualdisk.numberreadaveraged.average","8/20/2026 3:23:20 AM","20","0","0","number","scsi0:0","n/a","0"
"Test","virtualdisk.numberreadaveraged.average","8/20/2026 3:23:40 AM","20","0","0","number","scsi0:0","n/a","0"
"Test","virtualdisk.numberreadaveraged.average","8/20/2026 3:24:00 AM","20","0","0","number","scsi0:0","n/a","0"
"Test","virtualdisk.numberreadaveraged.average","8/20/2026 3:24:20 AM","20","0","0","number","scsi0:0","n/a","0"
"Test","virtualdisk.numberreadaveraged.average","8/20/2026 3:24:40 AM","20","0","0","number","scsi0:0","n/a","0"
"Test","virtualdisk.numberreadaveraged.average","8/20/2026 3:25:00 AM","20","0","0","number","scsi0:0","n/a","0"
"Test","virtualdisk.numberreadaveraged.average","8/20/2026 3:25:20 AM","20","0","0","number","scsi0:0","n/a","0"
"Test","virtualdisk.numberreadaveraged.average","8/20/2026 3:25:40 AM","20","0","0","number","scsi0:0","n/a","0"
"Test","virtualdisk.numberreadaveraged.average","8/20/2026 3:26:00 AM","20","0","0","number","scsi0:0","n/a","0"
"Test","virtualdisk.numberreadaveraged.average","8/20/2026 3:26:20 AM","20","0","0","number","scsi0:0","n/a","0"
"Test","virtualdisk.numberreadaveraged.average","8/20/2026 3:26:40 AM","20","0","0","number","scsi0:0","n/a","0"
"Test","virtualdisk.numberreadaveraged.average","8/20/2026 3:27:00 AM","20","0","0","number","scsi0:0","n/a","0"
"Test","virtualdisk.numberreadaveraged.average","8/20/2026 3:27:20 AM","20","0","0","number","scsi0:0","n/a","0"
"Test","virtualdisk.numberreadaveraged.average","8/20/2026 3:27:40 AM","20","0","0","number","scsi0:0","n/a","0"
"Test","virtualdisk.numberreadaveraged.average","8/20/2026 3:28:00 AM","20","0","0","number","scsi0:0","n/a","0"
"Test","virtualdisk.numberreadaveraged.average","8/20/2026 3:28:20 AM","20","0","0","number","scsi0:0","n/a","0"
"Test","virtualdisk.numberreadaveraged.average","8/20/2026 3:28:40 AM","20","0","0","number","scsi0:0","n/a","0"
"Test","virtualdisk.numberreadaveraged.average","8/20/2026 3:29:00 AM","20","0","0","number","scsi0:0","n/a","0"
"Test","virtualdisk.numberreadaveraged.average","8/20/2026 3:29:20 AM","20","0","0","number","scsi0:0","n/a","0"
"Test","virtualdisk.numberreadaveraged.average","8/20/2026 3:29:40 AM","20","0","0","number","scsi0:0","n/a","0"
"Test","virtualdisk.numberreadaveraged.average","8/20/2026 3:30:00 AM","20","0","0","number","scsi0:0","n/a","0"
"Test","virtualdisk.numberwriteaveraged.average","8/20/2026 2:30:20 AM","20","0","0","number","scsi0:0","n/a","0"
"Test","virtualdisk.numberwriteaveraged.average","8/20/2026 2:30:40 AM","20","2","2","number","scsi0:0","n/a","0"
"Test","virtualdisk.numberwriteaveraged.average","8/20/2026 2:31:00 AM","20","0","0","number","scsi0:0","n/a","0"
"Test","virtualdisk.numberwriteaveraged.average","8/20/2026 2:31:20 AM","20","0","0","number","scsi0:0","n/a","0"
"Test","virtualdisk.numberwriteaveraged.average","8/20/2026 2:31:40 AM","20","1","1","number","scsi0:0","n/a","0"
"Test","virtualdisk.numberwriteaveraged.average","8/20/2026 2:32:00 AM","20","0","0","number","scsi0:0","n/a","0"
"Test","virtualdisk.numberwriteaveraged.average","8/20/2026 2:32:20 AM","20","1","1","number","scsi0:0","n/a","0"
"Test","virtualdisk.numberwriteaveraged.average","8/20/2026 2:32:40 AM","20","0","0","number","scsi0:0","n/a","0"
"Test","virtualdisk.numberwriteaveraged.average","8/20/2026 2:33:00 AM","20","0","0","number","scsi0:0","n/a","0"
"Test","virtualdisk.numberwriteaveraged.average","8/20/2026 2:33:20 AM","20","2","2","number","scsi0:0","n/a","0"
"Test","virtualdisk.numberwriteaveraged.average","8/20/2026 2:33:40 AM","20","0","0","number","scsi0:0","n/a","0"
"Test","virtualdisk.numberwriteaveraged.average","8/20/2026 2:34:00 AM","20","1","1","number","scsi0:0","n/a","0"
"Test","virtualdisk.numberwriteaveraged.average","8/20/2026 2:34:20 AM","20","1","1","number","scsi0:0","n/a","0"
"Test","virtualdisk.numberwriteaveraged.average","8/20/2026 2:34:40 AM","20","0","0","number","scsi0:0","n/a","0"
"Test","virtualdisk.numberwriteaveraged.average","8/20/2026 2:35:00 AM","20","0","0","number","scsi0:0","n/a","0"
"Test","virtualdisk.numberwriteaveraged.average","8/20/2026 2:35:20 AM","20","0","0","number","scsi0:0","n/a","0"
"Test","virtualdisk.numberwriteaveraged.average","8/20/2026 2:35:40 AM","20","0","0","number","scsi0:0","n/a","0"
"Test","virtualdisk.numberwriteaveraged.average","8/20/2026 2:36:00 AM","20","0","0","number","scsi0:0","n/a","0"
"Test","virtualdisk.numberwriteaveraged.average","8/20/2026 2:36:20 AM","20","0","0","number","scsi0:0","n/a","0"
"Test","virtualdisk.numberwriteaveraged.average","8/20/2026 2:36:40 AM","20","1","1","number","scsi0:0","n/a","0"
"Test","virtualdisk.numberwriteaveraged.average","8/20/2026 2:37:00 AM","20","0","0","number","scsi0:0","n/a","0"
"Test","virtualdisk.numberwriteaveraged.average","8/20/2026 2:37:20 AM","20","1","1","number","scsi0:0","n/a","0"
"Test","virtualdisk.numberwriteaveraged.average","8/20/2026 2:37:40 AM","20","1","1","number","scsi0:0","n/a","0"
"Test","virtualdisk.numberwriteaveraged.average","8/20/2026 2:38:00 AM","20","1","1","number","scsi0:0","n/a","0"
"Test","virtualdisk.numberwriteaveraged.average","8/20/2026 2:38:20 AM","20","2","2","number","scsi0:0","n/a","0"
"Test","virtualdisk.numberwriteaveraged.average","8/20/2026 2:38:40 AM","20","0","0","number","scsi0:0","n/a","0"
"Test","virtualdisk.numberwriteaveraged.average","8/20/2026 2:39:00 AM","20","1","1","number","scsi0:0","n/a","0"
"Test","virtualdisk.numberwriteaveraged.average","8/20/2026 2:39:20 AM","20","1","1","number","scsi0:0","n/a","0"
"Test","virtualdisk.numberwriteaveraged.average","8/20/2026 2:39:40 AM","20","0","0","number","scsi0:0","n/a","0"
"Test","virtualdisk.numberwriteaveraged.average","8/20/2026 2:40:00 AM","20","0","0","number","scsi0:0","n/a","0"
"Test","virtualdisk.numberwriteaveraged.average","8/20/2026 2:40:20 AM","20","0","0","number","scsi0:0","n/a","0"
"Test","virtualdisk.numberwriteaveraged.average","8/20/2026 2:40:40 AM","20","0","0","number","scsi0:0","n/a","0"
"Test","virtualdisk.numberwriteaveraged.average","8/20/2026 2:41:00 AM","20","0","0","number","scsi0:0","n/a","0"
"Test","virtualdisk.numberwriteaveraged.average","8/20/2026 2:41:20 AM","20","1","1","number","scsi0:0","n/a","0"
"Test","virtualdisk.numberwriteaveraged.average","8/20/2026 2:41:40 AM","20","2","2","number","scsi0:0","n/a","0"
"Test","virtualdisk.numberwriteaveraged.average","8/20/2026 2:42:00 AM","20","1","1","number","scsi0:0","n/a","0"
"Test","virtualdisk.numberwriteaveraged.average","8/20/2026 2:42:20 AM","20","0","0","number","scsi0:0","n/a","0"
"Test","virtualdisk.numberwriteaveraged.average","8/20/2026 2:42:40 AM","20","0","0","number","scsi0:0","n/a","0"
"Test","virtualdisk.numberwriteaveraged.average","8/20/2026 2:43:00 AM","20","0","0","number","scsi0:0","n/a","0"
"Test","virtualdisk.numberwriteaveraged.average","8/20/2026 2:43:20 AM","20","2","2","number","scsi0:0","n/a","0"
"Test","virtualdisk.numberwriteaveraged.average","8/20/2026 2:43:40 AM","20","2","2","number","scsi0:0","n/a","0"
"Test","virtualdisk.numberwriteaveraged.average","8/20/2026 2:44:00 AM","20","0","0","number","scsi0:0","n/a","0"
"Test","virtualdisk.numberwriteaveraged.average","8/20/2026 2:44:20 AM","20","0","0","number","scsi0:0","n/a","0"
"Test","virtualdisk.numberwriteaveraged.average","8/20/2026 2:44:40 AM","20","0","0","number","scsi0:0","n/a","0"
"Test","virtualdisk.numberwriteaveraged.average","8/20/2026 2:45:00 AM","20","0","0","number","scsi0:0","n/a","0"
"Test","virtualdisk.numberwriteaveraged.average","8/20/2026 2:45:20 AM","20","0","0","number","scsi0:0","n/a","0"
"Test","virtualdisk.numberwriteaveraged.average","8/20/2026 2:45:40 AM","20","1","1","number","scsi0:0","n/a","0"
"Test","virtualdisk.numberwriteaveraged.average","8/20/2026 2:46:00 AM","20","0","0","number","scsi0:0","n/a","0"
"Test","virtualdisk.numberwriteaveraged.average","8/20/2026 2:46:20 AM","20","2","2","number","scsi0:0","n/a","0"
"Test","virtualdisk.numberwriteaveraged.average","8/20/2026 2:46:40 AM","20","2","2","number","scsi0:0","n/a","0"
"Test","virtualdisk.numberwriteaveraged.average","8/20/2026 2:47:00 AM","20","1","1","number","scsi0:0","n/a","0"
"Test","virtualdisk.numberwriteaveraged.average","8/20/2026 2:47:20 AM","20","1","1","number","scsi0:0","n/a","0"
"Test","virtualdisk.numberwriteaveraged.average","8/20/2026 2:47:40 AM","20","0","0","number","scsi0:0","n/a","0"
"Test","virtualdisk.numberwriteaveraged.average","8/20/2026 2:48:00 AM","20","0","0","number","scsi0:0","n/a","0"
"Test","virtualdisk.numberwriteaveraged.average","8/20/2026 2:48:20 AM","20","1","1","number","scsi0:0","n/a","0"
"Test","virtualdisk.numberwriteaveraged.average","8/20/2026 2:48:40 AM","20","0","0","number","scsi0:0","n/a","0"
"Test","virtualdisk.numberwriteaveraged.average","8/20/2026 2:49:00 AM","20","1","1","number","scsi0:0","n/a","0"
"Test","virtualdisk.numberwriteaveraged.average","8/20/2026 2:49:20 AM","20","0","0","number","scsi0:0","n/a","0"
"Test","virtualdisk.numberwriteaveraged.average","8/20/2026 2:49:40 AM","20","1","1","number","scsi0:0","n/a","0"
"Test","virtualdisk.numberwriteaveraged.average","8/20/2026 2:50:00 AM","20","0","0","number","scsi0:0","n/a","0"
"Test","virtualdisk.numberwriteaveraged.average","8/20/2026 2:50:20 AM","20","0","0","number","scsi0:0","n/a","0"
"Test","virtualdisk.numberwriteaveraged.average","8/20/2026 2:50:40 AM","20","0","0","number","scsi0:0","n/a","0"
"Test","virtualdisk.numberwriteaveraged.average","8/20/2026 2:51:00 AM","20","0","0","number","scsi0:0","n/a","0"
"Test","virtualdisk.numberwriteaveraged.average","8/20/2026 2:51:20 AM","20","0","0","number","scsi0:0","n/a","0"
"Test","virtualdisk.numberwriteaveraged.average","8/20/2026 2:51:40 AM","20","0","0","number","scsi0:0","n/a","0"
"Test","virtualdisk.numberwriteaveraged.average","8/20/2026 2:52:00 AM","20","0","0","number","scsi0:0","n/a","0"
"Test","virtualdisk.numberwriteaveraged.average","8/20/2026 2:52:20 AM","20","0","0","number","scsi0:0","n/a","0"
"Test","virtualdisk.numberwriteaveraged.average","8/20/2026 2:52:40 AM","20","1","1","number","scsi0:0","n/a","0"
"Test","virtualdisk.numberwriteaveraged.average","8/20/2026 2:53:00 AM","20","1","1","number","scsi0:0","n/a","0"
"Test","virtualdisk.numberwriteaveraged.average","8/20/2026 2:53:20 AM","20","2","2","number","scsi0:0","n/a","0"
"Test","virtualdisk.numberwriteaveraged.average","8/20/2026 2:53:40 AM","20","0","0","number","scsi0:0","n/a","0"
"Test","virtualdisk.numberwriteaveraged.average","8/20/2026 2:54:00 AM","20","0","0","number","scsi0:0","n/a","0"
"Test","virtualdisk.numberwriteaveraged.average","8/20/2026 2:54:20 AM","20","0","0","number","scsi0:0","n/a","0"
"Test","virtualdisk.numberwriteaveraged.average","8/20/2026 2:54:40 AM","20","0","0","number","scsi0:0","n/a","0"
"Test","virtualdisk.numberwriteaveraged.average","8/20/2026 2:55:00 AM","20","0","0","number","scsi0:0","n/a","0"
"Test","virtualdisk.numberwriteaveraged.average","8/20/2026 2:55:20 AM","20","0","0","number","scsi0:0","n/a","0"
"Test","virtualdisk.numberwriteaveraged.average","8/20/2026 2:55:40 AM","20","2","2","number","scsi0:0","n/a","0"
"Test","virtualdisk.numberwriteaveraged.average","8/20/2026 2:56:00 AM","20","0","0","number","scsi0:0","n/a","0"
"Test","virtualdisk.numberwriteaveraged.average","8/20/2026 2:56:20 AM","20","0","0","number","scsi0:0","n/a","0"
"Test","virtualdisk.numberwriteaveraged.average","8/20/2026 2:56:40 AM","20","1","1","number","scsi0:0","n/a","0"
"Test","virtualdisk.numberwriteaveraged.average","8/20/2026 2:57:00 AM","20","0","0","number","scsi0:0","n/a","0"
"Test","virtualdisk.numberwriteaveraged.average","8/20/2026 2:57:20 AM","20","1","1","number","scsi0:0","n/a","0"
"Test","virtualdisk.numberwriteaveraged.average","8/20/2026 2:57:40 AM","20","0","0","number","scsi0:0","n/a","0"
"Test","virtualdisk.numberwriteaveraged.average","8/20/2026 2:58:00 AM","20","0","0","number","scsi0:0","n/a","0"
"Test","virtualdisk.numberwriteaveraged.average","8/20/2026 2:58:20 AM","20","2","2","number","scsi0:0","n/a","0"
"Test","virtualdisk.numberwriteaveraged.average","8/20/2026 2:58:40 AM","20","0","0","number","scsi0:0","n/a","0"
"Test","virtualdisk.numberwriteaveraged.average","8/20/2026 2:59:00 AM","20","0","0","number","scsi0:0","n/a","0"
"Test","virtualdisk.numberwriteaveraged.average","8/20/2026 2:59:20 AM","20","0","0","number","scsi0:0","n/a","0"
"Test","virtualdisk.numberwriteaveraged.average","8/20/2026 2:59:40 AM","20","0","0","number","scsi0:0","n/a","0"
"Test","virtualdisk.numberwriteaveraged.average","8/20/2026 3:00:00 AM","20","0","0","number","scsi0:0","n/a","0"
"Test","virtualdisk.numberwriteaveraged.average","8/20/2026 3:00:20 AM","20","0","0","number","scsi0:0","n/a","0"
"Test","virtualdisk.numberwriteaveraged.average","8/20/2026 3:00:40 AM","20","1","1","number","scsi0:0","n/a","0"
"Test","virtualdisk.numberwriteaveraged.average","8/20/2026 3:01:00 AM","20","0","0","number","scsi0:0","n/a","0"
"Test","virtualdisk.numberwriteaveraged.average","8/20/2026 3:01:20 AM","20","0","0","number","scsi0:0","n/a","0"
"Test","virtualdisk.numberwriteaveraged.average","8/20/2026 3:01:40 AM","20","1","1","number","scsi0:0","n/a","0"
"Test","virtualdisk.numberwriteaveraged.average","8/20/2026 3:02:00 AM","20","0","0","number","scsi0:0","n/a","0"
"Test","virtualdisk.numberwriteaveraged.average","8/20/2026 3:02:20 AM","20","0","0","number","scsi0:0","n/a","0"
"Test","virtualdisk.numberwriteaveraged.average","8/20/2026 3:02:40 AM","20","1","1","number","scsi0:0","n/a","0"
"Test","virtualdisk.numberwriteaveraged.average","8/20/2026 3:03:00 AM","20","0","0","number","scsi0:0","n/a","0"
"Test","virtualdisk.numberwriteaveraged.average","8/20/2026 3:03:20 AM","20","2","2","number","scsi0:0","n/a","0"
"Test","virtualdisk.numberwriteaveraged.average","8/20/2026 3:03:40 AM","20","0","0","number","scsi0:0","n/a","0"
"Test","virtualdisk.numberwriteaveraged.average","8/20/2026 3:04:00 AM","20","1","1","number","scsi0:0","n/a","0"
"Test","virtualdisk.numberwriteaveraged.average","8/20/2026 3:04:20 AM","20","0","0","number","scsi0:0","n/a","0"
"Test","virtualdisk.numberwriteaveraged.average","8/20/2026 3:04:40 AM","20","1","1","number","scsi0:0","n/a","0"
"Test","virtualdisk.numberwriteaveraged.average","8/20/2026 3:05:00 AM","20","0","0","number","scsi0:0","n/a","0"
"Test","virtualdisk.numberwriteaveraged.average","8/20/2026 3:05:20 AM","20","0","0","number","scsi0:0","n/a","0"
"Test","virtualdisk.numberwriteaveraged.average","8/20/2026 3:05:40 AM","20","0","0","number","scsi0:0","n/a","0"
"Test","virtualdisk.numberwriteaveraged.average","8/20/2026 3:06:00 AM","20","0","0","number","scsi0:0","n/a","0"
"Test","virtualdisk.numberwriteaveraged.average","8/20/2026 3:06:20 AM","20","0","0","number","scsi0:0","n/a","0"
"Test","virtualdisk.numberwriteaveraged.average","8/20/2026 3:06:40 AM","20","1","1","number","scsi0:0","n/a","0"
"Test","virtualdisk.numberwriteaveraged.average","8/20/2026 3:07:00 AM","20","0","0","number","scsi0:0","n/a","0"
"Test","virtualdisk.numberwriteaveraged.average","8/20/2026 3:07:20 AM","20","1","1","number","scsi0:0","n/a","0"
"Test","virtualdisk.numberwriteaveraged.average","8/20/2026 3:07:40 AM","20","1","1","number","scsi0:0","n/a","0"
"Test","virtualdisk.numberwriteaveraged.average","8/20/2026 3:08:00 AM","20","1","1","number","scsi0:0","n/a","0"
"Test","virtualdisk.numberwriteaveraged.average","8/20/2026 3:08:20 AM","20","3","3","number","scsi0:0","n/a","0"
"Test","virtualdisk.numberwriteaveraged.average","8/20/2026 3:08:40 AM","20","0","0","number","scsi0:0","n/a","0"
"Test","virtualdisk.numberwriteaveraged.average","8/20/2026 3:09:00 AM","20","1","1","number","scsi0:0","n/a","0"
"Test","virtualdisk.numberwriteaveraged.average","8/20/2026 3:09:20 AM","20","1","1","number","scsi0:0","n/a","0"
"Test","virtualdisk.numberwriteaveraged.average","8/20/2026 3:09:40 AM","20","0","0","number","scsi0:0","n/a","0"
"Test","virtualdisk.numberwriteaveraged.average","8/20/2026 3:10:00 AM","20","0","0","number","scsi0:0","n/a","0"
"Test","virtualdisk.numberwriteaveraged.average","8/20/2026 3:10:20 AM","20","1","1","number","scsi0:0","n/a","0"
"Test","virtualdisk.numberwriteaveraged.average","8/20/2026 3:10:40 AM","20","0","0","number","scsi0:0","n/a","0"
"Test","virtualdisk.numberwriteaveraged.average","8/20/2026 3:11:00 AM","20","0","0","number","scsi0:0","n/a","0"
"Test","virtualdisk.numberwriteaveraged.average","8/20/2026 3:11:20 AM","20","0","0","number","scsi0:0","n/a","0"
"Test","virtualdisk.numberwriteaveraged.average","8/20/2026 3:11:40 AM","20","1","1","number","scsi0:0","n/a","0"
"Test","virtualdisk.numberwriteaveraged.average","8/20/2026 3:12:00 AM","20","1","1","number","scsi0:0","n/a","0"
"Test","virtualdisk.numberwriteaveraged.average","8/20/2026 3:12:20 AM","20","0","0","number","scsi0:0","n/a","0"
"Test","virtualdisk.numberwriteaveraged.average","8/20/2026 3:12:40 AM","20","0","0","number","scsi0:0","n/a","0"
"Test","virtualdisk.numberwriteaveraged.average","8/20/2026 3:13:00 AM","20","0","0","number","scsi0:0","n/a","0"
"Test","virtualdisk.numberwriteaveraged.average","8/20/2026 3:13:20 AM","20","1","1","number","scsi0:0","n/a","0"
"Test","virtualdisk.numberwriteaveraged.average","8/20/2026 3:13:40 AM","20","1","1","number","scsi0:0","n/a","0"
"Test","virtualdisk.numberwriteaveraged.average","8/20/2026 3:14:00 AM","20","0","0","number","scsi0:0","n/a","0"
"Test","virtualdisk.numberwriteaveraged.average","8/20/2026 3:14:20 AM","20","0","0","number","scsi0:0","n/a","0"
"Test","virtualdisk.numberwriteaveraged.average","8/20/2026 3:14:40 AM","20","0","0","number","scsi0:0","n/a","0"
"Test","virtualdisk.numberwriteaveraged.average","8/20/2026 3:15:00 AM","20","0","0","number","scsi0:0","n/a","0"
"Test","virtualdisk.numberwriteaveraged.average","8/20/2026 3:15:20 AM","20","1","1","number","scsi0:0","n/a","0"
"Test","virtualdisk.numberwriteaveraged.average","8/20/2026 3:15:40 AM","20","0","0","number","scsi0:0","n/a","0"
"Test","virtualdisk.numberwriteaveraged.average","8/20/2026 3:16:00 AM","20","0","0","number","scsi0:0","n/a","0"
"Test","virtualdisk.numberwriteaveraged.average","8/20/2026 3:16:20 AM","20","0","0","number","scsi0:0","n/a","0"
"Test","virtualdisk.numberwriteaveraged.average","8/20/2026 3:16:40 AM","20","1","1","number","scsi0:0","n/a","0"
"Test","virtualdisk.numberwriteaveraged.average","8/20/2026 3:17:00 AM","20","0","0","number","scsi0:0","n/a","0"
"Test","virtualdisk.numberwriteaveraged.average","8/20/2026 3:17:20 AM","20","1","1","number","scsi0:0","n/a","0"
"Test","virtualdisk.numberwriteaveraged.average","8/20/2026 3:17:40 AM","20","0","0","number","scsi0:0","n/a","0"
"Test","virtualdisk.numberwriteaveraged.average","8/20/2026 3:18:00 AM","20","0","0","number","scsi0:0","n/a","0"
"Test","virtualdisk.numberwriteaveraged.average","8/20/2026 3:18:20 AM","20","1","1","number","scsi0:0","n/a","0"
"Test","virtualdisk.numberwriteaveraged.average","8/20/2026 3:18:40 AM","20","1","1","number","scsi0:0","n/a","0"
"Test","virtualdisk.numberwriteaveraged.average","8/20/2026 3:19:00 AM","20","1","1","number","scsi0:0","n/a","0"
"Test","virtualdisk.numberwriteaveraged.average","8/20/2026 3:19:20 AM","20","1","1","number","scsi0:0","n/a","0"
"Test","virtualdisk.numberwriteaveraged.average","8/20/2026 3:19:40 AM","20","0","0","number","scsi0:0","n/a","0"
"Test","virtualdisk.numberwriteaveraged.average","8/20/2026 3:20:00 AM","20","0","0","number","scsi0:0","n/a","0"
"Test","virtualdisk.numberwriteaveraged.average","8/20/2026 3:20:20 AM","20","0","0","number","scsi0:0","n/a","0"
"Test","virtualdisk.numberwriteaveraged.average","8/20/2026 3:20:40 AM","20","1","1","number","scsi0:0","n/a","0"
"Test","virtualdisk.numberwriteaveraged.average","8/20/2026 3:21:00 AM","20","0","0","number","scsi0:0","n/a","0"
"Test","virtualdisk.numberwriteaveraged.average","8/20/2026 3:21:20 AM","20","0","0","number","scsi0:0","n/a","0"
"Test","virtualdisk.numberwriteaveraged.average","8/20/2026 3:21:40 AM","20","1","1","number","scsi0:0","n/a","0"
"Test","virtualdisk.numberwriteaveraged.average","8/20/2026 3:22:00 AM","20","0","0","number","scsi0:0","n/a","0"
"Test","virtualdisk.numberwriteaveraged.average","8/20/2026 3:22:20 AM","20","1","1","number","scsi0:0","n/a","0"
"Test","virtualdisk.numberwriteaveraged.average","8/20/2026 3:22:40 AM","20","1","1","number","scsi0:0","n/a","0"
"Test","virtualdisk.numberwriteaveraged.average","8/20/2026 3:23:00 AM","20","1","1","number","scsi0:0","n/a","0"
"Test","virtualdisk.numberwriteaveraged.average","8/20/2026 3:23:20 AM","20","1","1","number","scsi0:0","n/a","0"
"Test","virtualdisk.numberwriteaveraged.average","8/20/2026 3:23:40 AM","20","2","2","number","scsi0:0","n/a","0"
"Test","virtualdisk.numberwriteaveraged.average","8/20/2026 3:24:00 AM","20","0","0","number","scsi0:0","n/a","0"
"Test","virtualdisk.numberwriteaveraged.average","8/20/2026 3:24:20 AM","20","0","0","number","scsi0:0","n/a","0"
"Test","virtualdisk.numberwriteaveraged.average","8/20/2026 3:24:40 AM","20","1","1","number","scsi0:0","n/a","0"
"Test","virtualdisk.numberwriteaveraged.average","8/20/2026 3:25:00 AM","20","0","0","number","scsi0:0","n/a","0"
"Test","virtualdisk.numberwriteaveraged.average","8/20/2026 3:25:20 AM","20","0","0","number","scsi0:0","n/a","0"
"Test","virtualdisk.numberwriteaveraged.average","8/20/2026 3:25:40 AM","20","1","1","number","scsi0:0","n/a","0"
"Test","virtualdisk.numberwriteaveraged.average","8/20/2026 3:26:00 AM","20","0","0","number","scsi0:0","n/a","0"
"Test","virtualdisk.numberwriteaveraged.average","8/20/2026 3:26:20 AM","20","0","0","number","scsi0:0","n/a","0"
"Test","virtualdisk.numberwriteaveraged.average","8/20/2026 3:26:40 AM","20","1","1","number","scsi0:0","n/a","0"
"Test","virtualdisk.numberwriteaveraged.average","8/20/2026 3:27:00 AM","20","0","0","number","scsi0:0","n/a","0"
"Test","virtualdisk.numberwriteaveraged.average","8/20/2026 3:27:20 AM","20","1","1","number","scsi0:0","n/a","0"
"Test","virtualdisk.numberwriteaveraged.average","8/20/2026 3:27:40 AM","20","0","0","number","scsi0:0","n/a","0"
"Test","virtualdisk.numberwriteaveraged.average","8/20/2026 3:28:00 AM","20","0","0","number","scsi0:0","n/a","0"
"Test","virtualdisk.numberwriteaveraged.average","8/20/2026 3:28:20 AM","20","1","1","number","scsi0:0","n/a","0"
"Test","virtualdisk.numberwriteaveraged.average","8/20/2026 3:28:40 AM","20","1","1","number","scsi0:0","n/a","0"
"Test","virtualdisk.numberwriteaveraged.average","8/20/2026 3:29:00 AM","20","0","0","number","scsi0:0","n/a","0"
"Test","virtualdisk.numberwriteaveraged.average","8/20/2026 3:29:20 AM","20","0","0","number","scsi0:0","n/a","0"
"Test","virtualdisk.numberwriteaveraged.average","8/20/2026 3:29:40 AM","20","1","1","number","scsi0:0","n/a","0"
"Test","virtualdisk.numberwriteaveraged.average","8/20/2026 3:30:00 AM","20","0","0","number","scsi0:0","n/a","0"
"Test","virtualdisk.read.average","8/20/2026 2:30:20 AM","20","0","0","KBps","scsi0:0","n/a","0"
"Test","virtualdisk.read.average","8/20/2026 2:30:40 AM","20","4","4","KBps","scsi0:0","n/a","0"
"Test","virtualdisk.read.average","8/20/2026 2:31:00 AM","20","0","0","KBps","scsi0:0","n/a","0"
"Test","virtualdisk.read.average","8/20/2026 2:31:20 AM","20","0","0","KBps","scsi0:0","n/a","0"
"Test","virtualdisk.read.average","8/20/2026 2:31:40 AM","20","0","0","KBps","scsi0:0","n/a","0"
"Test","virtualdisk.read.average","8/20/2026 2:32:00 AM","20","0","0","KBps","scsi0:0","n/a","0"
"Test","virtualdisk.read.average","8/20/2026 2:32:20 AM","20","0","0","KBps","scsi0:0","n/a","0"
"Test","virtualdisk.read.average","8/20/2026 2:32:40 AM","20","0","0","KBps","scsi0:0","n/a","0"
"Test","virtualdisk.read.average","8/20/2026 2:33:00 AM","20","0","0","KBps","scsi0:0","n/a","0"
"Test","virtualdisk.read.average","8/20/2026 2:33:20 AM","20","1","1","KBps","scsi0:0","n/a","0"
"Test","virtualdisk.read.average","8/20/2026 2:33:40 AM","20","0","0","KBps","scsi0:0","n/a","0"
"Test","virtualdisk.read.average","8/20/2026 2:34:00 AM","20","0","0","KBps","scsi0:0","n/a","0"
"Test","virtualdisk.read.average","8/20/2026 2:34:20 AM","20","0","0","KBps","scsi0:0","n/a","0"
"Test","virtualdisk.read.average","8/20/2026 2:34:40 AM","20","0","0","KBps","scsi0:0","n/a","0"
"Test","virtualdisk.read.average","8/20/2026 2:35:00 AM","20","0","0","KBps","scsi0:0","n/a","0"
"Test","virtualdisk.read.average","8/20/2026 2:35:20 AM","20","0","0","KBps","scsi0:0","n/a","0"
"Test","virtualdisk.read.average","8/20/2026 2:35:40 AM","20","1","1","KBps","scsi0:0","n/a","0"
"Test","virtualdisk.read.average","8/20/2026 2:36:00 AM","20","0","0","KBps","scsi0:0","n/a","0"
"Test","virtualdisk.read.average","8/20/2026 2:36:20 AM","20","0","0","KBps","scsi0:0","n/a","0"
"Test","virtualdisk.read.average","8/20/2026 2:36:40 AM","20","0","0","KBps","scsi0:0","n/a","0"
"Test","virtualdisk.read.average","8/20/2026 2:37:00 AM","20","0","0","KBps","scsi0:0","n/a","0"
"Test","virtualdisk.read.average","8/20/2026 2:37:20 AM","20","0","0","KBps","scsi0:0","n/a","0"
"Test","virtualdisk.read.average","8/20/2026 2:37:40 AM","20","0","0","KBps","scsi0:0","n/a","0"
"Test","virtualdisk.read.average","8/20/2026 2:38:00 AM","20","0","0","KBps","scsi0:0","n/a","0"
"Test","virtualdisk.read.average","8/20/2026 2:38:20 AM","20","0","0","KBps","scsi0:0","n/a","0"
"Test","virtualdisk.read.average","8/20/2026 2:38:40 AM","20","0","0","KBps","scsi0:0","n/a","0"
"Test","virtualdisk.read.average","8/20/2026 2:39:00 AM","20","0","0","KBps","scsi0:0","n/a","0"
"Test","virtualdisk.read.average","8/20/2026 2:39:20 AM","20","2","2","KBps","scsi0:0","n/a","0"
"Test","virtualdisk.read.average","8/20/2026 2:39:40 AM","20","0","0","KBps","scsi0:0","n/a","0"
"Test","virtualdisk.read.average","8/20/2026 2:40:00 AM","20","0","0","KBps","scsi0:0","n/a","0"
"Test","virtualdisk.read.average","8/20/2026 2:40:20 AM","20","0","0","KBps","scsi0:0","n/a","0"
"Test","virtualdisk.read.average","8/20/2026 2:40:40 AM","20","0","0","KBps","scsi0:0","n/a","0"
"Test","virtualdisk.read.average","8/20/2026 2:41:00 AM","20","0","0","KBps","scsi0:0","n/a","0"
"Test","virtualdisk.read.average","8/20/2026 2:41:20 AM","20","0","0","KBps","scsi0:0","n/a","0"
"Test","virtualdisk.read.average","8/20/2026 2:41:40 AM","20","0","0","KBps","scsi0:0","n/a","0"
"Test","virtualdisk.read.average","8/20/2026 2:42:00 AM","20","0","0","KBps","scsi0:0","n/a","0"
"Test","virtualdisk.read.average","8/20/2026 2:42:20 AM","20","0","0","KBps","scsi0:0","n/a","0"
"Test","virtualdisk.read.average","8/20/2026 2:42:40 AM","20","0","0","KBps","scsi0:0","n/a","0"
"Test","virtualdisk.read.average","8/20/2026 2:43:00 AM","20","0","0","KBps","scsi0:0","n/a","0"
"Test","virtualdisk.read.average","8/20/2026 2:43:20 AM","20","0","0","KBps","scsi0:0","n/a","0"
"Test","virtualdisk.read.average","8/20/2026 2:43:40 AM","20","0","0","KBps","scsi0:0","n/a","0"
"Test","virtualdisk.read.average","8/20/2026 2:44:00 AM","20","0","0","KBps","scsi0:0","n/a","0"
"Test","virtualdisk.read.average","8/20/2026 2:44:20 AM","20","0","0","KBps","scsi0:0","n/a","0"
"Test","virtualdisk.read.average","8/20/2026 2:44:40 AM","20","0","0","KBps","scsi0:0","n/a","0"
"Test","virtualdisk.read.average","8/20/2026 2:45:00 AM","20","0","0","KBps","scsi0:0","n/a","0"
"Test","virtualdisk.read.average","8/20/2026 2:45:20 AM","20","0","0","KBps","scsi0:0","n/a","0"
"Test","virtualdisk.read.average","8/20/2026 2:45:40 AM","20","0","0","KBps","scsi0:0","n/a","0"
"Test","virtualdisk.read.average","8/20/2026 2:46:00 AM","20","0","0","KBps","scsi0:0","n/a","0"
"Test","virtualdisk.read.average","8/20/2026 2:46:20 AM","20","0","0","KBps","scsi0:0","n/a","0"
"Test","virtualdisk.read.average","8/20/2026 2:46:40 AM","20","0","0","KBps","scsi0:0","n/a","0"
"Test","virtualdisk.read.average","8/20/2026 2:47:00 AM","20","0","0","KBps","scsi0:0","n/a","0"
"Test","virtualdisk.read.average","8/20/2026 2:47:20 AM","20","0","0","KBps","scsi0:0","n/a","0"
"Test","virtualdisk.read.average","8/20/2026 2:47:40 AM","20","0","0","KBps","scsi0:0","n/a","0"
"Test","virtualdisk.read.average","8/20/2026 2:48:00 AM","20","0","0","KBps","scsi0:0","n/a","0"
"Test","virtualdisk.read.average","8/20/2026 2:48:20 AM","20","0","0","KBps","scsi0:0","n/a","0"
"Test","virtualdisk.read.average","8/20/2026 2:48:40 AM","20","0","0","KBps","scsi0:0","n/a","0"
"Test","virtualdisk.read.average","8/20/2026 2:49:00 AM","20","0","0","KBps","scsi0:0","n/a","0"
"Test","virtualdisk.read.average","8/20/2026 2:49:20 AM","20","0","0","KBps","scsi0:0","n/a","0"
"Test","virtualdisk.read.average","8/20/2026 2:49:40 AM","20","0","0","KBps","scsi0:0","n/a","0"
"Test","virtualdisk.read.average","8/20/2026 2:50:00 AM","20","0","0","KBps","scsi0:0","n/a","0"
"Test","virtualdisk.read.average","8/20/2026 2:50:20 AM","20","0","0","KBps","scsi0:0","n/a","0"
"Test","virtualdisk.read.average","8/20/2026 2:50:40 AM","20","2","2","KBps","scsi0:0","n/a","0"
"Test","virtualdisk.read.average","8/20/2026 2:51:00 AM","20","0","0","KBps","scsi0:0","n/a","0"
"Test","virtualdisk.read.average","8/20/2026 2:51:20 AM","20","0","0","KBps","scsi0:0","n/a","0"
"Test","virtualdisk.read.average","8/20/2026 2:51:40 AM","20","0","0","KBps","scsi0:0","n/a","0"
"Test","virtualdisk.read.average","8/20/2026 2:52:00 AM","20","0","0","KBps","scsi0:0","n/a","0"
"Test","virtualdisk.read.average","8/20/2026 2:52:20 AM","20","0","0","KBps","scsi0:0","n/a","0"
"Test","virtualdisk.read.average","8/20/2026 2:52:40 AM","20","0","0","KBps","scsi0:0","n/a","0"
"Test","virtualdisk.read.average","8/20/2026 2:53:00 AM","20","0","0","KBps","scsi0:0","n/a","0"
"Test","virtualdisk.read.average","8/20/2026 2:53:20 AM","20","0","0","KBps","scsi0:0","n/a","0"
"Test","virtualdisk.read.average","8/20/2026 2:53:40 AM","20","0","0","KBps","scsi0:0","n/a","0"
"Test","virtualdisk.read.average","8/20/2026 2:54:00 AM","20","0","0","KBps","scsi0:0","n/a","0"
"Test","virtualdisk.read.average","8/20/2026 2:54:20 AM","20","0","0","KBps","scsi0:0","n/a","0"
"Test","virtualdisk.read.average","8/20/2026 2:54:40 AM","20","0","0","KBps","scsi0:0","n/a","0"
"Test","virtualdisk.read.average","8/20/2026 2:55:00 AM","20","0","0","KBps","scsi0:0","n/a","0"
"Test","virtualdisk.read.average","8/20/2026 2:55:20 AM","20","0","0","KBps","scsi0:0","n/a","0"
"Test","virtualdisk.read.average","8/20/2026 2:55:40 AM","20","3","3","KBps","scsi0:0","n/a","0"
"Test","virtualdisk.read.average","8/20/2026 2:56:00 AM","20","0","0","KBps","scsi0:0","n/a","0"
"Test","virtualdisk.read.average","8/20/2026 2:56:20 AM","20","0","0","KBps","scsi0:0","n/a","0"
"Test","virtualdisk.read.average","8/20/2026 2:56:40 AM","20","0","0","KBps","scsi0:0","n/a","0"
"Test","virtualdisk.read.average","8/20/2026 2:57:00 AM","20","0","0","KBps","scsi0:0","n/a","0"
"Test","virtualdisk.read.average","8/20/2026 2:57:20 AM","20","2","2","KBps","scsi0:0","n/a","0"
"Test","virtualdisk.read.average","8/20/2026 2:57:40 AM","20","0","0","KBps","scsi0:0","n/a","0"
"Test","virtualdisk.read.average","8/20/2026 2:58:00 AM","20","0","0","KBps","scsi0:0","n/a","0"
"Test","virtualdisk.read.average","8/20/2026 2:58:20 AM","20","0","0","KBps","scsi0:0","n/a","0"
"Test","virtualdisk.read.average","8/20/2026 2:58:40 AM","20","0","0","KBps","scsi0:0","n/a","0"
"Test","virtualdisk.read.average","8/20/2026 2:59:00 AM","20","0","0","KBps","scsi0:0","n/a","0"
"Test","virtualdisk.read.average","8/20/2026 2:59:20 AM","20","0","0","KBps","scsi0:0","n/a","0"
"Test","virtualdisk.read.average","8/20/2026 2:59:40 AM","20","0","0","KBps","scsi0:0","n/a","0"
"Test","virtualdisk.read.average","8/20/2026 3:00:00 AM","20","0","0","KBps","scsi0:0","n/a","0"
"Test","virtualdisk.read.average","8/20/2026 3:00:20 AM","20","0","0","KBps","scsi0:0","n/a","0"
"Test","virtualdisk.read.average","8/20/2026 3:00:40 AM","20","3","3","KBps","scsi0:0","n/a","0"
"Test","virtualdisk.read.average","8/20/2026 3:01:00 AM","20","0","0","KBps","scsi0:0","n/a","0"
"Test","virtualdisk.read.average","8/20/2026 3:01:20 AM","20","2","2","KBps","scsi0:0","n/a","0"
"Test","virtualdisk.read.average","8/20/2026 3:01:40 AM","20","0","0","KBps","scsi0:0","n/a","0"
"Test","virtualdisk.read.average","8/20/2026 3:02:00 AM","20","0","0","KBps","scsi0:0","n/a","0"
"Test","virtualdisk.read.average","8/20/2026 3:02:20 AM","20","0","0","KBps","scsi0:0","n/a","0"
"Test","virtualdisk.read.average","8/20/2026 3:02:40 AM","20","0","0","KBps","scsi0:0","n/a","0"
"Test","virtualdisk.read.average","8/20/2026 3:03:00 AM","20","0","0","KBps","scsi0:0","n/a","0"
"Test","virtualdisk.read.average","8/20/2026 3:03:20 AM","20","0","0","KBps","scsi0:0","n/a","0"
"Test","virtualdisk.read.average","8/20/2026 3:03:40 AM","20","0","0","KBps","scsi0:0","n/a","0"
"Test","virtualdisk.read.average","8/20/2026 3:04:00 AM","20","0","0","KBps","scsi0:0","n/a","0"
"Test","virtualdisk.read.average","8/20/2026 3:04:20 AM","20","0","0","KBps","scsi0:0","n/a","0"
"Test","virtualdisk.read.average","8/20/2026 3:04:40 AM","20","1","1","KBps","scsi0:0","n/a","0"
"Test","virtualdisk.read.average","8/20/2026 3:05:00 AM","20","0","0","KBps","scsi0:0","n/a","0"
"Test","virtualdisk.read.average","8/20/2026 3:05:20 AM","20","0","0","KBps","scsi0:0","n/a","0"
"Test","virtualdisk.read.average","8/20/2026 3:05:40 AM","20","2","2","KBps","scsi0:0","n/a","0"
"Test","virtualdisk.read.average","8/20/2026 3:06:00 AM","20","0","0","KBps","scsi0:0","n/a","0"
"Test","virtualdisk.read.average","8/20/2026 3:06:20 AM","20","1","1","KBps","scsi0:0","n/a","0"
"Test","virtualdisk.read.average","8/20/2026 3:06:40 AM","20","0","0","KBps","scsi0:0","n/a","0"
"Test","virtualdisk.read.average","8/20/2026 3:07:00 AM","20","0","0","KBps","scsi0:0","n/a","0"
"Test","virtualdisk.read.average","8/20/2026 3:07:20 AM","20","0","0","KBps","scsi0:0","n/a","0"
"Test","virtualdisk.read.average","8/20/2026 3:07:40 AM","20","0","0","KBps","scsi0:0","n/a","0"
"Test","virtualdisk.read.average","8/20/2026 3:08:00 AM","20","2","2","KBps","scsi0:0","n/a","0"
"Test","virtualdisk.read.average","8/20/2026 3:08:20 AM","20","1","1","KBps","scsi0:0","n/a","0"
"Test","virtualdisk.read.average","8/20/2026 3:08:40 AM","20","0","0","KBps","scsi0:0","n/a","0"
"Test","virtualdisk.read.average","8/20/2026 3:09:00 AM","20","0","0","KBps","scsi0:0","n/a","0"
"Test","virtualdisk.read.average","8/20/2026 3:09:20 AM","20","0","0","KBps","scsi0:0","n/a","0"
"Test","virtualdisk.read.average","8/20/2026 3:09:40 AM","20","0","0","KBps","scsi0:0","n/a","0"
"Test","virtualdisk.read.average","8/20/2026 3:10:00 AM","20","0","0","KBps","scsi0:0","n/a","0"
"Test","virtualdisk.read.average","8/20/2026 3:10:20 AM","20","0","0","KBps","scsi0:0","n/a","0"
"Test","virtualdisk.read.average","8/20/2026 3:10:40 AM","20","2","2","KBps","scsi0:0","n/a","0"
"Test","virtualdisk.read.average","8/20/2026 3:11:00 AM","20","0","0","KBps","scsi0:0","n/a","0"
"Test","virtualdisk.read.average","8/20/2026 3:11:20 AM","20","0","0","KBps","scsi0:0","n/a","0"
"Test","virtualdisk.read.average","8/20/2026 3:11:40 AM","20","0","0","KBps","scsi0:0","n/a","0"
"Test","virtualdisk.read.average","8/20/2026 3:12:00 AM","20","0","0","KBps","scsi0:0","n/a","0"
"Test","virtualdisk.read.average","8/20/2026 3:12:20 AM","20","1","1","KBps","scsi0:0","n/a","0"
"Test","virtualdisk.read.average","8/20/2026 3:12:40 AM","20","0","0","KBps","scsi0:0","n/a","0"
"Test","virtualdisk.read.average","8/20/2026 3:13:00 AM","20","0","0","KBps","scsi0:0","n/a","0"
"Test","virtualdisk.read.average","8/20/2026 3:13:20 AM","20","0","0","KBps","scsi0:0","n/a","0"
"Test","virtualdisk.read.average","8/20/2026 3:13:40 AM","20","0","0","KBps","scsi0:0","n/a","0"
"Test","virtualdisk.read.average","8/20/2026 3:14:00 AM","20","0","0","KBps","scsi0:0","n/a","0"
"Test","virtualdisk.read.average","8/20/2026 3:14:20 AM","20","0","0","KBps","scsi0:0","n/a","0"
"Test","virtualdisk.read.average","8/20/2026 3:14:40 AM","20","0","0","KBps","scsi0:0","n/a","0"
"Test","virtualdisk.read.average","8/20/2026 3:15:00 AM","20","0","0","KBps","scsi0:0","n/a","0"
"Test","virtualdisk.read.average","8/20/2026 3:15:20 AM","20","0","0","KBps","scsi0:0","n/a","0"
"Test","virtualdisk.read.average","8/20/2026 3:15:40 AM","20","0","0","KBps","scsi0:0","n/a","0"
"Test","virtualdisk.read.average","8/20/2026 3:16:00 AM","20","0","0","KBps","scsi0:0","n/a","0"
"Test","virtualdisk.read.average","8/20/2026 3:16:20 AM","20","0","0","KBps","scsi0:0","n/a","0"
"Test","virtualdisk.read.average","8/20/2026 3:16:40 AM","20","0","0","KBps","scsi0:0","n/a","0"
"Test","virtualdisk.read.average","8/20/2026 3:17:00 AM","20","0","0","KBps","scsi0:0","n/a","0"
"Test","virtualdisk.read.average","8/20/2026 3:17:20 AM","20","0","0","KBps","scsi0:0","n/a","0"
"Test","virtualdisk.read.average","8/20/2026 3:17:40 AM","20","0","0","KBps","scsi0:0","n/a","0"
"Test","virtualdisk.read.average","8/20/2026 3:18:00 AM","20","0","0","KBps","scsi0:0","n/a","0"
"Test","virtualdisk.read.average","8/20/2026 3:18:20 AM","20","1","1","KBps","scsi0:0","n/a","0"
"Test","virtualdisk.read.average","8/20/2026 3:18:40 AM","20","0","0","KBps","scsi0:0","n/a","0"
"Test","virtualdisk.read.average","8/20/2026 3:19:00 AM","20","1","1","KBps","scsi0:0","n/a","0"
"Test","virtualdisk.read.average","8/20/2026 3:19:20 AM","20","0","0","KBps","scsi0:0","n/a","0"
"Test","virtualdisk.read.average","8/20/2026 3:19:40 AM","20","0","0","KBps","scsi0:0","n/a","0"
"Test","virtualdisk.read.average","8/20/2026 3:20:00 AM","20","0","0","KBps","scsi0:0","n/a","0"
"Test","virtualdisk.read.average","8/20/2026 3:20:20 AM","20","0","0","KBps","scsi0:0","n/a","0"
"Test","virtualdisk.read.average","8/20/2026 3:20:40 AM","20","4","4","KBps","scsi0:0","n/a","0"
"Test","virtualdisk.read.average","8/20/2026 3:21:00 AM","20","0","0","KBps","scsi0:0","n/a","0"
"Test","virtualdisk.read.average","8/20/2026 3:21:20 AM","20","0","0","KBps","scsi0:0","n/a","0"
"Test","virtualdisk.read.average","8/20/2026 3:21:40 AM","20","0","0","KBps","scsi0:0","n/a","0"
"Test","virtualdisk.read.average","8/20/2026 3:22:00 AM","20","0","0","KBps","scsi0:0","n/a","0"
"Test","virtualdisk.read.average","8/20/2026 3:22:20 AM","20","5","5","KBps","scsi0:0","n/a","0"
"Test","virtualdisk.read.average","8/20/2026 3:22:40 AM","20","0","0","KBps","scsi0:0","n/a","0"
"Test","virtualdisk.read.average","8/20/2026 3:23:00 AM","20","2","2","KBps","scsi0:0","n/a","0"
"Test","virtualdisk.read.average","8/20/2026 3:23:20 AM","20","1","1","KBps","scsi0:0","n/a","0"
"Test","virtualdisk.read.average","8/20/2026 3:23:40 AM","20","0","0","KBps","scsi0:0","n/a","0"
"Test","virtualdisk.read.average","8/20/2026 3:24:00 AM","20","0","0","KBps","scsi0:0","n/a","0"
"Test","virtualdisk.read.average","8/20/2026 3:24:20 AM","20","0","0","KBps","scsi0:0","n/a","0"
"Test","virtualdisk.read.average","8/20/2026 3:24:40 AM","20","0","0","KBps","scsi0:0","n/a","0"
"Test","virtualdisk.read.average","8/20/2026 3:25:00 AM","20","0","0","KBps","scsi0:0","n/a","0"
"Test","virtualdisk.read.average","8/20/2026 3:25:20 AM","20","0","0","KBps","scsi0:0","n/a","0"
"Test","virtualdisk.read.average","8/20/2026 3:25:40 AM","20","7","7","KBps","scsi0:0","n/a","0"
"Test","virtualdisk.read.average","8/20/2026 3:26:00 AM","20","0","0","KBps","scsi0:0","n/a","0"
"Test","virtualdisk.read.average","8/20/2026 3:26:20 AM","20","2","2","KBps","scsi0:0","n/a","0"
"Test","virtualdisk.read.average","8/20/2026 3:26:40 AM","20","0","0","KBps","scsi0:0","n/a","0"
"Test","virtualdisk.read.average","8/20/2026 3:27:00 AM","20","0","0","KBps","scsi0:0","n/a","0"
"Test","virtualdisk.read.average","8/20/2026 3:27:20 AM","20","0","0","KBps","scsi0:0","n/a","0"
"Test","virtualdisk.read.average","8/20/2026 3:27:40 AM","20","0","0","KBps","scsi0:0","n/a","0"
"Test","virtualdisk.read.average","8/20/2026 3:28:00 AM","20","0","0","KBps","scsi0:0","n/a","0"
"Test","virtualdisk.read.average","8/20/2026 3:28:20 AM","20","0","0","KBps","scsi0:0","n/a","0"
"Test","virtualdisk.read.average","8/20/2026 3:28:40 AM","20","0","0","KBps","scsi0:0","n/a","0"
"Test","virtualdisk.read.average","8/20/2026 3:29:00 AM","20","0","0","KBps","scsi0:0","n/a","0"
"Test","virtualdisk.read.average","8/20/2026 3:29:20 AM","20","0","0","KBps","scsi0:0","n/a","0"
"Test","virtualdisk.read.average","8/20/2026 3:29:40 AM","20","0","0","KBps","scsi0:0","n/a","0"
"Test","virtualdisk.read.average","8/20/2026 3:30:00 AM","20","1","1","KBps","scsi0:0","n/a","0"
"Test","virtualdisk.write.average","8/20/2026 2:30:20 AM","20","1","1","KBps","scsi0:0","n/a","0"
"Test","virtualdisk.write.average","8/20/2026 2:30:40 AM","20","12","12","KBps","scsi0:0","n/a","0"
"Test","virtualdisk.write.average","8/20/2026 2:31:00 AM","20","4","4","KBps","scsi0:0","n/a","0"
"Test","virtualdisk.write.average","8/20/2026 2:31:20 AM","20","2","2","KBps","scsi0:0","n/a","0"
"Test","virtualdisk.write.average","8/20/2026 2:31:40 AM","20","8","8","KBps","scsi0:0","n/a","0"
"Test","virtualdisk.write.average","8/20/2026 2:32:00 AM","20","5","5","KBps","scsi0:0","n/a","0"
"Test","virtualdisk.write.average","8/20/2026 2:32:20 AM","20","5","5","KBps","scsi0:0","n/a","0"
"Test","virtualdisk.write.average","8/20/2026 2:32:40 AM","20","4","4","KBps","scsi0:0","n/a","0"
"Test","virtualdisk.write.average","8/20/2026 2:33:00 AM","20","3","3","KBps","scsi0:0","n/a","0"
"Test","virtualdisk.write.average","8/20/2026 2:33:20 AM","20","15","15","KBps","scsi0:0","n/a","0"
"Test","virtualdisk.write.average","8/20/2026 2:33:40 AM","20","3","3","KBps","scsi0:0","n/a","0"
"Test","virtualdisk.write.average","8/20/2026 2:34:00 AM","20","7","7","KBps","scsi0:0","n/a","0"
"Test","virtualdisk.write.average","8/20/2026 2:34:20 AM","20","7","7","KBps","scsi0:0","n/a","0"
"Test","virtualdisk.write.average","8/20/2026 2:34:40 AM","20","3","3","KBps","scsi0:0","n/a","0"
"Test","virtualdisk.write.average","8/20/2026 2:35:00 AM","20","2","2","KBps","scsi0:0","n/a","0"
"Test","virtualdisk.write.average","8/20/2026 2:35:20 AM","20","3","3","KBps","scsi0:0","n/a","0"
"Test","virtualdisk.write.average","8/20/2026 2:35:40 AM","20","4","4","KBps","scsi0:0","n/a","0"
"Test","virtualdisk.write.average","8/20/2026 2:36:00 AM","20","3","3","KBps","scsi0:0","n/a","0"
"Test","virtualdisk.write.average","8/20/2026 2:36:20 AM","20","1","1","KBps","scsi0:0","n/a","0"
"Test","virtualdisk.write.average","8/20/2026 2:36:40 AM","20","14","14","KBps","scsi0:0","n/a","0"
"Test","virtualdisk.write.average","8/20/2026 2:37:00 AM","20","6","6","KBps","scsi0:0","n/a","0"
"Test","virtualdisk.write.average","8/20/2026 2:37:20 AM","20","7","7","KBps","scsi0:0","n/a","0"
"Test","virtualdisk.write.average","8/20/2026 2:37:40 AM","20","7","7","KBps","scsi0:0","n/a","0"
"Test","virtualdisk.write.average","8/20/2026 2:38:00 AM","20","10","10","KBps","scsi0:0","n/a","0"
"Test","virtualdisk.write.average","8/20/2026 2:38:20 AM","20","17","17","KBps","scsi0:0","n/a","0"
"Test","virtualdisk.write.average","8/20/2026 2:38:40 AM","20","3","3","KBps","scsi0:0","n/a","0"
"Test","virtualdisk.write.average","8/20/2026 2:39:00 AM","20","12","12","KBps","scsi0:0","n/a","0"
"Test","virtualdisk.write.average","8/20/2026 2:39:20 AM","20","8","8","KBps","scsi0:0","n/a","0"
"Test","virtualdisk.write.average","8/20/2026 2:39:40 AM","20","3","3","KBps","scsi0:0","n/a","0"
"Test","virtualdisk.write.average","8/20/2026 2:40:00 AM","20","3","3","KBps","scsi0:0","n/a","0"
"Test","virtualdisk.write.average","8/20/2026 2:40:20 AM","20","4","4","KBps","scsi0:0","n/a","0"
"Test","virtualdisk.write.average","8/20/2026 2:40:40 AM","20","4","4","KBps","scsi0:0","n/a","0"
"Test","virtualdisk.write.average","8/20/2026 2:41:00 AM","20","2","2","KBps","scsi0:0","n/a","0"
"Test","virtualdisk.write.average","8/20/2026 2:41:20 AM","20","4","4","KBps","scsi0:0","n/a","0"
"Test","virtualdisk.write.average","8/20/2026 2:41:40 AM","20","17","17","KBps","scsi0:0","n/a","0"
"Test","virtualdisk.write.average","8/20/2026 2:42:00 AM","20","8","8","KBps","scsi0:0","n/a","0"
"Test","virtualdisk.write.average","8/20/2026 2:42:20 AM","20","5","5","KBps","scsi0:0","n/a","0"
"Test","virtualdisk.write.average","8/20/2026 2:42:40 AM","20","3","3","KBps","scsi0:0","n/a","0"
"Test","virtualdisk.write.average","8/20/2026 2:43:00 AM","20","2","2","KBps","scsi0:0","n/a","0"
"Test","virtualdisk.write.average","8/20/2026 2:43:20 AM","20","14","14","KBps","scsi0:0","n/a","0"
"Test","virtualdisk.write.average","8/20/2026 2:43:40 AM","20","17","17","KBps","scsi0:0","n/a","0"
"Test","virtualdisk.write.average","8/20/2026 2:44:00 AM","20","4","4","KBps","scsi0:0","n/a","0"
"Test","virtualdisk.write.average","8/20/2026 2:44:20 AM","20","3","3","KBps","scsi0:0","n/a","0"
"Test","virtualdisk.write.average","8/20/2026 2:44:40 AM","20","4","4","KBps","scsi0:0","n/a","0"
"Test","virtualdisk.write.average","8/20/2026 2:45:00 AM","20","3","3","KBps","scsi0:0","n/a","0"
"Test","virtualdisk.write.average","8/20/2026 2:45:20 AM","20","2","2","KBps","scsi0:0","n/a","0"
"Test","virtualdisk.write.average","8/20/2026 2:45:40 AM","20","7","7","KBps","scsi0:0","n/a","0"
"Test","virtualdisk.write.average","8/20/2026 2:46:00 AM","20","5","5","KBps","scsi0:0","n/a","0"
"Test","virtualdisk.write.average","8/20/2026 2:46:20 AM","20","15","15","KBps","scsi0:0","n/a","0"
"Test","virtualdisk.write.average","8/20/2026 2:46:40 AM","20","26","26","KBps","scsi0:0","n/a","0"
"Test","virtualdisk.write.average","8/20/2026 2:47:00 AM","20","10","10","KBps","scsi0:0","n/a","0"
"Test","virtualdisk.write.average","8/20/2026 2:47:20 AM","20","6","6","KBps","scsi0:0","n/a","0"
"Test","virtualdisk.write.average","8/20/2026 2:47:40 AM","20","4","4","KBps","scsi0:0","n/a","0"
"Test","virtualdisk.write.average","8/20/2026 2:48:00 AM","20","5","5","KBps","scsi0:0","n/a","0"
"Test","virtualdisk.write.average","8/20/2026 2:48:20 AM","20","12","12","KBps","scsi0:0","n/a","0"
"Test","virtualdisk.write.average","8/20/2026 2:48:40 AM","20","4","4","KBps","scsi0:0","n/a","0"
"Test","virtualdisk.write.average","8/20/2026 2:49:00 AM","20","5","5","KBps","scsi0:0","n/a","0"
"Test","virtualdisk.write.average","8/20/2026 2:49:20 AM","20","1","1","KBps","scsi0:0","n/a","0"
"Test","virtualdisk.write.average","8/20/2026 2:49:40 AM","20","4","4","KBps","scsi0:0","n/a","0"
"Test","virtualdisk.write.average","8/20/2026 2:50:00 AM","20","3","3","KBps","scsi0:0","n/a","0"
"Test","virtualdisk.write.average","8/20/2026 2:50:20 AM","20","3","3","KBps","scsi0:0","n/a","0"
"Test","virtualdisk.write.average","8/20/2026 2:50:40 AM","20","3","3","KBps","scsi0:0","n/a","0"
"Test","virtualdisk.write.average","8/20/2026 2:51:00 AM","20","4","4","KBps","scsi0:0","n/a","0"
"Test","virtualdisk.write.average","8/20/2026 2:51:20 AM","20","4","4","KBps","scsi0:0","n/a","0"
"Test","virtualdisk.write.average","8/20/2026 2:51:40 AM","20","4","4","KBps","scsi0:0","n/a","0"
"Test","virtualdisk.write.average","8/20/2026 2:52:00 AM","20","5","5","KBps","scsi0:0","n/a","0"
"Test","virtualdisk.write.average","8/20/2026 2:52:20 AM","20","4","4","KBps","scsi0:0","n/a","0"
"Test","virtualdisk.write.average","8/20/2026 2:52:40 AM","20","9","9","KBps","scsi0:0","n/a","0"
"Test","virtualdisk.write.average","8/20/2026 2:53:00 AM","20","5","5","KBps","scsi0:0","n/a","0"
"Test","virtualdisk.write.average","8/20/2026 2:53:20 AM","20","17","17","KBps","scsi0:0","n/a","0"
"Test","virtualdisk.write.average","8/20/2026 2:53:40 AM","20","4","4","KBps","scsi0:0","n/a","0"
"Test","virtualdisk.write.average","8/20/2026 2:54:00 AM","20","3","3","KBps","scsi0:0","n/a","0"
"Test","virtualdisk.write.average","8/20/2026 2:54:20 AM","20","3","3","KBps","scsi0:0","n/a","0"
"Test","virtualdisk.write.average","8/20/2026 2:54:40 AM","20","12","12","KBps","scsi0:0","n/a","0"
"Test","virtualdisk.write.average","8/20/2026 2:55:00 AM","20","9","9","KBps","scsi0:0","n/a","0"
"Test","virtualdisk.write.average","8/20/2026 2:55:20 AM","20","5","5","KBps","scsi0:0","n/a","0"
"Test","virtualdisk.write.average","8/20/2026 2:55:40 AM","20","10","10","KBps","scsi0:0","n/a","0"
"Test","virtualdisk.write.average","8/20/2026 2:56:00 AM","20","4","4","KBps","scsi0:0","n/a","0"
"Test","virtualdisk.write.average","8/20/2026 2:56:20 AM","20","5","5","KBps","scsi0:0","n/a","0"
"Test","virtualdisk.write.average","8/20/2026 2:56:40 AM","20","5","5","KBps","scsi0:0","n/a","0"
"Test","virtualdisk.write.average","8/20/2026 2:57:00 AM","20","5","5","KBps","scsi0:0","n/a","0"
"Test","virtualdisk.write.average","8/20/2026 2:57:20 AM","20","5","5","KBps","scsi0:0","n/a","0"
"Test","virtualdisk.write.average","8/20/2026 2:57:40 AM","20","4","4","KBps","scsi0:0","n/a","0"
"Test","virtualdisk.write.average","8/20/2026 2:58:00 AM","20","6","6","KBps","scsi0:0","n/a","0"
"Test","virtualdisk.write.average","8/20/2026 2:58:20 AM","20","14","14","KBps","scsi0:0","n/a","0"
"Test","virtualdisk.write.average","8/20/2026 2:58:40 AM","20","4","4","KBps","scsi0:0","n/a","0"
"Test","virtualdisk.write.average","8/20/2026 2:59:00 AM","20","2","2","KBps","scsi0:0","n/a","0"
"Test","virtualdisk.write.average","8/20/2026 2:59:20 AM","20","3","3","KBps","scsi0:0","n/a","0"
"Test","virtualdisk.write.average","8/20/2026 2:59:40 AM","20","3","3","KBps","scsi0:0","n/a","0"
"Test","virtualdisk.write.average","8/20/2026 3:00:00 AM","20","3","3","KBps","scsi0:0","n/a","0"
"Test","virtualdisk.write.average","8/20/2026 3:00:20 AM","20","1","1","KBps","scsi0:0","n/a","0"
"Test","virtualdisk.write.average","8/20/2026 3:00:40 AM","20","5","5","KBps","scsi0:0","n/a","0"
"Test","virtualdisk.write.average","8/20/2026 3:01:00 AM","20","3","3","KBps","scsi0:0","n/a","0"
"Test","virtualdisk.write.average","8/20/2026 3:01:20 AM","20","5","5","KBps","scsi0:0","n/a","0"
"Test","virtualdisk.write.average","8/20/2026 3:01:40 AM","20","5","5","KBps","scsi0:0","n/a","0"
"Test","virtualdisk.write.average","8/20/2026 3:02:00 AM","20","5","5","KBps","scsi0:0","n/a","0"
"Test","virtualdisk.write.average","8/20/2026 3:02:20 AM","20","4","4","KBps","scsi0:0","n/a","0"
"Test","virtualdisk.write.average","8/20/2026 3:02:40 AM","20","5","5","KBps","scsi0:0","n/a","0"
"Test","virtualdisk.write.average","8/20/2026 3:03:00 AM","20","3","3","KBps","scsi0:0","n/a","0"
"Test","virtualdisk.write.average","8/20/2026 3:03:20 AM","20","17","17","KBps","scsi0:0","n/a","0"
"Test","virtualdisk.write.average","8/20/2026 3:03:40 AM","20","3","3","KBps","scsi0:0","n/a","0"
"Test","virtualdisk.write.average","8/20/2026 3:04:00 AM","20","7","7","KBps","scsi0:0","n/a","0"
"Test","virtualdisk.write.average","8/20/2026 3:04:20 AM","20","1","1","KBps","scsi0:0","n/a","0"
"Test","virtualdisk.write.average","8/20/2026 3:04:40 AM","20","7","7","KBps","scsi0:0","n/a","0"
"Test","virtualdisk.write.average","8/20/2026 3:05:00 AM","20","3","3","KBps","scsi0:0","n/a","0"
"Test","virtualdisk.write.average","8/20/2026 3:05:20 AM","20","3","3","KBps","scsi0:0","n/a","0"
"Test","virtualdisk.write.average","8/20/2026 3:05:40 AM","20","3","3","KBps","scsi0:0","n/a","0"
"Test","virtualdisk.write.average","8/20/2026 3:06:00 AM","20","3","3","KBps","scsi0:0","n/a","0"
"Test","virtualdisk.write.average","8/20/2026 3:06:20 AM","20","1","1","KBps","scsi0:0","n/a","0"
"Test","virtualdisk.write.average","8/20/2026 3:06:40 AM","20","15","15","KBps","scsi0:0","n/a","0"
"Test","virtualdisk.write.average","8/20/2026 3:07:00 AM","20","5","5","KBps","scsi0:0","n/a","0"
"Test","virtualdisk.write.average","8/20/2026 3:07:20 AM","20","5","5","KBps","scsi0:0","n/a","0"
"Test","virtualdisk.write.average","8/20/2026 3:07:40 AM","20","8","8","KBps","scsi0:0","n/a","0"
"Test","virtualdisk.write.average","8/20/2026 3:08:00 AM","20","13","13","KBps","scsi0:0","n/a","0"
"Test","virtualdisk.write.average","8/20/2026 3:08:20 AM","20","22","22","KBps","scsi0:0","n/a","0"
"Test","virtualdisk.write.average","8/20/2026 3:08:40 AM","20","4","4","KBps","scsi0:0","n/a","0"
"Test","virtualdisk.write.average","8/20/2026 3:09:00 AM","20","11","11","KBps","scsi0:0","n/a","0"
"Test","virtualdisk.write.average","8/20/2026 3:09:20 AM","20","8","8","KBps","scsi0:0","n/a","0"
"Test","virtualdisk.write.average","8/20/2026 3:09:40 AM","20","3","3","KBps","scsi0:0","n/a","0"
"Test","virtualdisk.write.average","8/20/2026 3:10:00 AM","20","3","3","KBps","scsi0:0","n/a","0"
"Test","virtualdisk.write.average","8/20/2026 3:10:20 AM","20","5","5","KBps","scsi0:0","n/a","0"
"Test","virtualdisk.write.average","8/20/2026 3:10:40 AM","20","4","4","KBps","scsi0:0","n/a","0"
"Test","virtualdisk.write.average","8/20/2026 3:11:00 AM","20","3","3","KBps","scsi0:0","n/a","0"
"Test","virtualdisk.write.average","8/20/2026 3:11:20 AM","20","3","3","KBps","scsi0:0","n/a","0"
"Test","virtualdisk.write.average","8/20/2026 3:11:40 AM","20","8","8","KBps","scsi0:0","n/a","0"
"Test","virtualdisk.write.average","8/20/2026 3:12:00 AM","20","5","5","KBps","scsi0:0","n/a","0"
"Test","virtualdisk.write.average","8/20/2026 3:12:20 AM","20","4","4","KBps","scsi0:0","n/a","0"
"Test","virtualdisk.write.average","8/20/2026 3:12:40 AM","20","3","3","KBps","scsi0:0","n/a","0"
"Test","virtualdisk.write.average","8/20/2026 3:13:00 AM","20","4","4","KBps","scsi0:0","n/a","0"
"Test","virtualdisk.write.average","8/20/2026 3:13:20 AM","20","10","10","KBps","scsi0:0","n/a","0"
"Test","virtualdisk.write.average","8/20/2026 3:13:40 AM","20","6","6","KBps","scsi0:0","n/a","0"
"Test","virtualdisk.write.average","8/20/2026 3:14:00 AM","20","2","2","KBps","scsi0:0","n/a","0"
"Test","virtualdisk.write.average","8/20/2026 3:14:20 AM","20","4","4","KBps","scsi0:0","n/a","0"
"Test","virtualdisk.write.average","8/20/2026 3:14:40 AM","20","3","3","KBps","scsi0:0","n/a","0"
"Test","virtualdisk.write.average","8/20/2026 3:15:00 AM","20","3","3","KBps","scsi0:0","n/a","0"
"Test","virtualdisk.write.average","8/20/2026 3:15:20 AM","20","4","4","KBps","scsi0:0","n/a","0"
"Test","virtualdisk.write.average","8/20/2026 3:15:40 AM","20","3","3","KBps","scsi0:0","n/a","0"
"Test","virtualdisk.write.average","8/20/2026 3:16:00 AM","20","3","3","KBps","scsi0:0","n/a","0"
"Test","virtualdisk.write.average","8/20/2026 3:16:20 AM","20","3","3","KBps","scsi0:0","n/a","0"
"Test","virtualdisk.write.average","8/20/2026 3:16:40 AM","20","25","25","KBps","scsi0:0","n/a","0"
"Test","virtualdisk.write.average","8/20/2026 3:17:00 AM","20","6","6","KBps","scsi0:0","n/a","0"
"Test","virtualdisk.write.average","8/20/2026 3:17:20 AM","20","5","5","KBps","scsi0:0","n/a","0"
"Test","virtualdisk.write.average","8/20/2026 3:17:40 AM","20","4","4","KBps","scsi0:0","n/a","0"
"Test","virtualdisk.write.average","8/20/2026 3:18:00 AM","20","7","7","KBps","scsi0:0","n/a","0"
"Test","virtualdisk.write.average","8/20/2026 3:18:20 AM","20","7","7","KBps","scsi0:0","n/a","0"
"Test","virtualdisk.write.average","8/20/2026 3:18:40 AM","20","8","8","KBps","scsi0:0","n/a","0"
"Test","virtualdisk.write.average","8/20/2026 3:19:00 AM","20","5","5","KBps","scsi0:0","n/a","0"
"Test","virtualdisk.write.average","8/20/2026 3:19:20 AM","20","9","9","KBps","scsi0:0","n/a","0"
"Test","virtualdisk.write.average","8/20/2026 3:19:40 AM","20","3","3","KBps","scsi0:0","n/a","0"
"Test","virtualdisk.write.average","8/20/2026 3:20:00 AM","20","5","5","KBps","scsi0:0","n/a","0"
"Test","virtualdisk.write.average","8/20/2026 3:20:20 AM","20","2","2","KBps","scsi0:0","n/a","0"
"Test","virtualdisk.write.average","8/20/2026 3:20:40 AM","20","5","5","KBps","scsi0:0","n/a","0"
"Test","virtualdisk.write.average","8/20/2026 3:21:00 AM","20","3","3","KBps","scsi0:0","n/a","0"
"Test","virtualdisk.write.average","8/20/2026 3:21:20 AM","20","3","3","KBps","scsi0:0","n/a","0"
"Test","virtualdisk.write.average","8/20/2026 3:21:40 AM","20","11","11","KBps","scsi0:0","n/a","0"
"Test","virtualdisk.write.average","8/20/2026 3:22:00 AM","20","4","4","KBps","scsi0:0","n/a","0"
"Test","virtualdisk.write.average","8/20/2026 3:22:20 AM","20","6","6","KBps","scsi0:0","n/a","0"
"Test","virtualdisk.write.average","8/20/2026 3:22:40 AM","20","7","7","KBps","scsi0:0","n/a","0"
"Test","virtualdisk.write.average","8/20/2026 3:23:00 AM","20","8","8","KBps","scsi0:0","n/a","0"
"Test","virtualdisk.write.average","8/20/2026 3:23:20 AM","20","8","8","KBps","scsi0:0","n/a","0"
"Test","virtualdisk.write.average","8/20/2026 3:23:40 AM","20","9","9","KBps","scsi0:0","n/a","0"
"Test","virtualdisk.write.average","8/20/2026 3:24:00 AM","20","4","4","KBps","scsi0:0","n/a","0"
"Test","virtualdisk.write.average","8/20/2026 3:24:20 AM","20","4","4","KBps","scsi0:0","n/a","0"
"Test","virtualdisk.write.average","8/20/2026 3:24:40 AM","20","5","5","KBps","scsi0:0","n/a","0"
"Test","virtualdisk.write.average","8/20/2026 3:25:00 AM","20","3","3","KBps","scsi0:0","n/a","0"
"Test","virtualdisk.write.average","8/20/2026 3:25:20 AM","20","2","2","KBps","scsi0:0","n/a","0"
"Test","virtualdisk.write.average","8/20/2026 3:25:40 AM","20","7","7","KBps","scsi0:0","n/a","0"
"Test","virtualdisk.write.average","8/20/2026 3:26:00 AM","20","3","3","KBps","scsi0:0","n/a","0"
"Test","virtualdisk.write.average","8/20/2026 3:26:20 AM","20","5","5","KBps","scsi0:0","n/a","0"
"Test","virtualdisk.write.average","8/20/2026 3:26:40 AM","20","12","12","KBps","scsi0:0","n/a","0"
"Test","virtualdisk.write.average","8/20/2026 3:27:00 AM","20","5","5","KBps","scsi0:0","n/a","0"
"Test","virtualdisk.write.average","8/20/2026 3:27:20 AM","20","6","6","KBps","scsi0:0","n/a","0"
"Test","virtualdisk.write.average","8/20/2026 3:27:40 AM","20","4","4","KBps","scsi0:0","n/a","0"
"Test","virtualdisk.write.average","8/20/2026 3:28:00 AM","20","6","6","KBps","scsi0:0","n/a","0"
"Test","virtualdisk.write.average","8/20/2026 3:28:20 AM","20","10","10","KBps","scsi0:0","n/a","0"
"Test","virtualdisk.write.average","8/20/2026 3:28:40 AM","20","6","6","KBps","scsi0:0","n/a","0"
"Test","virtualdisk.write.average","8/20/2026 3:29:00 AM","20","2","2","KBps","scsi0:0","n/a","0"
"Test","virtualdisk.write.average","8/20/2026 3:29:20 AM","20","4","4","KBps","scsi0:0","n/a","0"
"Test","virtualdisk.write.average","8/20/2026 3:29:40 AM","20","7","7","KBps","scsi0:0","n/a","0"
"Test","virtualdisk.write.average","8/20/2026 3:30:00 AM","20","4","4","KBps","scsi0:0","n/a","0"
"WIN-DEMO-APP01","cpu.ready.summation","8/20/2026 2:30:20 AM","20","710","35.5","millisecond","","n/a","0"
"WIN-DEMO-APP01","cpu.ready.summation","8/20/2026 2:30:40 AM","20","798","39.9","millisecond","","n/a","0"
"WIN-DEMO-APP01","cpu.ready.summation","8/20/2026 2:31:00 AM","20","900","45","millisecond","","n/a","0"
"WIN-DEMO-APP01","cpu.ready.summation","8/20/2026 2:31:20 AM","20","820","41","millisecond","","n/a","0"
"WIN-DEMO-APP01","cpu.ready.summation","8/20/2026 2:31:40 AM","20","648","32.4","millisecond","","n/a","0"
"WIN-DEMO-APP01","cpu.ready.summation","8/20/2026 2:32:00 AM","20","705","35.25","millisecond","","n/a","0"
"WIN-DEMO-APP01","cpu.ready.summation","8/20/2026 2:32:20 AM","20","677","33.85","millisecond","","n/a","0"
"WIN-DEMO-APP01","cpu.ready.summation","8/20/2026 2:32:40 AM","20","611","30.55","millisecond","","n/a","0"
"WIN-DEMO-APP01","cpu.ready.summation","8/20/2026 2:33:00 AM","20","588","29.4","millisecond","","n/a","0"
"WIN-DEMO-APP01","cpu.ready.summation","8/20/2026 2:33:20 AM","20","242","12.1","millisecond","","n/a","0"
"WIN-DEMO-APP01","cpu.ready.summation","8/20/2026 2:33:40 AM","20","333","16.65","millisecond","","n/a","0"
"WIN-DEMO-APP01","cpu.ready.summation","8/20/2026 2:34:00 AM","20","667","33.35","millisecond","","n/a","0"
"WIN-DEMO-APP01","cpu.ready.summation","8/20/2026 2:34:20 AM","20","825","41.25","millisecond","","n/a","0"
"WIN-DEMO-APP01","cpu.ready.summation","8/20/2026 2:34:40 AM","20","765","38.25","millisecond","","n/a","0"
"WIN-DEMO-APP01","cpu.ready.summation","8/20/2026 2:35:00 AM","20","812","40.6","millisecond","","n/a","0"
"WIN-DEMO-APP01","cpu.ready.summation","8/20/2026 2:35:20 AM","20","607","30.35","millisecond","","n/a","0"
"WIN-DEMO-APP01","cpu.ready.summation","8/20/2026 2:35:40 AM","20","162","8.1","millisecond","","n/a","0"
"WIN-DEMO-APP01","cpu.ready.summation","8/20/2026 2:36:00 AM","20","406","20.3","millisecond","","n/a","0"
"WIN-DEMO-APP01","cpu.ready.summation","8/20/2026 2:36:20 AM","20","785","39.25","millisecond","","n/a","0"
"WIN-DEMO-APP01","cpu.ready.summation","8/20/2026 2:36:40 AM","20","780","39","millisecond","","n/a","0"
"WIN-DEMO-APP01","cpu.ready.summation","8/20/2026 2:37:00 AM","20","639","31.95","millisecond","","n/a","0"
"WIN-DEMO-APP01","cpu.ready.summation","8/20/2026 2:37:20 AM","20","753","37.65","millisecond","","n/a","0"
"WIN-DEMO-APP01","cpu.ready.summation","8/20/2026 2:37:40 AM","20","576","28.8","millisecond","","n/a","0"
"WIN-DEMO-APP01","cpu.ready.summation","8/20/2026 2:38:00 AM","20","607","30.35","millisecond","","n/a","0"
"WIN-DEMO-APP01","cpu.ready.summation","8/20/2026 2:38:20 AM","20","625","31.25","millisecond","","n/a","0"
"WIN-DEMO-APP01","cpu.ready.summation","8/20/2026 2:38:40 AM","20","1124","56.2","millisecond","","n/a","0"
"WIN-DEMO-APP01","cpu.ready.summation","8/20/2026 2:39:00 AM","20","1200","60","millisecond","","n/a","0"
"WIN-DEMO-APP01","cpu.ready.summation","8/20/2026 2:39:20 AM","20","1208","60.4","millisecond","","n/a","0"
"WIN-DEMO-APP01","cpu.ready.summation","8/20/2026 2:39:40 AM","20","1144","57.2","millisecond","","n/a","0"
"WIN-DEMO-APP01","cpu.ready.summation","8/20/2026 2:40:00 AM","20","763","38.15","millisecond","","n/a","0"
"WIN-DEMO-APP01","cpu.ready.summation","8/20/2026 2:40:20 AM","20","734","36.7","millisecond","","n/a","0"
"WIN-DEMO-APP01","cpu.ready.summation","8/20/2026 2:40:40 AM","20","786","39.3","millisecond","","n/a","0"
"WIN-DEMO-APP01","cpu.ready.summation","8/20/2026 2:41:00 AM","20","726","36.3","millisecond","","n/a","0"
"WIN-DEMO-APP01","cpu.ready.summation","8/20/2026 2:41:20 AM","20","701","35.05","millisecond","","n/a","0"
"WIN-DEMO-APP01","cpu.ready.summation","8/20/2026 2:41:40 AM","20","434","21.7","millisecond","","n/a","0"
"WIN-DEMO-APP01","cpu.ready.summation","8/20/2026 2:42:00 AM","20","768","38.4","millisecond","","n/a","0"
"WIN-DEMO-APP01","cpu.ready.summation","8/20/2026 2:42:20 AM","20","1175","58.75","millisecond","","n/a","0"
"WIN-DEMO-APP01","cpu.ready.summation","8/20/2026 2:42:40 AM","20","1194","59.7","millisecond","","n/a","0"
"WIN-DEMO-APP01","cpu.ready.summation","8/20/2026 2:43:00 AM","20","1202","60.1","millisecond","","n/a","0"
"WIN-DEMO-APP01","cpu.ready.summation","8/20/2026 2:43:20 AM","20","660","33","millisecond","","n/a","0"
"WIN-DEMO-APP01","cpu.ready.summation","8/20/2026 2:43:40 AM","20","681","34.05","millisecond","","n/a","0"
"WIN-DEMO-APP01","cpu.ready.summation","8/20/2026 2:44:00 AM","20","589","29.45","millisecond","","n/a","0"
"WIN-DEMO-APP01","cpu.ready.summation","8/20/2026 2:44:20 AM","20","654","32.7","millisecond","","n/a","0"
"WIN-DEMO-APP01","cpu.ready.summation","8/20/2026 2:44:40 AM","20","764","38.2","millisecond","","n/a","0"
"WIN-DEMO-APP01","cpu.ready.summation","8/20/2026 2:45:00 AM","20","409","20.45","millisecond","","n/a","0"
"WIN-DEMO-APP01","cpu.ready.summation","8/20/2026 2:45:20 AM","20","208","10.4","millisecond","","n/a","0"
"WIN-DEMO-APP01","cpu.ready.summation","8/20/2026 2:45:40 AM","20","552","27.6","millisecond","","n/a","0"
"WIN-DEMO-APP01","cpu.ready.summation","8/20/2026 2:46:00 AM","20","237","11.85","millisecond","","n/a","0"
"WIN-DEMO-APP01","cpu.ready.summation","8/20/2026 2:46:20 AM","20","401","20.05","millisecond","","n/a","0"
"WIN-DEMO-APP01","cpu.ready.summation","8/20/2026 2:46:40 AM","20","281","14.05","millisecond","","n/a","0"
"WIN-DEMO-APP01","cpu.ready.summation","8/20/2026 2:47:00 AM","20","767","38.35","millisecond","","n/a","0"
"WIN-DEMO-APP01","cpu.ready.summation","8/20/2026 2:47:20 AM","20","540","27","millisecond","","n/a","0"
"WIN-DEMO-APP01","cpu.ready.summation","8/20/2026 2:47:40 AM","20","467","23.35","millisecond","","n/a","0"
"WIN-DEMO-APP01","cpu.ready.summation","8/20/2026 2:48:00 AM","20","1354","67.7","millisecond","","n/a","0"
"WIN-DEMO-APP01","cpu.ready.summation","8/20/2026 2:48:20 AM","20","1068","53.4","millisecond","","n/a","0"
"WIN-DEMO-APP01","cpu.ready.summation","8/20/2026 2:48:40 AM","20","1279","63.95","millisecond","","n/a","0"
"WIN-DEMO-APP01","cpu.ready.summation","8/20/2026 2:49:00 AM","20","1152","57.6","millisecond","","n/a","0"
"WIN-DEMO-APP01","cpu.ready.summation","8/20/2026 2:49:20 AM","20","1028","51.4","millisecond","","n/a","0"
"WIN-DEMO-APP01","cpu.ready.summation","8/20/2026 2:49:40 AM","20","647","32.35","millisecond","","n/a","0"
"WIN-DEMO-APP01","cpu.ready.summation","8/20/2026 2:50:00 AM","20","868","43.4","millisecond","","n/a","0"
"WIN-DEMO-APP01","cpu.ready.summation","8/20/2026 2:50:20 AM","20","947","47.35","millisecond","","n/a","0"
"WIN-DEMO-APP01","cpu.ready.summation","8/20/2026 2:50:40 AM","20","1139","56.95","millisecond","","n/a","0"
"WIN-DEMO-APP01","cpu.ready.summation","8/20/2026 2:51:00 AM","20","945","47.25","millisecond","","n/a","0"
"WIN-DEMO-APP01","cpu.ready.summation","8/20/2026 2:51:20 AM","20","1141","57.05","millisecond","","n/a","0"
"WIN-DEMO-APP01","cpu.ready.summation","8/20/2026 2:51:40 AM","20","852","42.6","millisecond","","n/a","0"
"WIN-DEMO-APP01","cpu.ready.summation","8/20/2026 2:52:00 AM","20","741","37.05","millisecond","","n/a","0"
"WIN-DEMO-APP01","cpu.ready.summation","8/20/2026 2:52:20 AM","20","869","43.45","millisecond","","n/a","0"
"WIN-DEMO-APP01","cpu.ready.summation","8/20/2026 2:52:40 AM","20","980","49","millisecond","","n/a","0"
"WIN-DEMO-APP01","cpu.ready.summation","8/20/2026 2:53:00 AM","20","562","28.1","millisecond","","n/a","0"
"WIN-DEMO-APP01","cpu.ready.summation","8/20/2026 2:53:20 AM","20","657","32.85","millisecond","","n/a","0"
"WIN-DEMO-APP01","cpu.ready.summation","8/20/2026 2:53:40 AM","20","645","32.25","millisecond","","n/a","0"
"WIN-DEMO-APP01","cpu.ready.summation","8/20/2026 2:54:00 AM","20","606","30.3","millisecond","","n/a","0"
"WIN-DEMO-APP01","cpu.ready.summation","8/20/2026 2:54:20 AM","20","681","34.05","millisecond","","n/a","0"
"WIN-DEMO-APP01","cpu.ready.summation","8/20/2026 2:54:40 AM","20","721","36.05","millisecond","","n/a","0"
"WIN-DEMO-APP01","cpu.ready.summation","8/20/2026 2:55:00 AM","20","983","49.15","millisecond","","n/a","0"
"WIN-DEMO-APP01","cpu.ready.summation","8/20/2026 2:55:20 AM","20","353","17.65","millisecond","","n/a","0"
"WIN-DEMO-APP01","cpu.ready.summation","8/20/2026 2:55:40 AM","20","225","11.25","millisecond","","n/a","0"
"WIN-DEMO-APP01","cpu.ready.summation","8/20/2026 2:56:00 AM","20","578","28.9","millisecond","","n/a","0"
"WIN-DEMO-APP01","cpu.ready.summation","8/20/2026 2:56:20 AM","20","575","28.75","millisecond","","n/a","0"
"WIN-DEMO-APP01","cpu.ready.summation","8/20/2026 2:56:40 AM","20","539","26.95","millisecond","","n/a","0"
"WIN-DEMO-APP01","cpu.ready.summation","8/20/2026 2:57:00 AM","20","863","43.15","millisecond","","n/a","0"
"WIN-DEMO-APP01","cpu.ready.summation","8/20/2026 2:57:20 AM","20","409","20.45","millisecond","","n/a","0"
"WIN-DEMO-APP01","cpu.ready.summation","8/20/2026 2:57:40 AM","20","570","28.5","millisecond","","n/a","0"
"WIN-DEMO-APP01","cpu.ready.summation","8/20/2026 2:58:00 AM","20","736","36.8","millisecond","","n/a","0"
"WIN-DEMO-APP01","cpu.ready.summation","8/20/2026 2:58:20 AM","20","807","40.35","millisecond","","n/a","0"
"WIN-DEMO-APP01","cpu.ready.summation","8/20/2026 2:58:40 AM","20","193","9.65","millisecond","","n/a","0"
"WIN-DEMO-APP01","cpu.ready.summation","8/20/2026 2:59:00 AM","20","600","30","millisecond","","n/a","0"
"WIN-DEMO-APP01","cpu.ready.summation","8/20/2026 2:59:20 AM","20","717","35.85","millisecond","","n/a","0"
"WIN-DEMO-APP01","cpu.ready.summation","8/20/2026 2:59:40 AM","20","611","30.55","millisecond","","n/a","0"
"WIN-DEMO-APP01","cpu.ready.summation","8/20/2026 3:00:00 AM","20","974","48.7","millisecond","","n/a","0"
"WIN-DEMO-APP01","cpu.ready.summation","8/20/2026 3:00:20 AM","20","1138","56.9","millisecond","","n/a","0"
"WIN-DEMO-APP01","cpu.ready.summation","8/20/2026 3:00:40 AM","20","1052","52.6","millisecond","","n/a","0"
"WIN-DEMO-APP01","cpu.ready.summation","8/20/2026 3:01:00 AM","20","1003","50.15","millisecond","","n/a","0"
"WIN-DEMO-APP01","cpu.ready.summation","8/20/2026 3:01:20 AM","20","657","32.85","millisecond","","n/a","0"
"WIN-DEMO-APP01","cpu.ready.summation","8/20/2026 3:01:40 AM","20","518","25.9","millisecond","","n/a","0"
"WIN-DEMO-APP01","cpu.ready.summation","8/20/2026 3:02:00 AM","20","873","43.65","millisecond","","n/a","0"
"WIN-DEMO-APP01","cpu.ready.summation","8/20/2026 3:02:20 AM","20","779","38.95","millisecond","","n/a","0"
"WIN-DEMO-APP01","cpu.ready.summation","8/20/2026 3:02:40 AM","20","672","33.6","millisecond","","n/a","0"
"WIN-DEMO-APP01","cpu.ready.summation","8/20/2026 3:03:00 AM","20","586","29.3","millisecond","","n/a","0"
"WIN-DEMO-APP01","cpu.ready.summation","8/20/2026 3:03:20 AM","20","667","33.35","millisecond","","n/a","0"
"WIN-DEMO-APP01","cpu.ready.summation","8/20/2026 3:03:40 AM","20","382","19.1","millisecond","","n/a","0"
"WIN-DEMO-APP01","cpu.ready.summation","8/20/2026 3:04:00 AM","20","1035","51.75","millisecond","","n/a","0"
"WIN-DEMO-APP01","cpu.ready.summation","8/20/2026 3:04:20 AM","20","583","29.15","millisecond","","n/a","0"
"WIN-DEMO-APP01","cpu.ready.summation","8/20/2026 3:04:40 AM","20","581","29.05","millisecond","","n/a","0"
"WIN-DEMO-APP01","cpu.ready.summation","8/20/2026 3:05:00 AM","20","390","19.5","millisecond","","n/a","0"
"WIN-DEMO-APP01","cpu.ready.summation","8/20/2026 3:05:20 AM","20","186","9.3","millisecond","","n/a","0"
"WIN-DEMO-APP01","cpu.ready.summation","8/20/2026 3:05:40 AM","20","276","13.8","millisecond","","n/a","0"
"WIN-DEMO-APP01","cpu.ready.summation","8/20/2026 3:06:00 AM","20","249","12.45","millisecond","","n/a","0"
"WIN-DEMO-APP01","cpu.ready.summation","8/20/2026 3:06:20 AM","20","745","37.25","millisecond","","n/a","0"
"WIN-DEMO-APP01","cpu.ready.summation","8/20/2026 3:06:40 AM","20","614","30.7","millisecond","","n/a","0"
"WIN-DEMO-APP01","cpu.ready.summation","8/20/2026 3:07:00 AM","20","794","39.7","millisecond","","n/a","0"
"WIN-DEMO-APP01","cpu.ready.summation","8/20/2026 3:07:20 AM","20","1215","60.75","millisecond","","n/a","0"
"WIN-DEMO-APP01","cpu.ready.summation","8/20/2026 3:07:40 AM","20","923","46.15","millisecond","","n/a","0"
"WIN-DEMO-APP01","cpu.ready.summation","8/20/2026 3:08:00 AM","20","621","31.05","millisecond","","n/a","0"
"WIN-DEMO-APP01","cpu.ready.summation","8/20/2026 3:08:20 AM","20","831","41.55","millisecond","","n/a","0"
"WIN-DEMO-APP01","cpu.ready.summation","8/20/2026 3:08:40 AM","20","953","47.65","millisecond","","n/a","0"
"WIN-DEMO-APP01","cpu.ready.summation","8/20/2026 3:09:00 AM","20","674","33.7","millisecond","","n/a","0"
"WIN-DEMO-APP01","cpu.ready.summation","8/20/2026 3:09:20 AM","20","693","34.65","millisecond","","n/a","0"
"WIN-DEMO-APP01","cpu.ready.summation","8/20/2026 3:09:40 AM","20","459","22.95","millisecond","","n/a","0"
"WIN-DEMO-APP01","cpu.ready.summation","8/20/2026 3:10:00 AM","20","279","13.95","millisecond","","n/a","0"
"WIN-DEMO-APP01","cpu.ready.summation","8/20/2026 3:10:20 AM","20","557","27.85","millisecond","","n/a","0"
"WIN-DEMO-APP01","cpu.ready.summation","8/20/2026 3:10:40 AM","20","925","46.25","millisecond","","n/a","0"
"WIN-DEMO-APP01","cpu.ready.summation","8/20/2026 3:11:00 AM","20","1114","55.7","millisecond","","n/a","0"
"WIN-DEMO-APP01","cpu.ready.summation","8/20/2026 3:11:20 AM","20","1020","51","millisecond","","n/a","0"
"WIN-DEMO-APP01","cpu.ready.summation","8/20/2026 3:11:40 AM","20","432","21.6","millisecond","","n/a","0"
"WIN-DEMO-APP01","cpu.ready.summation","8/20/2026 3:12:00 AM","20","133","6.65","millisecond","","n/a","0"
"WIN-DEMO-APP01","cpu.ready.summation","8/20/2026 3:12:20 AM","20","160","8","millisecond","","n/a","0"
"WIN-DEMO-APP01","cpu.ready.summation","8/20/2026 3:12:40 AM","20","115","5.75","millisecond","","n/a","0"
"WIN-DEMO-APP01","cpu.ready.summation","8/20/2026 3:13:00 AM","20","49","2.45","millisecond","","n/a","0"
"WIN-DEMO-APP01","cpu.ready.summation","8/20/2026 3:13:20 AM","20","175","8.75","millisecond","","n/a","0"
"WIN-DEMO-APP01","cpu.ready.summation","8/20/2026 3:13:40 AM","20","546","27.3","millisecond","","n/a","0"
"WIN-DEMO-APP01","cpu.ready.summation","8/20/2026 3:14:00 AM","20","525","26.25","millisecond","","n/a","0"
"WIN-DEMO-APP01","cpu.ready.summation","8/20/2026 3:14:20 AM","20","1055","52.75","millisecond","","n/a","0"
"WIN-DEMO-APP01","cpu.ready.summation","8/20/2026 3:14:40 AM","20","622","31.1","millisecond","","n/a","0"
"WIN-DEMO-APP01","cpu.ready.summation","8/20/2026 3:15:00 AM","20","747","37.35","millisecond","","n/a","0"
"WIN-DEMO-APP01","cpu.ready.summation","8/20/2026 3:15:20 AM","20","152","7.6","millisecond","","n/a","0"
"WIN-DEMO-APP01","cpu.ready.summation","8/20/2026 3:15:40 AM","20","713","35.65","millisecond","","n/a","0"
"WIN-DEMO-APP01","cpu.ready.summation","8/20/2026 3:16:00 AM","20","812","40.6","millisecond","","n/a","0"
"WIN-DEMO-APP01","cpu.ready.summation","8/20/2026 3:16:20 AM","20","961","48.05","millisecond","","n/a","0"
"WIN-DEMO-APP01","cpu.ready.summation","8/20/2026 3:16:40 AM","20","1061","53.05","millisecond","","n/a","0"
"WIN-DEMO-APP01","cpu.ready.summation","8/20/2026 3:17:00 AM","20","622","31.1","millisecond","","n/a","0"
"WIN-DEMO-APP01","cpu.ready.summation","8/20/2026 3:17:20 AM","20","659","32.95","millisecond","","n/a","0"
"WIN-DEMO-APP01","cpu.ready.summation","8/20/2026 3:17:40 AM","20","642","32.1","millisecond","","n/a","0"
"WIN-DEMO-APP01","cpu.ready.summation","8/20/2026 3:18:00 AM","20","323","16.15","millisecond","","n/a","0"
"WIN-DEMO-APP01","cpu.ready.summation","8/20/2026 3:18:20 AM","20","654","32.7","millisecond","","n/a","0"
"WIN-DEMO-APP01","cpu.ready.summation","8/20/2026 3:18:40 AM","20","232","11.6","millisecond","","n/a","0"
"WIN-DEMO-APP01","cpu.ready.summation","8/20/2026 3:19:00 AM","20","460","23","millisecond","","n/a","0"
"WIN-DEMO-APP01","cpu.ready.summation","8/20/2026 3:19:20 AM","20","1349","67.45","millisecond","","n/a","0"
"WIN-DEMO-APP01","cpu.ready.summation","8/20/2026 3:19:40 AM","20","960","48","millisecond","","n/a","0"
"WIN-DEMO-APP01","cpu.ready.summation","8/20/2026 3:20:00 AM","20","833","41.65","millisecond","","n/a","0"
"WIN-DEMO-APP01","cpu.ready.summation","8/20/2026 3:20:20 AM","20","612","30.6","millisecond","","n/a","0"
"WIN-DEMO-APP01","cpu.ready.summation","8/20/2026 3:20:40 AM","20","596","29.8","millisecond","","n/a","0"
"WIN-DEMO-APP01","cpu.ready.summation","8/20/2026 3:21:00 AM","20","898","44.9","millisecond","","n/a","0"
"WIN-DEMO-APP01","cpu.ready.summation","8/20/2026 3:21:20 AM","20","658","32.9","millisecond","","n/a","0"
"WIN-DEMO-APP01","cpu.ready.summation","8/20/2026 3:21:40 AM","20","449","22.45","millisecond","","n/a","0"
"WIN-DEMO-APP01","cpu.ready.summation","8/20/2026 3:22:00 AM","20","555","27.75","millisecond","","n/a","0"
"WIN-DEMO-APP01","cpu.ready.summation","8/20/2026 3:22:20 AM","20","533","26.65","millisecond","","n/a","0"
"WIN-DEMO-APP01","cpu.ready.summation","8/20/2026 3:22:40 AM","20","401","20.05","millisecond","","n/a","0"
"WIN-DEMO-APP01","cpu.ready.summation","8/20/2026 3:23:00 AM","20","717","35.85","millisecond","","n/a","0"
"WIN-DEMO-APP01","cpu.ready.summation","8/20/2026 3:23:20 AM","20","623","31.15","millisecond","","n/a","0"
"WIN-DEMO-APP01","cpu.ready.summation","8/20/2026 3:23:40 AM","20","1105","55.25","millisecond","","n/a","0"
"WIN-DEMO-APP01","cpu.ready.summation","8/20/2026 3:24:00 AM","20","845","42.25","millisecond","","n/a","0"
"WIN-DEMO-APP01","cpu.ready.summation","8/20/2026 3:24:20 AM","20","882","44.1","millisecond","","n/a","0"
"WIN-DEMO-APP01","cpu.ready.summation","8/20/2026 3:24:40 AM","20","674","33.7","millisecond","","n/a","0"
"WIN-DEMO-APP01","cpu.ready.summation","8/20/2026 3:25:00 AM","20","394","19.7","millisecond","","n/a","0"
"WIN-DEMO-APP01","cpu.ready.summation","8/20/2026 3:25:20 AM","20","514","25.7","millisecond","","n/a","0"
"WIN-DEMO-APP01","cpu.ready.summation","8/20/2026 3:25:40 AM","20","733","36.65","millisecond","","n/a","0"
"WIN-DEMO-APP01","cpu.ready.summation","8/20/2026 3:26:00 AM","20","747","37.35","millisecond","","n/a","0"
"WIN-DEMO-APP01","cpu.ready.summation","8/20/2026 3:26:20 AM","20","715","35.75","millisecond","","n/a","0"
"WIN-DEMO-APP01","cpu.ready.summation","8/20/2026 3:26:40 AM","20","1081","54.05","millisecond","","n/a","0"
"WIN-DEMO-APP01","cpu.ready.summation","8/20/2026 3:27:00 AM","20","1098","54.9","millisecond","","n/a","0"
"WIN-DEMO-APP01","cpu.ready.summation","8/20/2026 3:27:20 AM","20","926","46.3","millisecond","","n/a","0"
"WIN-DEMO-APP01","cpu.ready.summation","8/20/2026 3:27:40 AM","20","570","28.5","millisecond","","n/a","0"
"WIN-DEMO-APP01","cpu.ready.summation","8/20/2026 3:28:00 AM","20","776","38.8","millisecond","","n/a","0"
"WIN-DEMO-APP01","cpu.ready.summation","8/20/2026 3:28:20 AM","20","891","44.55","millisecond","","n/a","0"
"WIN-DEMO-APP01","cpu.ready.summation","8/20/2026 3:28:40 AM","20","599","29.95","millisecond","","n/a","0"
"WIN-DEMO-APP01","cpu.ready.summation","8/20/2026 3:29:00 AM","20","656","32.8","millisecond","","n/a","0"
"WIN-DEMO-APP01","cpu.ready.summation","8/20/2026 3:29:20 AM","20","619","30.95","millisecond","","n/a","0"
"WIN-DEMO-APP01","cpu.ready.summation","8/20/2026 3:29:40 AM","20","797","39.85","millisecond","","n/a","0"
"WIN-DEMO-APP01","cpu.ready.summation","8/20/2026 3:30:00 AM","20","673","33.65","millisecond","","n/a","0"
"WIN-DEMO-APP01","cpu.usage.average","8/20/2026 2:30:20 AM","20","3.15000009536743","3.15000009536743","%","","n/a","0"
"WIN-DEMO-APP01","cpu.usage.average","8/20/2026 2:30:40 AM","20","3.19000005722046","3.19000005722046","%","","n/a","0"
"WIN-DEMO-APP01","cpu.usage.average","8/20/2026 2:31:00 AM","20","3.5","3.5","%","","n/a","0"
"WIN-DEMO-APP01","cpu.usage.average","8/20/2026 2:31:20 AM","20","3.34999990463257","3.34999990463257","%","","n/a","0"
"WIN-DEMO-APP01","cpu.usage.average","8/20/2026 2:31:40 AM","20","3.40000009536743","3.40000009536743","%","","n/a","0"
"WIN-DEMO-APP01","cpu.usage.average","8/20/2026 2:32:00 AM","20","3.4300000667572","3.4300000667572","%","","n/a","0"
"WIN-DEMO-APP01","cpu.usage.average","8/20/2026 2:32:20 AM","20","3.38000011444092","3.38000011444092","%","","n/a","0"
"WIN-DEMO-APP01","cpu.usage.average","8/20/2026 2:32:40 AM","20","3.49000000953674","3.49000000953674","%","","n/a","0"
"WIN-DEMO-APP01","cpu.usage.average","8/20/2026 2:33:00 AM","20","3.6800000667572","3.6800000667572","%","","n/a","0"
"WIN-DEMO-APP01","cpu.usage.average","8/20/2026 2:33:20 AM","20","3.09999990463257","3.09999990463257","%","","n/a","0"
"WIN-DEMO-APP01","cpu.usage.average","8/20/2026 2:33:40 AM","20","3.24000000953674","3.24000000953674","%","","n/a","0"
"WIN-DEMO-APP01","cpu.usage.average","8/20/2026 2:34:00 AM","20","3.28999996185303","3.28999996185303","%","","n/a","0"
"WIN-DEMO-APP01","cpu.usage.average","8/20/2026 2:34:20 AM","20","3.32999992370605","3.32999992370605","%","","n/a","0"
"WIN-DEMO-APP01","cpu.usage.average","8/20/2026 2:34:40 AM","20","3.25","3.25","%","","n/a","0"
"WIN-DEMO-APP01","cpu.usage.average","8/20/2026 2:35:00 AM","20","3.3199999332428","3.3199999332428","%","","n/a","0"
"WIN-DEMO-APP01","cpu.usage.average","8/20/2026 2:35:20 AM","20","3.23000001907349","3.23000001907349","%","","n/a","0"
"WIN-DEMO-APP01","cpu.usage.average","8/20/2026 2:35:40 AM","20","3.1800000667572","3.1800000667572","%","","n/a","0"
"WIN-DEMO-APP01","cpu.usage.average","8/20/2026 2:36:00 AM","20","3.15000009536743","3.15000009536743","%","","n/a","0"
"WIN-DEMO-APP01","cpu.usage.average","8/20/2026 2:36:20 AM","20","3.27999997138977","3.27999997138977","%","","n/a","0"
"WIN-DEMO-APP01","cpu.usage.average","8/20/2026 2:36:40 AM","20","3.4300000667572","3.4300000667572","%","","n/a","0"
"WIN-DEMO-APP01","cpu.usage.average","8/20/2026 2:37:00 AM","20","3.33999991416931","3.33999991416931","%","","n/a","0"
"WIN-DEMO-APP01","cpu.usage.average","8/20/2026 2:37:20 AM","20","3.47000002861023","3.47000002861023","%","","n/a","0"
"WIN-DEMO-APP01","cpu.usage.average","8/20/2026 2:37:40 AM","20","3.16000008583069","3.16000008583069","%","","n/a","0"
"WIN-DEMO-APP01","cpu.usage.average","8/20/2026 2:38:00 AM","20","3.57999992370605","3.57999992370605","%","","n/a","0"
"WIN-DEMO-APP01","cpu.usage.average","8/20/2026 2:38:20 AM","20","3.23000001907349","3.23000001907349","%","","n/a","0"
"WIN-DEMO-APP01","cpu.usage.average","8/20/2026 2:38:40 AM","20","3.29999995231628","3.29999995231628","%","","n/a","0"
"WIN-DEMO-APP01","cpu.usage.average","8/20/2026 2:39:00 AM","20","3.53999996185303","3.53999996185303","%","","n/a","0"
"WIN-DEMO-APP01","cpu.usage.average","8/20/2026 2:39:20 AM","20","3.46000003814697","3.46000003814697","%","","n/a","0"
"WIN-DEMO-APP01","cpu.usage.average","8/20/2026 2:39:40 AM","20","3.44000005722046","3.44000005722046","%","","n/a","0"
"WIN-DEMO-APP01","cpu.usage.average","8/20/2026 2:40:00 AM","20","3.4300000667572","3.4300000667572","%","","n/a","0"
"WIN-DEMO-APP01","cpu.usage.average","8/20/2026 2:40:20 AM","20","3.25","3.25","%","","n/a","0"
"WIN-DEMO-APP01","cpu.usage.average","8/20/2026 2:40:40 AM","20","3.48000001907349","3.48000001907349","%","","n/a","0"
"WIN-DEMO-APP01","cpu.usage.average","8/20/2026 2:41:00 AM","20","3.54999995231628","3.54999995231628","%","","n/a","0"
"WIN-DEMO-APP01","cpu.usage.average","8/20/2026 2:41:20 AM","20","3.38000011444092","3.38000011444092","%","","n/a","0"
"WIN-DEMO-APP01","cpu.usage.average","8/20/2026 2:41:40 AM","20","3.27999997138977","3.27999997138977","%","","n/a","0"
"WIN-DEMO-APP01","cpu.usage.average","8/20/2026 2:42:00 AM","20","3.48000001907349","3.48000001907349","%","","n/a","0"
"WIN-DEMO-APP01","cpu.usage.average","8/20/2026 2:42:20 AM","20","3.5699999332428","3.5699999332428","%","","n/a","0"
"WIN-DEMO-APP01","cpu.usage.average","8/20/2026 2:42:40 AM","20","3.42000007629395","3.42000007629395","%","","n/a","0"
"WIN-DEMO-APP01","cpu.usage.average","8/20/2026 2:43:00 AM","20","3.53999996185303","3.53999996185303","%","","n/a","0"
"WIN-DEMO-APP01","cpu.usage.average","8/20/2026 2:43:20 AM","20","3.4300000667572","3.4300000667572","%","","n/a","0"
"WIN-DEMO-APP01","cpu.usage.average","8/20/2026 2:43:40 AM","20","3.59999990463257","3.59999990463257","%","","n/a","0"
"WIN-DEMO-APP01","cpu.usage.average","8/20/2026 2:44:00 AM","20","3.5699999332428","3.5699999332428","%","","n/a","0"
"WIN-DEMO-APP01","cpu.usage.average","8/20/2026 2:44:20 AM","20","3.39000010490417","3.39000010490417","%","","n/a","0"
"WIN-DEMO-APP01","cpu.usage.average","8/20/2026 2:44:40 AM","20","3.49000000953674","3.49000000953674","%","","n/a","0"
"WIN-DEMO-APP01","cpu.usage.average","8/20/2026 2:45:00 AM","20","3.44000005722046","3.44000005722046","%","","n/a","0"
"WIN-DEMO-APP01","cpu.usage.average","8/20/2026 2:45:20 AM","20","3.51999998092651","3.51999998092651","%","","n/a","0"
"WIN-DEMO-APP01","cpu.usage.average","8/20/2026 2:45:40 AM","20","3.53999996185303","3.53999996185303","%","","n/a","0"
"WIN-DEMO-APP01","cpu.usage.average","8/20/2026 2:46:00 AM","20","3.49000000953674","3.49000000953674","%","","n/a","0"
"WIN-DEMO-APP01","cpu.usage.average","8/20/2026 2:46:20 AM","20","3.23000001907349","3.23000001907349","%","","n/a","0"
"WIN-DEMO-APP01","cpu.usage.average","8/20/2026 2:46:40 AM","20","3.15000009536743","3.15000009536743","%","","n/a","0"
"WIN-DEMO-APP01","cpu.usage.average","8/20/2026 2:47:00 AM","20","3.35999989509583","3.35999989509583","%","","n/a","0"
"WIN-DEMO-APP01","cpu.usage.average","8/20/2026 2:47:20 AM","20","3.41000008583069","3.41000008583069","%","","n/a","0"
"WIN-DEMO-APP01","cpu.usage.average","8/20/2026 2:47:40 AM","20","3.64000010490417","3.64000010490417","%","","n/a","0"
"WIN-DEMO-APP01","cpu.usage.average","8/20/2026 2:48:00 AM","20","3.75","3.75","%","","n/a","0"
"WIN-DEMO-APP01","cpu.usage.average","8/20/2026 2:48:20 AM","20","3.5699999332428","3.5699999332428","%","","n/a","0"
"WIN-DEMO-APP01","cpu.usage.average","8/20/2026 2:48:40 AM","20","3.39000010490417","3.39000010490417","%","","n/a","0"
"WIN-DEMO-APP01","cpu.usage.average","8/20/2026 2:49:00 AM","20","3.30999994277954","3.30999994277954","%","","n/a","0"
"WIN-DEMO-APP01","cpu.usage.average","8/20/2026 2:49:20 AM","20","3.63000011444092","3.63000011444092","%","","n/a","0"
"WIN-DEMO-APP01","cpu.usage.average","8/20/2026 2:49:40 AM","20","3.36999988555908","3.36999988555908","%","","n/a","0"
"WIN-DEMO-APP01","cpu.usage.average","8/20/2026 2:50:00 AM","20","3.5699999332428","3.5699999332428","%","","n/a","0"
"WIN-DEMO-APP01","cpu.usage.average","8/20/2026 2:50:20 AM","20","3.25","3.25","%","","n/a","0"
"WIN-DEMO-APP01","cpu.usage.average","8/20/2026 2:50:40 AM","20","3.58999991416931","3.58999991416931","%","","n/a","0"
"WIN-DEMO-APP01","cpu.usage.average","8/20/2026 2:51:00 AM","20","3.4300000667572","3.4300000667572","%","","n/a","0"
"WIN-DEMO-APP01","cpu.usage.average","8/20/2026 2:51:20 AM","20","3.40000009536743","3.40000009536743","%","","n/a","0"
"WIN-DEMO-APP01","cpu.usage.average","8/20/2026 2:51:40 AM","20","3.34999990463257","3.34999990463257","%","","n/a","0"
"WIN-DEMO-APP01","cpu.usage.average","8/20/2026 2:52:00 AM","20","3.30999994277954","3.30999994277954","%","","n/a","0"
"WIN-DEMO-APP01","cpu.usage.average","8/20/2026 2:52:20 AM","20","3.4300000667572","3.4300000667572","%","","n/a","0"
"WIN-DEMO-APP01","cpu.usage.average","8/20/2026 2:52:40 AM","20","3.3199999332428","3.3199999332428","%","","n/a","0"
"WIN-DEMO-APP01","cpu.usage.average","8/20/2026 2:53:00 AM","20","3.40000009536743","3.40000009536743","%","","n/a","0"
"WIN-DEMO-APP01","cpu.usage.average","8/20/2026 2:53:20 AM","20","3.5","3.5","%","","n/a","0"
"WIN-DEMO-APP01","cpu.usage.average","8/20/2026 2:53:40 AM","20","3.36999988555908","3.36999988555908","%","","n/a","0"
"WIN-DEMO-APP01","cpu.usage.average","8/20/2026 2:54:00 AM","20","3.23000001907349","3.23000001907349","%","","n/a","0"
"WIN-DEMO-APP01","cpu.usage.average","8/20/2026 2:54:20 AM","20","3.35999989509583","3.35999989509583","%","","n/a","0"
"WIN-DEMO-APP01","cpu.usage.average","8/20/2026 2:54:40 AM","20","3.22000002861023","3.22000002861023","%","","n/a","0"
"WIN-DEMO-APP01","cpu.usage.average","8/20/2026 2:55:00 AM","20","3.48000001907349","3.48000001907349","%","","n/a","0"
"WIN-DEMO-APP01","cpu.usage.average","8/20/2026 2:55:20 AM","20","3.3199999332428","3.3199999332428","%","","n/a","0"
"WIN-DEMO-APP01","cpu.usage.average","8/20/2026 2:55:40 AM","20","3.08999991416931","3.08999991416931","%","","n/a","0"
"WIN-DEMO-APP01","cpu.usage.average","8/20/2026 2:56:00 AM","20","3.21000003814697","3.21000003814697","%","","n/a","0"
"WIN-DEMO-APP01","cpu.usage.average","8/20/2026 2:56:20 AM","20","3.3199999332428","3.3199999332428","%","","n/a","0"
"WIN-DEMO-APP01","cpu.usage.average","8/20/2026 2:56:40 AM","20","3.27999997138977","3.27999997138977","%","","n/a","0"
"WIN-DEMO-APP01","cpu.usage.average","8/20/2026 2:57:00 AM","20","3.25","3.25","%","","n/a","0"
"WIN-DEMO-APP01","cpu.usage.average","8/20/2026 2:57:20 AM","20","3.3199999332428","3.3199999332428","%","","n/a","0"
"WIN-DEMO-APP01","cpu.usage.average","8/20/2026 2:57:40 AM","20","3.34999990463257","3.34999990463257","%","","n/a","0"
"WIN-DEMO-APP01","cpu.usage.average","8/20/2026 2:58:00 AM","20","3.24000000953674","3.24000000953674","%","","n/a","0"
"WIN-DEMO-APP01","cpu.usage.average","8/20/2026 2:58:20 AM","20","3.54999995231628","3.54999995231628","%","","n/a","0"
"WIN-DEMO-APP01","cpu.usage.average","8/20/2026 2:58:40 AM","20","3.04999995231628","3.04999995231628","%","","n/a","0"
"WIN-DEMO-APP01","cpu.usage.average","8/20/2026 2:59:00 AM","20","3.19000005722046","3.19000005722046","%","","n/a","0"
"WIN-DEMO-APP01","cpu.usage.average","8/20/2026 2:59:20 AM","20","3.46000003814697","3.46000003814697","%","","n/a","0"
"WIN-DEMO-APP01","cpu.usage.average","8/20/2026 2:59:40 AM","20","3.26999998092651","3.26999998092651","%","","n/a","0"
"WIN-DEMO-APP01","cpu.usage.average","8/20/2026 3:00:00 AM","20","3.20000004768372","3.20000004768372","%","","n/a","0"
"WIN-DEMO-APP01","cpu.usage.average","8/20/2026 3:00:20 AM","20","3.45000004768372","3.45000004768372","%","","n/a","0"
"WIN-DEMO-APP01","cpu.usage.average","8/20/2026 3:00:40 AM","20","3.52999997138977","3.52999997138977","%","","n/a","0"
"WIN-DEMO-APP01","cpu.usage.average","8/20/2026 3:01:00 AM","20","3.1800000667572","3.1800000667572","%","","n/a","0"
"WIN-DEMO-APP01","cpu.usage.average","8/20/2026 3:01:20 AM","20","3.48000001907349","3.48000001907349","%","","n/a","0"
"WIN-DEMO-APP01","cpu.usage.average","8/20/2026 3:01:40 AM","20","3.25","3.25","%","","n/a","0"
"WIN-DEMO-APP01","cpu.usage.average","8/20/2026 3:02:00 AM","20","3.20000004768372","3.20000004768372","%","","n/a","0"
"WIN-DEMO-APP01","cpu.usage.average","8/20/2026 3:02:20 AM","20","3.32999992370605","3.32999992370605","%","","n/a","0"
"WIN-DEMO-APP01","cpu.usage.average","8/20/2026 3:02:40 AM","20","3.16000008583069","3.16000008583069","%","","n/a","0"
"WIN-DEMO-APP01","cpu.usage.average","8/20/2026 3:03:00 AM","20","3.11999988555908","3.11999988555908","%","","n/a","0"
"WIN-DEMO-APP01","cpu.usage.average","8/20/2026 3:03:20 AM","20","3.44000005722046","3.44000005722046","%","","n/a","0"
"WIN-DEMO-APP01","cpu.usage.average","8/20/2026 3:03:40 AM","20","3.08999991416931","3.08999991416931","%","","n/a","0"
"WIN-DEMO-APP01","cpu.usage.average","8/20/2026 3:04:00 AM","20","3.38000011444092","3.38000011444092","%","","n/a","0"
"WIN-DEMO-APP01","cpu.usage.average","8/20/2026 3:04:20 AM","20","3.42000007629395","3.42000007629395","%","","n/a","0"
"WIN-DEMO-APP01","cpu.usage.average","8/20/2026 3:04:40 AM","20","3.38000011444092","3.38000011444092","%","","n/a","0"
"WIN-DEMO-APP01","cpu.usage.average","8/20/2026 3:05:00 AM","20","3.21000003814697","3.21000003814697","%","","n/a","0"
"WIN-DEMO-APP01","cpu.usage.average","8/20/2026 3:05:20 AM","20","3.38000011444092","3.38000011444092","%","","n/a","0"
"WIN-DEMO-APP01","cpu.usage.average","8/20/2026 3:05:40 AM","20","3.25","3.25","%","","n/a","0"
"WIN-DEMO-APP01","cpu.usage.average","8/20/2026 3:06:00 AM","20","3.33999991416931","3.33999991416931","%","","n/a","0"
"WIN-DEMO-APP01","cpu.usage.average","8/20/2026 3:06:20 AM","20","3.42000007629395","3.42000007629395","%","","n/a","0"
"WIN-DEMO-APP01","cpu.usage.average","8/20/2026 3:06:40 AM","20","3.03999996185303","3.03999996185303","%","","n/a","0"
"WIN-DEMO-APP01","cpu.usage.average","8/20/2026 3:07:00 AM","20","3.26999998092651","3.26999998092651","%","","n/a","0"
"WIN-DEMO-APP01","cpu.usage.average","8/20/2026 3:07:20 AM","20","3.42000007629395","3.42000007629395","%","","n/a","0"
"WIN-DEMO-APP01","cpu.usage.average","8/20/2026 3:07:40 AM","20","3.57999992370605","3.57999992370605","%","","n/a","0"
"WIN-DEMO-APP01","cpu.usage.average","8/20/2026 3:08:00 AM","20","3.49000000953674","3.49000000953674","%","","n/a","0"
"WIN-DEMO-APP01","cpu.usage.average","8/20/2026 3:08:20 AM","20","3.09999990463257","3.09999990463257","%","","n/a","0"
"WIN-DEMO-APP01","cpu.usage.average","8/20/2026 3:08:40 AM","20","3.40000009536743","3.40000009536743","%","","n/a","0"
"WIN-DEMO-APP01","cpu.usage.average","8/20/2026 3:09:00 AM","20","3.33999991416931","3.33999991416931","%","","n/a","0"
"WIN-DEMO-APP01","cpu.usage.average","8/20/2026 3:09:20 AM","20","3.29999995231628","3.29999995231628","%","","n/a","0"
"WIN-DEMO-APP01","cpu.usage.average","8/20/2026 3:09:40 AM","20","3.21000003814697","3.21000003814697","%","","n/a","0"
"WIN-DEMO-APP01","cpu.usage.average","8/20/2026 3:10:00 AM","20","3.13000011444092","3.13000011444092","%","","n/a","0"
"WIN-DEMO-APP01","cpu.usage.average","8/20/2026 3:10:20 AM","20","3.13000011444092","3.13000011444092","%","","n/a","0"
"WIN-DEMO-APP01","cpu.usage.average","8/20/2026 3:10:40 AM","20","3.29999995231628","3.29999995231628","%","","n/a","0"
"WIN-DEMO-APP01","cpu.usage.average","8/20/2026 3:11:00 AM","20","3.48000001907349","3.48000001907349","%","","n/a","0"
"WIN-DEMO-APP01","cpu.usage.average","8/20/2026 3:11:20 AM","20","3.59999990463257","3.59999990463257","%","","n/a","0"
"WIN-DEMO-APP01","cpu.usage.average","8/20/2026 3:11:40 AM","20","3.24000000953674","3.24000000953674","%","","n/a","0"
"WIN-DEMO-APP01","cpu.usage.average","8/20/2026 3:12:00 AM","20","3.10999989509583","3.10999989509583","%","","n/a","0"
"WIN-DEMO-APP01","cpu.usage.average","8/20/2026 3:12:20 AM","20","3.19000005722046","3.19000005722046","%","","n/a","0"
"WIN-DEMO-APP01","cpu.usage.average","8/20/2026 3:12:40 AM","20","3.39000010490417","3.39000010490417","%","","n/a","0"
"WIN-DEMO-APP01","cpu.usage.average","8/20/2026 3:13:00 AM","20","3.17000007629395","3.17000007629395","%","","n/a","0"
"WIN-DEMO-APP01","cpu.usage.average","8/20/2026 3:13:20 AM","20","3.15000009536743","3.15000009536743","%","","n/a","0"
"WIN-DEMO-APP01","cpu.usage.average","8/20/2026 3:13:40 AM","20","3.49000000953674","3.49000000953674","%","","n/a","0"
"WIN-DEMO-APP01","cpu.usage.average","8/20/2026 3:14:00 AM","20","3.22000002861023","3.22000002861023","%","","n/a","0"
"WIN-DEMO-APP01","cpu.usage.average","8/20/2026 3:14:20 AM","20","3.3199999332428","3.3199999332428","%","","n/a","0"
"WIN-DEMO-APP01","cpu.usage.average","8/20/2026 3:14:40 AM","20","5.23000001907349","5.23000001907349","%","","n/a","0"
"WIN-DEMO-APP01","cpu.usage.average","8/20/2026 3:15:00 AM","20","8.89000034332275","8.89000034332275","%","","n/a","0"
"WIN-DEMO-APP01","cpu.usage.average","8/20/2026 3:15:20 AM","20","4.05999994277954","4.05999994277954","%","","n/a","0"
"WIN-DEMO-APP01","cpu.usage.average","8/20/2026 3:15:40 AM","20","3.29999995231628","3.29999995231628","%","","n/a","0"
"WIN-DEMO-APP01","cpu.usage.average","8/20/2026 3:16:00 AM","20","3.26999998092651","3.26999998092651","%","","n/a","0"
"WIN-DEMO-APP01","cpu.usage.average","8/20/2026 3:16:20 AM","20","3.40000009536743","3.40000009536743","%","","n/a","0"
"WIN-DEMO-APP01","cpu.usage.average","8/20/2026 3:16:40 AM","20","3.49000000953674","3.49000000953674","%","","n/a","0"
"WIN-DEMO-APP01","cpu.usage.average","8/20/2026 3:17:00 AM","20","3.0699999332428","3.0699999332428","%","","n/a","0"
"WIN-DEMO-APP01","cpu.usage.average","8/20/2026 3:17:20 AM","20","3.10999989509583","3.10999989509583","%","","n/a","0"
"WIN-DEMO-APP01","cpu.usage.average","8/20/2026 3:17:40 AM","20","3.34999990463257","3.34999990463257","%","","n/a","0"
"WIN-DEMO-APP01","cpu.usage.average","8/20/2026 3:18:00 AM","20","3.25999999046326","3.25999999046326","%","","n/a","0"
"WIN-DEMO-APP01","cpu.usage.average","8/20/2026 3:18:20 AM","20","3.14000010490417","3.14000010490417","%","","n/a","0"
"WIN-DEMO-APP01","cpu.usage.average","8/20/2026 3:18:40 AM","20","3.20000004768372","3.20000004768372","%","","n/a","0"
"WIN-DEMO-APP01","cpu.usage.average","8/20/2026 3:19:00 AM","20","3.26999998092651","3.26999998092651","%","","n/a","0"
"WIN-DEMO-APP01","cpu.usage.average","8/20/2026 3:19:20 AM","20","3.29999995231628","3.29999995231628","%","","n/a","0"
"WIN-DEMO-APP01","cpu.usage.average","8/20/2026 3:19:40 AM","20","3.24000000953674","3.24000000953674","%","","n/a","0"
"WIN-DEMO-APP01","cpu.usage.average","8/20/2026 3:20:00 AM","20","3.25999999046326","3.25999999046326","%","","n/a","0"
"WIN-DEMO-APP01","cpu.usage.average","8/20/2026 3:20:20 AM","20","3.47000002861023","3.47000002861023","%","","n/a","0"
"WIN-DEMO-APP01","cpu.usage.average","8/20/2026 3:20:40 AM","20","3.38000011444092","3.38000011444092","%","","n/a","0"
"WIN-DEMO-APP01","cpu.usage.average","8/20/2026 3:21:00 AM","20","3.53999996185303","3.53999996185303","%","","n/a","0"
"WIN-DEMO-APP01","cpu.usage.average","8/20/2026 3:21:20 AM","20","3.69000005722046","3.69000005722046","%","","n/a","0"
"WIN-DEMO-APP01","cpu.usage.average","8/20/2026 3:21:40 AM","20","3.44000005722046","3.44000005722046","%","","n/a","0"
"WIN-DEMO-APP01","cpu.usage.average","8/20/2026 3:22:00 AM","20","3.11999988555908","3.11999988555908","%","","n/a","0"
"WIN-DEMO-APP01","cpu.usage.average","8/20/2026 3:22:20 AM","20","3.44000005722046","3.44000005722046","%","","n/a","0"
"WIN-DEMO-APP01","cpu.usage.average","8/20/2026 3:22:40 AM","20","3.55999994277954","3.55999994277954","%","","n/a","0"
"WIN-DEMO-APP01","cpu.usage.average","8/20/2026 3:23:00 AM","20","3.23000001907349","3.23000001907349","%","","n/a","0"
"WIN-DEMO-APP01","cpu.usage.average","8/20/2026 3:23:20 AM","20","3.4300000667572","3.4300000667572","%","","n/a","0"
"WIN-DEMO-APP01","cpu.usage.average","8/20/2026 3:23:40 AM","20","3.51999998092651","3.51999998092651","%","","n/a","0"
"WIN-DEMO-APP01","cpu.usage.average","8/20/2026 3:24:00 AM","20","3.30999994277954","3.30999994277954","%","","n/a","0"
"WIN-DEMO-APP01","cpu.usage.average","8/20/2026 3:24:20 AM","20","3.21000003814697","3.21000003814697","%","","n/a","0"
"WIN-DEMO-APP01","cpu.usage.average","8/20/2026 3:24:40 AM","20","3.1800000667572","3.1800000667572","%","","n/a","0"
"WIN-DEMO-APP01","cpu.usage.average","8/20/2026 3:25:00 AM","20","3.05999994277954","3.05999994277954","%","","n/a","0"
"WIN-DEMO-APP01","cpu.usage.average","8/20/2026 3:25:20 AM","20","3.16000008583069","3.16000008583069","%","","n/a","0"
"WIN-DEMO-APP01","cpu.usage.average","8/20/2026 3:25:40 AM","20","3.34999990463257","3.34999990463257","%","","n/a","0"
"WIN-DEMO-APP01","cpu.usage.average","8/20/2026 3:26:00 AM","20","3.40000009536743","3.40000009536743","%","","n/a","0"
"WIN-DEMO-APP01","cpu.usage.average","8/20/2026 3:26:20 AM","20","3.19000005722046","3.19000005722046","%","","n/a","0"
"WIN-DEMO-APP01","cpu.usage.average","8/20/2026 3:26:40 AM","20","3.33999991416931","3.33999991416931","%","","n/a","0"
"WIN-DEMO-APP01","cpu.usage.average","8/20/2026 3:27:00 AM","20","3.45000004768372","3.45000004768372","%","","n/a","0"
"WIN-DEMO-APP01","cpu.usage.average","8/20/2026 3:27:20 AM","20","3.21000003814697","3.21000003814697","%","","n/a","0"
"WIN-DEMO-APP01","cpu.usage.average","8/20/2026 3:27:40 AM","20","3.40000009536743","3.40000009536743","%","","n/a","0"
"WIN-DEMO-APP01","cpu.usage.average","8/20/2026 3:28:00 AM","20","3.61999988555908","3.61999988555908","%","","n/a","0"
"WIN-DEMO-APP01","cpu.usage.average","8/20/2026 3:28:20 AM","20","3.26999998092651","3.26999998092651","%","","n/a","0"
"WIN-DEMO-APP01","cpu.usage.average","8/20/2026 3:28:40 AM","20","3.47000002861023","3.47000002861023","%","","n/a","0"
"WIN-DEMO-APP01","cpu.usage.average","8/20/2026 3:29:00 AM","20","3.46000003814697","3.46000003814697","%","","n/a","0"
"WIN-DEMO-APP01","cpu.usage.average","8/20/2026 3:29:20 AM","20","3.25","3.25","%","","n/a","0"
"WIN-DEMO-APP01","cpu.usage.average","8/20/2026 3:29:40 AM","20","3.53999996185303","3.53999996185303","%","","n/a","0"
"WIN-DEMO-APP01","cpu.usage.average","8/20/2026 3:30:00 AM","20","3.41000008583069","3.41000008583069","%","","n/a","0"
"WIN-DEMO-APP01","mem.consumed.average","8/20/2026 2:30:20 AM","20","5539824","5539824","KB","","n/a","0"
"WIN-DEMO-APP01","mem.consumed.average","8/20/2026 2:30:40 AM","20","5539824","5539824","KB","","n/a","0"
"WIN-DEMO-APP01","mem.consumed.average","8/20/2026 2:31:00 AM","20","5539824","5539824","KB","","n/a","0"
"WIN-DEMO-APP01","mem.consumed.average","8/20/2026 2:31:20 AM","20","5539824","5539824","KB","","n/a","0"
"WIN-DEMO-APP01","mem.consumed.average","8/20/2026 2:31:40 AM","20","5539824","5539824","KB","","n/a","0"
"WIN-DEMO-APP01","mem.consumed.average","8/20/2026 2:32:00 AM","20","5539824","5539824","KB","","n/a","0"
"WIN-DEMO-APP01","mem.consumed.average","8/20/2026 2:32:20 AM","20","5539824","5539824","KB","","n/a","0"
"WIN-DEMO-APP01","mem.consumed.average","8/20/2026 2:32:40 AM","20","5539824","5539824","KB","","n/a","0"
"WIN-DEMO-APP01","mem.consumed.average","8/20/2026 2:33:00 AM","20","5539824","5539824","KB","","n/a","0"
"WIN-DEMO-APP01","mem.consumed.average","8/20/2026 2:33:20 AM","20","5539824","5539824","KB","","n/a","0"
"WIN-DEMO-APP01","mem.consumed.average","8/20/2026 2:33:40 AM","20","5539824","5539824","KB","","n/a","0"
"WIN-DEMO-APP01","mem.consumed.average","8/20/2026 2:34:00 AM","20","5539824","5539824","KB","","n/a","0"
"WIN-DEMO-APP01","mem.consumed.average","8/20/2026 2:34:20 AM","20","5539824","5539824","KB","","n/a","0"
"WIN-DEMO-APP01","mem.consumed.average","8/20/2026 2:34:40 AM","20","5539824","5539824","KB","","n/a","0"
"WIN-DEMO-APP01","mem.consumed.average","8/20/2026 2:35:00 AM","20","5539824","5539824","KB","","n/a","0"
"WIN-DEMO-APP01","mem.consumed.average","8/20/2026 2:35:20 AM","20","5539824","5539824","KB","","n/a","0"
"WIN-DEMO-APP01","mem.consumed.average","8/20/2026 2:35:40 AM","20","5539824","5539824","KB","","n/a","0"
"WIN-DEMO-APP01","mem.consumed.average","8/20/2026 2:36:00 AM","20","5539824","5539824","KB","","n/a","0"
"WIN-DEMO-APP01","mem.consumed.average","8/20/2026 2:36:20 AM","20","5539824","5539824","KB","","n/a","0"
"WIN-DEMO-APP01","mem.consumed.average","8/20/2026 2:36:40 AM","20","5539824","5539824","KB","","n/a","0"
"WIN-DEMO-APP01","mem.consumed.average","8/20/2026 2:37:00 AM","20","5539824","5539824","KB","","n/a","0"
"WIN-DEMO-APP01","mem.consumed.average","8/20/2026 2:37:20 AM","20","5539824","5539824","KB","","n/a","0"
"WIN-DEMO-APP01","mem.consumed.average","8/20/2026 2:37:40 AM","20","5539824","5539824","KB","","n/a","0"
"WIN-DEMO-APP01","mem.consumed.average","8/20/2026 2:38:00 AM","20","5539824","5539824","KB","","n/a","0"
"WIN-DEMO-APP01","mem.consumed.average","8/20/2026 2:38:20 AM","20","5539824","5539824","KB","","n/a","0"
"WIN-DEMO-APP01","mem.consumed.average","8/20/2026 2:38:40 AM","20","5539824","5539824","KB","","n/a","0"
"WIN-DEMO-APP01","mem.consumed.average","8/20/2026 2:39:00 AM","20","5539824","5539824","KB","","n/a","0"
"WIN-DEMO-APP01","mem.consumed.average","8/20/2026 2:39:20 AM","20","5539824","5539824","KB","","n/a","0"
"WIN-DEMO-APP01","mem.consumed.average","8/20/2026 2:39:40 AM","20","5539824","5539824","KB","","n/a","0"
"WIN-DEMO-APP01","mem.consumed.average","8/20/2026 2:40:00 AM","20","5539824","5539824","KB","","n/a","0"
"WIN-DEMO-APP01","mem.consumed.average","8/20/2026 2:40:20 AM","20","5539824","5539824","KB","","n/a","0"
"WIN-DEMO-APP01","mem.consumed.average","8/20/2026 2:40:40 AM","20","5539824","5539824","KB","","n/a","0"
"WIN-DEMO-APP01","mem.consumed.average","8/20/2026 2:41:00 AM","20","5539824","5539824","KB","","n/a","0"
"WIN-DEMO-APP01","mem.consumed.average","8/20/2026 2:41:20 AM","20","5539824","5539824","KB","","n/a","0"
"WIN-DEMO-APP01","mem.consumed.average","8/20/2026 2:41:40 AM","20","5539824","5539824","KB","","n/a","0"
"WIN-DEMO-APP01","mem.consumed.average","8/20/2026 2:42:00 AM","20","5539824","5539824","KB","","n/a","0"
"WIN-DEMO-APP01","mem.consumed.average","8/20/2026 2:42:20 AM","20","5539824","5539824","KB","","n/a","0"
"WIN-DEMO-APP01","mem.consumed.average","8/20/2026 2:42:40 AM","20","5539824","5539824","KB","","n/a","0"
"WIN-DEMO-APP01","mem.consumed.average","8/20/2026 2:43:00 AM","20","5539824","5539824","KB","","n/a","0"
"WIN-DEMO-APP01","mem.consumed.average","8/20/2026 2:43:20 AM","20","5539824","5539824","KB","","n/a","0"
"WIN-DEMO-APP01","mem.consumed.average","8/20/2026 2:43:40 AM","20","5539824","5539824","KB","","n/a","0"
"WIN-DEMO-APP01","mem.consumed.average","8/20/2026 2:44:00 AM","20","5539824","5539824","KB","","n/a","0"
"WIN-DEMO-APP01","mem.consumed.average","8/20/2026 2:44:20 AM","20","5539824","5539824","KB","","n/a","0"
"WIN-DEMO-APP01","mem.consumed.average","8/20/2026 2:44:40 AM","20","5539824","5539824","KB","","n/a","0"
"WIN-DEMO-APP01","mem.consumed.average","8/20/2026 2:45:00 AM","20","5539824","5539824","KB","","n/a","0"
"WIN-DEMO-APP01","mem.consumed.average","8/20/2026 2:45:20 AM","20","5539824","5539824","KB","","n/a","0"
"WIN-DEMO-APP01","mem.consumed.average","8/20/2026 2:45:40 AM","20","5539824","5539824","KB","","n/a","0"
"WIN-DEMO-APP01","mem.consumed.average","8/20/2026 2:46:00 AM","20","5539824","5539824","KB","","n/a","0"
"WIN-DEMO-APP01","mem.consumed.average","8/20/2026 2:46:20 AM","20","5539824","5539824","KB","","n/a","0"
"WIN-DEMO-APP01","mem.consumed.average","8/20/2026 2:46:40 AM","20","5539824","5539824","KB","","n/a","0"
"WIN-DEMO-APP01","mem.consumed.average","8/20/2026 2:47:00 AM","20","5539824","5539824","KB","","n/a","0"
"WIN-DEMO-APP01","mem.consumed.average","8/20/2026 2:47:20 AM","20","5539824","5539824","KB","","n/a","0"
"WIN-DEMO-APP01","mem.consumed.average","8/20/2026 2:47:40 AM","20","5539824","5539824","KB","","n/a","0"
"WIN-DEMO-APP01","mem.consumed.average","8/20/2026 2:48:00 AM","20","5539824","5539824","KB","","n/a","0"
"WIN-DEMO-APP01","mem.consumed.average","8/20/2026 2:48:20 AM","20","5539824","5539824","KB","","n/a","0"
"WIN-DEMO-APP01","mem.consumed.average","8/20/2026 2:48:40 AM","20","5539824","5539824","KB","","n/a","0"
"WIN-DEMO-APP01","mem.consumed.average","8/20/2026 2:49:00 AM","20","5539824","5539824","KB","","n/a","0"
"WIN-DEMO-APP01","mem.consumed.average","8/20/2026 2:49:20 AM","20","5539824","5539824","KB","","n/a","0"
"WIN-DEMO-APP01","mem.consumed.average","8/20/2026 2:49:40 AM","20","5539824","5539824","KB","","n/a","0"
"WIN-DEMO-APP01","mem.consumed.average","8/20/2026 2:50:00 AM","20","5539824","5539824","KB","","n/a","0"
"WIN-DEMO-APP01","mem.consumed.average","8/20/2026 2:50:20 AM","20","5539824","5539824","KB","","n/a","0"
"WIN-DEMO-APP01","mem.consumed.average","8/20/2026 2:50:40 AM","20","5539824","5539824","KB","","n/a","0"
"WIN-DEMO-APP01","mem.consumed.average","8/20/2026 2:51:00 AM","20","5539824","5539824","KB","","n/a","0"
"WIN-DEMO-APP01","mem.consumed.average","8/20/2026 2:51:20 AM","20","5539824","5539824","KB","","n/a","0"
"WIN-DEMO-APP01","mem.consumed.average","8/20/2026 2:51:40 AM","20","5539824","5539824","KB","","n/a","0"
"WIN-DEMO-APP01","mem.consumed.average","8/20/2026 2:52:00 AM","20","5539824","5539824","KB","","n/a","0"
"WIN-DEMO-APP01","mem.consumed.average","8/20/2026 2:52:20 AM","20","5539824","5539824","KB","","n/a","0"
"WIN-DEMO-APP01","mem.consumed.average","8/20/2026 2:52:40 AM","20","5539824","5539824","KB","","n/a","0"
"WIN-DEMO-APP01","mem.consumed.average","8/20/2026 2:53:00 AM","20","5539824","5539824","KB","","n/a","0"
"WIN-DEMO-APP01","mem.consumed.average","8/20/2026 2:53:20 AM","20","5539824","5539824","KB","","n/a","0"
"WIN-DEMO-APP01","mem.consumed.average","8/20/2026 2:53:40 AM","20","5539824","5539824","KB","","n/a","0"
"WIN-DEMO-APP01","mem.consumed.average","8/20/2026 2:54:00 AM","20","5539824","5539824","KB","","n/a","0"
"WIN-DEMO-APP01","mem.consumed.average","8/20/2026 2:54:20 AM","20","5539824","5539824","KB","","n/a","0"
"WIN-DEMO-APP01","mem.consumed.average","8/20/2026 2:54:40 AM","20","5539824","5539824","KB","","n/a","0"
"WIN-DEMO-APP01","mem.consumed.average","8/20/2026 2:55:00 AM","20","5539824","5539824","KB","","n/a","0"
"WIN-DEMO-APP01","mem.consumed.average","8/20/2026 2:55:20 AM","20","5539824","5539824","KB","","n/a","0"
"WIN-DEMO-APP01","mem.consumed.average","8/20/2026 2:55:40 AM","20","5539824","5539824","KB","","n/a","0"
"WIN-DEMO-APP01","mem.consumed.average","8/20/2026 2:56:00 AM","20","5539824","5539824","KB","","n/a","0"
"WIN-DEMO-APP01","mem.consumed.average","8/20/2026 2:56:20 AM","20","5539824","5539824","KB","","n/a","0"
"WIN-DEMO-APP01","mem.consumed.average","8/20/2026 2:56:40 AM","20","5539824","5539824","KB","","n/a","0"
"WIN-DEMO-APP01","mem.consumed.average","8/20/2026 2:57:00 AM","20","5539824","5539824","KB","","n/a","0"
"WIN-DEMO-APP01","mem.consumed.average","8/20/2026 2:57:20 AM","20","5539824","5539824","KB","","n/a","0"
"WIN-DEMO-APP01","mem.consumed.average","8/20/2026 2:57:40 AM","20","5539824","5539824","KB","","n/a","0"
"WIN-DEMO-APP01","mem.consumed.average","8/20/2026 2:58:00 AM","20","5539824","5539824","KB","","n/a","0"
"WIN-DEMO-APP01","mem.consumed.average","8/20/2026 2:58:20 AM","20","5539824","5539824","KB","","n/a","0"
"WIN-DEMO-APP01","mem.consumed.average","8/20/2026 2:58:40 AM","20","5539824","5539824","KB","","n/a","0"
"WIN-DEMO-APP01","mem.consumed.average","8/20/2026 2:59:00 AM","20","5539824","5539824","KB","","n/a","0"
"WIN-DEMO-APP01","mem.consumed.average","8/20/2026 2:59:20 AM","20","5539824","5539824","KB","","n/a","0"
"WIN-DEMO-APP01","mem.consumed.average","8/20/2026 2:59:40 AM","20","5539824","5539824","KB","","n/a","0"
"WIN-DEMO-APP01","mem.consumed.average","8/20/2026 3:00:00 AM","20","5539824","5539824","KB","","n/a","0"
"WIN-DEMO-APP01","mem.consumed.average","8/20/2026 3:00:20 AM","20","5539824","5539824","KB","","n/a","0"
"WIN-DEMO-APP01","mem.consumed.average","8/20/2026 3:00:40 AM","20","5539824","5539824","KB","","n/a","0"
"WIN-DEMO-APP01","mem.consumed.average","8/20/2026 3:01:00 AM","20","5539824","5539824","KB","","n/a","0"
"WIN-DEMO-APP01","mem.consumed.average","8/20/2026 3:01:20 AM","20","5539824","5539824","KB","","n/a","0"
"WIN-DEMO-APP01","mem.consumed.average","8/20/2026 3:01:40 AM","20","5539824","5539824","KB","","n/a","0"
"WIN-DEMO-APP01","mem.consumed.average","8/20/2026 3:02:00 AM","20","5539824","5539824","KB","","n/a","0"
"WIN-DEMO-APP01","mem.consumed.average","8/20/2026 3:02:20 AM","20","5539824","5539824","KB","","n/a","0"
"WIN-DEMO-APP01","mem.consumed.average","8/20/2026 3:02:40 AM","20","5539824","5539824","KB","","n/a","0"
"WIN-DEMO-APP01","mem.consumed.average","8/20/2026 3:03:00 AM","20","5539824","5539824","KB","","n/a","0"
"WIN-DEMO-APP01","mem.consumed.average","8/20/2026 3:03:20 AM","20","5539824","5539824","KB","","n/a","0"
"WIN-DEMO-APP01","mem.consumed.average","8/20/2026 3:03:40 AM","20","5539824","5539824","KB","","n/a","0"
"WIN-DEMO-APP01","mem.consumed.average","8/20/2026 3:04:00 AM","20","5539824","5539824","KB","","n/a","0"
"WIN-DEMO-APP01","mem.consumed.average","8/20/2026 3:04:20 AM","20","5539824","5539824","KB","","n/a","0"
"WIN-DEMO-APP01","mem.consumed.average","8/20/2026 3:04:40 AM","20","5539824","5539824","KB","","n/a","0"
"WIN-DEMO-APP01","mem.consumed.average","8/20/2026 3:05:00 AM","20","5539824","5539824","KB","","n/a","0"
"WIN-DEMO-APP01","mem.consumed.average","8/20/2026 3:05:20 AM","20","5539824","5539824","KB","","n/a","0"
"WIN-DEMO-APP01","mem.consumed.average","8/20/2026 3:05:40 AM","20","5539824","5539824","KB","","n/a","0"
"WIN-DEMO-APP01","mem.consumed.average","8/20/2026 3:06:00 AM","20","5539824","5539824","KB","","n/a","0"
"WIN-DEMO-APP01","mem.consumed.average","8/20/2026 3:06:20 AM","20","5539824","5539824","KB","","n/a","0"
"WIN-DEMO-APP01","mem.consumed.average","8/20/2026 3:06:40 AM","20","5539824","5539824","KB","","n/a","0"
"WIN-DEMO-APP01","mem.consumed.average","8/20/2026 3:07:00 AM","20","5539824","5539824","KB","","n/a","0"
"WIN-DEMO-APP01","mem.consumed.average","8/20/2026 3:07:20 AM","20","5539824","5539824","KB","","n/a","0"
"WIN-DEMO-APP01","mem.consumed.average","8/20/2026 3:07:40 AM","20","5539824","5539824","KB","","n/a","0"
"WIN-DEMO-APP01","mem.consumed.average","8/20/2026 3:08:00 AM","20","5539824","5539824","KB","","n/a","0"
"WIN-DEMO-APP01","mem.consumed.average","8/20/2026 3:08:20 AM","20","5539824","5539824","KB","","n/a","0"
"WIN-DEMO-APP01","mem.consumed.average","8/20/2026 3:08:40 AM","20","5539824","5539824","KB","","n/a","0"
"WIN-DEMO-APP01","mem.consumed.average","8/20/2026 3:09:00 AM","20","5539824","5539824","KB","","n/a","0"
"WIN-DEMO-APP01","mem.consumed.average","8/20/2026 3:09:20 AM","20","5539824","5539824","KB","","n/a","0"
"WIN-DEMO-APP01","mem.consumed.average","8/20/2026 3:09:40 AM","20","5539824","5539824","KB","","n/a","0"
"WIN-DEMO-APP01","mem.consumed.average","8/20/2026 3:10:00 AM","20","5539824","5539824","KB","","n/a","0"
"WIN-DEMO-APP01","mem.consumed.average","8/20/2026 3:10:20 AM","20","5539824","5539824","KB","","n/a","0"
"WIN-DEMO-APP01","mem.consumed.average","8/20/2026 3:10:40 AM","20","5539824","5539824","KB","","n/a","0"
"WIN-DEMO-APP01","mem.consumed.average","8/20/2026 3:11:00 AM","20","5539824","5539824","KB","","n/a","0"
"WIN-DEMO-APP01","mem.consumed.average","8/20/2026 3:11:20 AM","20","5539824","5539824","KB","","n/a","0"
"WIN-DEMO-APP01","mem.consumed.average","8/20/2026 3:11:40 AM","20","5539824","5539824","KB","","n/a","0"
"WIN-DEMO-APP01","mem.consumed.average","8/20/2026 3:12:00 AM","20","5539824","5539824","KB","","n/a","0"
"WIN-DEMO-APP01","mem.consumed.average","8/20/2026 3:12:20 AM","20","5539824","5539824","KB","","n/a","0"
"WIN-DEMO-APP01","mem.consumed.average","8/20/2026 3:12:40 AM","20","5539824","5539824","KB","","n/a","0"
"WIN-DEMO-APP01","mem.consumed.average","8/20/2026 3:13:00 AM","20","5539824","5539824","KB","","n/a","0"
"WIN-DEMO-APP01","mem.consumed.average","8/20/2026 3:13:20 AM","20","5539824","5539824","KB","","n/a","0"
"WIN-DEMO-APP01","mem.consumed.average","8/20/2026 3:13:40 AM","20","5539824","5539824","KB","","n/a","0"
"WIN-DEMO-APP01","mem.consumed.average","8/20/2026 3:14:00 AM","20","5539824","5539824","KB","","n/a","0"
"WIN-DEMO-APP01","mem.consumed.average","8/20/2026 3:14:20 AM","20","5539824","5539824","KB","","n/a","0"
"WIN-DEMO-APP01","mem.consumed.average","8/20/2026 3:14:40 AM","20","5539824","5539824","KB","","n/a","0"
"WIN-DEMO-APP01","mem.consumed.average","8/20/2026 3:15:00 AM","20","5539824","5539824","KB","","n/a","0"
"WIN-DEMO-APP01","mem.consumed.average","8/20/2026 3:15:20 AM","20","5539824","5539824","KB","","n/a","0"
"WIN-DEMO-APP01","mem.consumed.average","8/20/2026 3:15:40 AM","20","5539824","5539824","KB","","n/a","0"
"WIN-DEMO-APP01","mem.consumed.average","8/20/2026 3:16:00 AM","20","5539824","5539824","KB","","n/a","0"
"WIN-DEMO-APP01","mem.consumed.average","8/20/2026 3:16:20 AM","20","5539824","5539824","KB","","n/a","0"
"WIN-DEMO-APP01","mem.consumed.average","8/20/2026 3:16:40 AM","20","5539824","5539824","KB","","n/a","0"
"WIN-DEMO-APP01","mem.consumed.average","8/20/2026 3:17:00 AM","20","5539824","5539824","KB","","n/a","0"
"WIN-DEMO-APP01","mem.consumed.average","8/20/2026 3:17:20 AM","20","5539824","5539824","KB","","n/a","0"
"WIN-DEMO-APP01","mem.consumed.average","8/20/2026 3:17:40 AM","20","5539824","5539824","KB","","n/a","0"
"WIN-DEMO-APP01","mem.consumed.average","8/20/2026 3:18:00 AM","20","5539824","5539824","KB","","n/a","0"
"WIN-DEMO-APP01","mem.consumed.average","8/20/2026 3:18:20 AM","20","5539824","5539824","KB","","n/a","0"
"WIN-DEMO-APP01","mem.consumed.average","8/20/2026 3:18:40 AM","20","5539824","5539824","KB","","n/a","0"
"WIN-DEMO-APP01","mem.consumed.average","8/20/2026 3:19:00 AM","20","5539824","5539824","KB","","n/a","0"
"WIN-DEMO-APP01","mem.consumed.average","8/20/2026 3:19:20 AM","20","5539824","5539824","KB","","n/a","0"
"WIN-DEMO-APP01","mem.consumed.average","8/20/2026 3:19:40 AM","20","5539824","5539824","KB","","n/a","0"
"WIN-DEMO-APP01","mem.consumed.average","8/20/2026 3:20:00 AM","20","5539824","5539824","KB","","n/a","0"
"WIN-DEMO-APP01","mem.consumed.average","8/20/2026 3:20:20 AM","20","5539824","5539824","KB","","n/a","0"
"WIN-DEMO-APP01","mem.consumed.average","8/20/2026 3:20:40 AM","20","5539824","5539824","KB","","n/a","0"
"WIN-DEMO-APP01","mem.consumed.average","8/20/2026 3:21:00 AM","20","5539824","5539824","KB","","n/a","0"
"WIN-DEMO-APP01","mem.consumed.average","8/20/2026 3:21:20 AM","20","5539824","5539824","KB","","n/a","0"
"WIN-DEMO-APP01","mem.consumed.average","8/20/2026 3:21:40 AM","20","5539824","5539824","KB","","n/a","0"
"WIN-DEMO-APP01","mem.consumed.average","8/20/2026 3:22:00 AM","20","5539824","5539824","KB","","n/a","0"
"WIN-DEMO-APP01","mem.consumed.average","8/20/2026 3:22:20 AM","20","5539824","5539824","KB","","n/a","0"
"WIN-DEMO-APP01","mem.consumed.average","8/20/2026 3:22:40 AM","20","5539824","5539824","KB","","n/a","0"
"WIN-DEMO-APP01","mem.consumed.average","8/20/2026 3:23:00 AM","20","5539824","5539824","KB","","n/a","0"
"WIN-DEMO-APP01","mem.consumed.average","8/20/2026 3:23:20 AM","20","5539824","5539824","KB","","n/a","0"
"WIN-DEMO-APP01","mem.consumed.average","8/20/2026 3:23:40 AM","20","5539824","5539824","KB","","n/a","0"
"WIN-DEMO-APP01","mem.consumed.average","8/20/2026 3:24:00 AM","20","5539824","5539824","KB","","n/a","0"
"WIN-DEMO-APP01","mem.consumed.average","8/20/2026 3:24:20 AM","20","5539824","5539824","KB","","n/a","0"
"WIN-DEMO-APP01","mem.consumed.average","8/20/2026 3:24:40 AM","20","5539824","5539824","KB","","n/a","0"
"WIN-DEMO-APP01","mem.consumed.average","8/20/2026 3:25:00 AM","20","5539824","5539824","KB","","n/a","0"
"WIN-DEMO-APP01","mem.consumed.average","8/20/2026 3:25:20 AM","20","5539824","5539824","KB","","n/a","0"
"WIN-DEMO-APP01","mem.consumed.average","8/20/2026 3:25:40 AM","20","5539824","5539824","KB","","n/a","0"
"WIN-DEMO-APP01","mem.consumed.average","8/20/2026 3:26:00 AM","20","5539824","5539824","KB","","n/a","0"
"WIN-DEMO-APP01","mem.consumed.average","8/20/2026 3:26:20 AM","20","5539824","5539824","KB","","n/a","0"
"WIN-DEMO-APP01","mem.consumed.average","8/20/2026 3:26:40 AM","20","5539824","5539824","KB","","n/a","0"
"WIN-DEMO-APP01","mem.consumed.average","8/20/2026 3:27:00 AM","20","5539824","5539824","KB","","n/a","0"
"WIN-DEMO-APP01","mem.consumed.average","8/20/2026 3:27:20 AM","20","5539824","5539824","KB","","n/a","0"
"WIN-DEMO-APP01","mem.consumed.average","8/20/2026 3:27:40 AM","20","5539824","5539824","KB","","n/a","0"
"WIN-DEMO-APP01","mem.consumed.average","8/20/2026 3:28:00 AM","20","5539824","5539824","KB","","n/a","0"
"WIN-DEMO-APP01","mem.consumed.average","8/20/2026 3:28:20 AM","20","5539824","5539824","KB","","n/a","0"
"WIN-DEMO-APP01","mem.consumed.average","8/20/2026 3:28:40 AM","20","5539824","5539824","KB","","n/a","0"
"WIN-DEMO-APP01","mem.consumed.average","8/20/2026 3:29:00 AM","20","5539824","5539824","KB","","n/a","0"
"WIN-DEMO-APP01","mem.consumed.average","8/20/2026 3:29:20 AM","20","5539824","5539824","KB","","n/a","0"
"WIN-DEMO-APP01","mem.consumed.average","8/20/2026 3:29:40 AM","20","5539824","5539824","KB","","n/a","0"
"WIN-DEMO-APP01","mem.consumed.average","8/20/2026 3:30:00 AM","20","5539824","5539824","KB","","n/a","0"
"WIN-DEMO-APP01","mem.usage.average","8/20/2026 2:30:20 AM","20","2.99000000953674","2.99000000953674","%","","n/a","0"
"WIN-DEMO-APP01","mem.usage.average","8/20/2026 2:30:40 AM","20","2.99000000953674","2.99000000953674","%","","n/a","0"
"WIN-DEMO-APP01","mem.usage.average","8/20/2026 2:31:00 AM","20","1.99000000953674","1.99000000953674","%","","n/a","0"
"WIN-DEMO-APP01","mem.usage.average","8/20/2026 2:31:20 AM","20","1.99000000953674","1.99000000953674","%","","n/a","0"
"WIN-DEMO-APP01","mem.usage.average","8/20/2026 2:31:40 AM","20","1.99000000953674","1.99000000953674","%","","n/a","0"
"WIN-DEMO-APP01","mem.usage.average","8/20/2026 2:32:00 AM","20","1.99000000953674","1.99000000953674","%","","n/a","0"
"WIN-DEMO-APP01","mem.usage.average","8/20/2026 2:32:20 AM","20","1.99000000953674","1.99000000953674","%","","n/a","0"
"WIN-DEMO-APP01","mem.usage.average","8/20/2026 2:32:40 AM","20","1.99000000953674","1.99000000953674","%","","n/a","0"
"WIN-DEMO-APP01","mem.usage.average","8/20/2026 2:33:00 AM","20","1.99000000953674","1.99000000953674","%","","n/a","0"
"WIN-DEMO-APP01","mem.usage.average","8/20/2026 2:33:20 AM","20","1.99000000953674","1.99000000953674","%","","n/a","0"
"WIN-DEMO-APP01","mem.usage.average","8/20/2026 2:33:40 AM","20","1.99000000953674","1.99000000953674","%","","n/a","0"
"WIN-DEMO-APP01","mem.usage.average","8/20/2026 2:34:00 AM","20","3.99000000953674","3.99000000953674","%","","n/a","0"
"WIN-DEMO-APP01","mem.usage.average","8/20/2026 2:34:20 AM","20","3.99000000953674","3.99000000953674","%","","n/a","0"
"WIN-DEMO-APP01","mem.usage.average","8/20/2026 2:34:40 AM","20","3.99000000953674","3.99000000953674","%","","n/a","0"
"WIN-DEMO-APP01","mem.usage.average","8/20/2026 2:35:00 AM","20","3.99000000953674","3.99000000953674","%","","n/a","0"
"WIN-DEMO-APP01","mem.usage.average","8/20/2026 2:35:20 AM","20","3.99000000953674","3.99000000953674","%","","n/a","0"
"WIN-DEMO-APP01","mem.usage.average","8/20/2026 2:35:40 AM","20","3.99000000953674","3.99000000953674","%","","n/a","0"
"WIN-DEMO-APP01","mem.usage.average","8/20/2026 2:36:00 AM","20","3.99000000953674","3.99000000953674","%","","n/a","0"
"WIN-DEMO-APP01","mem.usage.average","8/20/2026 2:36:20 AM","20","3.99000000953674","3.99000000953674","%","","n/a","0"
"WIN-DEMO-APP01","mem.usage.average","8/20/2026 2:36:40 AM","20","3.99000000953674","3.99000000953674","%","","n/a","0"
"WIN-DEMO-APP01","mem.usage.average","8/20/2026 2:37:00 AM","20","0.990000009536743","0.990000009536743","%","","n/a","0"
"WIN-DEMO-APP01","mem.usage.average","8/20/2026 2:37:20 AM","20","0.990000009536743","0.990000009536743","%","","n/a","0"
"WIN-DEMO-APP01","mem.usage.average","8/20/2026 2:37:40 AM","20","0.990000009536743","0.990000009536743","%","","n/a","0"
"WIN-DEMO-APP01","mem.usage.average","8/20/2026 2:38:00 AM","20","0.990000009536743","0.990000009536743","%","","n/a","0"
"WIN-DEMO-APP01","mem.usage.average","8/20/2026 2:38:20 AM","20","0.990000009536743","0.990000009536743","%","","n/a","0"
"WIN-DEMO-APP01","mem.usage.average","8/20/2026 2:38:40 AM","20","0.990000009536743","0.990000009536743","%","","n/a","0"
"WIN-DEMO-APP01","mem.usage.average","8/20/2026 2:39:00 AM","20","1.99000000953674","1.99000000953674","%","","n/a","0"
"WIN-DEMO-APP01","mem.usage.average","8/20/2026 2:39:20 AM","20","1.99000000953674","1.99000000953674","%","","n/a","0"
"WIN-DEMO-APP01","mem.usage.average","8/20/2026 2:39:40 AM","20","1.99000000953674","1.99000000953674","%","","n/a","0"
"WIN-DEMO-APP01","mem.usage.average","8/20/2026 2:40:00 AM","20","1.99000000953674","1.99000000953674","%","","n/a","0"
"WIN-DEMO-APP01","mem.usage.average","8/20/2026 2:40:20 AM","20","1.99000000953674","1.99000000953674","%","","n/a","0"
"WIN-DEMO-APP01","mem.usage.average","8/20/2026 2:40:40 AM","20","1.99000000953674","1.99000000953674","%","","n/a","0"
"WIN-DEMO-APP01","mem.usage.average","8/20/2026 2:41:00 AM","20","2.99000000953674","2.99000000953674","%","","n/a","0"
"WIN-DEMO-APP01","mem.usage.average","8/20/2026 2:41:20 AM","20","2.99000000953674","2.99000000953674","%","","n/a","0"
"WIN-DEMO-APP01","mem.usage.average","8/20/2026 2:41:40 AM","20","2.99000000953674","2.99000000953674","%","","n/a","0"
"WIN-DEMO-APP01","mem.usage.average","8/20/2026 2:42:00 AM","20","0.990000009536743","0.990000009536743","%","","n/a","0"
"WIN-DEMO-APP01","mem.usage.average","8/20/2026 2:42:20 AM","20","0.990000009536743","0.990000009536743","%","","n/a","0"
"WIN-DEMO-APP01","mem.usage.average","8/20/2026 2:42:40 AM","20","0.990000009536743","0.990000009536743","%","","n/a","0"
"WIN-DEMO-APP01","mem.usage.average","8/20/2026 2:43:00 AM","20","0.990000009536743","0.990000009536743","%","","n/a","0"
"WIN-DEMO-APP01","mem.usage.average","8/20/2026 2:43:20 AM","20","0.990000009536743","0.990000009536743","%","","n/a","0"
"WIN-DEMO-APP01","mem.usage.average","8/20/2026 2:43:40 AM","20","0.990000009536743","0.990000009536743","%","","n/a","0"
"WIN-DEMO-APP01","mem.usage.average","8/20/2026 2:44:00 AM","20","2.99000000953674","2.99000000953674","%","","n/a","0"
"WIN-DEMO-APP01","mem.usage.average","8/20/2026 2:44:20 AM","20","2.99000000953674","2.99000000953674","%","","n/a","0"
"WIN-DEMO-APP01","mem.usage.average","8/20/2026 2:44:40 AM","20","2.99000000953674","2.99000000953674","%","","n/a","0"
"WIN-DEMO-APP01","mem.usage.average","8/20/2026 2:45:00 AM","20","2.99000000953674","2.99000000953674","%","","n/a","0"
"WIN-DEMO-APP01","mem.usage.average","8/20/2026 2:45:20 AM","20","2.99000000953674","2.99000000953674","%","","n/a","0"
"WIN-DEMO-APP01","mem.usage.average","8/20/2026 2:45:40 AM","20","2.99000000953674","2.99000000953674","%","","n/a","0"
"WIN-DEMO-APP01","mem.usage.average","8/20/2026 2:46:00 AM","20","2.99000000953674","2.99000000953674","%","","n/a","0"
"WIN-DEMO-APP01","mem.usage.average","8/20/2026 2:46:20 AM","20","2.99000000953674","2.99000000953674","%","","n/a","0"
"WIN-DEMO-APP01","mem.usage.average","8/20/2026 2:46:40 AM","20","2.99000000953674","2.99000000953674","%","","n/a","0"
"WIN-DEMO-APP01","mem.usage.average","8/20/2026 2:47:00 AM","20","4.98999977111816","4.98999977111816","%","","n/a","0"
"WIN-DEMO-APP01","mem.usage.average","8/20/2026 2:47:20 AM","20","4.98999977111816","4.98999977111816","%","","n/a","0"
"WIN-DEMO-APP01","mem.usage.average","8/20/2026 2:47:40 AM","20","4.98999977111816","4.98999977111816","%","","n/a","0"
"WIN-DEMO-APP01","mem.usage.average","8/20/2026 2:48:00 AM","20","2.99000000953674","2.99000000953674","%","","n/a","0"
"WIN-DEMO-APP01","mem.usage.average","8/20/2026 2:48:20 AM","20","2.99000000953674","2.99000000953674","%","","n/a","0"
"WIN-DEMO-APP01","mem.usage.average","8/20/2026 2:48:40 AM","20","2.99000000953674","2.99000000953674","%","","n/a","0"
"WIN-DEMO-APP01","mem.usage.average","8/20/2026 2:49:00 AM","20","5.98999977111816","5.98999977111816","%","","n/a","0"
"WIN-DEMO-APP01","mem.usage.average","8/20/2026 2:49:20 AM","20","5.98999977111816","5.98999977111816","%","","n/a","0"
"WIN-DEMO-APP01","mem.usage.average","8/20/2026 2:49:40 AM","20","5.98999977111816","5.98999977111816","%","","n/a","0"
"WIN-DEMO-APP01","mem.usage.average","8/20/2026 2:50:00 AM","20","8.98999977111816","8.98999977111816","%","","n/a","0"
"WIN-DEMO-APP01","mem.usage.average","8/20/2026 2:50:20 AM","20","8.98999977111816","8.98999977111816","%","","n/a","0"
"WIN-DEMO-APP01","mem.usage.average","8/20/2026 2:50:40 AM","20","8.98999977111816","8.98999977111816","%","","n/a","0"
"WIN-DEMO-APP01","mem.usage.average","8/20/2026 2:51:00 AM","20","2.99000000953674","2.99000000953674","%","","n/a","0"
"WIN-DEMO-APP01","mem.usage.average","8/20/2026 2:51:20 AM","20","2.99000000953674","2.99000000953674","%","","n/a","0"
"WIN-DEMO-APP01","mem.usage.average","8/20/2026 2:51:40 AM","20","2.99000000953674","2.99000000953674","%","","n/a","0"
"WIN-DEMO-APP01","mem.usage.average","8/20/2026 2:52:00 AM","20","1.99000000953674","1.99000000953674","%","","n/a","0"
"WIN-DEMO-APP01","mem.usage.average","8/20/2026 2:52:20 AM","20","1.99000000953674","1.99000000953674","%","","n/a","0"
"WIN-DEMO-APP01","mem.usage.average","8/20/2026 2:52:40 AM","20","1.99000000953674","1.99000000953674","%","","n/a","0"
"WIN-DEMO-APP01","mem.usage.average","8/20/2026 2:53:00 AM","20","1.99000000953674","1.99000000953674","%","","n/a","0"
"WIN-DEMO-APP01","mem.usage.average","8/20/2026 2:53:20 AM","20","3.99000000953674","3.99000000953674","%","","n/a","0"
"WIN-DEMO-APP01","mem.usage.average","8/20/2026 2:53:40 AM","20","3.99000000953674","3.99000000953674","%","","n/a","0"
"WIN-DEMO-APP01","mem.usage.average","8/20/2026 2:54:00 AM","20","3.99000000953674","3.99000000953674","%","","n/a","0"
"WIN-DEMO-APP01","mem.usage.average","8/20/2026 2:54:20 AM","20","3.99000000953674","3.99000000953674","%","","n/a","0"
"WIN-DEMO-APP01","mem.usage.average","8/20/2026 2:54:40 AM","20","3.99000000953674","3.99000000953674","%","","n/a","0"
"WIN-DEMO-APP01","mem.usage.average","8/20/2026 2:55:00 AM","20","3.99000000953674","3.99000000953674","%","","n/a","0"
"WIN-DEMO-APP01","mem.usage.average","8/20/2026 2:55:20 AM","20","3.99000000953674","3.99000000953674","%","","n/a","0"
"WIN-DEMO-APP01","mem.usage.average","8/20/2026 2:55:40 AM","20","3.99000000953674","3.99000000953674","%","","n/a","0"
"WIN-DEMO-APP01","mem.usage.average","8/20/2026 2:56:00 AM","20","0.990000009536743","0.990000009536743","%","","n/a","0"
"WIN-DEMO-APP01","mem.usage.average","8/20/2026 2:56:20 AM","20","0.990000009536743","0.990000009536743","%","","n/a","0"
"WIN-DEMO-APP01","mem.usage.average","8/20/2026 2:56:40 AM","20","0.990000009536743","0.990000009536743","%","","n/a","0"
"WIN-DEMO-APP01","mem.usage.average","8/20/2026 2:57:00 AM","20","3.99000000953674","3.99000000953674","%","","n/a","0"
"WIN-DEMO-APP01","mem.usage.average","8/20/2026 2:57:20 AM","20","3.99000000953674","3.99000000953674","%","","n/a","0"
"WIN-DEMO-APP01","mem.usage.average","8/20/2026 2:57:40 AM","20","3.99000000953674","3.99000000953674","%","","n/a","0"
"WIN-DEMO-APP01","mem.usage.average","8/20/2026 2:58:00 AM","20","2.99000000953674","2.99000000953674","%","","n/a","0"
"WIN-DEMO-APP01","mem.usage.average","8/20/2026 2:58:20 AM","20","2.99000000953674","2.99000000953674","%","","n/a","0"
"WIN-DEMO-APP01","mem.usage.average","8/20/2026 2:58:40 AM","20","2.99000000953674","2.99000000953674","%","","n/a","0"
"WIN-DEMO-APP01","mem.usage.average","8/20/2026 2:59:00 AM","20","2.99000000953674","2.99000000953674","%","","n/a","0"
"WIN-DEMO-APP01","mem.usage.average","8/20/2026 2:59:20 AM","20","1.99000000953674","1.99000000953674","%","","n/a","0"
"WIN-DEMO-APP01","mem.usage.average","8/20/2026 2:59:40 AM","20","1.99000000953674","1.99000000953674","%","","n/a","0"
"WIN-DEMO-APP01","mem.usage.average","8/20/2026 3:00:00 AM","20","1.99000000953674","1.99000000953674","%","","n/a","0"
"WIN-DEMO-APP01","mem.usage.average","8/20/2026 3:00:20 AM","20","1.99000000953674","1.99000000953674","%","","n/a","0"
"WIN-DEMO-APP01","mem.usage.average","8/20/2026 3:00:40 AM","20","1.99000000953674","1.99000000953674","%","","n/a","0"
"WIN-DEMO-APP01","mem.usage.average","8/20/2026 3:01:00 AM","20","1.99000000953674","1.99000000953674","%","","n/a","0"
"WIN-DEMO-APP01","mem.usage.average","8/20/2026 3:01:20 AM","20","3.99000000953674","3.99000000953674","%","","n/a","0"
"WIN-DEMO-APP01","mem.usage.average","8/20/2026 3:01:40 AM","20","3.99000000953674","3.99000000953674","%","","n/a","0"
"WIN-DEMO-APP01","mem.usage.average","8/20/2026 3:02:00 AM","20","3.99000000953674","3.99000000953674","%","","n/a","0"
"WIN-DEMO-APP01","mem.usage.average","8/20/2026 3:02:20 AM","20","0.990000009536743","0.990000009536743","%","","n/a","0"
"WIN-DEMO-APP01","mem.usage.average","8/20/2026 3:02:40 AM","20","0.990000009536743","0.990000009536743","%","","n/a","0"
"WIN-DEMO-APP01","mem.usage.average","8/20/2026 3:03:00 AM","20","0.990000009536743","0.990000009536743","%","","n/a","0"
"WIN-DEMO-APP01","mem.usage.average","8/20/2026 3:03:20 AM","20","0.990000009536743","0.990000009536743","%","","n/a","0"
"WIN-DEMO-APP01","mem.usage.average","8/20/2026 3:03:40 AM","20","0.990000009536743","0.990000009536743","%","","n/a","0"
"WIN-DEMO-APP01","mem.usage.average","8/20/2026 3:04:00 AM","20","0.990000009536743","0.990000009536743","%","","n/a","0"
"WIN-DEMO-APP01","mem.usage.average","8/20/2026 3:04:20 AM","20","0.990000009536743","0.990000009536743","%","","n/a","0"
"WIN-DEMO-APP01","mem.usage.average","8/20/2026 3:04:40 AM","20","0.990000009536743","0.990000009536743","%","","n/a","0"
"WIN-DEMO-APP01","mem.usage.average","8/20/2026 3:05:00 AM","20","1.99000000953674","1.99000000953674","%","","n/a","0"
"WIN-DEMO-APP01","mem.usage.average","8/20/2026 3:05:20 AM","20","1.99000000953674","1.99000000953674","%","","n/a","0"
"WIN-DEMO-APP01","mem.usage.average","8/20/2026 3:05:40 AM","20","1.99000000953674","1.99000000953674","%","","n/a","0"
"WIN-DEMO-APP01","mem.usage.average","8/20/2026 3:06:00 AM","20","1.99000000953674","1.99000000953674","%","","n/a","0"
"WIN-DEMO-APP01","mem.usage.average","8/20/2026 3:06:20 AM","20","1.99000000953674","1.99000000953674","%","","n/a","0"
"WIN-DEMO-APP01","mem.usage.average","8/20/2026 3:06:40 AM","20","1.99000000953674","1.99000000953674","%","","n/a","0"
"WIN-DEMO-APP01","mem.usage.average","8/20/2026 3:07:00 AM","20","1.99000000953674","1.99000000953674","%","","n/a","0"
"WIN-DEMO-APP01","mem.usage.average","8/20/2026 3:07:20 AM","20","0.990000009536743","0.990000009536743","%","","n/a","0"
"WIN-DEMO-APP01","mem.usage.average","8/20/2026 3:07:40 AM","20","0.990000009536743","0.990000009536743","%","","n/a","0"
"WIN-DEMO-APP01","mem.usage.average","8/20/2026 3:08:00 AM","20","0.990000009536743","0.990000009536743","%","","n/a","0"
"WIN-DEMO-APP01","mem.usage.average","8/20/2026 3:08:20 AM","20","3.99000000953674","3.99000000953674","%","","n/a","0"
"WIN-DEMO-APP01","mem.usage.average","8/20/2026 3:08:40 AM","20","3.99000000953674","3.99000000953674","%","","n/a","0"
"WIN-DEMO-APP01","mem.usage.average","8/20/2026 3:09:00 AM","20","3.99000000953674","3.99000000953674","%","","n/a","0"
"WIN-DEMO-APP01","mem.usage.average","8/20/2026 3:09:20 AM","20","3.99000000953674","3.99000000953674","%","","n/a","0"
"WIN-DEMO-APP01","mem.usage.average","8/20/2026 3:09:40 AM","20","3.99000000953674","3.99000000953674","%","","n/a","0"
"WIN-DEMO-APP01","mem.usage.average","8/20/2026 3:10:00 AM","20","3.99000000953674","3.99000000953674","%","","n/a","0"
"WIN-DEMO-APP01","mem.usage.average","8/20/2026 3:10:20 AM","20","1.99000000953674","1.99000000953674","%","","n/a","0"
"WIN-DEMO-APP01","mem.usage.average","8/20/2026 3:10:40 AM","20","1.99000000953674","1.99000000953674","%","","n/a","0"
"WIN-DEMO-APP01","mem.usage.average","8/20/2026 3:11:00 AM","20","1.99000000953674","1.99000000953674","%","","n/a","0"
"WIN-DEMO-APP01","mem.usage.average","8/20/2026 3:11:20 AM","20","2.99000000953674","2.99000000953674","%","","n/a","0"
"WIN-DEMO-APP01","mem.usage.average","8/20/2026 3:11:40 AM","20","2.99000000953674","2.99000000953674","%","","n/a","0"
"WIN-DEMO-APP01","mem.usage.average","8/20/2026 3:12:00 AM","20","2.99000000953674","2.99000000953674","%","","n/a","0"
"WIN-DEMO-APP01","mem.usage.average","8/20/2026 3:12:20 AM","20","2.99000000953674","2.99000000953674","%","","n/a","0"
"WIN-DEMO-APP01","mem.usage.average","8/20/2026 3:12:40 AM","20","2.99000000953674","2.99000000953674","%","","n/a","0"
"WIN-DEMO-APP01","mem.usage.average","8/20/2026 3:13:00 AM","20","2.99000000953674","2.99000000953674","%","","n/a","0"
"WIN-DEMO-APP01","mem.usage.average","8/20/2026 3:13:20 AM","20","2.99000000953674","2.99000000953674","%","","n/a","0"
"WIN-DEMO-APP01","mem.usage.average","8/20/2026 3:13:40 AM","20","2.99000000953674","2.99000000953674","%","","n/a","0"
"WIN-DEMO-APP01","mem.usage.average","8/20/2026 3:14:00 AM","20","2.99000000953674","2.99000000953674","%","","n/a","0"
"WIN-DEMO-APP01","mem.usage.average","8/20/2026 3:14:20 AM","20","2.99000000953674","2.99000000953674","%","","n/a","0"
"WIN-DEMO-APP01","mem.usage.average","8/20/2026 3:14:40 AM","20","2.99000000953674","2.99000000953674","%","","n/a","0"
"WIN-DEMO-APP01","mem.usage.average","8/20/2026 3:15:00 AM","20","9.98999977111816","9.98999977111816","%","","n/a","0"
"WIN-DEMO-APP01","mem.usage.average","8/20/2026 3:15:20 AM","20","10.9899997711182","10.9899997711182","%","","n/a","0"
"WIN-DEMO-APP01","mem.usage.average","8/20/2026 3:15:40 AM","20","10.9899997711182","10.9899997711182","%","","n/a","0"
"WIN-DEMO-APP01","mem.usage.average","8/20/2026 3:16:00 AM","20","10.9899997711182","10.9899997711182","%","","n/a","0"
"WIN-DEMO-APP01","mem.usage.average","8/20/2026 3:16:20 AM","20","10.9899997711182","10.9899997711182","%","","n/a","0"
"WIN-DEMO-APP01","mem.usage.average","8/20/2026 3:16:40 AM","20","10.9899997711182","10.9899997711182","%","","n/a","0"
"WIN-DEMO-APP01","mem.usage.average","8/20/2026 3:17:00 AM","20","10.9899997711182","10.9899997711182","%","","n/a","0"
"WIN-DEMO-APP01","mem.usage.average","8/20/2026 3:17:20 AM","20","16.9899997711182","16.9899997711182","%","","n/a","0"
"WIN-DEMO-APP01","mem.usage.average","8/20/2026 3:17:40 AM","20","16.9899997711182","16.9899997711182","%","","n/a","0"
"WIN-DEMO-APP01","mem.usage.average","8/20/2026 3:18:00 AM","20","16.9899997711182","16.9899997711182","%","","n/a","0"
"WIN-DEMO-APP01","mem.usage.average","8/20/2026 3:18:20 AM","20","15.9899997711182","15.9899997711182","%","","n/a","0"
"WIN-DEMO-APP01","mem.usage.average","8/20/2026 3:18:40 AM","20","15.9899997711182","15.9899997711182","%","","n/a","0"
"WIN-DEMO-APP01","mem.usage.average","8/20/2026 3:19:00 AM","20","15.9899997711182","15.9899997711182","%","","n/a","0"
"WIN-DEMO-APP01","mem.usage.average","8/20/2026 3:19:20 AM","20","6.98999977111816","6.98999977111816","%","","n/a","0"
"WIN-DEMO-APP01","mem.usage.average","8/20/2026 3:19:40 AM","20","6.98999977111816","6.98999977111816","%","","n/a","0"
"WIN-DEMO-APP01","mem.usage.average","8/20/2026 3:20:00 AM","20","6.98999977111816","6.98999977111816","%","","n/a","0"
"WIN-DEMO-APP01","mem.usage.average","8/20/2026 3:20:20 AM","20","5.98999977111816","5.98999977111816","%","","n/a","0"
"WIN-DEMO-APP01","mem.usage.average","8/20/2026 3:20:40 AM","20","5.98999977111816","5.98999977111816","%","","n/a","0"
"WIN-DEMO-APP01","mem.usage.average","8/20/2026 3:21:00 AM","20","5.98999977111816","5.98999977111816","%","","n/a","0"
"WIN-DEMO-APP01","mem.usage.average","8/20/2026 3:21:20 AM","20","4.98999977111816","4.98999977111816","%","","n/a","0"
"WIN-DEMO-APP01","mem.usage.average","8/20/2026 3:21:40 AM","20","4.98999977111816","4.98999977111816","%","","n/a","0"
"WIN-DEMO-APP01","mem.usage.average","8/20/2026 3:22:00 AM","20","4.98999977111816","4.98999977111816","%","","n/a","0"
"WIN-DEMO-APP01","mem.usage.average","8/20/2026 3:22:20 AM","20","3.99000000953674","3.99000000953674","%","","n/a","0"
"WIN-DEMO-APP01","mem.usage.average","8/20/2026 3:22:40 AM","20","3.99000000953674","3.99000000953674","%","","n/a","0"
"WIN-DEMO-APP01","mem.usage.average","8/20/2026 3:23:00 AM","20","3.99000000953674","3.99000000953674","%","","n/a","0"
"WIN-DEMO-APP01","mem.usage.average","8/20/2026 3:23:20 AM","20","2.99000000953674","2.99000000953674","%","","n/a","0"
"WIN-DEMO-APP01","mem.usage.average","8/20/2026 3:23:40 AM","20","2.99000000953674","2.99000000953674","%","","n/a","0"
"WIN-DEMO-APP01","mem.usage.average","8/20/2026 3:24:00 AM","20","2.99000000953674","2.99000000953674","%","","n/a","0"
"WIN-DEMO-APP01","mem.usage.average","8/20/2026 3:24:20 AM","20","1.99000000953674","1.99000000953674","%","","n/a","0"
"WIN-DEMO-APP01","mem.usage.average","8/20/2026 3:24:40 AM","20","1.99000000953674","1.99000000953674","%","","n/a","0"
"WIN-DEMO-APP01","mem.usage.average","8/20/2026 3:25:00 AM","20","1.99000000953674","1.99000000953674","%","","n/a","0"
"WIN-DEMO-APP01","mem.usage.average","8/20/2026 3:25:20 AM","20","1.99000000953674","1.99000000953674","%","","n/a","0"
"WIN-DEMO-APP01","mem.usage.average","8/20/2026 3:25:40 AM","20","1.99000000953674","1.99000000953674","%","","n/a","0"
"WIN-DEMO-APP01","mem.usage.average","8/20/2026 3:26:00 AM","20","1.99000000953674","1.99000000953674","%","","n/a","0"
"WIN-DEMO-APP01","mem.usage.average","8/20/2026 3:26:20 AM","20","1.99000000953674","1.99000000953674","%","","n/a","0"
"WIN-DEMO-APP01","mem.usage.average","8/20/2026 3:26:40 AM","20","1.99000000953674","1.99000000953674","%","","n/a","0"
"WIN-DEMO-APP01","mem.usage.average","8/20/2026 3:27:00 AM","20","1.99000000953674","1.99000000953674","%","","n/a","0"
"WIN-DEMO-APP01","mem.usage.average","8/20/2026 3:27:20 AM","20","1.99000000953674","1.99000000953674","%","","n/a","0"
"WIN-DEMO-APP01","mem.usage.average","8/20/2026 3:27:40 AM","20","1.99000000953674","1.99000000953674","%","","n/a","0"
"WIN-DEMO-APP01","mem.usage.average","8/20/2026 3:28:00 AM","20","1.99000000953674","1.99000000953674","%","","n/a","0"
"WIN-DEMO-APP01","mem.usage.average","8/20/2026 3:28:20 AM","20","2.99000000953674","2.99000000953674","%","","n/a","0"
"WIN-DEMO-APP01","mem.usage.average","8/20/2026 3:28:40 AM","20","2.99000000953674","2.99000000953674","%","","n/a","0"
"WIN-DEMO-APP01","mem.usage.average","8/20/2026 3:29:00 AM","20","2.99000000953674","2.99000000953674","%","","n/a","0"
"WIN-DEMO-APP01","mem.usage.average","8/20/2026 3:29:20 AM","20","2.99000000953674","2.99000000953674","%","","n/a","0"
"WIN-DEMO-APP01","mem.usage.average","8/20/2026 3:29:40 AM","20","2.99000000953674","2.99000000953674","%","","n/a","0"
"WIN-DEMO-APP01","mem.usage.average","8/20/2026 3:30:00 AM","20","2.99000000953674","2.99000000953674","%","","n/a","0"
"WIN-DEMO-APP01","mem.vmmemctl.average","8/20/2026 2:30:20 AM","20","0","0","KB","","n/a","0"
"WIN-DEMO-APP01","mem.vmmemctl.average","8/20/2026 2:30:40 AM","20","0","0","KB","","n/a","0"
"WIN-DEMO-APP01","mem.vmmemctl.average","8/20/2026 2:31:00 AM","20","0","0","KB","","n/a","0"
"WIN-DEMO-APP01","mem.vmmemctl.average","8/20/2026 2:31:20 AM","20","0","0","KB","","n/a","0"
"WIN-DEMO-APP01","mem.vmmemctl.average","8/20/2026 2:31:40 AM","20","0","0","KB","","n/a","0"
"WIN-DEMO-APP01","mem.vmmemctl.average","8/20/2026 2:32:00 AM","20","0","0","KB","","n/a","0"
"WIN-DEMO-APP01","mem.vmmemctl.average","8/20/2026 2:32:20 AM","20","0","0","KB","","n/a","0"
"WIN-DEMO-APP01","mem.vmmemctl.average","8/20/2026 2:32:40 AM","20","0","0","KB","","n/a","0"
"WIN-DEMO-APP01","mem.vmmemctl.average","8/20/2026 2:33:00 AM","20","0","0","KB","","n/a","0"
"WIN-DEMO-APP01","mem.vmmemctl.average","8/20/2026 2:33:20 AM","20","0","0","KB","","n/a","0"
"WIN-DEMO-APP01","mem.vmmemctl.average","8/20/2026 2:33:40 AM","20","0","0","KB","","n/a","0"
"WIN-DEMO-APP01","mem.vmmemctl.average","8/20/2026 2:34:00 AM","20","0","0","KB","","n/a","0"
"WIN-DEMO-APP01","mem.vmmemctl.average","8/20/2026 2:34:20 AM","20","0","0","KB","","n/a","0"
"WIN-DEMO-APP01","mem.vmmemctl.average","8/20/2026 2:34:40 AM","20","0","0","KB","","n/a","0"
"WIN-DEMO-APP01","mem.vmmemctl.average","8/20/2026 2:35:00 AM","20","0","0","KB","","n/a","0"
"WIN-DEMO-APP01","mem.vmmemctl.average","8/20/2026 2:35:20 AM","20","0","0","KB","","n/a","0"
"WIN-DEMO-APP01","mem.vmmemctl.average","8/20/2026 2:35:40 AM","20","0","0","KB","","n/a","0"
"WIN-DEMO-APP01","mem.vmmemctl.average","8/20/2026 2:36:00 AM","20","0","0","KB","","n/a","0"
"WIN-DEMO-APP01","mem.vmmemctl.average","8/20/2026 2:36:20 AM","20","0","0","KB","","n/a","0"
"WIN-DEMO-APP01","mem.vmmemctl.average","8/20/2026 2:36:40 AM","20","0","0","KB","","n/a","0"
"WIN-DEMO-APP01","mem.vmmemctl.average","8/20/2026 2:37:00 AM","20","0","0","KB","","n/a","0"
"WIN-DEMO-APP01","mem.vmmemctl.average","8/20/2026 2:37:20 AM","20","0","0","KB","","n/a","0"
"WIN-DEMO-APP01","mem.vmmemctl.average","8/20/2026 2:37:40 AM","20","0","0","KB","","n/a","0"
"WIN-DEMO-APP01","mem.vmmemctl.average","8/20/2026 2:38:00 AM","20","0","0","KB","","n/a","0"
"WIN-DEMO-APP01","mem.vmmemctl.average","8/20/2026 2:38:20 AM","20","0","0","KB","","n/a","0"
"WIN-DEMO-APP01","mem.vmmemctl.average","8/20/2026 2:38:40 AM","20","0","0","KB","","n/a","0"
"WIN-DEMO-APP01","mem.vmmemctl.average","8/20/2026 2:39:00 AM","20","0","0","KB","","n/a","0"
"WIN-DEMO-APP01","mem.vmmemctl.average","8/20/2026 2:39:20 AM","20","0","0","KB","","n/a","0"
"WIN-DEMO-APP01","mem.vmmemctl.average","8/20/2026 2:39:40 AM","20","0","0","KB","","n/a","0"
"WIN-DEMO-APP01","mem.vmmemctl.average","8/20/2026 2:40:00 AM","20","0","0","KB","","n/a","0"
"WIN-DEMO-APP01","mem.vmmemctl.average","8/20/2026 2:40:20 AM","20","0","0","KB","","n/a","0"
"WIN-DEMO-APP01","mem.vmmemctl.average","8/20/2026 2:40:40 AM","20","0","0","KB","","n/a","0"
"WIN-DEMO-APP01","mem.vmmemctl.average","8/20/2026 2:41:00 AM","20","0","0","KB","","n/a","0"
"WIN-DEMO-APP01","mem.vmmemctl.average","8/20/2026 2:41:20 AM","20","0","0","KB","","n/a","0"
"WIN-DEMO-APP01","mem.vmmemctl.average","8/20/2026 2:41:40 AM","20","0","0","KB","","n/a","0"
"WIN-DEMO-APP01","mem.vmmemctl.average","8/20/2026 2:42:00 AM","20","0","0","KB","","n/a","0"
"WIN-DEMO-APP01","mem.vmmemctl.average","8/20/2026 2:42:20 AM","20","0","0","KB","","n/a","0"
"WIN-DEMO-APP01","mem.vmmemctl.average","8/20/2026 2:42:40 AM","20","0","0","KB","","n/a","0"
"WIN-DEMO-APP01","mem.vmmemctl.average","8/20/2026 2:43:00 AM","20","0","0","KB","","n/a","0"
"WIN-DEMO-APP01","mem.vmmemctl.average","8/20/2026 2:43:20 AM","20","0","0","KB","","n/a","0"
"WIN-DEMO-APP01","mem.vmmemctl.average","8/20/2026 2:43:40 AM","20","0","0","KB","","n/a","0"
"WIN-DEMO-APP01","mem.vmmemctl.average","8/20/2026 2:44:00 AM","20","0","0","KB","","n/a","0"
"WIN-DEMO-APP01","mem.vmmemctl.average","8/20/2026 2:44:20 AM","20","0","0","KB","","n/a","0"
"WIN-DEMO-APP01","mem.vmmemctl.average","8/20/2026 2:44:40 AM","20","0","0","KB","","n/a","0"
"WIN-DEMO-APP01","mem.vmmemctl.average","8/20/2026 2:45:00 AM","20","0","0","KB","","n/a","0"
"WIN-DEMO-APP01","mem.vmmemctl.average","8/20/2026 2:45:20 AM","20","0","0","KB","","n/a","0"
"WIN-DEMO-APP01","mem.vmmemctl.average","8/20/2026 2:45:40 AM","20","0","0","KB","","n/a","0"
"WIN-DEMO-APP01","mem.vmmemctl.average","8/20/2026 2:46:00 AM","20","0","0","KB","","n/a","0"
"WIN-DEMO-APP01","mem.vmmemctl.average","8/20/2026 2:46:20 AM","20","0","0","KB","","n/a","0"
"WIN-DEMO-APP01","mem.vmmemctl.average","8/20/2026 2:46:40 AM","20","0","0","KB","","n/a","0"
"WIN-DEMO-APP01","mem.vmmemctl.average","8/20/2026 2:47:00 AM","20","0","0","KB","","n/a","0"
"WIN-DEMO-APP01","mem.vmmemctl.average","8/20/2026 2:47:20 AM","20","0","0","KB","","n/a","0"
"WIN-DEMO-APP01","mem.vmmemctl.average","8/20/2026 2:47:40 AM","20","0","0","KB","","n/a","0"
"WIN-DEMO-APP01","mem.vmmemctl.average","8/20/2026 2:48:00 AM","20","0","0","KB","","n/a","0"
"WIN-DEMO-APP01","mem.vmmemctl.average","8/20/2026 2:48:20 AM","20","0","0","KB","","n/a","0"
"WIN-DEMO-APP01","mem.vmmemctl.average","8/20/2026 2:48:40 AM","20","0","0","KB","","n/a","0"
"WIN-DEMO-APP01","mem.vmmemctl.average","8/20/2026 2:49:00 AM","20","0","0","KB","","n/a","0"
"WIN-DEMO-APP01","mem.vmmemctl.average","8/20/2026 2:49:20 AM","20","0","0","KB","","n/a","0"
"WIN-DEMO-APP01","mem.vmmemctl.average","8/20/2026 2:49:40 AM","20","0","0","KB","","n/a","0"
"WIN-DEMO-APP01","mem.vmmemctl.average","8/20/2026 2:50:00 AM","20","0","0","KB","","n/a","0"
"WIN-DEMO-APP01","mem.vmmemctl.average","8/20/2026 2:50:20 AM","20","0","0","KB","","n/a","0"
"WIN-DEMO-APP01","mem.vmmemctl.average","8/20/2026 2:50:40 AM","20","0","0","KB","","n/a","0"
"WIN-DEMO-APP01","mem.vmmemctl.average","8/20/2026 2:51:00 AM","20","0","0","KB","","n/a","0"
"WIN-DEMO-APP01","mem.vmmemctl.average","8/20/2026 2:51:20 AM","20","0","0","KB","","n/a","0"
"WIN-DEMO-APP01","mem.vmmemctl.average","8/20/2026 2:51:40 AM","20","0","0","KB","","n/a","0"
"WIN-DEMO-APP01","mem.vmmemctl.average","8/20/2026 2:52:00 AM","20","0","0","KB","","n/a","0"
"WIN-DEMO-APP01","mem.vmmemctl.average","8/20/2026 2:52:20 AM","20","0","0","KB","","n/a","0"
"WIN-DEMO-APP01","mem.vmmemctl.average","8/20/2026 2:52:40 AM","20","0","0","KB","","n/a","0"
"WIN-DEMO-APP01","mem.vmmemctl.average","8/20/2026 2:53:00 AM","20","0","0","KB","","n/a","0"
"WIN-DEMO-APP01","mem.vmmemctl.average","8/20/2026 2:53:20 AM","20","0","0","KB","","n/a","0"
"WIN-DEMO-APP01","mem.vmmemctl.average","8/20/2026 2:53:40 AM","20","0","0","KB","","n/a","0"
"WIN-DEMO-APP01","mem.vmmemctl.average","8/20/2026 2:54:00 AM","20","0","0","KB","","n/a","0"
"WIN-DEMO-APP01","mem.vmmemctl.average","8/20/2026 2:54:20 AM","20","0","0","KB","","n/a","0"
"WIN-DEMO-APP01","mem.vmmemctl.average","8/20/2026 2:54:40 AM","20","0","0","KB","","n/a","0"
"WIN-DEMO-APP01","mem.vmmemctl.average","8/20/2026 2:55:00 AM","20","0","0","KB","","n/a","0"
"WIN-DEMO-APP01","mem.vmmemctl.average","8/20/2026 2:55:20 AM","20","0","0","KB","","n/a","0"
"WIN-DEMO-APP01","mem.vmmemctl.average","8/20/2026 2:55:40 AM","20","0","0","KB","","n/a","0"
"WIN-DEMO-APP01","mem.vmmemctl.average","8/20/2026 2:56:00 AM","20","0","0","KB","","n/a","0"
"WIN-DEMO-APP01","mem.vmmemctl.average","8/20/2026 2:56:20 AM","20","0","0","KB","","n/a","0"
"WIN-DEMO-APP01","mem.vmmemctl.average","8/20/2026 2:56:40 AM","20","0","0","KB","","n/a","0"
"WIN-DEMO-APP01","mem.vmmemctl.average","8/20/2026 2:57:00 AM","20","0","0","KB","","n/a","0"
"WIN-DEMO-APP01","mem.vmmemctl.average","8/20/2026 2:57:20 AM","20","0","0","KB","","n/a","0"
"WIN-DEMO-APP01","mem.vmmemctl.average","8/20/2026 2:57:40 AM","20","0","0","KB","","n/a","0"
"WIN-DEMO-APP01","mem.vmmemctl.average","8/20/2026 2:58:00 AM","20","0","0","KB","","n/a","0"
"WIN-DEMO-APP01","mem.vmmemctl.average","8/20/2026 2:58:20 AM","20","0","0","KB","","n/a","0"
"WIN-DEMO-APP01","mem.vmmemctl.average","8/20/2026 2:58:40 AM","20","0","0","KB","","n/a","0"
"WIN-DEMO-APP01","mem.vmmemctl.average","8/20/2026 2:59:00 AM","20","0","0","KB","","n/a","0"
"WIN-DEMO-APP01","mem.vmmemctl.average","8/20/2026 2:59:20 AM","20","0","0","KB","","n/a","0"
"WIN-DEMO-APP01","mem.vmmemctl.average","8/20/2026 2:59:40 AM","20","0","0","KB","","n/a","0"
"WIN-DEMO-APP01","mem.vmmemctl.average","8/20/2026 3:00:00 AM","20","0","0","KB","","n/a","0"
"WIN-DEMO-APP01","mem.vmmemctl.average","8/20/2026 3:00:20 AM","20","0","0","KB","","n/a","0"
"WIN-DEMO-APP01","mem.vmmemctl.average","8/20/2026 3:00:40 AM","20","0","0","KB","","n/a","0"
"WIN-DEMO-APP01","mem.vmmemctl.average","8/20/2026 3:01:00 AM","20","0","0","KB","","n/a","0"
"WIN-DEMO-APP01","mem.vmmemctl.average","8/20/2026 3:01:20 AM","20","0","0","KB","","n/a","0"
"WIN-DEMO-APP01","mem.vmmemctl.average","8/20/2026 3:01:40 AM","20","0","0","KB","","n/a","0"
"WIN-DEMO-APP01","mem.vmmemctl.average","8/20/2026 3:02:00 AM","20","0","0","KB","","n/a","0"
"WIN-DEMO-APP01","mem.vmmemctl.average","8/20/2026 3:02:20 AM","20","0","0","KB","","n/a","0"
"WIN-DEMO-APP01","mem.vmmemctl.average","8/20/2026 3:02:40 AM","20","0","0","KB","","n/a","0"
"WIN-DEMO-APP01","mem.vmmemctl.average","8/20/2026 3:03:00 AM","20","0","0","KB","","n/a","0"
"WIN-DEMO-APP01","mem.vmmemctl.average","8/20/2026 3:03:20 AM","20","0","0","KB","","n/a","0"
"WIN-DEMO-APP01","mem.vmmemctl.average","8/20/2026 3:03:40 AM","20","0","0","KB","","n/a","0"
"WIN-DEMO-APP01","mem.vmmemctl.average","8/20/2026 3:04:00 AM","20","0","0","KB","","n/a","0"
"WIN-DEMO-APP01","mem.vmmemctl.average","8/20/2026 3:04:20 AM","20","0","0","KB","","n/a","0"
"WIN-DEMO-APP01","mem.vmmemctl.average","8/20/2026 3:04:40 AM","20","0","0","KB","","n/a","0"
"WIN-DEMO-APP01","mem.vmmemctl.average","8/20/2026 3:05:00 AM","20","0","0","KB","","n/a","0"
"WIN-DEMO-APP01","mem.vmmemctl.average","8/20/2026 3:05:20 AM","20","0","0","KB","","n/a","0"
"WIN-DEMO-APP01","mem.vmmemctl.average","8/20/2026 3:05:40 AM","20","0","0","KB","","n/a","0"
"WIN-DEMO-APP01","mem.vmmemctl.average","8/20/2026 3:06:00 AM","20","0","0","KB","","n/a","0"
"WIN-DEMO-APP01","mem.vmmemctl.average","8/20/2026 3:06:20 AM","20","0","0","KB","","n/a","0"
"WIN-DEMO-APP01","mem.vmmemctl.average","8/20/2026 3:06:40 AM","20","0","0","KB","","n/a","0"
"WIN-DEMO-APP01","mem.vmmemctl.average","8/20/2026 3:07:00 AM","20","0","0","KB","","n/a","0"
"WIN-DEMO-APP01","mem.vmmemctl.average","8/20/2026 3:07:20 AM","20","0","0","KB","","n/a","0"
"WIN-DEMO-APP01","mem.vmmemctl.average","8/20/2026 3:07:40 AM","20","0","0","KB","","n/a","0"
"WIN-DEMO-APP01","mem.vmmemctl.average","8/20/2026 3:08:00 AM","20","0","0","KB","","n/a","0"
"WIN-DEMO-APP01","mem.vmmemctl.average","8/20/2026 3:08:20 AM","20","0","0","KB","","n/a","0"
"WIN-DEMO-APP01","mem.vmmemctl.average","8/20/2026 3:08:40 AM","20","0","0","KB","","n/a","0"
"WIN-DEMO-APP01","mem.vmmemctl.average","8/20/2026 3:09:00 AM","20","0","0","KB","","n/a","0"
"WIN-DEMO-APP01","mem.vmmemctl.average","8/20/2026 3:09:20 AM","20","0","0","KB","","n/a","0"
"WIN-DEMO-APP01","mem.vmmemctl.average","8/20/2026 3:09:40 AM","20","0","0","KB","","n/a","0"
"WIN-DEMO-APP01","mem.vmmemctl.average","8/20/2026 3:10:00 AM","20","0","0","KB","","n/a","0"
"WIN-DEMO-APP01","mem.vmmemctl.average","8/20/2026 3:10:20 AM","20","0","0","KB","","n/a","0"
"WIN-DEMO-APP01","mem.vmmemctl.average","8/20/2026 3:10:40 AM","20","0","0","KB","","n/a","0"
"WIN-DEMO-APP01","mem.vmmemctl.average","8/20/2026 3:11:00 AM","20","0","0","KB","","n/a","0"
"WIN-DEMO-APP01","mem.vmmemctl.average","8/20/2026 3:11:20 AM","20","0","0","KB","","n/a","0"
"WIN-DEMO-APP01","mem.vmmemctl.average","8/20/2026 3:11:40 AM","20","0","0","KB","","n/a","0"
"WIN-DEMO-APP01","mem.vmmemctl.average","8/20/2026 3:12:00 AM","20","0","0","KB","","n/a","0"
"WIN-DEMO-APP01","mem.vmmemctl.average","8/20/2026 3:12:20 AM","20","0","0","KB","","n/a","0"
"WIN-DEMO-APP01","mem.vmmemctl.average","8/20/2026 3:12:40 AM","20","0","0","KB","","n/a","0"
"WIN-DEMO-APP01","mem.vmmemctl.average","8/20/2026 3:13:00 AM","20","0","0","KB","","n/a","0"
"WIN-DEMO-APP01","mem.vmmemctl.average","8/20/2026 3:13:20 AM","20","0","0","KB","","n/a","0"
"WIN-DEMO-APP01","mem.vmmemctl.average","8/20/2026 3:13:40 AM","20","0","0","KB","","n/a","0"
"WIN-DEMO-APP01","mem.vmmemctl.average","8/20/2026 3:14:00 AM","20","0","0","KB","","n/a","0"
"WIN-DEMO-APP01","mem.vmmemctl.average","8/20/2026 3:14:20 AM","20","0","0","KB","","n/a","0"
"WIN-DEMO-APP01","mem.vmmemctl.average","8/20/2026 3:14:40 AM","20","0","0","KB","","n/a","0"
"WIN-DEMO-APP01","mem.vmmemctl.average","8/20/2026 3:15:00 AM","20","0","0","KB","","n/a","0"
"WIN-DEMO-APP01","mem.vmmemctl.average","8/20/2026 3:15:20 AM","20","0","0","KB","","n/a","0"
"WIN-DEMO-APP01","mem.vmmemctl.average","8/20/2026 3:15:40 AM","20","0","0","KB","","n/a","0"
"WIN-DEMO-APP01","mem.vmmemctl.average","8/20/2026 3:16:00 AM","20","0","0","KB","","n/a","0"
"WIN-DEMO-APP01","mem.vmmemctl.average","8/20/2026 3:16:20 AM","20","0","0","KB","","n/a","0"
"WIN-DEMO-APP01","mem.vmmemctl.average","8/20/2026 3:16:40 AM","20","0","0","KB","","n/a","0"
"WIN-DEMO-APP01","mem.vmmemctl.average","8/20/2026 3:17:00 AM","20","0","0","KB","","n/a","0"
"WIN-DEMO-APP01","mem.vmmemctl.average","8/20/2026 3:17:20 AM","20","0","0","KB","","n/a","0"
"WIN-DEMO-APP01","mem.vmmemctl.average","8/20/2026 3:17:40 AM","20","0","0","KB","","n/a","0"
"WIN-DEMO-APP01","mem.vmmemctl.average","8/20/2026 3:18:00 AM","20","0","0","KB","","n/a","0"
"WIN-DEMO-APP01","mem.vmmemctl.average","8/20/2026 3:18:20 AM","20","0","0","KB","","n/a","0"
"WIN-DEMO-APP01","mem.vmmemctl.average","8/20/2026 3:18:40 AM","20","0","0","KB","","n/a","0"
"WIN-DEMO-APP01","mem.vmmemctl.average","8/20/2026 3:19:00 AM","20","0","0","KB","","n/a","0"
"WIN-DEMO-APP01","mem.vmmemctl.average","8/20/2026 3:19:20 AM","20","0","0","KB","","n/a","0"
"WIN-DEMO-APP01","mem.vmmemctl.average","8/20/2026 3:19:40 AM","20","0","0","KB","","n/a","0"
"WIN-DEMO-APP01","mem.vmmemctl.average","8/20/2026 3:20:00 AM","20","0","0","KB","","n/a","0"
"WIN-DEMO-APP01","mem.vmmemctl.average","8/20/2026 3:20:20 AM","20","0","0","KB","","n/a","0"
"WIN-DEMO-APP01","mem.vmmemctl.average","8/20/2026 3:20:40 AM","20","0","0","KB","","n/a","0"
"WIN-DEMO-APP01","mem.vmmemctl.average","8/20/2026 3:21:00 AM","20","0","0","KB","","n/a","0"
"WIN-DEMO-APP01","mem.vmmemctl.average","8/20/2026 3:21:20 AM","20","0","0","KB","","n/a","0"
"WIN-DEMO-APP01","mem.vmmemctl.average","8/20/2026 3:21:40 AM","20","0","0","KB","","n/a","0"
"WIN-DEMO-APP01","mem.vmmemctl.average","8/20/2026 3:22:00 AM","20","0","0","KB","","n/a","0"
"WIN-DEMO-APP01","mem.vmmemctl.average","8/20/2026 3:22:20 AM","20","0","0","KB","","n/a","0"
"WIN-DEMO-APP01","mem.vmmemctl.average","8/20/2026 3:22:40 AM","20","0","0","KB","","n/a","0"
"WIN-DEMO-APP01","mem.vmmemctl.average","8/20/2026 3:23:00 AM","20","0","0","KB","","n/a","0"
"WIN-DEMO-APP01","mem.vmmemctl.average","8/20/2026 3:23:20 AM","20","0","0","KB","","n/a","0"
"WIN-DEMO-APP01","mem.vmmemctl.average","8/20/2026 3:23:40 AM","20","0","0","KB","","n/a","0"
"WIN-DEMO-APP01","mem.vmmemctl.average","8/20/2026 3:24:00 AM","20","0","0","KB","","n/a","0"
"WIN-DEMO-APP01","mem.vmmemctl.average","8/20/2026 3:24:20 AM","20","0","0","KB","","n/a","0"
"WIN-DEMO-APP01","mem.vmmemctl.average","8/20/2026 3:24:40 AM","20","0","0","KB","","n/a","0"
"WIN-DEMO-APP01","mem.vmmemctl.average","8/20/2026 3:25:00 AM","20","0","0","KB","","n/a","0"
"WIN-DEMO-APP01","mem.vmmemctl.average","8/20/2026 3:25:20 AM","20","0","0","KB","","n/a","0"
"WIN-DEMO-APP01","mem.vmmemctl.average","8/20/2026 3:25:40 AM","20","0","0","KB","","n/a","0"
"WIN-DEMO-APP01","mem.vmmemctl.average","8/20/2026 3:26:00 AM","20","0","0","KB","","n/a","0"
"WIN-DEMO-APP01","mem.vmmemctl.average","8/20/2026 3:26:20 AM","20","0","0","KB","","n/a","0"
"WIN-DEMO-APP01","mem.vmmemctl.average","8/20/2026 3:26:40 AM","20","0","0","KB","","n/a","0"
"WIN-DEMO-APP01","mem.vmmemctl.average","8/20/2026 3:27:00 AM","20","0","0","KB","","n/a","0"
"WIN-DEMO-APP01","mem.vmmemctl.average","8/20/2026 3:27:20 AM","20","0","0","KB","","n/a","0"
"WIN-DEMO-APP01","mem.vmmemctl.average","8/20/2026 3:27:40 AM","20","0","0","KB","","n/a","0"
"WIN-DEMO-APP01","mem.vmmemctl.average","8/20/2026 3:28:00 AM","20","0","0","KB","","n/a","0"
"WIN-DEMO-APP01","mem.vmmemctl.average","8/20/2026 3:28:20 AM","20","0","0","KB","","n/a","0"
"WIN-DEMO-APP01","mem.vmmemctl.average","8/20/2026 3:28:40 AM","20","0","0","KB","","n/a","0"
"WIN-DEMO-APP01","mem.vmmemctl.average","8/20/2026 3:29:00 AM","20","0","0","KB","","n/a","0"
"WIN-DEMO-APP01","mem.vmmemctl.average","8/20/2026 3:29:20 AM","20","0","0","KB","","n/a","0"
"WIN-DEMO-APP01","mem.vmmemctl.average","8/20/2026 3:29:40 AM","20","0","0","KB","","n/a","0"
"WIN-DEMO-APP01","mem.vmmemctl.average","8/20/2026 3:30:00 AM","20","0","0","KB","","n/a","0"
"WIN-DEMO-APP01","net.received.average","8/20/2026 2:30:20 AM","20","1","1","KBps","","n/a","0"
"WIN-DEMO-APP01","net.received.average","8/20/2026 2:30:40 AM","20","1","1","KBps","","n/a","0"
"WIN-DEMO-APP01","net.received.average","8/20/2026 2:31:00 AM","20","1","1","KBps","","n/a","0"
"WIN-DEMO-APP01","net.received.average","8/20/2026 2:31:20 AM","20","1","1","KBps","","n/a","0"
"WIN-DEMO-APP01","net.received.average","8/20/2026 2:31:40 AM","20","1","1","KBps","","n/a","0"
"WIN-DEMO-APP01","net.received.average","8/20/2026 2:32:00 AM","20","1","1","KBps","","n/a","0"
"WIN-DEMO-APP01","net.received.average","8/20/2026 2:32:20 AM","20","1","1","KBps","","n/a","0"
"WIN-DEMO-APP01","net.received.average","8/20/2026 2:32:40 AM","20","1","1","KBps","","n/a","0"
"WIN-DEMO-APP01","net.received.average","8/20/2026 2:33:00 AM","20","1","1","KBps","","n/a","0"
"WIN-DEMO-APP01","net.received.average","8/20/2026 2:33:20 AM","20","1","1","KBps","","n/a","0"
"WIN-DEMO-APP01","net.received.average","8/20/2026 2:33:40 AM","20","1","1","KBps","","n/a","0"
"WIN-DEMO-APP01","net.received.average","8/20/2026 2:34:00 AM","20","1","1","KBps","","n/a","0"
"WIN-DEMO-APP01","net.received.average","8/20/2026 2:34:20 AM","20","1","1","KBps","","n/a","0"
"WIN-DEMO-APP01","net.received.average","8/20/2026 2:34:40 AM","20","1","1","KBps","","n/a","0"
"WIN-DEMO-APP01","net.received.average","8/20/2026 2:35:00 AM","20","1","1","KBps","","n/a","0"
"WIN-DEMO-APP01","net.received.average","8/20/2026 2:35:20 AM","20","1","1","KBps","","n/a","0"
"WIN-DEMO-APP01","net.received.average","8/20/2026 2:35:40 AM","20","1","1","KBps","","n/a","0"
"WIN-DEMO-APP01","net.received.average","8/20/2026 2:36:00 AM","20","1","1","KBps","","n/a","0"
"WIN-DEMO-APP01","net.received.average","8/20/2026 2:36:20 AM","20","1","1","KBps","","n/a","0"
"WIN-DEMO-APP01","net.received.average","8/20/2026 2:36:40 AM","20","1","1","KBps","","n/a","0"
"WIN-DEMO-APP01","net.received.average","8/20/2026 2:37:00 AM","20","1","1","KBps","","n/a","0"
"WIN-DEMO-APP01","net.received.average","8/20/2026 2:37:20 AM","20","1","1","KBps","","n/a","0"
"WIN-DEMO-APP01","net.received.average","8/20/2026 2:37:40 AM","20","1","1","KBps","","n/a","0"
"WIN-DEMO-APP01","net.received.average","8/20/2026 2:38:00 AM","20","1","1","KBps","","n/a","0"
"WIN-DEMO-APP01","net.received.average","8/20/2026 2:38:20 AM","20","1","1","KBps","","n/a","0"
"WIN-DEMO-APP01","net.received.average","8/20/2026 2:38:40 AM","20","1","1","KBps","","n/a","0"
"WIN-DEMO-APP01","net.received.average","8/20/2026 2:39:00 AM","20","1","1","KBps","","n/a","0"
"WIN-DEMO-APP01","net.received.average","8/20/2026 2:39:20 AM","20","1","1","KBps","","n/a","0"
"WIN-DEMO-APP01","net.received.average","8/20/2026 2:39:40 AM","20","1","1","KBps","","n/a","0"
"WIN-DEMO-APP01","net.received.average","8/20/2026 2:40:00 AM","20","1","1","KBps","","n/a","0"
"WIN-DEMO-APP01","net.received.average","8/20/2026 2:40:20 AM","20","1","1","KBps","","n/a","0"
"WIN-DEMO-APP01","net.received.average","8/20/2026 2:40:40 AM","20","1","1","KBps","","n/a","0"
"WIN-DEMO-APP01","net.received.average","8/20/2026 2:41:00 AM","20","1","1","KBps","","n/a","0"
"WIN-DEMO-APP01","net.received.average","8/20/2026 2:41:20 AM","20","1","1","KBps","","n/a","0"
"WIN-DEMO-APP01","net.received.average","8/20/2026 2:41:40 AM","20","1","1","KBps","","n/a","0"
"WIN-DEMO-APP01","net.received.average","8/20/2026 2:42:00 AM","20","1","1","KBps","","n/a","0"
"WIN-DEMO-APP01","net.received.average","8/20/2026 2:42:20 AM","20","1","1","KBps","","n/a","0"
"WIN-DEMO-APP01","net.received.average","8/20/2026 2:42:40 AM","20","1","1","KBps","","n/a","0"
"WIN-DEMO-APP01","net.received.average","8/20/2026 2:43:00 AM","20","1","1","KBps","","n/a","0"
"WIN-DEMO-APP01","net.received.average","8/20/2026 2:43:20 AM","20","1","1","KBps","","n/a","0"
"WIN-DEMO-APP01","net.received.average","8/20/2026 2:43:40 AM","20","1","1","KBps","","n/a","0"
"WIN-DEMO-APP01","net.received.average","8/20/2026 2:44:00 AM","20","1","1","KBps","","n/a","0"
"WIN-DEMO-APP01","net.received.average","8/20/2026 2:44:20 AM","20","1","1","KBps","","n/a","0"
"WIN-DEMO-APP01","net.received.average","8/20/2026 2:44:40 AM","20","1","1","KBps","","n/a","0"
"WIN-DEMO-APP01","net.received.average","8/20/2026 2:45:00 AM","20","1","1","KBps","","n/a","0"
"WIN-DEMO-APP01","net.received.average","8/20/2026 2:45:20 AM","20","1","1","KBps","","n/a","0"
"WIN-DEMO-APP01","net.received.average","8/20/2026 2:45:40 AM","20","1","1","KBps","","n/a","0"
"WIN-DEMO-APP01","net.received.average","8/20/2026 2:46:00 AM","20","1","1","KBps","","n/a","0"
"WIN-DEMO-APP01","net.received.average","8/20/2026 2:46:20 AM","20","1","1","KBps","","n/a","0"
"WIN-DEMO-APP01","net.received.average","8/20/2026 2:46:40 AM","20","1","1","KBps","","n/a","0"
"WIN-DEMO-APP01","net.received.average","8/20/2026 2:47:00 AM","20","1","1","KBps","","n/a","0"
"WIN-DEMO-APP01","net.received.average","8/20/2026 2:47:20 AM","20","1","1","KBps","","n/a","0"
"WIN-DEMO-APP01","net.received.average","8/20/2026 2:47:40 AM","20","1","1","KBps","","n/a","0"
"WIN-DEMO-APP01","net.received.average","8/20/2026 2:48:00 AM","20","1","1","KBps","","n/a","0"
"WIN-DEMO-APP01","net.received.average","8/20/2026 2:48:20 AM","20","1","1","KBps","","n/a","0"
"WIN-DEMO-APP01","net.received.average","8/20/2026 2:48:40 AM","20","1","1","KBps","","n/a","0"
"WIN-DEMO-APP01","net.received.average","8/20/2026 2:49:00 AM","20","1","1","KBps","","n/a","0"
"WIN-DEMO-APP01","net.received.average","8/20/2026 2:49:20 AM","20","1","1","KBps","","n/a","0"
"WIN-DEMO-APP01","net.received.average","8/20/2026 2:49:40 AM","20","1","1","KBps","","n/a","0"
"WIN-DEMO-APP01","net.received.average","8/20/2026 2:50:00 AM","20","1","1","KBps","","n/a","0"
"WIN-DEMO-APP01","net.received.average","8/20/2026 2:50:20 AM","20","1","1","KBps","","n/a","0"
"WIN-DEMO-APP01","net.received.average","8/20/2026 2:50:40 AM","20","1","1","KBps","","n/a","0"
"WIN-DEMO-APP01","net.received.average","8/20/2026 2:51:00 AM","20","1","1","KBps","","n/a","0"
"WIN-DEMO-APP01","net.received.average","8/20/2026 2:51:20 AM","20","1","1","KBps","","n/a","0"
"WIN-DEMO-APP01","net.received.average","8/20/2026 2:51:40 AM","20","1","1","KBps","","n/a","0"
"WIN-DEMO-APP01","net.received.average","8/20/2026 2:52:00 AM","20","1","1","KBps","","n/a","0"
"WIN-DEMO-APP01","net.received.average","8/20/2026 2:52:20 AM","20","1","1","KBps","","n/a","0"
"WIN-DEMO-APP01","net.received.average","8/20/2026 2:52:40 AM","20","1","1","KBps","","n/a","0"
"WIN-DEMO-APP01","net.received.average","8/20/2026 2:53:00 AM","20","1","1","KBps","","n/a","0"
"WIN-DEMO-APP01","net.received.average","8/20/2026 2:53:20 AM","20","1","1","KBps","","n/a","0"
"WIN-DEMO-APP01","net.received.average","8/20/2026 2:53:40 AM","20","1","1","KBps","","n/a","0"
"WIN-DEMO-APP01","net.received.average","8/20/2026 2:54:00 AM","20","1","1","KBps","","n/a","0"
"WIN-DEMO-APP01","net.received.average","8/20/2026 2:54:20 AM","20","1","1","KBps","","n/a","0"
"WIN-DEMO-APP01","net.received.average","8/20/2026 2:54:40 AM","20","1","1","KBps","","n/a","0"
"WIN-DEMO-APP01","net.received.average","8/20/2026 2:55:00 AM","20","1","1","KBps","","n/a","0"
"WIN-DEMO-APP01","net.received.average","8/20/2026 2:55:20 AM","20","1","1","KBps","","n/a","0"
"WIN-DEMO-APP01","net.received.average","8/20/2026 2:55:40 AM","20","1","1","KBps","","n/a","0"
"WIN-DEMO-APP01","net.received.average","8/20/2026 2:56:00 AM","20","1","1","KBps","","n/a","0"
"WIN-DEMO-APP01","net.received.average","8/20/2026 2:56:20 AM","20","1","1","KBps","","n/a","0"
"WIN-DEMO-APP01","net.received.average","8/20/2026 2:56:40 AM","20","1","1","KBps","","n/a","0"
"WIN-DEMO-APP01","net.received.average","8/20/2026 2:57:00 AM","20","1","1","KBps","","n/a","0"
"WIN-DEMO-APP01","net.received.average","8/20/2026 2:57:20 AM","20","1","1","KBps","","n/a","0"
"WIN-DEMO-APP01","net.received.average","8/20/2026 2:57:40 AM","20","1","1","KBps","","n/a","0"
"WIN-DEMO-APP01","net.received.average","8/20/2026 2:58:00 AM","20","1","1","KBps","","n/a","0"
"WIN-DEMO-APP01","net.received.average","8/20/2026 2:58:20 AM","20","1","1","KBps","","n/a","0"
"WIN-DEMO-APP01","net.received.average","8/20/2026 2:58:40 AM","20","1","1","KBps","","n/a","0"
"WIN-DEMO-APP01","net.received.average","8/20/2026 2:59:00 AM","20","1","1","KBps","","n/a","0"
"WIN-DEMO-APP01","net.received.average","8/20/2026 2:59:20 AM","20","1","1","KBps","","n/a","0"
"WIN-DEMO-APP01","net.received.average","8/20/2026 2:59:40 AM","20","1","1","KBps","","n/a","0"
"WIN-DEMO-APP01","net.received.average","8/20/2026 3:00:00 AM","20","1","1","KBps","","n/a","0"
"WIN-DEMO-APP01","net.received.average","8/20/2026 3:00:20 AM","20","1","1","KBps","","n/a","0"
"WIN-DEMO-APP01","net.received.average","8/20/2026 3:00:40 AM","20","1","1","KBps","","n/a","0"
"WIN-DEMO-APP01","net.received.average","8/20/2026 3:01:00 AM","20","1","1","KBps","","n/a","0"
"WIN-DEMO-APP01","net.received.average","8/20/2026 3:01:20 AM","20","1","1","KBps","","n/a","0"
"WIN-DEMO-APP01","net.received.average","8/20/2026 3:01:40 AM","20","1","1","KBps","","n/a","0"
"WIN-DEMO-APP01","net.received.average","8/20/2026 3:02:00 AM","20","1","1","KBps","","n/a","0"
"WIN-DEMO-APP01","net.received.average","8/20/2026 3:02:20 AM","20","1","1","KBps","","n/a","0"
"WIN-DEMO-APP01","net.received.average","8/20/2026 3:02:40 AM","20","1","1","KBps","","n/a","0"
"WIN-DEMO-APP01","net.received.average","8/20/2026 3:03:00 AM","20","1","1","KBps","","n/a","0"
"WIN-DEMO-APP01","net.received.average","8/20/2026 3:03:20 AM","20","1","1","KBps","","n/a","0"
"WIN-DEMO-APP01","net.received.average","8/20/2026 3:03:40 AM","20","1","1","KBps","","n/a","0"
"WIN-DEMO-APP01","net.received.average","8/20/2026 3:04:00 AM","20","1","1","KBps","","n/a","0"
"WIN-DEMO-APP01","net.received.average","8/20/2026 3:04:20 AM","20","1","1","KBps","","n/a","0"
"WIN-DEMO-APP01","net.received.average","8/20/2026 3:04:40 AM","20","1","1","KBps","","n/a","0"
"WIN-DEMO-APP01","net.received.average","8/20/2026 3:05:00 AM","20","1","1","KBps","","n/a","0"
"WIN-DEMO-APP01","net.received.average","8/20/2026 3:05:20 AM","20","1","1","KBps","","n/a","0"
"WIN-DEMO-APP01","net.received.average","8/20/2026 3:05:40 AM","20","1","1","KBps","","n/a","0"
"WIN-DEMO-APP01","net.received.average","8/20/2026 3:06:00 AM","20","1","1","KBps","","n/a","0"
"WIN-DEMO-APP01","net.received.average","8/20/2026 3:06:20 AM","20","1","1","KBps","","n/a","0"
"WIN-DEMO-APP01","net.received.average","8/20/2026 3:06:40 AM","20","1","1","KBps","","n/a","0"
"WIN-DEMO-APP01","net.received.average","8/20/2026 3:07:00 AM","20","1","1","KBps","","n/a","0"
"WIN-DEMO-APP01","net.received.average","8/20/2026 3:07:20 AM","20","1","1","KBps","","n/a","0"
"WIN-DEMO-APP01","net.received.average","8/20/2026 3:07:40 AM","20","1","1","KBps","","n/a","0"
"WIN-DEMO-APP01","net.received.average","8/20/2026 3:08:00 AM","20","1","1","KBps","","n/a","0"
"WIN-DEMO-APP01","net.received.average","8/20/2026 3:08:20 AM","20","1","1","KBps","","n/a","0"
"WIN-DEMO-APP01","net.received.average","8/20/2026 3:08:40 AM","20","1","1","KBps","","n/a","0"
"WIN-DEMO-APP01","net.received.average","8/20/2026 3:09:00 AM","20","1","1","KBps","","n/a","0"
"WIN-DEMO-APP01","net.received.average","8/20/2026 3:09:20 AM","20","1","1","KBps","","n/a","0"
"WIN-DEMO-APP01","net.received.average","8/20/2026 3:09:40 AM","20","1","1","KBps","","n/a","0"
"WIN-DEMO-APP01","net.received.average","8/20/2026 3:10:00 AM","20","1","1","KBps","","n/a","0"
"WIN-DEMO-APP01","net.received.average","8/20/2026 3:10:20 AM","20","1","1","KBps","","n/a","0"
"WIN-DEMO-APP01","net.received.average","8/20/2026 3:10:40 AM","20","1","1","KBps","","n/a","0"
"WIN-DEMO-APP01","net.received.average","8/20/2026 3:11:00 AM","20","1","1","KBps","","n/a","0"
"WIN-DEMO-APP01","net.received.average","8/20/2026 3:11:20 AM","20","1","1","KBps","","n/a","0"
"WIN-DEMO-APP01","net.received.average","8/20/2026 3:11:40 AM","20","1","1","KBps","","n/a","0"
"WIN-DEMO-APP01","net.received.average","8/20/2026 3:12:00 AM","20","1","1","KBps","","n/a","0"
"WIN-DEMO-APP01","net.received.average","8/20/2026 3:12:20 AM","20","1","1","KBps","","n/a","0"
"WIN-DEMO-APP01","net.received.average","8/20/2026 3:12:40 AM","20","1","1","KBps","","n/a","0"
"WIN-DEMO-APP01","net.received.average","8/20/2026 3:13:00 AM","20","1","1","KBps","","n/a","0"
"WIN-DEMO-APP01","net.received.average","8/20/2026 3:13:20 AM","20","1","1","KBps","","n/a","0"
"WIN-DEMO-APP01","net.received.average","8/20/2026 3:13:40 AM","20","1","1","KBps","","n/a","0"
"WIN-DEMO-APP01","net.received.average","8/20/2026 3:14:00 AM","20","1","1","KBps","","n/a","0"
"WIN-DEMO-APP01","net.received.average","8/20/2026 3:14:20 AM","20","1","1","KBps","","n/a","0"
"WIN-DEMO-APP01","net.received.average","8/20/2026 3:14:40 AM","20","2","2","KBps","","n/a","0"
"WIN-DEMO-APP01","net.received.average","8/20/2026 3:15:00 AM","20","75","75","KBps","","n/a","0"
"WIN-DEMO-APP01","net.received.average","8/20/2026 3:15:20 AM","20","1","1","KBps","","n/a","0"
"WIN-DEMO-APP01","net.received.average","8/20/2026 3:15:40 AM","20","1","1","KBps","","n/a","0"
"WIN-DEMO-APP01","net.received.average","8/20/2026 3:16:00 AM","20","1","1","KBps","","n/a","0"
"WIN-DEMO-APP01","net.received.average","8/20/2026 3:16:20 AM","20","1","1","KBps","","n/a","0"
"WIN-DEMO-APP01","net.received.average","8/20/2026 3:16:40 AM","20","1","1","KBps","","n/a","0"
"WIN-DEMO-APP01","net.received.average","8/20/2026 3:17:00 AM","20","1","1","KBps","","n/a","0"
"WIN-DEMO-APP01","net.received.average","8/20/2026 3:17:20 AM","20","1","1","KBps","","n/a","0"
"WIN-DEMO-APP01","net.received.average","8/20/2026 3:17:40 AM","20","1","1","KBps","","n/a","0"
"WIN-DEMO-APP01","net.received.average","8/20/2026 3:18:00 AM","20","1","1","KBps","","n/a","0"
"WIN-DEMO-APP01","net.received.average","8/20/2026 3:18:20 AM","20","1","1","KBps","","n/a","0"
"WIN-DEMO-APP01","net.received.average","8/20/2026 3:18:40 AM","20","1","1","KBps","","n/a","0"
"WIN-DEMO-APP01","net.received.average","8/20/2026 3:19:00 AM","20","1","1","KBps","","n/a","0"
"WIN-DEMO-APP01","net.received.average","8/20/2026 3:19:20 AM","20","1","1","KBps","","n/a","0"
"WIN-DEMO-APP01","net.received.average","8/20/2026 3:19:40 AM","20","1","1","KBps","","n/a","0"
"WIN-DEMO-APP01","net.received.average","8/20/2026 3:20:00 AM","20","1","1","KBps","","n/a","0"
"WIN-DEMO-APP01","net.received.average","8/20/2026 3:20:20 AM","20","1","1","KBps","","n/a","0"
"WIN-DEMO-APP01","net.received.average","8/20/2026 3:20:40 AM","20","1","1","KBps","","n/a","0"
"WIN-DEMO-APP01","net.received.average","8/20/2026 3:21:00 AM","20","1","1","KBps","","n/a","0"
"WIN-DEMO-APP01","net.received.average","8/20/2026 3:21:20 AM","20","1","1","KBps","","n/a","0"
"WIN-DEMO-APP01","net.received.average","8/20/2026 3:21:40 AM","20","1","1","KBps","","n/a","0"
"WIN-DEMO-APP01","net.received.average","8/20/2026 3:22:00 AM","20","1","1","KBps","","n/a","0"
"WIN-DEMO-APP01","net.received.average","8/20/2026 3:22:20 AM","20","2","2","KBps","","n/a","0"
"WIN-DEMO-APP01","net.received.average","8/20/2026 3:22:40 AM","20","1","1","KBps","","n/a","0"
"WIN-DEMO-APP01","net.received.average","8/20/2026 3:23:00 AM","20","1","1","KBps","","n/a","0"
"WIN-DEMO-APP01","net.received.average","8/20/2026 3:23:20 AM","20","1","1","KBps","","n/a","0"
"WIN-DEMO-APP01","net.received.average","8/20/2026 3:23:40 AM","20","1","1","KBps","","n/a","0"
"WIN-DEMO-APP01","net.received.average","8/20/2026 3:24:00 AM","20","1","1","KBps","","n/a","0"
"WIN-DEMO-APP01","net.received.average","8/20/2026 3:24:20 AM","20","1","1","KBps","","n/a","0"
"WIN-DEMO-APP01","net.received.average","8/20/2026 3:24:40 AM","20","1","1","KBps","","n/a","0"
"WIN-DEMO-APP01","net.received.average","8/20/2026 3:25:00 AM","20","1","1","KBps","","n/a","0"
"WIN-DEMO-APP01","net.received.average","8/20/2026 3:25:20 AM","20","1","1","KBps","","n/a","0"
"WIN-DEMO-APP01","net.received.average","8/20/2026 3:25:40 AM","20","1","1","KBps","","n/a","0"
"WIN-DEMO-APP01","net.received.average","8/20/2026 3:26:00 AM","20","1","1","KBps","","n/a","0"
"WIN-DEMO-APP01","net.received.average","8/20/2026 3:26:20 AM","20","1","1","KBps","","n/a","0"
"WIN-DEMO-APP01","net.received.average","8/20/2026 3:26:40 AM","20","1","1","KBps","","n/a","0"
"WIN-DEMO-APP01","net.received.average","8/20/2026 3:27:00 AM","20","1","1","KBps","","n/a","0"
"WIN-DEMO-APP01","net.received.average","8/20/2026 3:27:20 AM","20","1","1","KBps","","n/a","0"
"WIN-DEMO-APP01","net.received.average","8/20/2026 3:27:40 AM","20","1","1","KBps","","n/a","0"
"WIN-DEMO-APP01","net.received.average","8/20/2026 3:28:00 AM","20","1","1","KBps","","n/a","0"
"WIN-DEMO-APP01","net.received.average","8/20/2026 3:28:20 AM","20","1","1","KBps","","n/a","0"
"WIN-DEMO-APP01","net.received.average","8/20/2026 3:28:40 AM","20","1","1","KBps","","n/a","0"
"WIN-DEMO-APP01","net.received.average","8/20/2026 3:29:00 AM","20","1","1","KBps","","n/a","0"
"WIN-DEMO-APP01","net.received.average","8/20/2026 3:29:20 AM","20","1","1","KBps","","n/a","0"
"WIN-DEMO-APP01","net.received.average","8/20/2026 3:29:40 AM","20","1","1","KBps","","n/a","0"
"WIN-DEMO-APP01","net.received.average","8/20/2026 3:30:00 AM","20","1","1","KBps","","n/a","0"
"WIN-DEMO-APP01","net.transmitted.average","8/20/2026 2:30:20 AM","20","1","1","KBps","","n/a","0"
"WIN-DEMO-APP01","net.transmitted.average","8/20/2026 2:30:40 AM","20","1","1","KBps","","n/a","0"
"WIN-DEMO-APP01","net.transmitted.average","8/20/2026 2:31:00 AM","20","1","1","KBps","","n/a","0"
"WIN-DEMO-APP01","net.transmitted.average","8/20/2026 2:31:20 AM","20","1","1","KBps","","n/a","0"
"WIN-DEMO-APP01","net.transmitted.average","8/20/2026 2:31:40 AM","20","1","1","KBps","","n/a","0"
"WIN-DEMO-APP01","net.transmitted.average","8/20/2026 2:32:00 AM","20","1","1","KBps","","n/a","0"
"WIN-DEMO-APP01","net.transmitted.average","8/20/2026 2:32:20 AM","20","1","1","KBps","","n/a","0"
"WIN-DEMO-APP01","net.transmitted.average","8/20/2026 2:32:40 AM","20","1","1","KBps","","n/a","0"
"WIN-DEMO-APP01","net.transmitted.average","8/20/2026 2:33:00 AM","20","1","1","KBps","","n/a","0"
"WIN-DEMO-APP01","net.transmitted.average","8/20/2026 2:33:20 AM","20","1","1","KBps","","n/a","0"
"WIN-DEMO-APP01","net.transmitted.average","8/20/2026 2:33:40 AM","20","1","1","KBps","","n/a","0"
"WIN-DEMO-APP01","net.transmitted.average","8/20/2026 2:34:00 AM","20","1","1","KBps","","n/a","0"
"WIN-DEMO-APP01","net.transmitted.average","8/20/2026 2:34:20 AM","20","1","1","KBps","","n/a","0"
"WIN-DEMO-APP01","net.transmitted.average","8/20/2026 2:34:40 AM","20","1","1","KBps","","n/a","0"
"WIN-DEMO-APP01","net.transmitted.average","8/20/2026 2:35:00 AM","20","1","1","KBps","","n/a","0"
"WIN-DEMO-APP01","net.transmitted.average","8/20/2026 2:35:20 AM","20","1","1","KBps","","n/a","0"
"WIN-DEMO-APP01","net.transmitted.average","8/20/2026 2:35:40 AM","20","1","1","KBps","","n/a","0"
"WIN-DEMO-APP01","net.transmitted.average","8/20/2026 2:36:00 AM","20","1","1","KBps","","n/a","0"
"WIN-DEMO-APP01","net.transmitted.average","8/20/2026 2:36:20 AM","20","1","1","KBps","","n/a","0"
"WIN-DEMO-APP01","net.transmitted.average","8/20/2026 2:36:40 AM","20","1","1","KBps","","n/a","0"
"WIN-DEMO-APP01","net.transmitted.average","8/20/2026 2:37:00 AM","20","1","1","KBps","","n/a","0"
"WIN-DEMO-APP01","net.transmitted.average","8/20/2026 2:37:20 AM","20","1","1","KBps","","n/a","0"
"WIN-DEMO-APP01","net.transmitted.average","8/20/2026 2:37:40 AM","20","1","1","KBps","","n/a","0"
"WIN-DEMO-APP01","net.transmitted.average","8/20/2026 2:38:00 AM","20","1","1","KBps","","n/a","0"
"WIN-DEMO-APP01","net.transmitted.average","8/20/2026 2:38:20 AM","20","1","1","KBps","","n/a","0"
"WIN-DEMO-APP01","net.transmitted.average","8/20/2026 2:38:40 AM","20","1","1","KBps","","n/a","0"
"WIN-DEMO-APP01","net.transmitted.average","8/20/2026 2:39:00 AM","20","1","1","KBps","","n/a","0"
"WIN-DEMO-APP01","net.transmitted.average","8/20/2026 2:39:20 AM","20","1","1","KBps","","n/a","0"
"WIN-DEMO-APP01","net.transmitted.average","8/20/2026 2:39:40 AM","20","1","1","KBps","","n/a","0"
"WIN-DEMO-APP01","net.transmitted.average","8/20/2026 2:40:00 AM","20","1","1","KBps","","n/a","0"
"WIN-DEMO-APP01","net.transmitted.average","8/20/2026 2:40:20 AM","20","1","1","KBps","","n/a","0"
"WIN-DEMO-APP01","net.transmitted.average","8/20/2026 2:40:40 AM","20","1","1","KBps","","n/a","0"
"WIN-DEMO-APP01","net.transmitted.average","8/20/2026 2:41:00 AM","20","1","1","KBps","","n/a","0"
"WIN-DEMO-APP01","net.transmitted.average","8/20/2026 2:41:20 AM","20","1","1","KBps","","n/a","0"
"WIN-DEMO-APP01","net.transmitted.average","8/20/2026 2:41:40 AM","20","1","1","KBps","","n/a","0"
"WIN-DEMO-APP01","net.transmitted.average","8/20/2026 2:42:00 AM","20","1","1","KBps","","n/a","0"
"WIN-DEMO-APP01","net.transmitted.average","8/20/2026 2:42:20 AM","20","1","1","KBps","","n/a","0"
"WIN-DEMO-APP01","net.transmitted.average","8/20/2026 2:42:40 AM","20","1","1","KBps","","n/a","0"
"WIN-DEMO-APP01","net.transmitted.average","8/20/2026 2:43:00 AM","20","1","1","KBps","","n/a","0"
"WIN-DEMO-APP01","net.transmitted.average","8/20/2026 2:43:20 AM","20","1","1","KBps","","n/a","0"
"WIN-DEMO-APP01","net.transmitted.average","8/20/2026 2:43:40 AM","20","1","1","KBps","","n/a","0"
"WIN-DEMO-APP01","net.transmitted.average","8/20/2026 2:44:00 AM","20","1","1","KBps","","n/a","0"
"WIN-DEMO-APP01","net.transmitted.average","8/20/2026 2:44:20 AM","20","1","1","KBps","","n/a","0"
"WIN-DEMO-APP01","net.transmitted.average","8/20/2026 2:44:40 AM","20","1","1","KBps","","n/a","0"
"WIN-DEMO-APP01","net.transmitted.average","8/20/2026 2:45:00 AM","20","1","1","KBps","","n/a","0"
"WIN-DEMO-APP01","net.transmitted.average","8/20/2026 2:45:20 AM","20","1","1","KBps","","n/a","0"
"WIN-DEMO-APP01","net.transmitted.average","8/20/2026 2:45:40 AM","20","1","1","KBps","","n/a","0"
"WIN-DEMO-APP01","net.transmitted.average","8/20/2026 2:46:00 AM","20","1","1","KBps","","n/a","0"
"WIN-DEMO-APP01","net.transmitted.average","8/20/2026 2:46:20 AM","20","1","1","KBps","","n/a","0"
"WIN-DEMO-APP01","net.transmitted.average","8/20/2026 2:46:40 AM","20","1","1","KBps","","n/a","0"
"WIN-DEMO-APP01","net.transmitted.average","8/20/2026 2:47:00 AM","20","1","1","KBps","","n/a","0"
"WIN-DEMO-APP01","net.transmitted.average","8/20/2026 2:47:20 AM","20","1","1","KBps","","n/a","0"
"WIN-DEMO-APP01","net.transmitted.average","8/20/2026 2:47:40 AM","20","1","1","KBps","","n/a","0"
"WIN-DEMO-APP01","net.transmitted.average","8/20/2026 2:48:00 AM","20","1","1","KBps","","n/a","0"
"WIN-DEMO-APP01","net.transmitted.average","8/20/2026 2:48:20 AM","20","1","1","KBps","","n/a","0"
"WIN-DEMO-APP01","net.transmitted.average","8/20/2026 2:48:40 AM","20","1","1","KBps","","n/a","0"
"WIN-DEMO-APP01","net.transmitted.average","8/20/2026 2:49:00 AM","20","1","1","KBps","","n/a","0"
"WIN-DEMO-APP01","net.transmitted.average","8/20/2026 2:49:20 AM","20","1","1","KBps","","n/a","0"
"WIN-DEMO-APP01","net.transmitted.average","8/20/2026 2:49:40 AM","20","1","1","KBps","","n/a","0"
"WIN-DEMO-APP01","net.transmitted.average","8/20/2026 2:50:00 AM","20","1","1","KBps","","n/a","0"
"WIN-DEMO-APP01","net.transmitted.average","8/20/2026 2:50:20 AM","20","1","1","KBps","","n/a","0"
"WIN-DEMO-APP01","net.transmitted.average","8/20/2026 2:50:40 AM","20","1","1","KBps","","n/a","0"
"WIN-DEMO-APP01","net.transmitted.average","8/20/2026 2:51:00 AM","20","1","1","KBps","","n/a","0"
"WIN-DEMO-APP01","net.transmitted.average","8/20/2026 2:51:20 AM","20","1","1","KBps","","n/a","0"
"WIN-DEMO-APP01","net.transmitted.average","8/20/2026 2:51:40 AM","20","1","1","KBps","","n/a","0"
"WIN-DEMO-APP01","net.transmitted.average","8/20/2026 2:52:00 AM","20","1","1","KBps","","n/a","0"
"WIN-DEMO-APP01","net.transmitted.average","8/20/2026 2:52:20 AM","20","1","1","KBps","","n/a","0"
"WIN-DEMO-APP01","net.transmitted.average","8/20/2026 2:52:40 AM","20","1","1","KBps","","n/a","0"
"WIN-DEMO-APP01","net.transmitted.average","8/20/2026 2:53:00 AM","20","1","1","KBps","","n/a","0"
"WIN-DEMO-APP01","net.transmitted.average","8/20/2026 2:53:20 AM","20","1","1","KBps","","n/a","0"
"WIN-DEMO-APP01","net.transmitted.average","8/20/2026 2:53:40 AM","20","1","1","KBps","","n/a","0"
"WIN-DEMO-APP01","net.transmitted.average","8/20/2026 2:54:00 AM","20","1","1","KBps","","n/a","0"
"WIN-DEMO-APP01","net.transmitted.average","8/20/2026 2:54:20 AM","20","1","1","KBps","","n/a","0"
"WIN-DEMO-APP01","net.transmitted.average","8/20/2026 2:54:40 AM","20","1","1","KBps","","n/a","0"
"WIN-DEMO-APP01","net.transmitted.average","8/20/2026 2:55:00 AM","20","1","1","KBps","","n/a","0"
"WIN-DEMO-APP01","net.transmitted.average","8/20/2026 2:55:20 AM","20","1","1","KBps","","n/a","0"
"WIN-DEMO-APP01","net.transmitted.average","8/20/2026 2:55:40 AM","20","1","1","KBps","","n/a","0"
"WIN-DEMO-APP01","net.transmitted.average","8/20/2026 2:56:00 AM","20","1","1","KBps","","n/a","0"
"WIN-DEMO-APP01","net.transmitted.average","8/20/2026 2:56:20 AM","20","1","1","KBps","","n/a","0"
"WIN-DEMO-APP01","net.transmitted.average","8/20/2026 2:56:40 AM","20","1","1","KBps","","n/a","0"
"WIN-DEMO-APP01","net.transmitted.average","8/20/2026 2:57:00 AM","20","1","1","KBps","","n/a","0"
"WIN-DEMO-APP01","net.transmitted.average","8/20/2026 2:57:20 AM","20","1","1","KBps","","n/a","0"
"WIN-DEMO-APP01","net.transmitted.average","8/20/2026 2:57:40 AM","20","1","1","KBps","","n/a","0"
"WIN-DEMO-APP01","net.transmitted.average","8/20/2026 2:58:00 AM","20","1","1","KBps","","n/a","0"
"WIN-DEMO-APP01","net.transmitted.average","8/20/2026 2:58:20 AM","20","1","1","KBps","","n/a","0"
"WIN-DEMO-APP01","net.transmitted.average","8/20/2026 2:58:40 AM","20","1","1","KBps","","n/a","0"
"WIN-DEMO-APP01","net.transmitted.average","8/20/2026 2:59:00 AM","20","1","1","KBps","","n/a","0"
"WIN-DEMO-APP01","net.transmitted.average","8/20/2026 2:59:20 AM","20","1","1","KBps","","n/a","0"
"WIN-DEMO-APP01","net.transmitted.average","8/20/2026 2:59:40 AM","20","1","1","KBps","","n/a","0"
"WIN-DEMO-APP01","net.transmitted.average","8/20/2026 3:00:00 AM","20","1","1","KBps","","n/a","0"
"WIN-DEMO-APP01","net.transmitted.average","8/20/2026 3:00:20 AM","20","1","1","KBps","","n/a","0"
"WIN-DEMO-APP01","net.transmitted.average","8/20/2026 3:00:40 AM","20","1","1","KBps","","n/a","0"
"WIN-DEMO-APP01","net.transmitted.average","8/20/2026 3:01:00 AM","20","1","1","KBps","","n/a","0"
"WIN-DEMO-APP01","net.transmitted.average","8/20/2026 3:01:20 AM","20","1","1","KBps","","n/a","0"
"WIN-DEMO-APP01","net.transmitted.average","8/20/2026 3:01:40 AM","20","1","1","KBps","","n/a","0"
"WIN-DEMO-APP01","net.transmitted.average","8/20/2026 3:02:00 AM","20","1","1","KBps","","n/a","0"
"WIN-DEMO-APP01","net.transmitted.average","8/20/2026 3:02:20 AM","20","1","1","KBps","","n/a","0"
"WIN-DEMO-APP01","net.transmitted.average","8/20/2026 3:02:40 AM","20","1","1","KBps","","n/a","0"
"WIN-DEMO-APP01","net.transmitted.average","8/20/2026 3:03:00 AM","20","1","1","KBps","","n/a","0"
"WIN-DEMO-APP01","net.transmitted.average","8/20/2026 3:03:20 AM","20","1","1","KBps","","n/a","0"
"WIN-DEMO-APP01","net.transmitted.average","8/20/2026 3:03:40 AM","20","1","1","KBps","","n/a","0"
"WIN-DEMO-APP01","net.transmitted.average","8/20/2026 3:04:00 AM","20","1","1","KBps","","n/a","0"
"WIN-DEMO-APP01","net.transmitted.average","8/20/2026 3:04:20 AM","20","1","1","KBps","","n/a","0"
"WIN-DEMO-APP01","net.transmitted.average","8/20/2026 3:04:40 AM","20","1","1","KBps","","n/a","0"
"WIN-DEMO-APP01","net.transmitted.average","8/20/2026 3:05:00 AM","20","1","1","KBps","","n/a","0"
"WIN-DEMO-APP01","net.transmitted.average","8/20/2026 3:05:20 AM","20","1","1","KBps","","n/a","0"
"WIN-DEMO-APP01","net.transmitted.average","8/20/2026 3:05:40 AM","20","1","1","KBps","","n/a","0"
"WIN-DEMO-APP01","net.transmitted.average","8/20/2026 3:06:00 AM","20","1","1","KBps","","n/a","0"
"WIN-DEMO-APP01","net.transmitted.average","8/20/2026 3:06:20 AM","20","1","1","KBps","","n/a","0"
"WIN-DEMO-APP01","net.transmitted.average","8/20/2026 3:06:40 AM","20","1","1","KBps","","n/a","0"
"WIN-DEMO-APP01","net.transmitted.average","8/20/2026 3:07:00 AM","20","1","1","KBps","","n/a","0"
"WIN-DEMO-APP01","net.transmitted.average","8/20/2026 3:07:20 AM","20","1","1","KBps","","n/a","0"
"WIN-DEMO-APP01","net.transmitted.average","8/20/2026 3:07:40 AM","20","1","1","KBps","","n/a","0"
"WIN-DEMO-APP01","net.transmitted.average","8/20/2026 3:08:00 AM","20","1","1","KBps","","n/a","0"
"WIN-DEMO-APP01","net.transmitted.average","8/20/2026 3:08:20 AM","20","1","1","KBps","","n/a","0"
"WIN-DEMO-APP01","net.transmitted.average","8/20/2026 3:08:40 AM","20","1","1","KBps","","n/a","0"
"WIN-DEMO-APP01","net.transmitted.average","8/20/2026 3:09:00 AM","20","1","1","KBps","","n/a","0"
"WIN-DEMO-APP01","net.transmitted.average","8/20/2026 3:09:20 AM","20","1","1","KBps","","n/a","0"
"WIN-DEMO-APP01","net.transmitted.average","8/20/2026 3:09:40 AM","20","1","1","KBps","","n/a","0"
"WIN-DEMO-APP01","net.transmitted.average","8/20/2026 3:10:00 AM","20","1","1","KBps","","n/a","0"
"WIN-DEMO-APP01","net.transmitted.average","8/20/2026 3:10:20 AM","20","1","1","KBps","","n/a","0"
"WIN-DEMO-APP01","net.transmitted.average","8/20/2026 3:10:40 AM","20","1","1","KBps","","n/a","0"
"WIN-DEMO-APP01","net.transmitted.average","8/20/2026 3:11:00 AM","20","1","1","KBps","","n/a","0"
"WIN-DEMO-APP01","net.transmitted.average","8/20/2026 3:11:20 AM","20","1","1","KBps","","n/a","0"
"WIN-DEMO-APP01","net.transmitted.average","8/20/2026 3:11:40 AM","20","1","1","KBps","","n/a","0"
"WIN-DEMO-APP01","net.transmitted.average","8/20/2026 3:12:00 AM","20","1","1","KBps","","n/a","0"
"WIN-DEMO-APP01","net.transmitted.average","8/20/2026 3:12:20 AM","20","1","1","KBps","","n/a","0"
"WIN-DEMO-APP01","net.transmitted.average","8/20/2026 3:12:40 AM","20","1","1","KBps","","n/a","0"
"WIN-DEMO-APP01","net.transmitted.average","8/20/2026 3:13:00 AM","20","1","1","KBps","","n/a","0"
"WIN-DEMO-APP01","net.transmitted.average","8/20/2026 3:13:20 AM","20","1","1","KBps","","n/a","0"
"WIN-DEMO-APP01","net.transmitted.average","8/20/2026 3:13:40 AM","20","1","1","KBps","","n/a","0"
"WIN-DEMO-APP01","net.transmitted.average","8/20/2026 3:14:00 AM","20","1","1","KBps","","n/a","0"
"WIN-DEMO-APP01","net.transmitted.average","8/20/2026 3:14:20 AM","20","1","1","KBps","","n/a","0"
"WIN-DEMO-APP01","net.transmitted.average","8/20/2026 3:14:40 AM","20","4","4","KBps","","n/a","0"
"WIN-DEMO-APP01","net.transmitted.average","8/20/2026 3:15:00 AM","20","16","16","KBps","","n/a","0"
"WIN-DEMO-APP01","net.transmitted.average","8/20/2026 3:15:20 AM","20","1","1","KBps","","n/a","0"
"WIN-DEMO-APP01","net.transmitted.average","8/20/2026 3:15:40 AM","20","1","1","KBps","","n/a","0"
"WIN-DEMO-APP01","net.transmitted.average","8/20/2026 3:16:00 AM","20","1","1","KBps","","n/a","0"
"WIN-DEMO-APP01","net.transmitted.average","8/20/2026 3:16:20 AM","20","1","1","KBps","","n/a","0"
"WIN-DEMO-APP01","net.transmitted.average","8/20/2026 3:16:40 AM","20","1","1","KBps","","n/a","0"
"WIN-DEMO-APP01","net.transmitted.average","8/20/2026 3:17:00 AM","20","1","1","KBps","","n/a","0"
"WIN-DEMO-APP01","net.transmitted.average","8/20/2026 3:17:20 AM","20","1","1","KBps","","n/a","0"
"WIN-DEMO-APP01","net.transmitted.average","8/20/2026 3:17:40 AM","20","1","1","KBps","","n/a","0"
"WIN-DEMO-APP01","net.transmitted.average","8/20/2026 3:18:00 AM","20","1","1","KBps","","n/a","0"
"WIN-DEMO-APP01","net.transmitted.average","8/20/2026 3:18:20 AM","20","1","1","KBps","","n/a","0"
"WIN-DEMO-APP01","net.transmitted.average","8/20/2026 3:18:40 AM","20","1","1","KBps","","n/a","0"
"WIN-DEMO-APP01","net.transmitted.average","8/20/2026 3:19:00 AM","20","1","1","KBps","","n/a","0"
"WIN-DEMO-APP01","net.transmitted.average","8/20/2026 3:19:20 AM","20","1","1","KBps","","n/a","0"
"WIN-DEMO-APP01","net.transmitted.average","8/20/2026 3:19:40 AM","20","1","1","KBps","","n/a","0"
"WIN-DEMO-APP01","net.transmitted.average","8/20/2026 3:20:00 AM","20","1","1","KBps","","n/a","0"
"WIN-DEMO-APP01","net.transmitted.average","8/20/2026 3:20:20 AM","20","1","1","KBps","","n/a","0"
"WIN-DEMO-APP01","net.transmitted.average","8/20/2026 3:20:40 AM","20","1","1","KBps","","n/a","0"
"WIN-DEMO-APP01","net.transmitted.average","8/20/2026 3:21:00 AM","20","1","1","KBps","","n/a","0"
"WIN-DEMO-APP01","net.transmitted.average","8/20/2026 3:21:20 AM","20","1","1","KBps","","n/a","0"
"WIN-DEMO-APP01","net.transmitted.average","8/20/2026 3:21:40 AM","20","1","1","KBps","","n/a","0"
"WIN-DEMO-APP01","net.transmitted.average","8/20/2026 3:22:00 AM","20","1","1","KBps","","n/a","0"
"WIN-DEMO-APP01","net.transmitted.average","8/20/2026 3:22:20 AM","20","1","1","KBps","","n/a","0"
"WIN-DEMO-APP01","net.transmitted.average","8/20/2026 3:22:40 AM","20","1","1","KBps","","n/a","0"
"WIN-DEMO-APP01","net.transmitted.average","8/20/2026 3:23:00 AM","20","1","1","KBps","","n/a","0"
"WIN-DEMO-APP01","net.transmitted.average","8/20/2026 3:23:20 AM","20","1","1","KBps","","n/a","0"
"WIN-DEMO-APP01","net.transmitted.average","8/20/2026 3:23:40 AM","20","1","1","KBps","","n/a","0"
"WIN-DEMO-APP01","net.transmitted.average","8/20/2026 3:24:00 AM","20","1","1","KBps","","n/a","0"
"WIN-DEMO-APP01","net.transmitted.average","8/20/2026 3:24:20 AM","20","1","1","KBps","","n/a","0"
"WIN-DEMO-APP01","net.transmitted.average","8/20/2026 3:24:40 AM","20","1","1","KBps","","n/a","0"
"WIN-DEMO-APP01","net.transmitted.average","8/20/2026 3:25:00 AM","20","1","1","KBps","","n/a","0"
"WIN-DEMO-APP01","net.transmitted.average","8/20/2026 3:25:20 AM","20","1","1","KBps","","n/a","0"
"WIN-DEMO-APP01","net.transmitted.average","8/20/2026 3:25:40 AM","20","1","1","KBps","","n/a","0"
"WIN-DEMO-APP01","net.transmitted.average","8/20/2026 3:26:00 AM","20","1","1","KBps","","n/a","0"
"WIN-DEMO-APP01","net.transmitted.average","8/20/2026 3:26:20 AM","20","1","1","KBps","","n/a","0"
"WIN-DEMO-APP01","net.transmitted.average","8/20/2026 3:26:40 AM","20","1","1","KBps","","n/a","0"
"WIN-DEMO-APP01","net.transmitted.average","8/20/2026 3:27:00 AM","20","1","1","KBps","","n/a","0"
"WIN-DEMO-APP01","net.transmitted.average","8/20/2026 3:27:20 AM","20","1","1","KBps","","n/a","0"
"WIN-DEMO-APP01","net.transmitted.average","8/20/2026 3:27:40 AM","20","1","1","KBps","","n/a","0"
"WIN-DEMO-APP01","net.transmitted.average","8/20/2026 3:28:00 AM","20","1","1","KBps","","n/a","0"
"WIN-DEMO-APP01","net.transmitted.average","8/20/2026 3:28:20 AM","20","1","1","KBps","","n/a","0"
"WIN-DEMO-APP01","net.transmitted.average","8/20/2026 3:28:40 AM","20","1","1","KBps","","n/a","0"
"WIN-DEMO-APP01","net.transmitted.average","8/20/2026 3:29:00 AM","20","1","1","KBps","","n/a","0"
"WIN-DEMO-APP01","net.transmitted.average","8/20/2026 3:29:20 AM","20","1","1","KBps","","n/a","0"
"WIN-DEMO-APP01","net.transmitted.average","8/20/2026 3:29:40 AM","20","1","1","KBps","","n/a","0"
"WIN-DEMO-APP01","net.transmitted.average","8/20/2026 3:30:00 AM","20","1","1","KBps","","n/a","0"
"WIN-DEMO-APP01","virtualdisk.numberreadaveraged.average","8/20/2026 2:30:20 AM","20","0","0","number","scsi0:0","n/a","0"
"WIN-DEMO-APP01","virtualdisk.numberreadaveraged.average","8/20/2026 2:30:40 AM","20","0","0","number","scsi0:0","n/a","0"
"WIN-DEMO-APP01","virtualdisk.numberreadaveraged.average","8/20/2026 2:31:00 AM","20","0","0","number","scsi0:0","n/a","0"
"WIN-DEMO-APP01","virtualdisk.numberreadaveraged.average","8/20/2026 2:31:20 AM","20","0","0","number","scsi0:0","n/a","0"
"WIN-DEMO-APP01","virtualdisk.numberreadaveraged.average","8/20/2026 2:31:40 AM","20","0","0","number","scsi0:0","n/a","0"
"WIN-DEMO-APP01","virtualdisk.numberreadaveraged.average","8/20/2026 2:32:00 AM","20","0","0","number","scsi0:0","n/a","0"
"WIN-DEMO-APP01","virtualdisk.numberreadaveraged.average","8/20/2026 2:32:20 AM","20","0","0","number","scsi0:0","n/a","0"
"WIN-DEMO-APP01","virtualdisk.numberreadaveraged.average","8/20/2026 2:32:40 AM","20","0","0","number","scsi0:0","n/a","0"
"WIN-DEMO-APP01","virtualdisk.numberreadaveraged.average","8/20/2026 2:33:00 AM","20","0","0","number","scsi0:0","n/a","0"
"WIN-DEMO-APP01","virtualdisk.numberreadaveraged.average","8/20/2026 2:33:20 AM","20","0","0","number","scsi0:0","n/a","0"
"WIN-DEMO-APP01","virtualdisk.numberreadaveraged.average","8/20/2026 2:33:40 AM","20","0","0","number","scsi0:0","n/a","0"
"WIN-DEMO-APP01","virtualdisk.numberreadaveraged.average","8/20/2026 2:34:00 AM","20","0","0","number","scsi0:0","n/a","0"
"WIN-DEMO-APP01","virtualdisk.numberreadaveraged.average","8/20/2026 2:34:20 AM","20","0","0","number","scsi0:0","n/a","0"
"WIN-DEMO-APP01","virtualdisk.numberreadaveraged.average","8/20/2026 2:34:40 AM","20","0","0","number","scsi0:0","n/a","0"
"WIN-DEMO-APP01","virtualdisk.numberreadaveraged.average","8/20/2026 2:35:00 AM","20","0","0","number","scsi0:0","n/a","0"
"WIN-DEMO-APP01","virtualdisk.numberreadaveraged.average","8/20/2026 2:35:20 AM","20","0","0","number","scsi0:0","n/a","0"
"WIN-DEMO-APP01","virtualdisk.numberreadaveraged.average","8/20/2026 2:35:40 AM","20","0","0","number","scsi0:0","n/a","0"
"WIN-DEMO-APP01","virtualdisk.numberreadaveraged.average","8/20/2026 2:36:00 AM","20","0","0","number","scsi0:0","n/a","0"
"WIN-DEMO-APP01","virtualdisk.numberreadaveraged.average","8/20/2026 2:36:20 AM","20","0","0","number","scsi0:0","n/a","0"
"WIN-DEMO-APP01","virtualdisk.numberreadaveraged.average","8/20/2026 2:36:40 AM","20","0","0","number","scsi0:0","n/a","0"
"WIN-DEMO-APP01","virtualdisk.numberreadaveraged.average","8/20/2026 2:37:00 AM","20","0","0","number","scsi0:0","n/a","0"
"WIN-DEMO-APP01","virtualdisk.numberreadaveraged.average","8/20/2026 2:37:20 AM","20","0","0","number","scsi0:0","n/a","0"
"WIN-DEMO-APP01","virtualdisk.numberreadaveraged.average","8/20/2026 2:37:40 AM","20","0","0","number","scsi0:0","n/a","0"
"WIN-DEMO-APP01","virtualdisk.numberreadaveraged.average","8/20/2026 2:38:00 AM","20","0","0","number","scsi0:0","n/a","0"
"WIN-DEMO-APP01","virtualdisk.numberreadaveraged.average","8/20/2026 2:38:20 AM","20","0","0","number","scsi0:0","n/a","0"
"WIN-DEMO-APP01","virtualdisk.numberreadaveraged.average","8/20/2026 2:38:40 AM","20","0","0","number","scsi0:0","n/a","0"
"WIN-DEMO-APP01","virtualdisk.numberreadaveraged.average","8/20/2026 2:39:00 AM","20","0","0","number","scsi0:0","n/a","0"
"WIN-DEMO-APP01","virtualdisk.numberreadaveraged.average","8/20/2026 2:39:20 AM","20","0","0","number","scsi0:0","n/a","0"
"WIN-DEMO-APP01","virtualdisk.numberreadaveraged.average","8/20/2026 2:39:40 AM","20","0","0","number","scsi0:0","n/a","0"
"WIN-DEMO-APP01","virtualdisk.numberreadaveraged.average","8/20/2026 2:40:00 AM","20","0","0","number","scsi0:0","n/a","0"
"WIN-DEMO-APP01","virtualdisk.numberreadaveraged.average","8/20/2026 2:40:20 AM","20","0","0","number","scsi0:0","n/a","0"
"WIN-DEMO-APP01","virtualdisk.numberreadaveraged.average","8/20/2026 2:40:40 AM","20","0","0","number","scsi0:0","n/a","0"
"WIN-DEMO-APP01","virtualdisk.numberreadaveraged.average","8/20/2026 2:41:00 AM","20","0","0","number","scsi0:0","n/a","0"
"WIN-DEMO-APP01","virtualdisk.numberreadaveraged.average","8/20/2026 2:41:20 AM","20","0","0","number","scsi0:0","n/a","0"
"WIN-DEMO-APP01","virtualdisk.numberreadaveraged.average","8/20/2026 2:41:40 AM","20","0","0","number","scsi0:0","n/a","0"
"WIN-DEMO-APP01","virtualdisk.numberreadaveraged.average","8/20/2026 2:42:00 AM","20","0","0","number","scsi0:0","n/a","0"
"WIN-DEMO-APP01","virtualdisk.numberreadaveraged.average","8/20/2026 2:42:20 AM","20","0","0","number","scsi0:0","n/a","0"
"WIN-DEMO-APP01","virtualdisk.numberreadaveraged.average","8/20/2026 2:42:40 AM","20","0","0","number","scsi0:0","n/a","0"
"WIN-DEMO-APP01","virtualdisk.numberreadaveraged.average","8/20/2026 2:43:00 AM","20","0","0","number","scsi0:0","n/a","0"
"WIN-DEMO-APP01","virtualdisk.numberreadaveraged.average","8/20/2026 2:43:20 AM","20","0","0","number","scsi0:0","n/a","0"
"WIN-DEMO-APP01","virtualdisk.numberreadaveraged.average","8/20/2026 2:43:40 AM","20","0","0","number","scsi0:0","n/a","0"
"WIN-DEMO-APP01","virtualdisk.numberreadaveraged.average","8/20/2026 2:44:00 AM","20","0","0","number","scsi0:0","n/a","0"
"WIN-DEMO-APP01","virtualdisk.numberreadaveraged.average","8/20/2026 2:44:20 AM","20","0","0","number","scsi0:0","n/a","0"
"WIN-DEMO-APP01","virtualdisk.numberreadaveraged.average","8/20/2026 2:44:40 AM","20","0","0","number","scsi0:0","n/a","0"
"WIN-DEMO-APP01","virtualdisk.numberreadaveraged.average","8/20/2026 2:45:00 AM","20","0","0","number","scsi0:0","n/a","0"
"WIN-DEMO-APP01","virtualdisk.numberreadaveraged.average","8/20/2026 2:45:20 AM","20","0","0","number","scsi0:0","n/a","0"
"WIN-DEMO-APP01","virtualdisk.numberreadaveraged.average","8/20/2026 2:45:40 AM","20","0","0","number","scsi0:0","n/a","0"
"WIN-DEMO-APP01","virtualdisk.numberreadaveraged.average","8/20/2026 2:46:00 AM","20","0","0","number","scsi0:0","n/a","0"
"WIN-DEMO-APP01","virtualdisk.numberreadaveraged.average","8/20/2026 2:46:20 AM","20","0","0","number","scsi0:0","n/a","0"
"WIN-DEMO-APP01","virtualdisk.numberreadaveraged.average","8/20/2026 2:46:40 AM","20","0","0","number","scsi0:0","n/a","0"
"WIN-DEMO-APP01","virtualdisk.numberreadaveraged.average","8/20/2026 2:47:00 AM","20","0","0","number","scsi0:0","n/a","0"
"WIN-DEMO-APP01","virtualdisk.numberreadaveraged.average","8/20/2026 2:47:20 AM","20","0","0","number","scsi0:0","n/a","0"
"WIN-DEMO-APP01","virtualdisk.numberreadaveraged.average","8/20/2026 2:47:40 AM","20","0","0","number","scsi0:0","n/a","0"
"WIN-DEMO-APP01","virtualdisk.numberreadaveraged.average","8/20/2026 2:48:00 AM","20","0","0","number","scsi0:0","n/a","0"
"WIN-DEMO-APP01","virtualdisk.numberreadaveraged.average","8/20/2026 2:48:20 AM","20","0","0","number","scsi0:0","n/a","0"
"WIN-DEMO-APP01","virtualdisk.numberreadaveraged.average","8/20/2026 2:48:40 AM","20","0","0","number","scsi0:0","n/a","0"
"WIN-DEMO-APP01","virtualdisk.numberreadaveraged.average","8/20/2026 2:49:00 AM","20","0","0","number","scsi0:0","n/a","0"
"WIN-DEMO-APP01","virtualdisk.numberreadaveraged.average","8/20/2026 2:49:20 AM","20","0","0","number","scsi0:0","n/a","0"
"WIN-DEMO-APP01","virtualdisk.numberreadaveraged.average","8/20/2026 2:49:40 AM","20","0","0","number","scsi0:0","n/a","0"
"WIN-DEMO-APP01","virtualdisk.numberreadaveraged.average","8/20/2026 2:50:00 AM","20","0","0","number","scsi0:0","n/a","0"
"WIN-DEMO-APP01","virtualdisk.numberreadaveraged.average","8/20/2026 2:50:20 AM","20","0","0","number","scsi0:0","n/a","0"
"WIN-DEMO-APP01","virtualdisk.numberreadaveraged.average","8/20/2026 2:50:40 AM","20","0","0","number","scsi0:0","n/a","0"
"WIN-DEMO-APP01","virtualdisk.numberreadaveraged.average","8/20/2026 2:51:00 AM","20","0","0","number","scsi0:0","n/a","0"
"WIN-DEMO-APP01","virtualdisk.numberreadaveraged.average","8/20/2026 2:51:20 AM","20","0","0","number","scsi0:0","n/a","0"
"WIN-DEMO-APP01","virtualdisk.numberreadaveraged.average","8/20/2026 2:51:40 AM","20","0","0","number","scsi0:0","n/a","0"
"WIN-DEMO-APP01","virtualdisk.numberreadaveraged.average","8/20/2026 2:52:00 AM","20","0","0","number","scsi0:0","n/a","0"
"WIN-DEMO-APP01","virtualdisk.numberreadaveraged.average","8/20/2026 2:52:20 AM","20","0","0","number","scsi0:0","n/a","0"
"WIN-DEMO-APP01","virtualdisk.numberreadaveraged.average","8/20/2026 2:52:40 AM","20","0","0","number","scsi0:0","n/a","0"
"WIN-DEMO-APP01","virtualdisk.numberreadaveraged.average","8/20/2026 2:53:00 AM","20","0","0","number","scsi0:0","n/a","0"
"WIN-DEMO-APP01","virtualdisk.numberreadaveraged.average","8/20/2026 2:53:20 AM","20","0","0","number","scsi0:0","n/a","0"
"WIN-DEMO-APP01","virtualdisk.numberreadaveraged.average","8/20/2026 2:53:40 AM","20","0","0","number","scsi0:0","n/a","0"
"WIN-DEMO-APP01","virtualdisk.numberreadaveraged.average","8/20/2026 2:54:00 AM","20","0","0","number","scsi0:0","n/a","0"
"WIN-DEMO-APP01","virtualdisk.numberreadaveraged.average","8/20/2026 2:54:20 AM","20","0","0","number","scsi0:0","n/a","0"
"WIN-DEMO-APP01","virtualdisk.numberreadaveraged.average","8/20/2026 2:54:40 AM","20","0","0","number","scsi0:0","n/a","0"
"WIN-DEMO-APP01","virtualdisk.numberreadaveraged.average","8/20/2026 2:55:00 AM","20","0","0","number","scsi0:0","n/a","0"
"WIN-DEMO-APP01","virtualdisk.numberreadaveraged.average","8/20/2026 2:55:20 AM","20","0","0","number","scsi0:0","n/a","0"
"WIN-DEMO-APP01","virtualdisk.numberreadaveraged.average","8/20/2026 2:55:40 AM","20","0","0","number","scsi0:0","n/a","0"
"WIN-DEMO-APP01","virtualdisk.numberreadaveraged.average","8/20/2026 2:56:00 AM","20","0","0","number","scsi0:0","n/a","0"
"WIN-DEMO-APP01","virtualdisk.numberreadaveraged.average","8/20/2026 2:56:20 AM","20","0","0","number","scsi0:0","n/a","0"
"WIN-DEMO-APP01","virtualdisk.numberreadaveraged.average","8/20/2026 2:56:40 AM","20","0","0","number","scsi0:0","n/a","0"
"WIN-DEMO-APP01","virtualdisk.numberreadaveraged.average","8/20/2026 2:57:00 AM","20","0","0","number","scsi0:0","n/a","0"
"WIN-DEMO-APP01","virtualdisk.numberreadaveraged.average","8/20/2026 2:57:20 AM","20","0","0","number","scsi0:0","n/a","0"
"WIN-DEMO-APP01","virtualdisk.numberreadaveraged.average","8/20/2026 2:57:40 AM","20","0","0","number","scsi0:0","n/a","0"
"WIN-DEMO-APP01","virtualdisk.numberreadaveraged.average","8/20/2026 2:58:00 AM","20","0","0","number","scsi0:0","n/a","0"
"WIN-DEMO-APP01","virtualdisk.numberreadaveraged.average","8/20/2026 2:58:20 AM","20","0","0","number","scsi0:0","n/a","0"
"WIN-DEMO-APP01","virtualdisk.numberreadaveraged.average","8/20/2026 2:58:40 AM","20","0","0","number","scsi0:0","n/a","0"
"WIN-DEMO-APP01","virtualdisk.numberreadaveraged.average","8/20/2026 2:59:00 AM","20","0","0","number","scsi0:0","n/a","0"
"WIN-DEMO-APP01","virtualdisk.numberreadaveraged.average","8/20/2026 2:59:20 AM","20","0","0","number","scsi0:0","n/a","0"
"WIN-DEMO-APP01","virtualdisk.numberreadaveraged.average","8/20/2026 2:59:40 AM","20","0","0","number","scsi0:0","n/a","0"
"WIN-DEMO-APP01","virtualdisk.numberreadaveraged.average","8/20/2026 3:00:00 AM","20","0","0","number","scsi0:0","n/a","0"
"WIN-DEMO-APP01","virtualdisk.numberreadaveraged.average","8/20/2026 3:00:20 AM","20","0","0","number","scsi0:0","n/a","0"
"WIN-DEMO-APP01","virtualdisk.numberreadaveraged.average","8/20/2026 3:00:40 AM","20","0","0","number","scsi0:0","n/a","0"
"WIN-DEMO-APP01","virtualdisk.numberreadaveraged.average","8/20/2026 3:01:00 AM","20","0","0","number","scsi0:0","n/a","0"
"WIN-DEMO-APP01","virtualdisk.numberreadaveraged.average","8/20/2026 3:01:20 AM","20","0","0","number","scsi0:0","n/a","0"
"WIN-DEMO-APP01","virtualdisk.numberreadaveraged.average","8/20/2026 3:01:40 AM","20","0","0","number","scsi0:0","n/a","0"
"WIN-DEMO-APP01","virtualdisk.numberreadaveraged.average","8/20/2026 3:02:00 AM","20","0","0","number","scsi0:0","n/a","0"
"WIN-DEMO-APP01","virtualdisk.numberreadaveraged.average","8/20/2026 3:02:20 AM","20","0","0","number","scsi0:0","n/a","0"
"WIN-DEMO-APP01","virtualdisk.numberreadaveraged.average","8/20/2026 3:02:40 AM","20","0","0","number","scsi0:0","n/a","0"
"WIN-DEMO-APP01","virtualdisk.numberreadaveraged.average","8/20/2026 3:03:00 AM","20","0","0","number","scsi0:0","n/a","0"
"WIN-DEMO-APP01","virtualdisk.numberreadaveraged.average","8/20/2026 3:03:20 AM","20","0","0","number","scsi0:0","n/a","0"
"WIN-DEMO-APP01","virtualdisk.numberreadaveraged.average","8/20/2026 3:03:40 AM","20","0","0","number","scsi0:0","n/a","0"
"WIN-DEMO-APP01","virtualdisk.numberreadaveraged.average","8/20/2026 3:04:00 AM","20","0","0","number","scsi0:0","n/a","0"
"WIN-DEMO-APP01","virtualdisk.numberreadaveraged.average","8/20/2026 3:04:20 AM","20","0","0","number","scsi0:0","n/a","0"
"WIN-DEMO-APP01","virtualdisk.numberreadaveraged.average","8/20/2026 3:04:40 AM","20","0","0","number","scsi0:0","n/a","0"
"WIN-DEMO-APP01","virtualdisk.numberreadaveraged.average","8/20/2026 3:05:00 AM","20","0","0","number","scsi0:0","n/a","0"
"WIN-DEMO-APP01","virtualdisk.numberreadaveraged.average","8/20/2026 3:05:20 AM","20","0","0","number","scsi0:0","n/a","0"
"WIN-DEMO-APP01","virtualdisk.numberreadaveraged.average","8/20/2026 3:05:40 AM","20","0","0","number","scsi0:0","n/a","0"
"WIN-DEMO-APP01","virtualdisk.numberreadaveraged.average","8/20/2026 3:06:00 AM","20","0","0","number","scsi0:0","n/a","0"
"WIN-DEMO-APP01","virtualdisk.numberreadaveraged.average","8/20/2026 3:06:20 AM","20","0","0","number","scsi0:0","n/a","0"
"WIN-DEMO-APP01","virtualdisk.numberreadaveraged.average","8/20/2026 3:06:40 AM","20","0","0","number","scsi0:0","n/a","0"
"WIN-DEMO-APP01","virtualdisk.numberreadaveraged.average","8/20/2026 3:07:00 AM","20","0","0","number","scsi0:0","n/a","0"
"WIN-DEMO-APP01","virtualdisk.numberreadaveraged.average","8/20/2026 3:07:20 AM","20","0","0","number","scsi0:0","n/a","0"
"WIN-DEMO-APP01","virtualdisk.numberreadaveraged.average","8/20/2026 3:07:40 AM","20","0","0","number","scsi0:0","n/a","0"
"WIN-DEMO-APP01","virtualdisk.numberreadaveraged.average","8/20/2026 3:08:00 AM","20","0","0","number","scsi0:0","n/a","0"
"WIN-DEMO-APP01","virtualdisk.numberreadaveraged.average","8/20/2026 3:08:20 AM","20","0","0","number","scsi0:0","n/a","0"
"WIN-DEMO-APP01","virtualdisk.numberreadaveraged.average","8/20/2026 3:08:40 AM","20","0","0","number","scsi0:0","n/a","0"
"WIN-DEMO-APP01","virtualdisk.numberreadaveraged.average","8/20/2026 3:09:00 AM","20","0","0","number","scsi0:0","n/a","0"
"WIN-DEMO-APP01","virtualdisk.numberreadaveraged.average","8/20/2026 3:09:20 AM","20","0","0","number","scsi0:0","n/a","0"
"WIN-DEMO-APP01","virtualdisk.numberreadaveraged.average","8/20/2026 3:09:40 AM","20","0","0","number","scsi0:0","n/a","0"
"WIN-DEMO-APP01","virtualdisk.numberreadaveraged.average","8/20/2026 3:10:00 AM","20","0","0","number","scsi0:0","n/a","0"
"WIN-DEMO-APP01","virtualdisk.numberreadaveraged.average","8/20/2026 3:10:20 AM","20","0","0","number","scsi0:0","n/a","0"
"WIN-DEMO-APP01","virtualdisk.numberreadaveraged.average","8/20/2026 3:10:40 AM","20","0","0","number","scsi0:0","n/a","0"
"WIN-DEMO-APP01","virtualdisk.numberreadaveraged.average","8/20/2026 3:11:00 AM","20","0","0","number","scsi0:0","n/a","0"
"WIN-DEMO-APP01","virtualdisk.numberreadaveraged.average","8/20/2026 3:11:20 AM","20","0","0","number","scsi0:0","n/a","0"
"WIN-DEMO-APP01","virtualdisk.numberreadaveraged.average","8/20/2026 3:11:40 AM","20","0","0","number","scsi0:0","n/a","0"
"WIN-DEMO-APP01","virtualdisk.numberreadaveraged.average","8/20/2026 3:12:00 AM","20","0","0","number","scsi0:0","n/a","0"
"WIN-DEMO-APP01","virtualdisk.numberreadaveraged.average","8/20/2026 3:12:20 AM","20","0","0","number","scsi0:0","n/a","0"
"WIN-DEMO-APP01","virtualdisk.numberreadaveraged.average","8/20/2026 3:12:40 AM","20","0","0","number","scsi0:0","n/a","0"
"WIN-DEMO-APP01","virtualdisk.numberreadaveraged.average","8/20/2026 3:13:00 AM","20","0","0","number","scsi0:0","n/a","0"
"WIN-DEMO-APP01","virtualdisk.numberreadaveraged.average","8/20/2026 3:13:20 AM","20","0","0","number","scsi0:0","n/a","0"
"WIN-DEMO-APP01","virtualdisk.numberreadaveraged.average","8/20/2026 3:13:40 AM","20","0","0","number","scsi0:0","n/a","0"
"WIN-DEMO-APP01","virtualdisk.numberreadaveraged.average","8/20/2026 3:14:00 AM","20","0","0","number","scsi0:0","n/a","0"
"WIN-DEMO-APP01","virtualdisk.numberreadaveraged.average","8/20/2026 3:14:20 AM","20","0","0","number","scsi0:0","n/a","0"
"WIN-DEMO-APP01","virtualdisk.numberreadaveraged.average","8/20/2026 3:14:40 AM","20","1","1","number","scsi0:0","n/a","0"
"WIN-DEMO-APP01","virtualdisk.numberreadaveraged.average","8/20/2026 3:15:00 AM","20","0","0","number","scsi0:0","n/a","0"
"WIN-DEMO-APP01","virtualdisk.numberreadaveraged.average","8/20/2026 3:15:20 AM","20","0","0","number","scsi0:0","n/a","0"
"WIN-DEMO-APP01","virtualdisk.numberreadaveraged.average","8/20/2026 3:15:40 AM","20","0","0","number","scsi0:0","n/a","0"
"WIN-DEMO-APP01","virtualdisk.numberreadaveraged.average","8/20/2026 3:16:00 AM","20","0","0","number","scsi0:0","n/a","0"
"WIN-DEMO-APP01","virtualdisk.numberreadaveraged.average","8/20/2026 3:16:20 AM","20","0","0","number","scsi0:0","n/a","0"
"WIN-DEMO-APP01","virtualdisk.numberreadaveraged.average","8/20/2026 3:16:40 AM","20","0","0","number","scsi0:0","n/a","0"
"WIN-DEMO-APP01","virtualdisk.numberreadaveraged.average","8/20/2026 3:17:00 AM","20","0","0","number","scsi0:0","n/a","0"
"WIN-DEMO-APP01","virtualdisk.numberreadaveraged.average","8/20/2026 3:17:20 AM","20","0","0","number","scsi0:0","n/a","0"
"WIN-DEMO-APP01","virtualdisk.numberreadaveraged.average","8/20/2026 3:17:40 AM","20","0","0","number","scsi0:0","n/a","0"
"WIN-DEMO-APP01","virtualdisk.numberreadaveraged.average","8/20/2026 3:18:00 AM","20","0","0","number","scsi0:0","n/a","0"
"WIN-DEMO-APP01","virtualdisk.numberreadaveraged.average","8/20/2026 3:18:20 AM","20","0","0","number","scsi0:0","n/a","0"
"WIN-DEMO-APP01","virtualdisk.numberreadaveraged.average","8/20/2026 3:18:40 AM","20","0","0","number","scsi0:0","n/a","0"
"WIN-DEMO-APP01","virtualdisk.numberreadaveraged.average","8/20/2026 3:19:00 AM","20","0","0","number","scsi0:0","n/a","0"
"WIN-DEMO-APP01","virtualdisk.numberreadaveraged.average","8/20/2026 3:19:20 AM","20","0","0","number","scsi0:0","n/a","0"
"WIN-DEMO-APP01","virtualdisk.numberreadaveraged.average","8/20/2026 3:19:40 AM","20","0","0","number","scsi0:0","n/a","0"
"WIN-DEMO-APP01","virtualdisk.numberreadaveraged.average","8/20/2026 3:20:00 AM","20","0","0","number","scsi0:0","n/a","0"
"WIN-DEMO-APP01","virtualdisk.numberreadaveraged.average","8/20/2026 3:20:20 AM","20","0","0","number","scsi0:0","n/a","0"
"WIN-DEMO-APP01","virtualdisk.numberreadaveraged.average","8/20/2026 3:20:40 AM","20","0","0","number","scsi0:0","n/a","0"
"WIN-DEMO-APP01","virtualdisk.numberreadaveraged.average","8/20/2026 3:21:00 AM","20","0","0","number","scsi0:0","n/a","0"
"WIN-DEMO-APP01","virtualdisk.numberreadaveraged.average","8/20/2026 3:21:20 AM","20","0","0","number","scsi0:0","n/a","0"
"WIN-DEMO-APP01","virtualdisk.numberreadaveraged.average","8/20/2026 3:21:40 AM","20","0","0","number","scsi0:0","n/a","0"
"WIN-DEMO-APP01","virtualdisk.numberreadaveraged.average","8/20/2026 3:22:00 AM","20","0","0","number","scsi0:0","n/a","0"
"WIN-DEMO-APP01","virtualdisk.numberreadaveraged.average","8/20/2026 3:22:20 AM","20","0","0","number","scsi0:0","n/a","0"
"WIN-DEMO-APP01","virtualdisk.numberreadaveraged.average","8/20/2026 3:22:40 AM","20","0","0","number","scsi0:0","n/a","0"
"WIN-DEMO-APP01","virtualdisk.numberreadaveraged.average","8/20/2026 3:23:00 AM","20","0","0","number","scsi0:0","n/a","0"
"WIN-DEMO-APP01","virtualdisk.numberreadaveraged.average","8/20/2026 3:23:20 AM","20","0","0","number","scsi0:0","n/a","0"
"WIN-DEMO-APP01","virtualdisk.numberreadaveraged.average","8/20/2026 3:23:40 AM","20","0","0","number","scsi0:0","n/a","0"
"WIN-DEMO-APP01","virtualdisk.numberreadaveraged.average","8/20/2026 3:24:00 AM","20","0","0","number","scsi0:0","n/a","0"
"WIN-DEMO-APP01","virtualdisk.numberreadaveraged.average","8/20/2026 3:24:20 AM","20","0","0","number","scsi0:0","n/a","0"
"WIN-DEMO-APP01","virtualdisk.numberreadaveraged.average","8/20/2026 3:24:40 AM","20","0","0","number","scsi0:0","n/a","0"
"WIN-DEMO-APP01","virtualdisk.numberreadaveraged.average","8/20/2026 3:25:00 AM","20","0","0","number","scsi0:0","n/a","0"
"WIN-DEMO-APP01","virtualdisk.numberreadaveraged.average","8/20/2026 3:25:20 AM","20","0","0","number","scsi0:0","n/a","0"
"WIN-DEMO-APP01","virtualdisk.numberreadaveraged.average","8/20/2026 3:25:40 AM","20","0","0","number","scsi0:0","n/a","0"
"WIN-DEMO-APP01","virtualdisk.numberreadaveraged.average","8/20/2026 3:26:00 AM","20","0","0","number","scsi0:0","n/a","0"
"WIN-DEMO-APP01","virtualdisk.numberreadaveraged.average","8/20/2026 3:26:20 AM","20","0","0","number","scsi0:0","n/a","0"
"WIN-DEMO-APP01","virtualdisk.numberreadaveraged.average","8/20/2026 3:26:40 AM","20","0","0","number","scsi0:0","n/a","0"
"WIN-DEMO-APP01","virtualdisk.numberreadaveraged.average","8/20/2026 3:27:00 AM","20","0","0","number","scsi0:0","n/a","0"
"WIN-DEMO-APP01","virtualdisk.numberreadaveraged.average","8/20/2026 3:27:20 AM","20","0","0","number","scsi0:0","n/a","0"
"WIN-DEMO-APP01","virtualdisk.numberreadaveraged.average","8/20/2026 3:27:40 AM","20","0","0","number","scsi0:0","n/a","0"
"WIN-DEMO-APP01","virtualdisk.numberreadaveraged.average","8/20/2026 3:28:00 AM","20","0","0","number","scsi0:0","n/a","0"
"WIN-DEMO-APP01","virtualdisk.numberreadaveraged.average","8/20/2026 3:28:20 AM","20","0","0","number","scsi0:0","n/a","0"
"WIN-DEMO-APP01","virtualdisk.numberreadaveraged.average","8/20/2026 3:28:40 AM","20","0","0","number","scsi0:0","n/a","0"
"WIN-DEMO-APP01","virtualdisk.numberreadaveraged.average","8/20/2026 3:29:00 AM","20","0","0","number","scsi0:0","n/a","0"
"WIN-DEMO-APP01","virtualdisk.numberreadaveraged.average","8/20/2026 3:29:20 AM","20","0","0","number","scsi0:0","n/a","0"
"WIN-DEMO-APP01","virtualdisk.numberreadaveraged.average","8/20/2026 3:29:40 AM","20","0","0","number","scsi0:0","n/a","0"
"WIN-DEMO-APP01","virtualdisk.numberreadaveraged.average","8/20/2026 3:30:00 AM","20","0","0","number","scsi0:0","n/a","0"
"WIN-DEMO-APP01","virtualdisk.numberwriteaveraged.average","8/20/2026 2:30:20 AM","20","0","0","number","scsi0:0","n/a","0"
"WIN-DEMO-APP01","virtualdisk.numberwriteaveraged.average","8/20/2026 2:30:40 AM","20","0","0","number","scsi0:0","n/a","0"
"WIN-DEMO-APP01","virtualdisk.numberwriteaveraged.average","8/20/2026 2:31:00 AM","20","0","0","number","scsi0:0","n/a","0"
"WIN-DEMO-APP01","virtualdisk.numberwriteaveraged.average","8/20/2026 2:31:20 AM","20","0","0","number","scsi0:0","n/a","0"
"WIN-DEMO-APP01","virtualdisk.numberwriteaveraged.average","8/20/2026 2:31:40 AM","20","0","0","number","scsi0:0","n/a","0"
"WIN-DEMO-APP01","virtualdisk.numberwriteaveraged.average","8/20/2026 2:32:00 AM","20","1","1","number","scsi0:0","n/a","0"
"WIN-DEMO-APP01","virtualdisk.numberwriteaveraged.average","8/20/2026 2:32:20 AM","20","0","0","number","scsi0:0","n/a","0"
"WIN-DEMO-APP01","virtualdisk.numberwriteaveraged.average","8/20/2026 2:32:40 AM","20","0","0","number","scsi0:0","n/a","0"
"WIN-DEMO-APP01","virtualdisk.numberwriteaveraged.average","8/20/2026 2:33:00 AM","20","0","0","number","scsi0:0","n/a","0"
"WIN-DEMO-APP01","virtualdisk.numberwriteaveraged.average","8/20/2026 2:33:20 AM","20","0","0","number","scsi0:0","n/a","0"
"WIN-DEMO-APP01","virtualdisk.numberwriteaveraged.average","8/20/2026 2:33:40 AM","20","0","0","number","scsi0:0","n/a","0"
"WIN-DEMO-APP01","virtualdisk.numberwriteaveraged.average","8/20/2026 2:34:00 AM","20","1","1","number","scsi0:0","n/a","0"
"WIN-DEMO-APP01","virtualdisk.numberwriteaveraged.average","8/20/2026 2:34:20 AM","20","0","0","number","scsi0:0","n/a","0"
"WIN-DEMO-APP01","virtualdisk.numberwriteaveraged.average","8/20/2026 2:34:40 AM","20","0","0","number","scsi0:0","n/a","0"
"WIN-DEMO-APP01","virtualdisk.numberwriteaveraged.average","8/20/2026 2:35:00 AM","20","0","0","number","scsi0:0","n/a","0"
"WIN-DEMO-APP01","virtualdisk.numberwriteaveraged.average","8/20/2026 2:35:20 AM","20","0","0","number","scsi0:0","n/a","0"
"WIN-DEMO-APP01","virtualdisk.numberwriteaveraged.average","8/20/2026 2:35:40 AM","20","0","0","number","scsi0:0","n/a","0"
"WIN-DEMO-APP01","virtualdisk.numberwriteaveraged.average","8/20/2026 2:36:00 AM","20","0","0","number","scsi0:0","n/a","0"
"WIN-DEMO-APP01","virtualdisk.numberwriteaveraged.average","8/20/2026 2:36:20 AM","20","0","0","number","scsi0:0","n/a","0"
"WIN-DEMO-APP01","virtualdisk.numberwriteaveraged.average","8/20/2026 2:36:40 AM","20","0","0","number","scsi0:0","n/a","0"
"WIN-DEMO-APP01","virtualdisk.numberwriteaveraged.average","8/20/2026 2:37:00 AM","20","0","0","number","scsi0:0","n/a","0"
"WIN-DEMO-APP01","virtualdisk.numberwriteaveraged.average","8/20/2026 2:37:20 AM","20","1","1","number","scsi0:0","n/a","0"
"WIN-DEMO-APP01","virtualdisk.numberwriteaveraged.average","8/20/2026 2:37:40 AM","20","0","0","number","scsi0:0","n/a","0"
"WIN-DEMO-APP01","virtualdisk.numberwriteaveraged.average","8/20/2026 2:38:00 AM","20","1","1","number","scsi0:0","n/a","0"
"WIN-DEMO-APP01","virtualdisk.numberwriteaveraged.average","8/20/2026 2:38:20 AM","20","1","1","number","scsi0:0","n/a","0"
"WIN-DEMO-APP01","virtualdisk.numberwriteaveraged.average","8/20/2026 2:38:40 AM","20","1","1","number","scsi0:0","n/a","0"
"WIN-DEMO-APP01","virtualdisk.numberwriteaveraged.average","8/20/2026 2:39:00 AM","20","2","2","number","scsi0:0","n/a","0"
"WIN-DEMO-APP01","virtualdisk.numberwriteaveraged.average","8/20/2026 2:39:20 AM","20","0","0","number","scsi0:0","n/a","0"
"WIN-DEMO-APP01","virtualdisk.numberwriteaveraged.average","8/20/2026 2:39:40 AM","20","0","0","number","scsi0:0","n/a","0"
"WIN-DEMO-APP01","virtualdisk.numberwriteaveraged.average","8/20/2026 2:40:00 AM","20","0","0","number","scsi0:0","n/a","0"
"WIN-DEMO-APP01","virtualdisk.numberwriteaveraged.average","8/20/2026 2:40:20 AM","20","0","0","number","scsi0:0","n/a","0"
"WIN-DEMO-APP01","virtualdisk.numberwriteaveraged.average","8/20/2026 2:40:40 AM","20","0","0","number","scsi0:0","n/a","0"
"WIN-DEMO-APP01","virtualdisk.numberwriteaveraged.average","8/20/2026 2:41:00 AM","20","0","0","number","scsi0:0","n/a","0"
"WIN-DEMO-APP01","virtualdisk.numberwriteaveraged.average","8/20/2026 2:41:20 AM","20","0","0","number","scsi0:0","n/a","0"
"WIN-DEMO-APP01","virtualdisk.numberwriteaveraged.average","8/20/2026 2:41:40 AM","20","0","0","number","scsi0:0","n/a","0"
"WIN-DEMO-APP01","virtualdisk.numberwriteaveraged.average","8/20/2026 2:42:00 AM","20","0","0","number","scsi0:0","n/a","0"
"WIN-DEMO-APP01","virtualdisk.numberwriteaveraged.average","8/20/2026 2:42:20 AM","20","0","0","number","scsi0:0","n/a","0"
"WIN-DEMO-APP01","virtualdisk.numberwriteaveraged.average","8/20/2026 2:42:40 AM","20","0","0","number","scsi0:0","n/a","0"
"WIN-DEMO-APP01","virtualdisk.numberwriteaveraged.average","8/20/2026 2:43:00 AM","20","0","0","number","scsi0:0","n/a","0"
"WIN-DEMO-APP01","virtualdisk.numberwriteaveraged.average","8/20/2026 2:43:20 AM","20","0","0","number","scsi0:0","n/a","0"
"WIN-DEMO-APP01","virtualdisk.numberwriteaveraged.average","8/20/2026 2:43:40 AM","20","0","0","number","scsi0:0","n/a","0"
"WIN-DEMO-APP01","virtualdisk.numberwriteaveraged.average","8/20/2026 2:44:00 AM","20","0","0","number","scsi0:0","n/a","0"
"WIN-DEMO-APP01","virtualdisk.numberwriteaveraged.average","8/20/2026 2:44:20 AM","20","0","0","number","scsi0:0","n/a","0"
"WIN-DEMO-APP01","virtualdisk.numberwriteaveraged.average","8/20/2026 2:44:40 AM","20","0","0","number","scsi0:0","n/a","0"
"WIN-DEMO-APP01","virtualdisk.numberwriteaveraged.average","8/20/2026 2:45:00 AM","20","0","0","number","scsi0:0","n/a","0"
"WIN-DEMO-APP01","virtualdisk.numberwriteaveraged.average","8/20/2026 2:45:20 AM","20","0","0","number","scsi0:0","n/a","0"
"WIN-DEMO-APP01","virtualdisk.numberwriteaveraged.average","8/20/2026 2:45:40 AM","20","0","0","number","scsi0:0","n/a","0"
"WIN-DEMO-APP01","virtualdisk.numberwriteaveraged.average","8/20/2026 2:46:00 AM","20","0","0","number","scsi0:0","n/a","0"
"WIN-DEMO-APP01","virtualdisk.numberwriteaveraged.average","8/20/2026 2:46:20 AM","20","0","0","number","scsi0:0","n/a","0"
"WIN-DEMO-APP01","virtualdisk.numberwriteaveraged.average","8/20/2026 2:46:40 AM","20","0","0","number","scsi0:0","n/a","0"
"WIN-DEMO-APP01","virtualdisk.numberwriteaveraged.average","8/20/2026 2:47:00 AM","20","0","0","number","scsi0:0","n/a","0"
"WIN-DEMO-APP01","virtualdisk.numberwriteaveraged.average","8/20/2026 2:47:20 AM","20","0","0","number","scsi0:0","n/a","0"
"WIN-DEMO-APP01","virtualdisk.numberwriteaveraged.average","8/20/2026 2:47:40 AM","20","0","0","number","scsi0:0","n/a","0"
"WIN-DEMO-APP01","virtualdisk.numberwriteaveraged.average","8/20/2026 2:48:00 AM","20","0","0","number","scsi0:0","n/a","0"
"WIN-DEMO-APP01","virtualdisk.numberwriteaveraged.average","8/20/2026 2:48:20 AM","20","0","0","number","scsi0:0","n/a","0"
"WIN-DEMO-APP01","virtualdisk.numberwriteaveraged.average","8/20/2026 2:48:40 AM","20","0","0","number","scsi0:0","n/a","0"
"WIN-DEMO-APP01","virtualdisk.numberwriteaveraged.average","8/20/2026 2:49:00 AM","20","0","0","number","scsi0:0","n/a","0"
"WIN-DEMO-APP01","virtualdisk.numberwriteaveraged.average","8/20/2026 2:49:20 AM","20","0","0","number","scsi0:0","n/a","0"
"WIN-DEMO-APP01","virtualdisk.numberwriteaveraged.average","8/20/2026 2:49:40 AM","20","0","0","number","scsi0:0","n/a","0"
"WIN-DEMO-APP01","virtualdisk.numberwriteaveraged.average","8/20/2026 2:50:00 AM","20","0","0","number","scsi0:0","n/a","0"
"WIN-DEMO-APP01","virtualdisk.numberwriteaveraged.average","8/20/2026 2:50:20 AM","20","0","0","number","scsi0:0","n/a","0"
"WIN-DEMO-APP01","virtualdisk.numberwriteaveraged.average","8/20/2026 2:50:40 AM","20","0","0","number","scsi0:0","n/a","0"
"WIN-DEMO-APP01","virtualdisk.numberwriteaveraged.average","8/20/2026 2:51:00 AM","20","0","0","number","scsi0:0","n/a","0"
"WIN-DEMO-APP01","virtualdisk.numberwriteaveraged.average","8/20/2026 2:51:20 AM","20","0","0","number","scsi0:0","n/a","0"
"WIN-DEMO-APP01","virtualdisk.numberwriteaveraged.average","8/20/2026 2:51:40 AM","20","0","0","number","scsi0:0","n/a","0"
"WIN-DEMO-APP01","virtualdisk.numberwriteaveraged.average","8/20/2026 2:52:00 AM","20","0","0","number","scsi0:0","n/a","0"
"WIN-DEMO-APP01","virtualdisk.numberwriteaveraged.average","8/20/2026 2:52:20 AM","20","1","1","number","scsi0:0","n/a","0"
"WIN-DEMO-APP01","virtualdisk.numberwriteaveraged.average","8/20/2026 2:52:40 AM","20","0","0","number","scsi0:0","n/a","0"
"WIN-DEMO-APP01","virtualdisk.numberwriteaveraged.average","8/20/2026 2:53:00 AM","20","0","0","number","scsi0:0","n/a","0"
"WIN-DEMO-APP01","virtualdisk.numberwriteaveraged.average","8/20/2026 2:53:20 AM","20","0","0","number","scsi0:0","n/a","0"
"WIN-DEMO-APP01","virtualdisk.numberwriteaveraged.average","8/20/2026 2:53:40 AM","20","0","0","number","scsi0:0","n/a","0"
"WIN-DEMO-APP01","virtualdisk.numberwriteaveraged.average","8/20/2026 2:54:00 AM","20","0","0","number","scsi0:0","n/a","0"
"WIN-DEMO-APP01","virtualdisk.numberwriteaveraged.average","8/20/2026 2:54:20 AM","20","0","0","number","scsi0:0","n/a","0"
"WIN-DEMO-APP01","virtualdisk.numberwriteaveraged.average","8/20/2026 2:54:40 AM","20","0","0","number","scsi0:0","n/a","0"
"WIN-DEMO-APP01","virtualdisk.numberwriteaveraged.average","8/20/2026 2:55:00 AM","20","0","0","number","scsi0:0","n/a","0"
"WIN-DEMO-APP01","virtualdisk.numberwriteaveraged.average","8/20/2026 2:55:20 AM","20","0","0","number","scsi0:0","n/a","0"
"WIN-DEMO-APP01","virtualdisk.numberwriteaveraged.average","8/20/2026 2:55:40 AM","20","0","0","number","scsi0:0","n/a","0"
"WIN-DEMO-APP01","virtualdisk.numberwriteaveraged.average","8/20/2026 2:56:00 AM","20","0","0","number","scsi0:0","n/a","0"
"WIN-DEMO-APP01","virtualdisk.numberwriteaveraged.average","8/20/2026 2:56:20 AM","20","0","0","number","scsi0:0","n/a","0"
"WIN-DEMO-APP01","virtualdisk.numberwriteaveraged.average","8/20/2026 2:56:40 AM","20","0","0","number","scsi0:0","n/a","0"
"WIN-DEMO-APP01","virtualdisk.numberwriteaveraged.average","8/20/2026 2:57:00 AM","20","0","0","number","scsi0:0","n/a","0"
"WIN-DEMO-APP01","virtualdisk.numberwriteaveraged.average","8/20/2026 2:57:20 AM","20","0","0","number","scsi0:0","n/a","0"
"WIN-DEMO-APP01","virtualdisk.numberwriteaveraged.average","8/20/2026 2:57:40 AM","20","0","0","number","scsi0:0","n/a","0"
"WIN-DEMO-APP01","virtualdisk.numberwriteaveraged.average","8/20/2026 2:58:00 AM","20","0","0","number","scsi0:0","n/a","0"
"WIN-DEMO-APP01","virtualdisk.numberwriteaveraged.average","8/20/2026 2:58:20 AM","20","0","0","number","scsi0:0","n/a","0"
"WIN-DEMO-APP01","virtualdisk.numberwriteaveraged.average","8/20/2026 2:58:40 AM","20","0","0","number","scsi0:0","n/a","0"
"WIN-DEMO-APP01","virtualdisk.numberwriteaveraged.average","8/20/2026 2:59:00 AM","20","0","0","number","scsi0:0","n/a","0"
"WIN-DEMO-APP01","virtualdisk.numberwriteaveraged.average","8/20/2026 2:59:20 AM","20","0","0","number","scsi0:0","n/a","0"
"WIN-DEMO-APP01","virtualdisk.numberwriteaveraged.average","8/20/2026 2:59:40 AM","20","0","0","number","scsi0:0","n/a","0"
"WIN-DEMO-APP01","virtualdisk.numberwriteaveraged.average","8/20/2026 3:00:00 AM","20","1","1","number","scsi0:0","n/a","0"
"WIN-DEMO-APP01","virtualdisk.numberwriteaveraged.average","8/20/2026 3:00:20 AM","20","0","0","number","scsi0:0","n/a","0"
"WIN-DEMO-APP01","virtualdisk.numberwriteaveraged.average","8/20/2026 3:00:40 AM","20","0","0","number","scsi0:0","n/a","0"
"WIN-DEMO-APP01","virtualdisk.numberwriteaveraged.average","8/20/2026 3:01:00 AM","20","0","0","number","scsi0:0","n/a","0"
"WIN-DEMO-APP01","virtualdisk.numberwriteaveraged.average","8/20/2026 3:01:20 AM","20","0","0","number","scsi0:0","n/a","0"
"WIN-DEMO-APP01","virtualdisk.numberwriteaveraged.average","8/20/2026 3:01:40 AM","20","0","0","number","scsi0:0","n/a","0"
"WIN-DEMO-APP01","virtualdisk.numberwriteaveraged.average","8/20/2026 3:02:00 AM","20","0","0","number","scsi0:0","n/a","0"
"WIN-DEMO-APP01","virtualdisk.numberwriteaveraged.average","8/20/2026 3:02:20 AM","20","0","0","number","scsi0:0","n/a","0"
"WIN-DEMO-APP01","virtualdisk.numberwriteaveraged.average","8/20/2026 3:02:40 AM","20","0","0","number","scsi0:0","n/a","0"
"WIN-DEMO-APP01","virtualdisk.numberwriteaveraged.average","8/20/2026 3:03:00 AM","20","0","0","number","scsi0:0","n/a","0"
"WIN-DEMO-APP01","virtualdisk.numberwriteaveraged.average","8/20/2026 3:03:20 AM","20","0","0","number","scsi0:0","n/a","0"
"WIN-DEMO-APP01","virtualdisk.numberwriteaveraged.average","8/20/2026 3:03:40 AM","20","0","0","number","scsi0:0","n/a","0"
"WIN-DEMO-APP01","virtualdisk.numberwriteaveraged.average","8/20/2026 3:04:00 AM","20","1","1","number","scsi0:0","n/a","0"
"WIN-DEMO-APP01","virtualdisk.numberwriteaveraged.average","8/20/2026 3:04:20 AM","20","0","0","number","scsi0:0","n/a","0"
"WIN-DEMO-APP01","virtualdisk.numberwriteaveraged.average","8/20/2026 3:04:40 AM","20","0","0","number","scsi0:0","n/a","0"
"WIN-DEMO-APP01","virtualdisk.numberwriteaveraged.average","8/20/2026 3:05:00 AM","20","0","0","number","scsi0:0","n/a","0"
"WIN-DEMO-APP01","virtualdisk.numberwriteaveraged.average","8/20/2026 3:05:20 AM","20","0","0","number","scsi0:0","n/a","0"
"WIN-DEMO-APP01","virtualdisk.numberwriteaveraged.average","8/20/2026 3:05:40 AM","20","0","0","number","scsi0:0","n/a","0"
"WIN-DEMO-APP01","virtualdisk.numberwriteaveraged.average","8/20/2026 3:06:00 AM","20","0","0","number","scsi0:0","n/a","0"
"WIN-DEMO-APP01","virtualdisk.numberwriteaveraged.average","8/20/2026 3:06:20 AM","20","0","0","number","scsi0:0","n/a","0"
"WIN-DEMO-APP01","virtualdisk.numberwriteaveraged.average","8/20/2026 3:06:40 AM","20","0","0","number","scsi0:0","n/a","0"
"WIN-DEMO-APP01","virtualdisk.numberwriteaveraged.average","8/20/2026 3:07:00 AM","20","0","0","number","scsi0:0","n/a","0"
"WIN-DEMO-APP01","virtualdisk.numberwriteaveraged.average","8/20/2026 3:07:20 AM","20","1","1","number","scsi0:0","n/a","0"
"WIN-DEMO-APP01","virtualdisk.numberwriteaveraged.average","8/20/2026 3:07:40 AM","20","1","1","number","scsi0:0","n/a","0"
"WIN-DEMO-APP01","virtualdisk.numberwriteaveraged.average","8/20/2026 3:08:00 AM","20","1","1","number","scsi0:0","n/a","0"
"WIN-DEMO-APP01","virtualdisk.numberwriteaveraged.average","8/20/2026 3:08:20 AM","20","0","0","number","scsi0:0","n/a","0"
"WIN-DEMO-APP01","virtualdisk.numberwriteaveraged.average","8/20/2026 3:08:40 AM","20","1","1","number","scsi0:0","n/a","0"
"WIN-DEMO-APP01","virtualdisk.numberwriteaveraged.average","8/20/2026 3:09:00 AM","20","1","1","number","scsi0:0","n/a","0"
"WIN-DEMO-APP01","virtualdisk.numberwriteaveraged.average","8/20/2026 3:09:20 AM","20","0","0","number","scsi0:0","n/a","0"
"WIN-DEMO-APP01","virtualdisk.numberwriteaveraged.average","8/20/2026 3:09:40 AM","20","1","1","number","scsi0:0","n/a","0"
"WIN-DEMO-APP01","virtualdisk.numberwriteaveraged.average","8/20/2026 3:10:00 AM","20","0","0","number","scsi0:0","n/a","0"
"WIN-DEMO-APP01","virtualdisk.numberwriteaveraged.average","8/20/2026 3:10:20 AM","20","0","0","number","scsi0:0","n/a","0"
"WIN-DEMO-APP01","virtualdisk.numberwriteaveraged.average","8/20/2026 3:10:40 AM","20","0","0","number","scsi0:0","n/a","0"
"WIN-DEMO-APP01","virtualdisk.numberwriteaveraged.average","8/20/2026 3:11:00 AM","20","0","0","number","scsi0:0","n/a","0"
"WIN-DEMO-APP01","virtualdisk.numberwriteaveraged.average","8/20/2026 3:11:20 AM","20","0","0","number","scsi0:0","n/a","0"
"WIN-DEMO-APP01","virtualdisk.numberwriteaveraged.average","8/20/2026 3:11:40 AM","20","0","0","number","scsi0:0","n/a","0"
"WIN-DEMO-APP01","virtualdisk.numberwriteaveraged.average","8/20/2026 3:12:00 AM","20","0","0","number","scsi0:0","n/a","0"
"WIN-DEMO-APP01","virtualdisk.numberwriteaveraged.average","8/20/2026 3:12:20 AM","20","0","0","number","scsi0:0","n/a","0"
"WIN-DEMO-APP01","virtualdisk.numberwriteaveraged.average","8/20/2026 3:12:40 AM","20","1","1","number","scsi0:0","n/a","0"
"WIN-DEMO-APP01","virtualdisk.numberwriteaveraged.average","8/20/2026 3:13:00 AM","20","0","0","number","scsi0:0","n/a","0"
"WIN-DEMO-APP01","virtualdisk.numberwriteaveraged.average","8/20/2026 3:13:20 AM","20","0","0","number","scsi0:0","n/a","0"
"WIN-DEMO-APP01","virtualdisk.numberwriteaveraged.average","8/20/2026 3:13:40 AM","20","0","0","number","scsi0:0","n/a","0"
"WIN-DEMO-APP01","virtualdisk.numberwriteaveraged.average","8/20/2026 3:14:00 AM","20","1","1","number","scsi0:0","n/a","0"
"WIN-DEMO-APP01","virtualdisk.numberwriteaveraged.average","8/20/2026 3:14:20 AM","20","0","0","number","scsi0:0","n/a","0"
"WIN-DEMO-APP01","virtualdisk.numberwriteaveraged.average","8/20/2026 3:14:40 AM","20","3","3","number","scsi0:0","n/a","0"
"WIN-DEMO-APP01","virtualdisk.numberwriteaveraged.average","8/20/2026 3:15:00 AM","20","18","18","number","scsi0:0","n/a","0"
"WIN-DEMO-APP01","virtualdisk.numberwriteaveraged.average","8/20/2026 3:15:20 AM","20","9","9","number","scsi0:0","n/a","0"
"WIN-DEMO-APP01","virtualdisk.numberwriteaveraged.average","8/20/2026 3:15:40 AM","20","0","0","number","scsi0:0","n/a","0"
"WIN-DEMO-APP01","virtualdisk.numberwriteaveraged.average","8/20/2026 3:16:00 AM","20","0","0","number","scsi0:0","n/a","0"
"WIN-DEMO-APP01","virtualdisk.numberwriteaveraged.average","8/20/2026 3:16:20 AM","20","0","0","number","scsi0:0","n/a","0"
"WIN-DEMO-APP01","virtualdisk.numberwriteaveraged.average","8/20/2026 3:16:40 AM","20","2","2","number","scsi0:0","n/a","0"
"WIN-DEMO-APP01","virtualdisk.numberwriteaveraged.average","8/20/2026 3:17:00 AM","20","1","1","number","scsi0:0","n/a","0"
"WIN-DEMO-APP01","virtualdisk.numberwriteaveraged.average","8/20/2026 3:17:20 AM","20","0","0","number","scsi0:0","n/a","0"
"WIN-DEMO-APP01","virtualdisk.numberwriteaveraged.average","8/20/2026 3:17:40 AM","20","0","0","number","scsi0:0","n/a","0"
"WIN-DEMO-APP01","virtualdisk.numberwriteaveraged.average","8/20/2026 3:18:00 AM","20","0","0","number","scsi0:0","n/a","0"
"WIN-DEMO-APP01","virtualdisk.numberwriteaveraged.average","8/20/2026 3:18:20 AM","20","0","0","number","scsi0:0","n/a","0"
"WIN-DEMO-APP01","virtualdisk.numberwriteaveraged.average","8/20/2026 3:18:40 AM","20","0","0","number","scsi0:0","n/a","0"
"WIN-DEMO-APP01","virtualdisk.numberwriteaveraged.average","8/20/2026 3:19:00 AM","20","0","0","number","scsi0:0","n/a","0"
"WIN-DEMO-APP01","virtualdisk.numberwriteaveraged.average","8/20/2026 3:19:20 AM","20","0","0","number","scsi0:0","n/a","0"
"WIN-DEMO-APP01","virtualdisk.numberwriteaveraged.average","8/20/2026 3:19:40 AM","20","0","0","number","scsi0:0","n/a","0"
"WIN-DEMO-APP01","virtualdisk.numberwriteaveraged.average","8/20/2026 3:20:00 AM","20","1","1","number","scsi0:0","n/a","0"
"WIN-DEMO-APP01","virtualdisk.numberwriteaveraged.average","8/20/2026 3:20:20 AM","20","0","0","number","scsi0:0","n/a","0"
"WIN-DEMO-APP01","virtualdisk.numberwriteaveraged.average","8/20/2026 3:20:40 AM","20","0","0","number","scsi0:0","n/a","0"
"WIN-DEMO-APP01","virtualdisk.numberwriteaveraged.average","8/20/2026 3:21:00 AM","20","0","0","number","scsi0:0","n/a","0"
"WIN-DEMO-APP01","virtualdisk.numberwriteaveraged.average","8/20/2026 3:21:20 AM","20","0","0","number","scsi0:0","n/a","0"
"WIN-DEMO-APP01","virtualdisk.numberwriteaveraged.average","8/20/2026 3:21:40 AM","20","0","0","number","scsi0:0","n/a","0"
"WIN-DEMO-APP01","virtualdisk.numberwriteaveraged.average","8/20/2026 3:22:00 AM","20","0","0","number","scsi0:0","n/a","0"
"WIN-DEMO-APP01","virtualdisk.numberwriteaveraged.average","8/20/2026 3:22:20 AM","20","1","1","number","scsi0:0","n/a","0"
"WIN-DEMO-APP01","virtualdisk.numberwriteaveraged.average","8/20/2026 3:22:40 AM","20","5","5","number","scsi0:0","n/a","0"
"WIN-DEMO-APP01","virtualdisk.numberwriteaveraged.average","8/20/2026 3:23:00 AM","20","0","0","number","scsi0:0","n/a","0"
"WIN-DEMO-APP01","virtualdisk.numberwriteaveraged.average","8/20/2026 3:23:20 AM","20","0","0","number","scsi0:0","n/a","0"
"WIN-DEMO-APP01","virtualdisk.numberwriteaveraged.average","8/20/2026 3:23:40 AM","20","0","0","number","scsi0:0","n/a","0"
"WIN-DEMO-APP01","virtualdisk.numberwriteaveraged.average","8/20/2026 3:24:00 AM","20","0","0","number","scsi0:0","n/a","0"
"WIN-DEMO-APP01","virtualdisk.numberwriteaveraged.average","8/20/2026 3:24:20 AM","20","0","0","number","scsi0:0","n/a","0"
"WIN-DEMO-APP01","virtualdisk.numberwriteaveraged.average","8/20/2026 3:24:40 AM","20","0","0","number","scsi0:0","n/a","0"
"WIN-DEMO-APP01","virtualdisk.numberwriteaveraged.average","8/20/2026 3:25:00 AM","20","0","0","number","scsi0:0","n/a","0"
"WIN-DEMO-APP01","virtualdisk.numberwriteaveraged.average","8/20/2026 3:25:20 AM","20","9","9","number","scsi0:0","n/a","0"
"WIN-DEMO-APP01","virtualdisk.numberwriteaveraged.average","8/20/2026 3:25:40 AM","20","0","0","number","scsi0:0","n/a","0"
"WIN-DEMO-APP01","virtualdisk.numberwriteaveraged.average","8/20/2026 3:26:00 AM","20","0","0","number","scsi0:0","n/a","0"
"WIN-DEMO-APP01","virtualdisk.numberwriteaveraged.average","8/20/2026 3:26:20 AM","20","0","0","number","scsi0:0","n/a","0"
"WIN-DEMO-APP01","virtualdisk.numberwriteaveraged.average","8/20/2026 3:26:40 AM","20","0","0","number","scsi0:0","n/a","0"
"WIN-DEMO-APP01","virtualdisk.numberwriteaveraged.average","8/20/2026 3:27:00 AM","20","0","0","number","scsi0:0","n/a","0"
"WIN-DEMO-APP01","virtualdisk.numberwriteaveraged.average","8/20/2026 3:27:20 AM","20","0","0","number","scsi0:0","n/a","0"
"WIN-DEMO-APP01","virtualdisk.numberwriteaveraged.average","8/20/2026 3:27:40 AM","20","0","0","number","scsi0:0","n/a","0"
"WIN-DEMO-APP01","virtualdisk.numberwriteaveraged.average","8/20/2026 3:28:00 AM","20","1","1","number","scsi0:0","n/a","0"
"WIN-DEMO-APP01","virtualdisk.numberwriteaveraged.average","8/20/2026 3:28:20 AM","20","0","0","number","scsi0:0","n/a","0"
"WIN-DEMO-APP01","virtualdisk.numberwriteaveraged.average","8/20/2026 3:28:40 AM","20","0","0","number","scsi0:0","n/a","0"
"WIN-DEMO-APP01","virtualdisk.numberwriteaveraged.average","8/20/2026 3:29:00 AM","20","1","1","number","scsi0:0","n/a","0"
"WIN-DEMO-APP01","virtualdisk.numberwriteaveraged.average","8/20/2026 3:29:20 AM","20","0","0","number","scsi0:0","n/a","0"
"WIN-DEMO-APP01","virtualdisk.numberwriteaveraged.average","8/20/2026 3:29:40 AM","20","0","0","number","scsi0:0","n/a","0"
"WIN-DEMO-APP01","virtualdisk.numberwriteaveraged.average","8/20/2026 3:30:00 AM","20","0","0","number","scsi0:0","n/a","0"
"WIN-DEMO-APP01","virtualdisk.read.average","8/20/2026 2:30:20 AM","20","0","0","KBps","scsi0:0","n/a","0"
"WIN-DEMO-APP01","virtualdisk.read.average","8/20/2026 2:30:40 AM","20","0","0","KBps","scsi0:0","n/a","0"
"WIN-DEMO-APP01","virtualdisk.read.average","8/20/2026 2:31:00 AM","20","0","0","KBps","scsi0:0","n/a","0"
"WIN-DEMO-APP01","virtualdisk.read.average","8/20/2026 2:31:20 AM","20","0","0","KBps","scsi0:0","n/a","0"
"WIN-DEMO-APP01","virtualdisk.read.average","8/20/2026 2:31:40 AM","20","0","0","KBps","scsi0:0","n/a","0"
"WIN-DEMO-APP01","virtualdisk.read.average","8/20/2026 2:32:00 AM","20","0","0","KBps","scsi0:0","n/a","0"
"WIN-DEMO-APP01","virtualdisk.read.average","8/20/2026 2:32:20 AM","20","0","0","KBps","scsi0:0","n/a","0"
"WIN-DEMO-APP01","virtualdisk.read.average","8/20/2026 2:32:40 AM","20","0","0","KBps","scsi0:0","n/a","0"
"WIN-DEMO-APP01","virtualdisk.read.average","8/20/2026 2:33:00 AM","20","0","0","KBps","scsi0:0","n/a","0"
"WIN-DEMO-APP01","virtualdisk.read.average","8/20/2026 2:33:20 AM","20","0","0","KBps","scsi0:0","n/a","0"
"WIN-DEMO-APP01","virtualdisk.read.average","8/20/2026 2:33:40 AM","20","0","0","KBps","scsi0:0","n/a","0"
"WIN-DEMO-APP01","virtualdisk.read.average","8/20/2026 2:34:00 AM","20","0","0","KBps","scsi0:0","n/a","0"
"WIN-DEMO-APP01","virtualdisk.read.average","8/20/2026 2:34:20 AM","20","0","0","KBps","scsi0:0","n/a","0"
"WIN-DEMO-APP01","virtualdisk.read.average","8/20/2026 2:34:40 AM","20","0","0","KBps","scsi0:0","n/a","0"
"WIN-DEMO-APP01","virtualdisk.read.average","8/20/2026 2:35:00 AM","20","0","0","KBps","scsi0:0","n/a","0"
"WIN-DEMO-APP01","virtualdisk.read.average","8/20/2026 2:35:20 AM","20","0","0","KBps","scsi0:0","n/a","0"
"WIN-DEMO-APP01","virtualdisk.read.average","8/20/2026 2:35:40 AM","20","0","0","KBps","scsi0:0","n/a","0"
"WIN-DEMO-APP01","virtualdisk.read.average","8/20/2026 2:36:00 AM","20","0","0","KBps","scsi0:0","n/a","0"
"WIN-DEMO-APP01","virtualdisk.read.average","8/20/2026 2:36:20 AM","20","0","0","KBps","scsi0:0","n/a","0"
"WIN-DEMO-APP01","virtualdisk.read.average","8/20/2026 2:36:40 AM","20","0","0","KBps","scsi0:0","n/a","0"
"WIN-DEMO-APP01","virtualdisk.read.average","8/20/2026 2:37:00 AM","20","0","0","KBps","scsi0:0","n/a","0"
"WIN-DEMO-APP01","virtualdisk.read.average","8/20/2026 2:37:20 AM","20","0","0","KBps","scsi0:0","n/a","0"
"WIN-DEMO-APP01","virtualdisk.read.average","8/20/2026 2:37:40 AM","20","0","0","KBps","scsi0:0","n/a","0"
"WIN-DEMO-APP01","virtualdisk.read.average","8/20/2026 2:38:00 AM","20","0","0","KBps","scsi0:0","n/a","0"
"WIN-DEMO-APP01","virtualdisk.read.average","8/20/2026 2:38:20 AM","20","0","0","KBps","scsi0:0","n/a","0"
"WIN-DEMO-APP01","virtualdisk.read.average","8/20/2026 2:38:40 AM","20","0","0","KBps","scsi0:0","n/a","0"
"WIN-DEMO-APP01","virtualdisk.read.average","8/20/2026 2:39:00 AM","20","0","0","KBps","scsi0:0","n/a","0"
"WIN-DEMO-APP01","virtualdisk.read.average","8/20/2026 2:39:20 AM","20","0","0","KBps","scsi0:0","n/a","0"
"WIN-DEMO-APP01","virtualdisk.read.average","8/20/2026 2:39:40 AM","20","0","0","KBps","scsi0:0","n/a","0"
"WIN-DEMO-APP01","virtualdisk.read.average","8/20/2026 2:40:00 AM","20","0","0","KBps","scsi0:0","n/a","0"
"WIN-DEMO-APP01","virtualdisk.read.average","8/20/2026 2:40:20 AM","20","0","0","KBps","scsi0:0","n/a","0"
"WIN-DEMO-APP01","virtualdisk.read.average","8/20/2026 2:40:40 AM","20","0","0","KBps","scsi0:0","n/a","0"
"WIN-DEMO-APP01","virtualdisk.read.average","8/20/2026 2:41:00 AM","20","0","0","KBps","scsi0:0","n/a","0"
"WIN-DEMO-APP01","virtualdisk.read.average","8/20/2026 2:41:20 AM","20","0","0","KBps","scsi0:0","n/a","0"
"WIN-DEMO-APP01","virtualdisk.read.average","8/20/2026 2:41:40 AM","20","0","0","KBps","scsi0:0","n/a","0"
"WIN-DEMO-APP01","virtualdisk.read.average","8/20/2026 2:42:00 AM","20","0","0","KBps","scsi0:0","n/a","0"
"WIN-DEMO-APP01","virtualdisk.read.average","8/20/2026 2:42:20 AM","20","0","0","KBps","scsi0:0","n/a","0"
"WIN-DEMO-APP01","virtualdisk.read.average","8/20/2026 2:42:40 AM","20","0","0","KBps","scsi0:0","n/a","0"
"WIN-DEMO-APP01","virtualdisk.read.average","8/20/2026 2:43:00 AM","20","0","0","KBps","scsi0:0","n/a","0"
"WIN-DEMO-APP01","virtualdisk.read.average","8/20/2026 2:43:20 AM","20","0","0","KBps","scsi0:0","n/a","0"
"WIN-DEMO-APP01","virtualdisk.read.average","8/20/2026 2:43:40 AM","20","0","0","KBps","scsi0:0","n/a","0"
"WIN-DEMO-APP01","virtualdisk.read.average","8/20/2026 2:44:00 AM","20","0","0","KBps","scsi0:0","n/a","0"
"WIN-DEMO-APP01","virtualdisk.read.average","8/20/2026 2:44:20 AM","20","0","0","KBps","scsi0:0","n/a","0"
"WIN-DEMO-APP01","virtualdisk.read.average","8/20/2026 2:44:40 AM","20","0","0","KBps","scsi0:0","n/a","0"
"WIN-DEMO-APP01","virtualdisk.read.average","8/20/2026 2:45:00 AM","20","0","0","KBps","scsi0:0","n/a","0"
"WIN-DEMO-APP01","virtualdisk.read.average","8/20/2026 2:45:20 AM","20","0","0","KBps","scsi0:0","n/a","0"
"WIN-DEMO-APP01","virtualdisk.read.average","8/20/2026 2:45:40 AM","20","0","0","KBps","scsi0:0","n/a","0"
"WIN-DEMO-APP01","virtualdisk.read.average","8/20/2026 2:46:00 AM","20","0","0","KBps","scsi0:0","n/a","0"
"WIN-DEMO-APP01","virtualdisk.read.average","8/20/2026 2:46:20 AM","20","0","0","KBps","scsi0:0","n/a","0"
"WIN-DEMO-APP01","virtualdisk.read.average","8/20/2026 2:46:40 AM","20","0","0","KBps","scsi0:0","n/a","0"
"WIN-DEMO-APP01","virtualdisk.read.average","8/20/2026 2:47:00 AM","20","0","0","KBps","scsi0:0","n/a","0"
"WIN-DEMO-APP01","virtualdisk.read.average","8/20/2026 2:47:20 AM","20","0","0","KBps","scsi0:0","n/a","0"
"WIN-DEMO-APP01","virtualdisk.read.average","8/20/2026 2:47:40 AM","20","0","0","KBps","scsi0:0","n/a","0"
"WIN-DEMO-APP01","virtualdisk.read.average","8/20/2026 2:48:00 AM","20","0","0","KBps","scsi0:0","n/a","0"
"WIN-DEMO-APP01","virtualdisk.read.average","8/20/2026 2:48:20 AM","20","0","0","KBps","scsi0:0","n/a","0"
"WIN-DEMO-APP01","virtualdisk.read.average","8/20/2026 2:48:40 AM","20","0","0","KBps","scsi0:0","n/a","0"
"WIN-DEMO-APP01","virtualdisk.read.average","8/20/2026 2:49:00 AM","20","0","0","KBps","scsi0:0","n/a","0"
"WIN-DEMO-APP01","virtualdisk.read.average","8/20/2026 2:49:20 AM","20","0","0","KBps","scsi0:0","n/a","0"
"WIN-DEMO-APP01","virtualdisk.read.average","8/20/2026 2:49:40 AM","20","0","0","KBps","scsi0:0","n/a","0"
"WIN-DEMO-APP01","virtualdisk.read.average","8/20/2026 2:50:00 AM","20","0","0","KBps","scsi0:0","n/a","0"
"WIN-DEMO-APP01","virtualdisk.read.average","8/20/2026 2:50:20 AM","20","0","0","KBps","scsi0:0","n/a","0"
"WIN-DEMO-APP01","virtualdisk.read.average","8/20/2026 2:50:40 AM","20","0","0","KBps","scsi0:0","n/a","0"
"WIN-DEMO-APP01","virtualdisk.read.average","8/20/2026 2:51:00 AM","20","0","0","KBps","scsi0:0","n/a","0"
"WIN-DEMO-APP01","virtualdisk.read.average","8/20/2026 2:51:20 AM","20","0","0","KBps","scsi0:0","n/a","0"
"WIN-DEMO-APP01","virtualdisk.read.average","8/20/2026 2:51:40 AM","20","0","0","KBps","scsi0:0","n/a","0"
"WIN-DEMO-APP01","virtualdisk.read.average","8/20/2026 2:52:00 AM","20","0","0","KBps","scsi0:0","n/a","0"
"WIN-DEMO-APP01","virtualdisk.read.average","8/20/2026 2:52:20 AM","20","0","0","KBps","scsi0:0","n/a","0"
"WIN-DEMO-APP01","virtualdisk.read.average","8/20/2026 2:52:40 AM","20","0","0","KBps","scsi0:0","n/a","0"
"WIN-DEMO-APP01","virtualdisk.read.average","8/20/2026 2:53:00 AM","20","0","0","KBps","scsi0:0","n/a","0"
"WIN-DEMO-APP01","virtualdisk.read.average","8/20/2026 2:53:20 AM","20","0","0","KBps","scsi0:0","n/a","0"
"WIN-DEMO-APP01","virtualdisk.read.average","8/20/2026 2:53:40 AM","20","0","0","KBps","scsi0:0","n/a","0"
"WIN-DEMO-APP01","virtualdisk.read.average","8/20/2026 2:54:00 AM","20","0","0","KBps","scsi0:0","n/a","0"
"WIN-DEMO-APP01","virtualdisk.read.average","8/20/2026 2:54:20 AM","20","0","0","KBps","scsi0:0","n/a","0"
"WIN-DEMO-APP01","virtualdisk.read.average","8/20/2026 2:54:40 AM","20","0","0","KBps","scsi0:0","n/a","0"
"WIN-DEMO-APP01","virtualdisk.read.average","8/20/2026 2:55:00 AM","20","0","0","KBps","scsi0:0","n/a","0"
"WIN-DEMO-APP01","virtualdisk.read.average","8/20/2026 2:55:20 AM","20","0","0","KBps","scsi0:0","n/a","0"
"WIN-DEMO-APP01","virtualdisk.read.average","8/20/2026 2:55:40 AM","20","0","0","KBps","scsi0:0","n/a","0"
"WIN-DEMO-APP01","virtualdisk.read.average","8/20/2026 2:56:00 AM","20","0","0","KBps","scsi0:0","n/a","0"
"WIN-DEMO-APP01","virtualdisk.read.average","8/20/2026 2:56:20 AM","20","0","0","KBps","scsi0:0","n/a","0"
"WIN-DEMO-APP01","virtualdisk.read.average","8/20/2026 2:56:40 AM","20","0","0","KBps","scsi0:0","n/a","0"
"WIN-DEMO-APP01","virtualdisk.read.average","8/20/2026 2:57:00 AM","20","0","0","KBps","scsi0:0","n/a","0"
"WIN-DEMO-APP01","virtualdisk.read.average","8/20/2026 2:57:20 AM","20","0","0","KBps","scsi0:0","n/a","0"
"WIN-DEMO-APP01","virtualdisk.read.average","8/20/2026 2:57:40 AM","20","0","0","KBps","scsi0:0","n/a","0"
"WIN-DEMO-APP01","virtualdisk.read.average","8/20/2026 2:58:00 AM","20","0","0","KBps","scsi0:0","n/a","0"
"WIN-DEMO-APP01","virtualdisk.read.average","8/20/2026 2:58:20 AM","20","0","0","KBps","scsi0:0","n/a","0"
"WIN-DEMO-APP01","virtualdisk.read.average","8/20/2026 2:58:40 AM","20","0","0","KBps","scsi0:0","n/a","0"
"WIN-DEMO-APP01","virtualdisk.read.average","8/20/2026 2:59:00 AM","20","0","0","KBps","scsi0:0","n/a","0"
"WIN-DEMO-APP01","virtualdisk.read.average","8/20/2026 2:59:20 AM","20","0","0","KBps","scsi0:0","n/a","0"
"WIN-DEMO-APP01","virtualdisk.read.average","8/20/2026 2:59:40 AM","20","0","0","KBps","scsi0:0","n/a","0"
"WIN-DEMO-APP01","virtualdisk.read.average","8/20/2026 3:00:00 AM","20","0","0","KBps","scsi0:0","n/a","0"
"WIN-DEMO-APP01","virtualdisk.read.average","8/20/2026 3:00:20 AM","20","0","0","KBps","scsi0:0","n/a","0"
"WIN-DEMO-APP01","virtualdisk.read.average","8/20/2026 3:00:40 AM","20","0","0","KBps","scsi0:0","n/a","0"
"WIN-DEMO-APP01","virtualdisk.read.average","8/20/2026 3:01:00 AM","20","0","0","KBps","scsi0:0","n/a","0"
"WIN-DEMO-APP01","virtualdisk.read.average","8/20/2026 3:01:20 AM","20","0","0","KBps","scsi0:0","n/a","0"
"WIN-DEMO-APP01","virtualdisk.read.average","8/20/2026 3:01:40 AM","20","0","0","KBps","scsi0:0","n/a","0"
"WIN-DEMO-APP01","virtualdisk.read.average","8/20/2026 3:02:00 AM","20","0","0","KBps","scsi0:0","n/a","0"
"WIN-DEMO-APP01","virtualdisk.read.average","8/20/2026 3:02:20 AM","20","0","0","KBps","scsi0:0","n/a","0"
"WIN-DEMO-APP01","virtualdisk.read.average","8/20/2026 3:02:40 AM","20","0","0","KBps","scsi0:0","n/a","0"
"WIN-DEMO-APP01","virtualdisk.read.average","8/20/2026 3:03:00 AM","20","0","0","KBps","scsi0:0","n/a","0"
"WIN-DEMO-APP01","virtualdisk.read.average","8/20/2026 3:03:20 AM","20","0","0","KBps","scsi0:0","n/a","0"
"WIN-DEMO-APP01","virtualdisk.read.average","8/20/2026 3:03:40 AM","20","0","0","KBps","scsi0:0","n/a","0"
"WIN-DEMO-APP01","virtualdisk.read.average","8/20/2026 3:04:00 AM","20","0","0","KBps","scsi0:0","n/a","0"
"WIN-DEMO-APP01","virtualdisk.read.average","8/20/2026 3:04:20 AM","20","0","0","KBps","scsi0:0","n/a","0"
"WIN-DEMO-APP01","virtualdisk.read.average","8/20/2026 3:04:40 AM","20","0","0","KBps","scsi0:0","n/a","0"
"WIN-DEMO-APP01","virtualdisk.read.average","8/20/2026 3:05:00 AM","20","0","0","KBps","scsi0:0","n/a","0"
"WIN-DEMO-APP01","virtualdisk.read.average","8/20/2026 3:05:20 AM","20","0","0","KBps","scsi0:0","n/a","0"
"WIN-DEMO-APP01","virtualdisk.read.average","8/20/2026 3:05:40 AM","20","0","0","KBps","scsi0:0","n/a","0"
"WIN-DEMO-APP01","virtualdisk.read.average","8/20/2026 3:06:00 AM","20","0","0","KBps","scsi0:0","n/a","0"
"WIN-DEMO-APP01","virtualdisk.read.average","8/20/2026 3:06:20 AM","20","0","0","KBps","scsi0:0","n/a","0"
"WIN-DEMO-APP01","virtualdisk.read.average","8/20/2026 3:06:40 AM","20","0","0","KBps","scsi0:0","n/a","0"
"WIN-DEMO-APP01","virtualdisk.read.average","8/20/2026 3:07:00 AM","20","0","0","KBps","scsi0:0","n/a","0"
"WIN-DEMO-APP01","virtualdisk.read.average","8/20/2026 3:07:20 AM","20","0","0","KBps","scsi0:0","n/a","0"
"WIN-DEMO-APP01","virtualdisk.read.average","8/20/2026 3:07:40 AM","20","0","0","KBps","scsi0:0","n/a","0"
"WIN-DEMO-APP01","virtualdisk.read.average","8/20/2026 3:08:00 AM","20","0","0","KBps","scsi0:0","n/a","0"
"WIN-DEMO-APP01","virtualdisk.read.average","8/20/2026 3:08:20 AM","20","0","0","KBps","scsi0:0","n/a","0"
"WIN-DEMO-APP01","virtualdisk.read.average","8/20/2026 3:08:40 AM","20","0","0","KBps","scsi0:0","n/a","0"
"WIN-DEMO-APP01","virtualdisk.read.average","8/20/2026 3:09:00 AM","20","0","0","KBps","scsi0:0","n/a","0"
"WIN-DEMO-APP01","virtualdisk.read.average","8/20/2026 3:09:20 AM","20","0","0","KBps","scsi0:0","n/a","0"
"WIN-DEMO-APP01","virtualdisk.read.average","8/20/2026 3:09:40 AM","20","0","0","KBps","scsi0:0","n/a","0"
"WIN-DEMO-APP01","virtualdisk.read.average","8/20/2026 3:10:00 AM","20","0","0","KBps","scsi0:0","n/a","0"
"WIN-DEMO-APP01","virtualdisk.read.average","8/20/2026 3:10:20 AM","20","0","0","KBps","scsi0:0","n/a","0"
"WIN-DEMO-APP01","virtualdisk.read.average","8/20/2026 3:10:40 AM","20","0","0","KBps","scsi0:0","n/a","0"
"WIN-DEMO-APP01","virtualdisk.read.average","8/20/2026 3:11:00 AM","20","0","0","KBps","scsi0:0","n/a","0"
"WIN-DEMO-APP01","virtualdisk.read.average","8/20/2026 3:11:20 AM","20","0","0","KBps","scsi0:0","n/a","0"
"WIN-DEMO-APP01","virtualdisk.read.average","8/20/2026 3:11:40 AM","20","0","0","KBps","scsi0:0","n/a","0"
"WIN-DEMO-APP01","virtualdisk.read.average","8/20/2026 3:12:00 AM","20","0","0","KBps","scsi0:0","n/a","0"
"WIN-DEMO-APP01","virtualdisk.read.average","8/20/2026 3:12:20 AM","20","0","0","KBps","scsi0:0","n/a","0"
"WIN-DEMO-APP01","virtualdisk.read.average","8/20/2026 3:12:40 AM","20","0","0","KBps","scsi0:0","n/a","0"
"WIN-DEMO-APP01","virtualdisk.read.average","8/20/2026 3:13:00 AM","20","0","0","KBps","scsi0:0","n/a","0"
"WIN-DEMO-APP01","virtualdisk.read.average","8/20/2026 3:13:20 AM","20","0","0","KBps","scsi0:0","n/a","0"
"WIN-DEMO-APP01","virtualdisk.read.average","8/20/2026 3:13:40 AM","20","0","0","KBps","scsi0:0","n/a","0"
"WIN-DEMO-APP01","virtualdisk.read.average","8/20/2026 3:14:00 AM","20","0","0","KBps","scsi0:0","n/a","0"
"WIN-DEMO-APP01","virtualdisk.read.average","8/20/2026 3:14:20 AM","20","0","0","KBps","scsi0:0","n/a","0"
"WIN-DEMO-APP01","virtualdisk.read.average","8/20/2026 3:14:40 AM","20","286","286","KBps","scsi0:0","n/a","0"
"WIN-DEMO-APP01","virtualdisk.read.average","8/20/2026 3:15:00 AM","20","0","0","KBps","scsi0:0","n/a","0"
"WIN-DEMO-APP01","virtualdisk.read.average","8/20/2026 3:15:20 AM","20","0","0","KBps","scsi0:0","n/a","0"
"WIN-DEMO-APP01","virtualdisk.read.average","8/20/2026 3:15:40 AM","20","0","0","KBps","scsi0:0","n/a","0"
"WIN-DEMO-APP01","virtualdisk.read.average","8/20/2026 3:16:00 AM","20","0","0","KBps","scsi0:0","n/a","0"
"WIN-DEMO-APP01","virtualdisk.read.average","8/20/2026 3:16:20 AM","20","0","0","KBps","scsi0:0","n/a","0"
"WIN-DEMO-APP01","virtualdisk.read.average","8/20/2026 3:16:40 AM","20","0","0","KBps","scsi0:0","n/a","0"
"WIN-DEMO-APP01","virtualdisk.read.average","8/20/2026 3:17:00 AM","20","0","0","KBps","scsi0:0","n/a","0"
"WIN-DEMO-APP01","virtualdisk.read.average","8/20/2026 3:17:20 AM","20","0","0","KBps","scsi0:0","n/a","0"
"WIN-DEMO-APP01","virtualdisk.read.average","8/20/2026 3:17:40 AM","20","0","0","KBps","scsi0:0","n/a","0"
"WIN-DEMO-APP01","virtualdisk.read.average","8/20/2026 3:18:00 AM","20","0","0","KBps","scsi0:0","n/a","0"
"WIN-DEMO-APP01","virtualdisk.read.average","8/20/2026 3:18:20 AM","20","0","0","KBps","scsi0:0","n/a","0"
"WIN-DEMO-APP01","virtualdisk.read.average","8/20/2026 3:18:40 AM","20","0","0","KBps","scsi0:0","n/a","0"
"WIN-DEMO-APP01","virtualdisk.read.average","8/20/2026 3:19:00 AM","20","0","0","KBps","scsi0:0","n/a","0"
"WIN-DEMO-APP01","virtualdisk.read.average","8/20/2026 3:19:20 AM","20","0","0","KBps","scsi0:0","n/a","0"
"WIN-DEMO-APP01","virtualdisk.read.average","8/20/2026 3:19:40 AM","20","0","0","KBps","scsi0:0","n/a","0"
"WIN-DEMO-APP01","virtualdisk.read.average","8/20/2026 3:20:00 AM","20","0","0","KBps","scsi0:0","n/a","0"
"WIN-DEMO-APP01","virtualdisk.read.average","8/20/2026 3:20:20 AM","20","0","0","KBps","scsi0:0","n/a","0"
"WIN-DEMO-APP01","virtualdisk.read.average","8/20/2026 3:20:40 AM","20","0","0","KBps","scsi0:0","n/a","0"
"WIN-DEMO-APP01","virtualdisk.read.average","8/20/2026 3:21:00 AM","20","0","0","KBps","scsi0:0","n/a","0"
"WIN-DEMO-APP01","virtualdisk.read.average","8/20/2026 3:21:20 AM","20","0","0","KBps","scsi0:0","n/a","0"
"WIN-DEMO-APP01","virtualdisk.read.average","8/20/2026 3:21:40 AM","20","0","0","KBps","scsi0:0","n/a","0"
"WIN-DEMO-APP01","virtualdisk.read.average","8/20/2026 3:22:00 AM","20","0","0","KBps","scsi0:0","n/a","0"
"WIN-DEMO-APP01","virtualdisk.read.average","8/20/2026 3:22:20 AM","20","0","0","KBps","scsi0:0","n/a","0"
"WIN-DEMO-APP01","virtualdisk.read.average","8/20/2026 3:22:40 AM","20","0","0","KBps","scsi0:0","n/a","0"
"WIN-DEMO-APP01","virtualdisk.read.average","8/20/2026 3:23:00 AM","20","0","0","KBps","scsi0:0","n/a","0"
"WIN-DEMO-APP01","virtualdisk.read.average","8/20/2026 3:23:20 AM","20","0","0","KBps","scsi0:0","n/a","0"
"WIN-DEMO-APP01","virtualdisk.read.average","8/20/2026 3:23:40 AM","20","0","0","KBps","scsi0:0","n/a","0"
"WIN-DEMO-APP01","virtualdisk.read.average","8/20/2026 3:24:00 AM","20","0","0","KBps","scsi0:0","n/a","0"
"WIN-DEMO-APP01","virtualdisk.read.average","8/20/2026 3:24:20 AM","20","0","0","KBps","scsi0:0","n/a","0"
"WIN-DEMO-APP01","virtualdisk.read.average","8/20/2026 3:24:40 AM","20","0","0","KBps","scsi0:0","n/a","0"
"WIN-DEMO-APP01","virtualdisk.read.average","8/20/2026 3:25:00 AM","20","0","0","KBps","scsi0:0","n/a","0"
"WIN-DEMO-APP01","virtualdisk.read.average","8/20/2026 3:25:20 AM","20","0","0","KBps","scsi0:0","n/a","0"
"WIN-DEMO-APP01","virtualdisk.read.average","8/20/2026 3:25:40 AM","20","0","0","KBps","scsi0:0","n/a","0"
"WIN-DEMO-APP01","virtualdisk.read.average","8/20/2026 3:26:00 AM","20","0","0","KBps","scsi0:0","n/a","0"
"WIN-DEMO-APP01","virtualdisk.read.average","8/20/2026 3:26:20 AM","20","0","0","KBps","scsi0:0","n/a","0"
"WIN-DEMO-APP01","virtualdisk.read.average","8/20/2026 3:26:40 AM","20","0","0","KBps","scsi0:0","n/a","0"
"WIN-DEMO-APP01","virtualdisk.read.average","8/20/2026 3:27:00 AM","20","0","0","KBps","scsi0:0","n/a","0"
"WIN-DEMO-APP01","virtualdisk.read.average","8/20/2026 3:27:20 AM","20","0","0","KBps","scsi0:0","n/a","0"
"WIN-DEMO-APP01","virtualdisk.read.average","8/20/2026 3:27:40 AM","20","0","0","KBps","scsi0:0","n/a","0"
"WIN-DEMO-APP01","virtualdisk.read.average","8/20/2026 3:28:00 AM","20","0","0","KBps","scsi0:0","n/a","0"
"WIN-DEMO-APP01","virtualdisk.read.average","8/20/2026 3:28:20 AM","20","0","0","KBps","scsi0:0","n/a","0"
"WIN-DEMO-APP01","virtualdisk.read.average","8/20/2026 3:28:40 AM","20","0","0","KBps","scsi0:0","n/a","0"
"WIN-DEMO-APP01","virtualdisk.read.average","8/20/2026 3:29:00 AM","20","0","0","KBps","scsi0:0","n/a","0"
"WIN-DEMO-APP01","virtualdisk.read.average","8/20/2026 3:29:20 AM","20","0","0","KBps","scsi0:0","n/a","0"
"WIN-DEMO-APP01","virtualdisk.read.average","8/20/2026 3:29:40 AM","20","0","0","KBps","scsi0:0","n/a","0"
"WIN-DEMO-APP01","virtualdisk.read.average","8/20/2026 3:30:00 AM","20","0","0","KBps","scsi0:0","n/a","0"
"WIN-DEMO-APP01","virtualdisk.write.average","8/20/2026 2:30:20 AM","20","6","6","KBps","scsi0:0","n/a","0"
"WIN-DEMO-APP01","virtualdisk.write.average","8/20/2026 2:30:40 AM","20","0","0","KBps","scsi0:0","n/a","0"
"WIN-DEMO-APP01","virtualdisk.write.average","8/20/2026 2:31:00 AM","20","4","4","KBps","scsi0:0","n/a","0"
"WIN-DEMO-APP01","virtualdisk.write.average","8/20/2026 2:31:20 AM","20","17","17","KBps","scsi0:0","n/a","0"
"WIN-DEMO-APP01","virtualdisk.write.average","8/20/2026 2:31:40 AM","20","0","0","KBps","scsi0:0","n/a","0"
"WIN-DEMO-APP01","virtualdisk.write.average","8/20/2026 2:32:00 AM","20","11","11","KBps","scsi0:0","n/a","0"
"WIN-DEMO-APP01","virtualdisk.write.average","8/20/2026 2:32:20 AM","20","6","6","KBps","scsi0:0","n/a","0"
"WIN-DEMO-APP01","virtualdisk.write.average","8/20/2026 2:32:40 AM","20","2","2","KBps","scsi0:0","n/a","0"
"WIN-DEMO-APP01","virtualdisk.write.average","8/20/2026 2:33:00 AM","20","20","20","KBps","scsi0:0","n/a","0"
"WIN-DEMO-APP01","virtualdisk.write.average","8/20/2026 2:33:20 AM","20","5","5","KBps","scsi0:0","n/a","0"
"WIN-DEMO-APP01","virtualdisk.write.average","8/20/2026 2:33:40 AM","20","5","5","KBps","scsi0:0","n/a","0"
"WIN-DEMO-APP01","virtualdisk.write.average","8/20/2026 2:34:00 AM","20","7","7","KBps","scsi0:0","n/a","0"
"WIN-DEMO-APP01","virtualdisk.write.average","8/20/2026 2:34:20 AM","20","10","10","KBps","scsi0:0","n/a","0"
"WIN-DEMO-APP01","virtualdisk.write.average","8/20/2026 2:34:40 AM","20","20","20","KBps","scsi0:0","n/a","0"
"WIN-DEMO-APP01","virtualdisk.write.average","8/20/2026 2:35:00 AM","20","4","4","KBps","scsi0:0","n/a","0"
"WIN-DEMO-APP01","virtualdisk.write.average","8/20/2026 2:35:20 AM","20","8","8","KBps","scsi0:0","n/a","0"
"WIN-DEMO-APP01","virtualdisk.write.average","8/20/2026 2:35:40 AM","20","1","1","KBps","scsi0:0","n/a","0"
"WIN-DEMO-APP01","virtualdisk.write.average","8/20/2026 2:36:00 AM","20","5","5","KBps","scsi0:0","n/a","0"
"WIN-DEMO-APP01","virtualdisk.write.average","8/20/2026 2:36:20 AM","20","20","20","KBps","scsi0:0","n/a","0"
"WIN-DEMO-APP01","virtualdisk.write.average","8/20/2026 2:36:40 AM","20","0","0","KBps","scsi0:0","n/a","0"
"WIN-DEMO-APP01","virtualdisk.write.average","8/20/2026 2:37:00 AM","20","6","6","KBps","scsi0:0","n/a","0"
"WIN-DEMO-APP01","virtualdisk.write.average","8/20/2026 2:37:20 AM","20","9","9","KBps","scsi0:0","n/a","0"
"WIN-DEMO-APP01","virtualdisk.write.average","8/20/2026 2:37:40 AM","20","3","3","KBps","scsi0:0","n/a","0"
"WIN-DEMO-APP01","virtualdisk.write.average","8/20/2026 2:38:00 AM","20","26","26","KBps","scsi0:0","n/a","0"
"WIN-DEMO-APP01","virtualdisk.write.average","8/20/2026 2:38:20 AM","20","9","9","KBps","scsi0:0","n/a","0"
"WIN-DEMO-APP01","virtualdisk.write.average","8/20/2026 2:38:40 AM","20","15","15","KBps","scsi0:0","n/a","0"
"WIN-DEMO-APP01","virtualdisk.write.average","8/20/2026 2:39:00 AM","20","18","18","KBps","scsi0:0","n/a","0"
"WIN-DEMO-APP01","virtualdisk.write.average","8/20/2026 2:39:20 AM","20","1","1","KBps","scsi0:0","n/a","0"
"WIN-DEMO-APP01","virtualdisk.write.average","8/20/2026 2:39:40 AM","20","17","17","KBps","scsi0:0","n/a","0"
"WIN-DEMO-APP01","virtualdisk.write.average","8/20/2026 2:40:00 AM","20","6","6","KBps","scsi0:0","n/a","0"
"WIN-DEMO-APP01","virtualdisk.write.average","8/20/2026 2:40:20 AM","20","3","3","KBps","scsi0:0","n/a","0"
"WIN-DEMO-APP01","virtualdisk.write.average","8/20/2026 2:40:40 AM","20","5","5","KBps","scsi0:0","n/a","0"
"WIN-DEMO-APP01","virtualdisk.write.average","8/20/2026 2:41:00 AM","20","4","4","KBps","scsi0:0","n/a","0"
"WIN-DEMO-APP01","virtualdisk.write.average","8/20/2026 2:41:20 AM","20","19","19","KBps","scsi0:0","n/a","0"
"WIN-DEMO-APP01","virtualdisk.write.average","8/20/2026 2:41:40 AM","20","3","3","KBps","scsi0:0","n/a","0"
"WIN-DEMO-APP01","virtualdisk.write.average","8/20/2026 2:42:00 AM","20","6","6","KBps","scsi0:0","n/a","0"
"WIN-DEMO-APP01","virtualdisk.write.average","8/20/2026 2:42:20 AM","20","4","4","KBps","scsi0:0","n/a","0"
"WIN-DEMO-APP01","virtualdisk.write.average","8/20/2026 2:42:40 AM","20","3","3","KBps","scsi0:0","n/a","0"
"WIN-DEMO-APP01","virtualdisk.write.average","8/20/2026 2:43:00 AM","20","20","20","KBps","scsi0:0","n/a","0"
"WIN-DEMO-APP01","virtualdisk.write.average","8/20/2026 2:43:20 AM","20","4","4","KBps","scsi0:0","n/a","0"
"WIN-DEMO-APP01","virtualdisk.write.average","8/20/2026 2:43:40 AM","20","18","18","KBps","scsi0:0","n/a","0"
"WIN-DEMO-APP01","virtualdisk.write.average","8/20/2026 2:44:00 AM","20","9","9","KBps","scsi0:0","n/a","0"
"WIN-DEMO-APP01","virtualdisk.write.average","8/20/2026 2:44:20 AM","20","4","4","KBps","scsi0:0","n/a","0"
"WIN-DEMO-APP01","virtualdisk.write.average","8/20/2026 2:44:40 AM","20","17","17","KBps","scsi0:0","n/a","0"
"WIN-DEMO-APP01","virtualdisk.write.average","8/20/2026 2:45:00 AM","20","6","6","KBps","scsi0:0","n/a","0"
"WIN-DEMO-APP01","virtualdisk.write.average","8/20/2026 2:45:20 AM","20","2","2","KBps","scsi0:0","n/a","0"
"WIN-DEMO-APP01","virtualdisk.write.average","8/20/2026 2:45:40 AM","20","0","0","KBps","scsi0:0","n/a","0"
"WIN-DEMO-APP01","virtualdisk.write.average","8/20/2026 2:46:00 AM","20","6","6","KBps","scsi0:0","n/a","0"
"WIN-DEMO-APP01","virtualdisk.write.average","8/20/2026 2:46:20 AM","20","22","22","KBps","scsi0:0","n/a","0"
"WIN-DEMO-APP01","virtualdisk.write.average","8/20/2026 2:46:40 AM","20","0","0","KBps","scsi0:0","n/a","0"
"WIN-DEMO-APP01","virtualdisk.write.average","8/20/2026 2:47:00 AM","20","5","5","KBps","scsi0:0","n/a","0"
"WIN-DEMO-APP01","virtualdisk.write.average","8/20/2026 2:47:20 AM","20","2","2","KBps","scsi0:0","n/a","0"
"WIN-DEMO-APP01","virtualdisk.write.average","8/20/2026 2:47:40 AM","20","3","3","KBps","scsi0:0","n/a","0"
"WIN-DEMO-APP01","virtualdisk.write.average","8/20/2026 2:48:00 AM","20","20","20","KBps","scsi0:0","n/a","0"
"WIN-DEMO-APP01","virtualdisk.write.average","8/20/2026 2:48:20 AM","20","5","5","KBps","scsi0:0","n/a","0"
"WIN-DEMO-APP01","virtualdisk.write.average","8/20/2026 2:48:40 AM","20","10","10","KBps","scsi0:0","n/a","0"
"WIN-DEMO-APP01","virtualdisk.write.average","8/20/2026 2:49:00 AM","20","4","4","KBps","scsi0:0","n/a","0"
"WIN-DEMO-APP01","virtualdisk.write.average","8/20/2026 2:49:20 AM","20","1","1","KBps","scsi0:0","n/a","0"
"WIN-DEMO-APP01","virtualdisk.write.average","8/20/2026 2:49:40 AM","20","17","17","KBps","scsi0:0","n/a","0"
"WIN-DEMO-APP01","virtualdisk.write.average","8/20/2026 2:50:00 AM","20","6","6","KBps","scsi0:0","n/a","0"
"WIN-DEMO-APP01","virtualdisk.write.average","8/20/2026 2:50:20 AM","20","2","2","KBps","scsi0:0","n/a","0"
"WIN-DEMO-APP01","virtualdisk.write.average","8/20/2026 2:50:40 AM","20","4","4","KBps","scsi0:0","n/a","0"
"WIN-DEMO-APP01","virtualdisk.write.average","8/20/2026 2:51:00 AM","20","8","8","KBps","scsi0:0","n/a","0"
"WIN-DEMO-APP01","virtualdisk.write.average","8/20/2026 2:51:20 AM","20","22","22","KBps","scsi0:0","n/a","0"
"WIN-DEMO-APP01","virtualdisk.write.average","8/20/2026 2:51:40 AM","20","3","3","KBps","scsi0:0","n/a","0"
"WIN-DEMO-APP01","virtualdisk.write.average","8/20/2026 2:52:00 AM","20","5","5","KBps","scsi0:0","n/a","0"
"WIN-DEMO-APP01","virtualdisk.write.average","8/20/2026 2:52:20 AM","20","11","11","KBps","scsi0:0","n/a","0"
"WIN-DEMO-APP01","virtualdisk.write.average","8/20/2026 2:52:40 AM","20","5","5","KBps","scsi0:0","n/a","0"
"WIN-DEMO-APP01","virtualdisk.write.average","8/20/2026 2:53:00 AM","20","20","20","KBps","scsi0:0","n/a","0"
"WIN-DEMO-APP01","virtualdisk.write.average","8/20/2026 2:53:20 AM","20","9","9","KBps","scsi0:0","n/a","0"
"WIN-DEMO-APP01","virtualdisk.write.average","8/20/2026 2:53:40 AM","20","0","0","KBps","scsi0:0","n/a","0"
"WIN-DEMO-APP01","virtualdisk.write.average","8/20/2026 2:54:00 AM","20","6","6","KBps","scsi0:0","n/a","0"
"WIN-DEMO-APP01","virtualdisk.write.average","8/20/2026 2:54:20 AM","20","3","3","KBps","scsi0:0","n/a","0"
"WIN-DEMO-APP01","virtualdisk.write.average","8/20/2026 2:54:40 AM","20","17","17","KBps","scsi0:0","n/a","0"
"WIN-DEMO-APP01","virtualdisk.write.average","8/20/2026 2:55:00 AM","20","8","8","KBps","scsi0:0","n/a","0"
"WIN-DEMO-APP01","virtualdisk.write.average","8/20/2026 2:55:20 AM","20","6","6","KBps","scsi0:0","n/a","0"
"WIN-DEMO-APP01","virtualdisk.write.average","8/20/2026 2:55:40 AM","20","0","0","KBps","scsi0:0","n/a","0"
"WIN-DEMO-APP01","virtualdisk.write.average","8/20/2026 2:56:00 AM","20","8","8","KBps","scsi0:0","n/a","0"
"WIN-DEMO-APP01","virtualdisk.write.average","8/20/2026 2:56:20 AM","20","19","19","KBps","scsi0:0","n/a","0"
"WIN-DEMO-APP01","virtualdisk.write.average","8/20/2026 2:56:40 AM","20","3","3","KBps","scsi0:0","n/a","0"
"WIN-DEMO-APP01","virtualdisk.write.average","8/20/2026 2:57:00 AM","20","4","4","KBps","scsi0:0","n/a","0"
"WIN-DEMO-APP01","virtualdisk.write.average","8/20/2026 2:57:20 AM","20","1","1","KBps","scsi0:0","n/a","0"
"WIN-DEMO-APP01","virtualdisk.write.average","8/20/2026 2:57:40 AM","20","4","4","KBps","scsi0:0","n/a","0"
"WIN-DEMO-APP01","virtualdisk.write.average","8/20/2026 2:58:00 AM","20","19","19","KBps","scsi0:0","n/a","0"
"WIN-DEMO-APP01","virtualdisk.write.average","8/20/2026 2:58:20 AM","20","7","7","KBps","scsi0:0","n/a","0"
"WIN-DEMO-APP01","virtualdisk.write.average","8/20/2026 2:58:40 AM","20","3","3","KBps","scsi0:0","n/a","0"
"WIN-DEMO-APP01","virtualdisk.write.average","8/20/2026 2:59:00 AM","20","7","7","KBps","scsi0:0","n/a","0"
"WIN-DEMO-APP01","virtualdisk.write.average","8/20/2026 2:59:20 AM","20","3","3","KBps","scsi0:0","n/a","0"
"WIN-DEMO-APP01","virtualdisk.write.average","8/20/2026 2:59:40 AM","20","16","16","KBps","scsi0:0","n/a","0"
"WIN-DEMO-APP01","virtualdisk.write.average","8/20/2026 3:00:00 AM","20","8","8","KBps","scsi0:0","n/a","0"
"WIN-DEMO-APP01","virtualdisk.write.average","8/20/2026 3:00:20 AM","20","2","2","KBps","scsi0:0","n/a","0"
"WIN-DEMO-APP01","virtualdisk.write.average","8/20/2026 3:00:40 AM","20","2","2","KBps","scsi0:0","n/a","0"
"WIN-DEMO-APP01","virtualdisk.write.average","8/20/2026 3:01:00 AM","20","7","7","KBps","scsi0:0","n/a","0"
"WIN-DEMO-APP01","virtualdisk.write.average","8/20/2026 3:01:20 AM","20","22","22","KBps","scsi0:0","n/a","0"
"WIN-DEMO-APP01","virtualdisk.write.average","8/20/2026 3:01:40 AM","20","0","0","KBps","scsi0:0","n/a","0"
"WIN-DEMO-APP01","virtualdisk.write.average","8/20/2026 3:02:00 AM","20","6","6","KBps","scsi0:0","n/a","0"
"WIN-DEMO-APP01","virtualdisk.write.average","8/20/2026 3:02:20 AM","20","5","5","KBps","scsi0:0","n/a","0"
"WIN-DEMO-APP01","virtualdisk.write.average","8/20/2026 3:02:40 AM","20","6","6","KBps","scsi0:0","n/a","0"
"WIN-DEMO-APP01","virtualdisk.write.average","8/20/2026 3:03:00 AM","20","19","19","KBps","scsi0:0","n/a","0"
"WIN-DEMO-APP01","virtualdisk.write.average","8/20/2026 3:03:20 AM","20","9","9","KBps","scsi0:0","n/a","0"
"WIN-DEMO-APP01","virtualdisk.write.average","8/20/2026 3:03:40 AM","20","1","1","KBps","scsi0:0","n/a","0"
"WIN-DEMO-APP01","virtualdisk.write.average","8/20/2026 3:04:00 AM","20","12","12","KBps","scsi0:0","n/a","0"
"WIN-DEMO-APP01","virtualdisk.write.average","8/20/2026 3:04:20 AM","20","2","2","KBps","scsi0:0","n/a","0"
"WIN-DEMO-APP01","virtualdisk.write.average","8/20/2026 3:04:40 AM","20","20","20","KBps","scsi0:0","n/a","0"
"WIN-DEMO-APP01","virtualdisk.write.average","8/20/2026 3:05:00 AM","20","4","4","KBps","scsi0:0","n/a","0"
"WIN-DEMO-APP01","virtualdisk.write.average","8/20/2026 3:05:20 AM","20","2","2","KBps","scsi0:0","n/a","0"
"WIN-DEMO-APP01","virtualdisk.write.average","8/20/2026 3:05:40 AM","20","5","5","KBps","scsi0:0","n/a","0"
"WIN-DEMO-APP01","virtualdisk.write.average","8/20/2026 3:06:00 AM","20","5","5","KBps","scsi0:0","n/a","0"
"WIN-DEMO-APP01","virtualdisk.write.average","8/20/2026 3:06:20 AM","20","18","18","KBps","scsi0:0","n/a","0"
"WIN-DEMO-APP01","virtualdisk.write.average","8/20/2026 3:06:40 AM","20","3","3","KBps","scsi0:0","n/a","0"
"WIN-DEMO-APP01","virtualdisk.write.average","8/20/2026 3:07:00 AM","20","4","4","KBps","scsi0:0","n/a","0"
"WIN-DEMO-APP01","virtualdisk.write.average","8/20/2026 3:07:20 AM","20","8","8","KBps","scsi0:0","n/a","0"
"WIN-DEMO-APP01","virtualdisk.write.average","8/20/2026 3:07:40 AM","20","6","6","KBps","scsi0:0","n/a","0"
"WIN-DEMO-APP01","virtualdisk.write.average","8/20/2026 3:08:00 AM","20","29","29","KBps","scsi0:0","n/a","0"
"WIN-DEMO-APP01","virtualdisk.write.average","8/20/2026 3:08:20 AM","20","6","6","KBps","scsi0:0","n/a","0"
"WIN-DEMO-APP01","virtualdisk.write.average","8/20/2026 3:08:40 AM","20","13","13","KBps","scsi0:0","n/a","0"
"WIN-DEMO-APP01","virtualdisk.write.average","8/20/2026 3:09:00 AM","20","21","21","KBps","scsi0:0","n/a","0"
"WIN-DEMO-APP01","virtualdisk.write.average","8/20/2026 3:09:20 AM","20","1","1","KBps","scsi0:0","n/a","0"
"WIN-DEMO-APP01","virtualdisk.write.average","8/20/2026 3:09:40 AM","20","27","27","KBps","scsi0:0","n/a","0"
"WIN-DEMO-APP01","virtualdisk.write.average","8/20/2026 3:10:00 AM","20","7","7","KBps","scsi0:0","n/a","0"
"WIN-DEMO-APP01","virtualdisk.write.average","8/20/2026 3:10:20 AM","20","4","4","KBps","scsi0:0","n/a","0"
"WIN-DEMO-APP01","virtualdisk.write.average","8/20/2026 3:10:40 AM","20","2","2","KBps","scsi0:0","n/a","0"
"WIN-DEMO-APP01","virtualdisk.write.average","8/20/2026 3:11:00 AM","20","5","5","KBps","scsi0:0","n/a","0"
"WIN-DEMO-APP01","virtualdisk.write.average","8/20/2026 3:11:20 AM","20","19","19","KBps","scsi0:0","n/a","0"
"WIN-DEMO-APP01","virtualdisk.write.average","8/20/2026 3:11:40 AM","20","0","0","KBps","scsi0:0","n/a","0"
"WIN-DEMO-APP01","virtualdisk.write.average","8/20/2026 3:12:00 AM","20","6","6","KBps","scsi0:0","n/a","0"
"WIN-DEMO-APP01","virtualdisk.write.average","8/20/2026 3:12:20 AM","20","1","1","KBps","scsi0:0","n/a","0"
"WIN-DEMO-APP01","virtualdisk.write.average","8/20/2026 3:12:40 AM","20","5","5","KBps","scsi0:0","n/a","0"
"WIN-DEMO-APP01","virtualdisk.write.average","8/20/2026 3:13:00 AM","20","24","24","KBps","scsi0:0","n/a","0"
"WIN-DEMO-APP01","virtualdisk.write.average","8/20/2026 3:13:20 AM","20","3","3","KBps","scsi0:0","n/a","0"
"WIN-DEMO-APP01","virtualdisk.write.average","8/20/2026 3:13:40 AM","20","0","0","KBps","scsi0:0","n/a","0"
"WIN-DEMO-APP01","virtualdisk.write.average","8/20/2026 3:14:00 AM","20","17","17","KBps","scsi0:0","n/a","0"
"WIN-DEMO-APP01","virtualdisk.write.average","8/20/2026 3:14:20 AM","20","1","1","KBps","scsi0:0","n/a","0"
"WIN-DEMO-APP01","virtualdisk.write.average","8/20/2026 3:14:40 AM","20","48","48","KBps","scsi0:0","n/a","0"
"WIN-DEMO-APP01","virtualdisk.write.average","8/20/2026 3:15:00 AM","20","314","314","KBps","scsi0:0","n/a","0"
"WIN-DEMO-APP01","virtualdisk.write.average","8/20/2026 3:15:20 AM","20","117","117","KBps","scsi0:0","n/a","0"
"WIN-DEMO-APP01","virtualdisk.write.average","8/20/2026 3:15:40 AM","20","4","4","KBps","scsi0:0","n/a","0"
"WIN-DEMO-APP01","virtualdisk.write.average","8/20/2026 3:16:00 AM","20","6","6","KBps","scsi0:0","n/a","0"
"WIN-DEMO-APP01","virtualdisk.write.average","8/20/2026 3:16:20 AM","20","20","20","KBps","scsi0:0","n/a","0"
"WIN-DEMO-APP01","virtualdisk.write.average","8/20/2026 3:16:40 AM","20","15","15","KBps","scsi0:0","n/a","0"
"WIN-DEMO-APP01","virtualdisk.write.average","8/20/2026 3:17:00 AM","20","7","7","KBps","scsi0:0","n/a","0"
"WIN-DEMO-APP01","virtualdisk.write.average","8/20/2026 3:17:20 AM","20","6","6","KBps","scsi0:0","n/a","0"
"WIN-DEMO-APP01","virtualdisk.write.average","8/20/2026 3:17:40 AM","20","3","3","KBps","scsi0:0","n/a","0"
"WIN-DEMO-APP01","virtualdisk.write.average","8/20/2026 3:18:00 AM","20","24","24","KBps","scsi0:0","n/a","0"
"WIN-DEMO-APP01","virtualdisk.write.average","8/20/2026 3:18:20 AM","20","6","6","KBps","scsi0:0","n/a","0"
"WIN-DEMO-APP01","virtualdisk.write.average","8/20/2026 3:18:40 AM","20","2","2","KBps","scsi0:0","n/a","0"
"WIN-DEMO-APP01","virtualdisk.write.average","8/20/2026 3:19:00 AM","20","4","4","KBps","scsi0:0","n/a","0"
"WIN-DEMO-APP01","virtualdisk.write.average","8/20/2026 3:19:20 AM","20","2","2","KBps","scsi0:0","n/a","0"
"WIN-DEMO-APP01","virtualdisk.write.average","8/20/2026 3:19:40 AM","20","30","30","KBps","scsi0:0","n/a","0"
"WIN-DEMO-APP01","virtualdisk.write.average","8/20/2026 3:20:00 AM","20","11","11","KBps","scsi0:0","n/a","0"
"WIN-DEMO-APP01","virtualdisk.write.average","8/20/2026 3:20:20 AM","20","1","1","KBps","scsi0:0","n/a","0"
"WIN-DEMO-APP01","virtualdisk.write.average","8/20/2026 3:20:40 AM","20","6","6","KBps","scsi0:0","n/a","0"
"WIN-DEMO-APP01","virtualdisk.write.average","8/20/2026 3:21:00 AM","20","4","4","KBps","scsi0:0","n/a","0"
"WIN-DEMO-APP01","virtualdisk.write.average","8/20/2026 3:21:20 AM","20","17","17","KBps","scsi0:0","n/a","0"
"WIN-DEMO-APP01","virtualdisk.write.average","8/20/2026 3:21:40 AM","20","1","1","KBps","scsi0:0","n/a","0"
"WIN-DEMO-APP01","virtualdisk.write.average","8/20/2026 3:22:00 AM","20","6","6","KBps","scsi0:0","n/a","0"
"WIN-DEMO-APP01","virtualdisk.write.average","8/20/2026 3:22:20 AM","20","10","10","KBps","scsi0:0","n/a","0"
"WIN-DEMO-APP01","virtualdisk.write.average","8/20/2026 3:22:40 AM","20","16","16","KBps","scsi0:0","n/a","0"
"WIN-DEMO-APP01","virtualdisk.write.average","8/20/2026 3:23:00 AM","20","18","18","KBps","scsi0:0","n/a","0"
"WIN-DEMO-APP01","virtualdisk.write.average","8/20/2026 3:23:20 AM","20","6","6","KBps","scsi0:0","n/a","0"
"WIN-DEMO-APP01","virtualdisk.write.average","8/20/2026 3:23:40 AM","20","0","0","KBps","scsi0:0","n/a","0"
"WIN-DEMO-APP01","virtualdisk.write.average","8/20/2026 3:24:00 AM","20","6","6","KBps","scsi0:0","n/a","0"
"WIN-DEMO-APP01","virtualdisk.write.average","8/20/2026 3:24:20 AM","20","7","7","KBps","scsi0:0","n/a","0"
"WIN-DEMO-APP01","virtualdisk.write.average","8/20/2026 3:24:40 AM","20","31","31","KBps","scsi0:0","n/a","0"
"WIN-DEMO-APP01","virtualdisk.write.average","8/20/2026 3:25:00 AM","20","8","8","KBps","scsi0:0","n/a","0"
"WIN-DEMO-APP01","virtualdisk.write.average","8/20/2026 3:25:20 AM","20","120","120","KBps","scsi0:0","n/a","0"
"WIN-DEMO-APP01","virtualdisk.write.average","8/20/2026 3:25:40 AM","20","7","7","KBps","scsi0:0","n/a","0"
"WIN-DEMO-APP01","virtualdisk.write.average","8/20/2026 3:26:00 AM","20","6","6","KBps","scsi0:0","n/a","0"
"WIN-DEMO-APP01","virtualdisk.write.average","8/20/2026 3:26:20 AM","20","17","17","KBps","scsi0:0","n/a","0"
"WIN-DEMO-APP01","virtualdisk.write.average","8/20/2026 3:26:40 AM","20","3","3","KBps","scsi0:0","n/a","0"
"WIN-DEMO-APP01","virtualdisk.write.average","8/20/2026 3:27:00 AM","20","4","4","KBps","scsi0:0","n/a","0"
"WIN-DEMO-APP01","virtualdisk.write.average","8/20/2026 3:27:20 AM","20","1","1","KBps","scsi0:0","n/a","0"
"WIN-DEMO-APP01","virtualdisk.write.average","8/20/2026 3:27:40 AM","20","6","6","KBps","scsi0:0","n/a","0"
"WIN-DEMO-APP01","virtualdisk.write.average","8/20/2026 3:28:00 AM","20","23","23","KBps","scsi0:0","n/a","0"
"WIN-DEMO-APP01","virtualdisk.write.average","8/20/2026 3:28:20 AM","20","3","3","KBps","scsi0:0","n/a","0"
"WIN-DEMO-APP01","virtualdisk.write.average","8/20/2026 3:28:40 AM","20","3","3","KBps","scsi0:0","n/a","0"
"WIN-DEMO-APP01","virtualdisk.write.average","8/20/2026 3:29:00 AM","20","7","7","KBps","scsi0:0","n/a","0"
"WIN-DEMO-APP01","virtualdisk.write.average","8/20/2026 3:29:20 AM","20","3","3","KBps","scsi0:0","n/a","0"
"WIN-DEMO-APP01","virtualdisk.write.average","8/20/2026 3:29:40 AM","20","23","23","KBps","scsi0:0","n/a","0"
"WIN-DEMO-APP01","virtualdisk.write.average","8/20/2026 3:30:00 AM","20","5","5","KBps","scsi0:0","n/a","0"
"WIN-DEMO-APP03","cpu.ready.summation","8/20/2026 2:30:20 AM","20","565","28.25","millisecond","","n/a","0"
"WIN-DEMO-APP03","cpu.ready.summation","8/20/2026 2:30:40 AM","20","565","28.25","millisecond","","n/a","0"
"WIN-DEMO-APP03","cpu.ready.summation","8/20/2026 2:31:00 AM","20","444","22.2","millisecond","","n/a","0"
"WIN-DEMO-APP03","cpu.ready.summation","8/20/2026 2:31:20 AM","20","612","30.6","millisecond","","n/a","0"
"WIN-DEMO-APP03","cpu.ready.summation","8/20/2026 2:31:40 AM","20","187","9.35","millisecond","","n/a","0"
"WIN-DEMO-APP03","cpu.ready.summation","8/20/2026 2:32:00 AM","20","68","3.4","millisecond","","n/a","0"
"WIN-DEMO-APP03","cpu.ready.summation","8/20/2026 2:32:20 AM","20","512","25.6","millisecond","","n/a","0"
"WIN-DEMO-APP03","cpu.ready.summation","8/20/2026 2:32:40 AM","20","557","27.85","millisecond","","n/a","0"
"WIN-DEMO-APP03","cpu.ready.summation","8/20/2026 2:33:00 AM","20","553","27.65","millisecond","","n/a","0"
"WIN-DEMO-APP03","cpu.ready.summation","8/20/2026 2:33:20 AM","20","62","3.1","millisecond","","n/a","0"
"WIN-DEMO-APP03","cpu.ready.summation","8/20/2026 2:33:40 AM","20","44","2.2","millisecond","","n/a","0"
"WIN-DEMO-APP03","cpu.ready.summation","8/20/2026 2:34:00 AM","20","51","2.55","millisecond","","n/a","0"
"WIN-DEMO-APP03","cpu.ready.summation","8/20/2026 2:34:20 AM","20","530","26.5","millisecond","","n/a","0"
"WIN-DEMO-APP03","cpu.ready.summation","8/20/2026 2:34:40 AM","20","220","11","millisecond","","n/a","0"
"WIN-DEMO-APP03","cpu.ready.summation","8/20/2026 2:35:00 AM","20","482","24.1","millisecond","","n/a","0"
"WIN-DEMO-APP03","cpu.ready.summation","8/20/2026 2:35:20 AM","20","325","16.25","millisecond","","n/a","0"
"WIN-DEMO-APP03","cpu.ready.summation","8/20/2026 2:35:40 AM","20","19","0.95","millisecond","","n/a","0"
"WIN-DEMO-APP03","cpu.ready.summation","8/20/2026 2:36:00 AM","20","34","1.7","millisecond","","n/a","0"
"WIN-DEMO-APP03","cpu.ready.summation","8/20/2026 2:36:20 AM","20","104","5.2","millisecond","","n/a","0"
"WIN-DEMO-APP03","cpu.ready.summation","8/20/2026 2:36:40 AM","20","102","5.1","millisecond","","n/a","0"
"WIN-DEMO-APP03","cpu.ready.summation","8/20/2026 2:37:00 AM","20","45","2.25","millisecond","","n/a","0"
"WIN-DEMO-APP03","cpu.ready.summation","8/20/2026 2:37:20 AM","20","123","6.15","millisecond","","n/a","0"
"WIN-DEMO-APP03","cpu.ready.summation","8/20/2026 2:37:40 AM","20","54","2.7","millisecond","","n/a","0"
"WIN-DEMO-APP03","cpu.ready.summation","8/20/2026 2:38:00 AM","20","131","6.55","millisecond","","n/a","0"
"WIN-DEMO-APP03","cpu.ready.summation","8/20/2026 2:38:20 AM","20","537","26.85","millisecond","","n/a","0"
"WIN-DEMO-APP03","cpu.ready.summation","8/20/2026 2:38:40 AM","20","551","27.55","millisecond","","n/a","0"
"WIN-DEMO-APP03","cpu.ready.summation","8/20/2026 2:39:00 AM","20","537","26.85","millisecond","","n/a","0"
"WIN-DEMO-APP03","cpu.ready.summation","8/20/2026 2:39:20 AM","20","562","28.1","millisecond","","n/a","0"
"WIN-DEMO-APP03","cpu.ready.summation","8/20/2026 2:39:40 AM","20","538","26.9","millisecond","","n/a","0"
"WIN-DEMO-APP03","cpu.ready.summation","8/20/2026 2:40:00 AM","20","314","15.7","millisecond","","n/a","0"
"WIN-DEMO-APP03","cpu.ready.summation","8/20/2026 2:40:20 AM","20","540","27","millisecond","","n/a","0"
"WIN-DEMO-APP03","cpu.ready.summation","8/20/2026 2:40:40 AM","20","637","31.85","millisecond","","n/a","0"
"WIN-DEMO-APP03","cpu.ready.summation","8/20/2026 2:41:00 AM","20","669","33.45","millisecond","","n/a","0"
"WIN-DEMO-APP03","cpu.ready.summation","8/20/2026 2:41:20 AM","20","134","6.7","millisecond","","n/a","0"
"WIN-DEMO-APP03","cpu.ready.summation","8/20/2026 2:41:40 AM","20","336","16.8","millisecond","","n/a","0"
"WIN-DEMO-APP03","cpu.ready.summation","8/20/2026 2:42:00 AM","20","119","5.95","millisecond","","n/a","0"
"WIN-DEMO-APP03","cpu.ready.summation","8/20/2026 2:42:20 AM","20","531","26.55","millisecond","","n/a","0"
"WIN-DEMO-APP03","cpu.ready.summation","8/20/2026 2:42:40 AM","20","528","26.4","millisecond","","n/a","0"
"WIN-DEMO-APP03","cpu.ready.summation","8/20/2026 2:43:00 AM","20","537","26.85","millisecond","","n/a","0"
"WIN-DEMO-APP03","cpu.ready.summation","8/20/2026 2:43:20 AM","20","548","27.4","millisecond","","n/a","0"
"WIN-DEMO-APP03","cpu.ready.summation","8/20/2026 2:43:40 AM","20","518","25.9","millisecond","","n/a","0"
"WIN-DEMO-APP03","cpu.ready.summation","8/20/2026 2:44:00 AM","20","502","25.1","millisecond","","n/a","0"
"WIN-DEMO-APP03","cpu.ready.summation","8/20/2026 2:44:20 AM","20","495","24.75","millisecond","","n/a","0"
"WIN-DEMO-APP03","cpu.ready.summation","8/20/2026 2:44:40 AM","20","227","11.35","millisecond","","n/a","0"
"WIN-DEMO-APP03","cpu.ready.summation","8/20/2026 2:45:00 AM","20","230","11.5","millisecond","","n/a","0"
"WIN-DEMO-APP03","cpu.ready.summation","8/20/2026 2:45:20 AM","20","626","31.3","millisecond","","n/a","0"
"WIN-DEMO-APP03","cpu.ready.summation","8/20/2026 2:45:40 AM","20","651","32.55","millisecond","","n/a","0"
"WIN-DEMO-APP03","cpu.ready.summation","8/20/2026 2:46:00 AM","20","179","8.95","millisecond","","n/a","0"
"WIN-DEMO-APP03","cpu.ready.summation","8/20/2026 2:46:20 AM","20","130","6.5","millisecond","","n/a","0"
"WIN-DEMO-APP03","cpu.ready.summation","8/20/2026 2:46:40 AM","20","153","7.65","millisecond","","n/a","0"
"WIN-DEMO-APP03","cpu.ready.summation","8/20/2026 2:47:00 AM","20","396","19.8","millisecond","","n/a","0"
"WIN-DEMO-APP03","cpu.ready.summation","8/20/2026 2:47:20 AM","20","195","9.75","millisecond","","n/a","0"
"WIN-DEMO-APP03","cpu.ready.summation","8/20/2026 2:47:40 AM","20","166","8.3","millisecond","","n/a","0"
"WIN-DEMO-APP03","cpu.ready.summation","8/20/2026 2:48:00 AM","20","501","25.05","millisecond","","n/a","0"
"WIN-DEMO-APP03","cpu.ready.summation","8/20/2026 2:48:20 AM","20","532","26.6","millisecond","","n/a","0"
"WIN-DEMO-APP03","cpu.ready.summation","8/20/2026 2:48:40 AM","20","543","27.15","millisecond","","n/a","0"
"WIN-DEMO-APP03","cpu.ready.summation","8/20/2026 2:49:00 AM","20","523","26.15","millisecond","","n/a","0"
"WIN-DEMO-APP03","cpu.ready.summation","8/20/2026 2:49:20 AM","20","552","27.6","millisecond","","n/a","0"
"WIN-DEMO-APP03","cpu.ready.summation","8/20/2026 2:49:40 AM","20","558","27.9","millisecond","","n/a","0"
"WIN-DEMO-APP03","cpu.ready.summation","8/20/2026 2:50:00 AM","20","631","31.55","millisecond","","n/a","0"
"WIN-DEMO-APP03","cpu.ready.summation","8/20/2026 2:50:20 AM","20","503","25.15","millisecond","","n/a","0"
"WIN-DEMO-APP03","cpu.ready.summation","8/20/2026 2:50:40 AM","20","611","30.55","millisecond","","n/a","0"
"WIN-DEMO-APP03","cpu.ready.summation","8/20/2026 2:51:00 AM","20","251","12.55","millisecond","","n/a","0"
"WIN-DEMO-APP03","cpu.ready.summation","8/20/2026 2:51:20 AM","20","422","21.1","millisecond","","n/a","0"
"WIN-DEMO-APP03","cpu.ready.summation","8/20/2026 2:51:40 AM","20","732","36.6","millisecond","","n/a","0"
"WIN-DEMO-APP03","cpu.ready.summation","8/20/2026 2:52:00 AM","20","679","33.95","millisecond","","n/a","0"
"WIN-DEMO-APP03","cpu.ready.summation","8/20/2026 2:52:20 AM","20","676","33.8","millisecond","","n/a","0"
"WIN-DEMO-APP03","cpu.ready.summation","8/20/2026 2:52:40 AM","20","543","27.15","millisecond","","n/a","0"
"WIN-DEMO-APP03","cpu.ready.summation","8/20/2026 2:53:00 AM","20","119","5.95","millisecond","","n/a","0"
"WIN-DEMO-APP03","cpu.ready.summation","8/20/2026 2:53:20 AM","20","82","4.1","millisecond","","n/a","0"
"WIN-DEMO-APP03","cpu.ready.summation","8/20/2026 2:53:40 AM","20","372","18.6","millisecond","","n/a","0"
"WIN-DEMO-APP03","cpu.ready.summation","8/20/2026 2:54:00 AM","20","470","23.5","millisecond","","n/a","0"
"WIN-DEMO-APP03","cpu.ready.summation","8/20/2026 2:54:20 AM","20","584","29.2","millisecond","","n/a","0"
"WIN-DEMO-APP03","cpu.ready.summation","8/20/2026 2:54:40 AM","20","375","18.75","millisecond","","n/a","0"
"WIN-DEMO-APP03","cpu.ready.summation","8/20/2026 2:55:00 AM","20","212","10.6","millisecond","","n/a","0"
"WIN-DEMO-APP03","cpu.ready.summation","8/20/2026 2:55:20 AM","20","429","21.45","millisecond","","n/a","0"
"WIN-DEMO-APP03","cpu.ready.summation","8/20/2026 2:55:40 AM","20","458","22.9","millisecond","","n/a","0"
"WIN-DEMO-APP03","cpu.ready.summation","8/20/2026 2:56:00 AM","20","549","27.45","millisecond","","n/a","0"
"WIN-DEMO-APP03","cpu.ready.summation","8/20/2026 2:56:20 AM","20","518","25.9","millisecond","","n/a","0"
"WIN-DEMO-APP03","cpu.ready.summation","8/20/2026 2:56:40 AM","20","469","23.45","millisecond","","n/a","0"
"WIN-DEMO-APP03","cpu.ready.summation","8/20/2026 2:57:00 AM","20","501","25.05","millisecond","","n/a","0"
"WIN-DEMO-APP03","cpu.ready.summation","8/20/2026 2:57:20 AM","20","340","17","millisecond","","n/a","0"
"WIN-DEMO-APP03","cpu.ready.summation","8/20/2026 2:57:40 AM","20","289","14.45","millisecond","","n/a","0"
"WIN-DEMO-APP03","cpu.ready.summation","8/20/2026 2:58:00 AM","20","617","30.85","millisecond","","n/a","0"
"WIN-DEMO-APP03","cpu.ready.summation","8/20/2026 2:58:20 AM","20","595","29.75","millisecond","","n/a","0"
"WIN-DEMO-APP03","cpu.ready.summation","8/20/2026 2:58:40 AM","20","239","11.95","millisecond","","n/a","0"
"WIN-DEMO-APP03","cpu.ready.summation","8/20/2026 2:59:00 AM","20","631","31.55","millisecond","","n/a","0"
"WIN-DEMO-APP03","cpu.ready.summation","8/20/2026 2:59:20 AM","20","256","12.8","millisecond","","n/a","0"
"WIN-DEMO-APP03","cpu.ready.summation","8/20/2026 2:59:40 AM","20","258","12.9","millisecond","","n/a","0"
"WIN-DEMO-APP03","cpu.ready.summation","8/20/2026 3:00:00 AM","20","469","23.45","millisecond","","n/a","0"
"WIN-DEMO-APP03","cpu.ready.summation","8/20/2026 3:00:20 AM","20","736","36.8","millisecond","","n/a","0"
"WIN-DEMO-APP03","cpu.ready.summation","8/20/2026 3:00:40 AM","20","692","34.6","millisecond","","n/a","0"
"WIN-DEMO-APP03","cpu.ready.summation","8/20/2026 3:01:00 AM","20","413","20.65","millisecond","","n/a","0"
"WIN-DEMO-APP03","cpu.ready.summation","8/20/2026 3:01:20 AM","20","584","29.2","millisecond","","n/a","0"
"WIN-DEMO-APP03","cpu.ready.summation","8/20/2026 3:01:40 AM","20","193","9.65","millisecond","","n/a","0"
"WIN-DEMO-APP03","cpu.ready.summation","8/20/2026 3:02:00 AM","20","499","24.95","millisecond","","n/a","0"
"WIN-DEMO-APP03","cpu.ready.summation","8/20/2026 3:02:20 AM","20","359","17.95","millisecond","","n/a","0"
"WIN-DEMO-APP03","cpu.ready.summation","8/20/2026 3:02:40 AM","20","109","5.45","millisecond","","n/a","0"
"WIN-DEMO-APP03","cpu.ready.summation","8/20/2026 3:03:00 AM","20","106","5.3","millisecond","","n/a","0"
"WIN-DEMO-APP03","cpu.ready.summation","8/20/2026 3:03:20 AM","20","790","39.5","millisecond","","n/a","0"
"WIN-DEMO-APP03","cpu.ready.summation","8/20/2026 3:03:40 AM","20","217","10.85","millisecond","","n/a","0"
"WIN-DEMO-APP03","cpu.ready.summation","8/20/2026 3:04:00 AM","20","226","11.3","millisecond","","n/a","0"
"WIN-DEMO-APP03","cpu.ready.summation","8/20/2026 3:04:20 AM","20","522","26.1","millisecond","","n/a","0"
"WIN-DEMO-APP03","cpu.ready.summation","8/20/2026 3:04:40 AM","20","506","25.3","millisecond","","n/a","0"
"WIN-DEMO-APP03","cpu.ready.summation","8/20/2026 3:05:00 AM","20","541","27.05","millisecond","","n/a","0"
"WIN-DEMO-APP03","cpu.ready.summation","8/20/2026 3:05:20 AM","20","496","24.8","millisecond","","n/a","0"
"WIN-DEMO-APP03","cpu.ready.summation","8/20/2026 3:05:40 AM","20","471","23.55","millisecond","","n/a","0"
"WIN-DEMO-APP03","cpu.ready.summation","8/20/2026 3:06:00 AM","20","459","22.95","millisecond","","n/a","0"
"WIN-DEMO-APP03","cpu.ready.summation","8/20/2026 3:06:20 AM","20","518","25.9","millisecond","","n/a","0"
"WIN-DEMO-APP03","cpu.ready.summation","8/20/2026 3:06:40 AM","20","72","3.6","millisecond","","n/a","0"
"WIN-DEMO-APP03","cpu.ready.summation","8/20/2026 3:07:00 AM","20","129","6.45","millisecond","","n/a","0"
"WIN-DEMO-APP03","cpu.ready.summation","8/20/2026 3:07:20 AM","20","148","7.4","millisecond","","n/a","0"
"WIN-DEMO-APP03","cpu.ready.summation","8/20/2026 3:07:40 AM","20","152","7.6","millisecond","","n/a","0"
"WIN-DEMO-APP03","cpu.ready.summation","8/20/2026 3:08:00 AM","20","125","6.25","millisecond","","n/a","0"
"WIN-DEMO-APP03","cpu.ready.summation","8/20/2026 3:08:20 AM","20","454","22.7","millisecond","","n/a","0"
"WIN-DEMO-APP03","cpu.ready.summation","8/20/2026 3:08:40 AM","20","611","30.55","millisecond","","n/a","0"
"WIN-DEMO-APP03","cpu.ready.summation","8/20/2026 3:09:00 AM","20","651","32.55","millisecond","","n/a","0"
"WIN-DEMO-APP03","cpu.ready.summation","8/20/2026 3:09:20 AM","20","307","15.35","millisecond","","n/a","0"
"WIN-DEMO-APP03","cpu.ready.summation","8/20/2026 3:09:40 AM","20","225","11.25","millisecond","","n/a","0"
"WIN-DEMO-APP03","cpu.ready.summation","8/20/2026 3:10:00 AM","20","439","21.95","millisecond","","n/a","0"
"WIN-DEMO-APP03","cpu.ready.summation","8/20/2026 3:10:20 AM","20","493","24.65","millisecond","","n/a","0"
"WIN-DEMO-APP03","cpu.ready.summation","8/20/2026 3:10:40 AM","20","502","25.1","millisecond","","n/a","0"
"WIN-DEMO-APP03","cpu.ready.summation","8/20/2026 3:11:00 AM","20","586","29.3","millisecond","","n/a","0"
"WIN-DEMO-APP03","cpu.ready.summation","8/20/2026 3:11:20 AM","20","301","15.05","millisecond","","n/a","0"
"WIN-DEMO-APP03","cpu.ready.summation","8/20/2026 3:11:40 AM","20","144","7.2","millisecond","","n/a","0"
"WIN-DEMO-APP03","cpu.ready.summation","8/20/2026 3:12:00 AM","20","114","5.7","millisecond","","n/a","0"
"WIN-DEMO-APP03","cpu.ready.summation","8/20/2026 3:12:20 AM","20","741","37.05","millisecond","","n/a","0"
"WIN-DEMO-APP03","cpu.ready.summation","8/20/2026 3:12:40 AM","20","395","19.75","millisecond","","n/a","0"
"WIN-DEMO-APP03","cpu.ready.summation","8/20/2026 3:13:00 AM","20","123","6.15","millisecond","","n/a","0"
"WIN-DEMO-APP03","cpu.ready.summation","8/20/2026 3:13:20 AM","20","522","26.1","millisecond","","n/a","0"
"WIN-DEMO-APP03","cpu.ready.summation","8/20/2026 3:13:40 AM","20","408","20.4","millisecond","","n/a","0"
"WIN-DEMO-APP03","cpu.ready.summation","8/20/2026 3:14:00 AM","20","49","2.45","millisecond","","n/a","0"
"WIN-DEMO-APP03","cpu.ready.summation","8/20/2026 3:14:20 AM","20","564","28.2","millisecond","","n/a","0"
"WIN-DEMO-APP03","cpu.ready.summation","8/20/2026 3:14:40 AM","20","426","21.3","millisecond","","n/a","0"
"WIN-DEMO-APP03","cpu.ready.summation","8/20/2026 3:15:00 AM","20","1853","92.65","millisecond","","n/a","0"
"WIN-DEMO-APP03","cpu.ready.summation","8/20/2026 3:15:20 AM","20","297","14.85","millisecond","","n/a","0"
"WIN-DEMO-APP03","cpu.ready.summation","8/20/2026 3:15:40 AM","20","402","20.1","millisecond","","n/a","0"
"WIN-DEMO-APP03","cpu.ready.summation","8/20/2026 3:16:00 AM","20","396","19.8","millisecond","","n/a","0"
"WIN-DEMO-APP03","cpu.ready.summation","8/20/2026 3:16:20 AM","20","381","19.05","millisecond","","n/a","0"
"WIN-DEMO-APP03","cpu.ready.summation","8/20/2026 3:16:40 AM","20","560","28","millisecond","","n/a","0"
"WIN-DEMO-APP03","cpu.ready.summation","8/20/2026 3:17:00 AM","20","575","28.75","millisecond","","n/a","0"
"WIN-DEMO-APP03","cpu.ready.summation","8/20/2026 3:17:20 AM","20","561","28.05","millisecond","","n/a","0"
"WIN-DEMO-APP03","cpu.ready.summation","8/20/2026 3:17:40 AM","20","552","27.6","millisecond","","n/a","0"
"WIN-DEMO-APP03","cpu.ready.summation","8/20/2026 3:18:00 AM","20","610","30.5","millisecond","","n/a","0"
"WIN-DEMO-APP03","cpu.ready.summation","8/20/2026 3:18:20 AM","20","451","22.55","millisecond","","n/a","0"
"WIN-DEMO-APP03","cpu.ready.summation","8/20/2026 3:18:40 AM","20","457","22.85","millisecond","","n/a","0"
"WIN-DEMO-APP03","cpu.ready.summation","8/20/2026 3:19:00 AM","20","493","24.65","millisecond","","n/a","0"
"WIN-DEMO-APP03","cpu.ready.summation","8/20/2026 3:19:20 AM","20","229","11.45","millisecond","","n/a","0"
"WIN-DEMO-APP03","cpu.ready.summation","8/20/2026 3:19:40 AM","20","558","27.9","millisecond","","n/a","0"
"WIN-DEMO-APP03","cpu.ready.summation","8/20/2026 3:20:00 AM","20","493","24.65","millisecond","","n/a","0"
"WIN-DEMO-APP03","cpu.ready.summation","8/20/2026 3:20:20 AM","20","683","34.15","millisecond","","n/a","0"
"WIN-DEMO-APP03","cpu.ready.summation","8/20/2026 3:20:40 AM","20","523","26.15","millisecond","","n/a","0"
"WIN-DEMO-APP03","cpu.ready.summation","8/20/2026 3:21:00 AM","20","746","37.3","millisecond","","n/a","0"
"WIN-DEMO-APP03","cpu.ready.summation","8/20/2026 3:21:20 AM","20","772","38.6","millisecond","","n/a","0"
"WIN-DEMO-APP03","cpu.ready.summation","8/20/2026 3:21:40 AM","20","640","32","millisecond","","n/a","0"
"WIN-DEMO-APP03","cpu.ready.summation","8/20/2026 3:22:00 AM","20","270","13.5","millisecond","","n/a","0"
"WIN-DEMO-APP03","cpu.ready.summation","8/20/2026 3:22:20 AM","20","772","38.6","millisecond","","n/a","0"
"WIN-DEMO-APP03","cpu.ready.summation","8/20/2026 3:22:40 AM","20","618","30.9","millisecond","","n/a","0"
"WIN-DEMO-APP03","cpu.ready.summation","8/20/2026 3:23:00 AM","20","178","8.9","millisecond","","n/a","0"
"WIN-DEMO-APP03","cpu.ready.summation","8/20/2026 3:23:20 AM","20","122","6.1","millisecond","","n/a","0"
"WIN-DEMO-APP03","cpu.ready.summation","8/20/2026 3:23:40 AM","20","512","25.6","millisecond","","n/a","0"
"WIN-DEMO-APP03","cpu.ready.summation","8/20/2026 3:24:00 AM","20","140","7","millisecond","","n/a","0"
"WIN-DEMO-APP03","cpu.ready.summation","8/20/2026 3:24:20 AM","20","427","21.35","millisecond","","n/a","0"
"WIN-DEMO-APP03","cpu.ready.summation","8/20/2026 3:24:40 AM","20","610","30.5","millisecond","","n/a","0"
"WIN-DEMO-APP03","cpu.ready.summation","8/20/2026 3:25:00 AM","20","483","24.15","millisecond","","n/a","0"
"WIN-DEMO-APP03","cpu.ready.summation","8/20/2026 3:25:20 AM","20","145","7.25","millisecond","","n/a","0"
"WIN-DEMO-APP03","cpu.ready.summation","8/20/2026 3:25:40 AM","20","505","25.25","millisecond","","n/a","0"
"WIN-DEMO-APP03","cpu.ready.summation","8/20/2026 3:26:00 AM","20","498","24.9","millisecond","","n/a","0"
"WIN-DEMO-APP03","cpu.ready.summation","8/20/2026 3:26:20 AM","20","511","25.55","millisecond","","n/a","0"
"WIN-DEMO-APP03","cpu.ready.summation","8/20/2026 3:26:40 AM","20","490","24.5","millisecond","","n/a","0"
"WIN-DEMO-APP03","cpu.ready.summation","8/20/2026 3:27:00 AM","20","490","24.5","millisecond","","n/a","0"
"WIN-DEMO-APP03","cpu.ready.summation","8/20/2026 3:27:20 AM","20","260","13","millisecond","","n/a","0"
"WIN-DEMO-APP03","cpu.ready.summation","8/20/2026 3:27:40 AM","20","62","3.1","millisecond","","n/a","0"
"WIN-DEMO-APP03","cpu.ready.summation","8/20/2026 3:28:00 AM","20","526","26.3","millisecond","","n/a","0"
"WIN-DEMO-APP03","cpu.ready.summation","8/20/2026 3:28:20 AM","20","278","13.9","millisecond","","n/a","0"
"WIN-DEMO-APP03","cpu.ready.summation","8/20/2026 3:28:40 AM","20","33","1.65","millisecond","","n/a","0"
"WIN-DEMO-APP03","cpu.ready.summation","8/20/2026 3:29:00 AM","20","50","2.5","millisecond","","n/a","0"
"WIN-DEMO-APP03","cpu.ready.summation","8/20/2026 3:29:20 AM","20","23","1.15","millisecond","","n/a","0"
"WIN-DEMO-APP03","cpu.ready.summation","8/20/2026 3:29:40 AM","20","72","3.6","millisecond","","n/a","0"
"WIN-DEMO-APP03","cpu.ready.summation","8/20/2026 3:30:00 AM","20","182","9.1","millisecond","","n/a","0"
"WIN-DEMO-APP03","cpu.usage.average","8/20/2026 2:30:20 AM","20","3.60999989509583","3.60999989509583","%","","n/a","0"
"WIN-DEMO-APP03","cpu.usage.average","8/20/2026 2:30:40 AM","20","3.50999999046326","3.50999999046326","%","","n/a","0"
"WIN-DEMO-APP03","cpu.usage.average","8/20/2026 2:31:00 AM","20","4.11999988555908","4.11999988555908","%","","n/a","0"
"WIN-DEMO-APP03","cpu.usage.average","8/20/2026 2:31:20 AM","20","3.72000002861023","3.72000002861023","%","","n/a","0"
"WIN-DEMO-APP03","cpu.usage.average","8/20/2026 2:31:40 AM","20","3.63000011444092","3.63000011444092","%","","n/a","0"
"WIN-DEMO-APP03","cpu.usage.average","8/20/2026 2:32:00 AM","20","3.89000010490417","3.89000010490417","%","","n/a","0"
"WIN-DEMO-APP03","cpu.usage.average","8/20/2026 2:32:20 AM","20","3.82999992370605","3.82999992370605","%","","n/a","0"
"WIN-DEMO-APP03","cpu.usage.average","8/20/2026 2:32:40 AM","20","4.01999998092651","4.01999998092651","%","","n/a","0"
"WIN-DEMO-APP03","cpu.usage.average","8/20/2026 2:33:00 AM","20","4.17000007629395","4.17000007629395","%","","n/a","0"
"WIN-DEMO-APP03","cpu.usage.average","8/20/2026 2:33:20 AM","20","3.41000008583069","3.41000008583069","%","","n/a","0"
"WIN-DEMO-APP03","cpu.usage.average","8/20/2026 2:33:40 AM","20","3.41000008583069","3.41000008583069","%","","n/a","0"
"WIN-DEMO-APP03","cpu.usage.average","8/20/2026 2:34:00 AM","20","3.48000001907349","3.48000001907349","%","","n/a","0"
"WIN-DEMO-APP03","cpu.usage.average","8/20/2026 2:34:20 AM","20","4.07999992370605","4.07999992370605","%","","n/a","0"
"WIN-DEMO-APP03","cpu.usage.average","8/20/2026 2:34:40 AM","20","3.94000005722046","3.94000005722046","%","","n/a","0"
"WIN-DEMO-APP03","cpu.usage.average","8/20/2026 2:35:00 AM","20","3.98000001907349","3.98000001907349","%","","n/a","0"
"WIN-DEMO-APP03","cpu.usage.average","8/20/2026 2:35:20 AM","20","3.54999995231628","3.54999995231628","%","","n/a","0"
"WIN-DEMO-APP03","cpu.usage.average","8/20/2026 2:35:40 AM","20","3.61999988555908","3.61999988555908","%","","n/a","0"
"WIN-DEMO-APP03","cpu.usage.average","8/20/2026 2:36:00 AM","20","3.50999999046326","3.50999999046326","%","","n/a","0"
"WIN-DEMO-APP03","cpu.usage.average","8/20/2026 2:36:20 AM","20","4.01000022888184","4.01000022888184","%","","n/a","0"
"WIN-DEMO-APP03","cpu.usage.average","8/20/2026 2:36:40 AM","20","4.15000009536743","4.15000009536743","%","","n/a","0"
"WIN-DEMO-APP03","cpu.usage.average","8/20/2026 2:37:00 AM","20","3.52999997138977","3.52999997138977","%","","n/a","0"
"WIN-DEMO-APP03","cpu.usage.average","8/20/2026 2:37:20 AM","20","3.85999989509583","3.85999989509583","%","","n/a","0"
"WIN-DEMO-APP03","cpu.usage.average","8/20/2026 2:37:40 AM","20","3.61999988555908","3.61999988555908","%","","n/a","0"
"WIN-DEMO-APP03","cpu.usage.average","8/20/2026 2:38:00 AM","20","4.09999990463257","4.09999990463257","%","","n/a","0"
"WIN-DEMO-APP03","cpu.usage.average","8/20/2026 2:38:20 AM","20","3.78999996185303","3.78999996185303","%","","n/a","0"
"WIN-DEMO-APP03","cpu.usage.average","8/20/2026 2:38:40 AM","20","3.94000005722046","3.94000005722046","%","","n/a","0"
"WIN-DEMO-APP03","cpu.usage.average","8/20/2026 2:39:00 AM","20","4.15000009536743","4.15000009536743","%","","n/a","0"
"WIN-DEMO-APP03","cpu.usage.average","8/20/2026 2:39:20 AM","20","4.09999990463257","4.09999990463257","%","","n/a","0"
"WIN-DEMO-APP03","cpu.usage.average","8/20/2026 2:39:40 AM","20","4.01999998092651","4.01999998092651","%","","n/a","0"
"WIN-DEMO-APP03","cpu.usage.average","8/20/2026 2:40:00 AM","20","3.76999998092651","3.76999998092651","%","","n/a","0"
"WIN-DEMO-APP03","cpu.usage.average","8/20/2026 2:40:20 AM","20","3.79999995231628","3.79999995231628","%","","n/a","0"
"WIN-DEMO-APP03","cpu.usage.average","8/20/2026 2:40:40 AM","20","4.01000022888184","4.01000022888184","%","","n/a","0"
"WIN-DEMO-APP03","cpu.usage.average","8/20/2026 2:41:00 AM","20","4.17999982833862","4.17999982833862","%","","n/a","0"
"WIN-DEMO-APP03","cpu.usage.average","8/20/2026 2:41:20 AM","20","4.11999988555908","4.11999988555908","%","","n/a","0"
"WIN-DEMO-APP03","cpu.usage.average","8/20/2026 2:41:40 AM","20","3.6800000667572","3.6800000667572","%","","n/a","0"
"WIN-DEMO-APP03","cpu.usage.average","8/20/2026 2:42:00 AM","20","4.25","4.25","%","","n/a","0"
"WIN-DEMO-APP03","cpu.usage.average","8/20/2026 2:42:20 AM","20","4.15000009536743","4.15000009536743","%","","n/a","0"
"WIN-DEMO-APP03","cpu.usage.average","8/20/2026 2:42:40 AM","20","4.23000001907349","4.23000001907349","%","","n/a","0"
"WIN-DEMO-APP03","cpu.usage.average","8/20/2026 2:43:00 AM","20","4.09000015258789","4.09000015258789","%","","n/a","0"
"WIN-DEMO-APP03","cpu.usage.average","8/20/2026 2:43:20 AM","20","4.05999994277954","4.05999994277954","%","","n/a","0"
"WIN-DEMO-APP03","cpu.usage.average","8/20/2026 2:43:40 AM","20","4.01999998092651","4.01999998092651","%","","n/a","0"
"WIN-DEMO-APP03","cpu.usage.average","8/20/2026 2:44:00 AM","20","4.19000005722046","4.19000005722046","%","","n/a","0"
"WIN-DEMO-APP03","cpu.usage.average","8/20/2026 2:44:20 AM","20","3.8199999332428","3.8199999332428","%","","n/a","0"
"WIN-DEMO-APP03","cpu.usage.average","8/20/2026 2:44:40 AM","20","4.23999977111816","4.23999977111816","%","","n/a","0"
"WIN-DEMO-APP03","cpu.usage.average","8/20/2026 2:45:00 AM","20","3.73000001907349","3.73000001907349","%","","n/a","0"
"WIN-DEMO-APP03","cpu.usage.average","8/20/2026 2:45:20 AM","20","3.79999995231628","3.79999995231628","%","","n/a","0"
"WIN-DEMO-APP03","cpu.usage.average","8/20/2026 2:45:40 AM","20","4.05000019073486","4.05000019073486","%","","n/a","0"
"WIN-DEMO-APP03","cpu.usage.average","8/20/2026 2:46:00 AM","20","3.95000004768372","3.95000004768372","%","","n/a","0"
"WIN-DEMO-APP03","cpu.usage.average","8/20/2026 2:46:20 AM","20","3.63000011444092","3.63000011444092","%","","n/a","0"
"WIN-DEMO-APP03","cpu.usage.average","8/20/2026 2:46:40 AM","20","3.59999990463257","3.59999990463257","%","","n/a","0"
"WIN-DEMO-APP03","cpu.usage.average","8/20/2026 2:47:00 AM","20","3.91000008583069","3.91000008583069","%","","n/a","0"
"WIN-DEMO-APP03","cpu.usage.average","8/20/2026 2:47:20 AM","20","3.94000005722046","3.94000005722046","%","","n/a","0"
"WIN-DEMO-APP03","cpu.usage.average","8/20/2026 2:47:40 AM","20","4.05000019073486","4.05000019073486","%","","n/a","0"
"WIN-DEMO-APP03","cpu.usage.average","8/20/2026 2:48:00 AM","20","4.57999992370605","4.57999992370605","%","","n/a","0"
"WIN-DEMO-APP03","cpu.usage.average","8/20/2026 2:48:20 AM","20","3.8199999332428","3.8199999332428","%","","n/a","0"
"WIN-DEMO-APP03","cpu.usage.average","8/20/2026 2:48:40 AM","20","3.8199999332428","3.8199999332428","%","","n/a","0"
"WIN-DEMO-APP03","cpu.usage.average","8/20/2026 2:49:00 AM","20","3.88000011444092","3.88000011444092","%","","n/a","0"
"WIN-DEMO-APP03","cpu.usage.average","8/20/2026 2:49:20 AM","20","4.03000020980835","4.03000020980835","%","","n/a","0"
"WIN-DEMO-APP03","cpu.usage.average","8/20/2026 2:49:40 AM","20","3.84999990463257","3.84999990463257","%","","n/a","0"
"WIN-DEMO-APP03","cpu.usage.average","8/20/2026 2:50:00 AM","20","3.96000003814697","3.96000003814697","%","","n/a","0"
"WIN-DEMO-APP03","cpu.usage.average","8/20/2026 2:50:20 AM","20","3.54999995231628","3.54999995231628","%","","n/a","0"
"WIN-DEMO-APP03","cpu.usage.average","8/20/2026 2:50:40 AM","20","4.26000022888184","4.26000022888184","%","","n/a","0"
"WIN-DEMO-APP03","cpu.usage.average","8/20/2026 2:51:00 AM","20","4","4","%","","n/a","0"
"WIN-DEMO-APP03","cpu.usage.average","8/20/2026 2:51:20 AM","20","3.74000000953674","3.74000000953674","%","","n/a","0"
"WIN-DEMO-APP03","cpu.usage.average","8/20/2026 2:51:40 AM","20","3.96000003814697","3.96000003814697","%","","n/a","0"
"WIN-DEMO-APP03","cpu.usage.average","8/20/2026 2:52:00 AM","20","3.73000001907349","3.73000001907349","%","","n/a","0"
"WIN-DEMO-APP03","cpu.usage.average","8/20/2026 2:52:20 AM","20","4.03999996185303","4.03999996185303","%","","n/a","0"
"WIN-DEMO-APP03","cpu.usage.average","8/20/2026 2:52:40 AM","20","3.91000008583069","3.91000008583069","%","","n/a","0"
"WIN-DEMO-APP03","cpu.usage.average","8/20/2026 2:53:00 AM","20","3.86999988555908","3.86999988555908","%","","n/a","0"
"WIN-DEMO-APP03","cpu.usage.average","8/20/2026 2:53:20 AM","20","3.88000011444092","3.88000011444092","%","","n/a","0"
"WIN-DEMO-APP03","cpu.usage.average","8/20/2026 2:53:40 AM","20","3.86999988555908","3.86999988555908","%","","n/a","0"
"WIN-DEMO-APP03","cpu.usage.average","8/20/2026 2:54:00 AM","20","3.55999994277954","3.55999994277954","%","","n/a","0"
"WIN-DEMO-APP03","cpu.usage.average","8/20/2026 2:54:20 AM","20","3.76999998092651","3.76999998092651","%","","n/a","0"
"WIN-DEMO-APP03","cpu.usage.average","8/20/2026 2:54:40 AM","20","3.74000000953674","3.74000000953674","%","","n/a","0"
"WIN-DEMO-APP03","cpu.usage.average","8/20/2026 2:55:00 AM","20","4.23999977111816","4.23999977111816","%","","n/a","0"
"WIN-DEMO-APP03","cpu.usage.average","8/20/2026 2:55:20 AM","20","3.97000002861023","3.97000002861023","%","","n/a","0"
"WIN-DEMO-APP03","cpu.usage.average","8/20/2026 2:55:40 AM","20","3.29999995231628","3.29999995231628","%","","n/a","0"
"WIN-DEMO-APP03","cpu.usage.average","8/20/2026 2:56:00 AM","20","3.79999995231628","3.79999995231628","%","","n/a","0"
"WIN-DEMO-APP03","cpu.usage.average","8/20/2026 2:56:20 AM","20","4.01000022888184","4.01000022888184","%","","n/a","0"
"WIN-DEMO-APP03","cpu.usage.average","8/20/2026 2:56:40 AM","20","3.97000002861023","3.97000002861023","%","","n/a","0"
"WIN-DEMO-APP03","cpu.usage.average","8/20/2026 2:57:00 AM","20","3.57999992370605","3.57999992370605","%","","n/a","0"
"WIN-DEMO-APP03","cpu.usage.average","8/20/2026 2:57:20 AM","20","3.77999997138977","3.77999997138977","%","","n/a","0"
"WIN-DEMO-APP03","cpu.usage.average","8/20/2026 2:57:40 AM","20","3.82999992370605","3.82999992370605","%","","n/a","0"
"WIN-DEMO-APP03","cpu.usage.average","8/20/2026 2:58:00 AM","20","3.66000008583069","3.66000008583069","%","","n/a","0"
"WIN-DEMO-APP03","cpu.usage.average","8/20/2026 2:58:20 AM","20","4.03000020980835","4.03000020980835","%","","n/a","0"
"WIN-DEMO-APP03","cpu.usage.average","8/20/2026 2:58:40 AM","20","3.41000008583069","3.41000008583069","%","","n/a","0"
"WIN-DEMO-APP03","cpu.usage.average","8/20/2026 2:59:00 AM","20","3.75","3.75","%","","n/a","0"
"WIN-DEMO-APP03","cpu.usage.average","8/20/2026 2:59:20 AM","20","4","4","%","","n/a","0"
"WIN-DEMO-APP03","cpu.usage.average","8/20/2026 2:59:40 AM","20","3.95000004768372","3.95000004768372","%","","n/a","0"
"WIN-DEMO-APP03","cpu.usage.average","8/20/2026 3:00:00 AM","20","3.95000004768372","3.95000004768372","%","","n/a","0"
"WIN-DEMO-APP03","cpu.usage.average","8/20/2026 3:00:20 AM","20","3.96000003814697","3.96000003814697","%","","n/a","0"
"WIN-DEMO-APP03","cpu.usage.average","8/20/2026 3:00:40 AM","20","4","4","%","","n/a","0"
"WIN-DEMO-APP03","cpu.usage.average","8/20/2026 3:01:00 AM","20","3.79999995231628","3.79999995231628","%","","n/a","0"
"WIN-DEMO-APP03","cpu.usage.average","8/20/2026 3:01:20 AM","20","3.79999995231628","3.79999995231628","%","","n/a","0"
"WIN-DEMO-APP03","cpu.usage.average","8/20/2026 3:01:40 AM","20","3.58999991416931","3.58999991416931","%","","n/a","0"
"WIN-DEMO-APP03","cpu.usage.average","8/20/2026 3:02:00 AM","20","3.63000011444092","3.63000011444092","%","","n/a","0"
"WIN-DEMO-APP03","cpu.usage.average","8/20/2026 3:02:20 AM","20","3.74000000953674","3.74000000953674","%","","n/a","0"
"WIN-DEMO-APP03","cpu.usage.average","8/20/2026 3:02:40 AM","20","3.58999991416931","3.58999991416931","%","","n/a","0"
"WIN-DEMO-APP03","cpu.usage.average","8/20/2026 3:03:00 AM","20","3.4300000667572","3.4300000667572","%","","n/a","0"
"WIN-DEMO-APP03","cpu.usage.average","8/20/2026 3:03:20 AM","20","3.55999994277954","3.55999994277954","%","","n/a","0"
"WIN-DEMO-APP03","cpu.usage.average","8/20/2026 3:03:40 AM","20","3.34999990463257","3.34999990463257","%","","n/a","0"
"WIN-DEMO-APP03","cpu.usage.average","8/20/2026 3:04:00 AM","20","3.99000000953674","3.99000000953674","%","","n/a","0"
"WIN-DEMO-APP03","cpu.usage.average","8/20/2026 3:04:20 AM","20","3.71000003814697","3.71000003814697","%","","n/a","0"
"WIN-DEMO-APP03","cpu.usage.average","8/20/2026 3:04:40 AM","20","3.8199999332428","3.8199999332428","%","","n/a","0"
"WIN-DEMO-APP03","cpu.usage.average","8/20/2026 3:05:00 AM","20","3.55999994277954","3.55999994277954","%","","n/a","0"
"WIN-DEMO-APP03","cpu.usage.average","8/20/2026 3:05:20 AM","20","3.70000004768372","3.70000004768372","%","","n/a","0"
"WIN-DEMO-APP03","cpu.usage.average","8/20/2026 3:05:40 AM","20","3.57999992370605","3.57999992370605","%","","n/a","0"
"WIN-DEMO-APP03","cpu.usage.average","8/20/2026 3:06:00 AM","20","3.73000001907349","3.73000001907349","%","","n/a","0"
"WIN-DEMO-APP03","cpu.usage.average","8/20/2026 3:06:20 AM","20","3.70000004768372","3.70000004768372","%","","n/a","0"
"WIN-DEMO-APP03","cpu.usage.average","8/20/2026 3:06:40 AM","20","3.40000009536743","3.40000009536743","%","","n/a","0"
"WIN-DEMO-APP03","cpu.usage.average","8/20/2026 3:07:00 AM","20","3.86999988555908","3.86999988555908","%","","n/a","0"
"WIN-DEMO-APP03","cpu.usage.average","8/20/2026 3:07:20 AM","20","3.99000000953674","3.99000000953674","%","","n/a","0"
"WIN-DEMO-APP03","cpu.usage.average","8/20/2026 3:07:40 AM","20","4.34000015258789","4.34000015258789","%","","n/a","0"
"WIN-DEMO-APP03","cpu.usage.average","8/20/2026 3:08:00 AM","20","4.19999980926514","4.19999980926514","%","","n/a","0"
"WIN-DEMO-APP03","cpu.usage.average","8/20/2026 3:08:20 AM","20","3.64000010490417","3.64000010490417","%","","n/a","0"
"WIN-DEMO-APP03","cpu.usage.average","8/20/2026 3:08:40 AM","20","3.86999988555908","3.86999988555908","%","","n/a","0"
"WIN-DEMO-APP03","cpu.usage.average","8/20/2026 3:09:00 AM","20","3.60999989509583","3.60999989509583","%","","n/a","0"
"WIN-DEMO-APP03","cpu.usage.average","8/20/2026 3:09:20 AM","20","3.75","3.75","%","","n/a","0"
"WIN-DEMO-APP03","cpu.usage.average","8/20/2026 3:09:40 AM","20","3.51999998092651","3.51999998092651","%","","n/a","0"
"WIN-DEMO-APP03","cpu.usage.average","8/20/2026 3:10:00 AM","20","3.46000003814697","3.46000003814697","%","","n/a","0"
"WIN-DEMO-APP03","cpu.usage.average","8/20/2026 3:10:20 AM","20","3.49000000953674","3.49000000953674","%","","n/a","0"
"WIN-DEMO-APP03","cpu.usage.average","8/20/2026 3:10:40 AM","20","3.96000003814697","3.96000003814697","%","","n/a","0"
"WIN-DEMO-APP03","cpu.usage.average","8/20/2026 3:11:00 AM","20","4.30000019073486","4.30000019073486","%","","n/a","0"
"WIN-DEMO-APP03","cpu.usage.average","8/20/2026 3:11:20 AM","20","4.1399998664856","4.1399998664856","%","","n/a","0"
"WIN-DEMO-APP03","cpu.usage.average","8/20/2026 3:11:40 AM","20","3.50999999046326","3.50999999046326","%","","n/a","0"
"WIN-DEMO-APP03","cpu.usage.average","8/20/2026 3:12:00 AM","20","3.49000000953674","3.49000000953674","%","","n/a","0"
"WIN-DEMO-APP03","cpu.usage.average","8/20/2026 3:12:20 AM","20","3.45000004768372","3.45000004768372","%","","n/a","0"
"WIN-DEMO-APP03","cpu.usage.average","8/20/2026 3:12:40 AM","20","3.74000000953674","3.74000000953674","%","","n/a","0"
"WIN-DEMO-APP03","cpu.usage.average","8/20/2026 3:13:00 AM","20","3.60999989509583","3.60999989509583","%","","n/a","0"
"WIN-DEMO-APP03","cpu.usage.average","8/20/2026 3:13:20 AM","20","3.35999989509583","3.35999989509583","%","","n/a","0"
"WIN-DEMO-APP03","cpu.usage.average","8/20/2026 3:13:40 AM","20","3.78999996185303","3.78999996185303","%","","n/a","0"
"WIN-DEMO-APP03","cpu.usage.average","8/20/2026 3:14:00 AM","20","3.58999991416931","3.58999991416931","%","","n/a","0"
"WIN-DEMO-APP03","cpu.usage.average","8/20/2026 3:14:20 AM","20","3.78999996185303","3.78999996185303","%","","n/a","0"
"WIN-DEMO-APP03","cpu.usage.average","8/20/2026 3:14:40 AM","20","3.83999991416931","3.83999991416931","%","","n/a","0"
"WIN-DEMO-APP03","cpu.usage.average","8/20/2026 3:15:00 AM","20","3.67000007629395","3.67000007629395","%","","n/a","0"
"WIN-DEMO-APP03","cpu.usage.average","8/20/2026 3:15:20 AM","20","3.75999999046326","3.75999999046326","%","","n/a","0"
"WIN-DEMO-APP03","cpu.usage.average","8/20/2026 3:15:40 AM","20","3.64000010490417","3.64000010490417","%","","n/a","0"
"WIN-DEMO-APP03","cpu.usage.average","8/20/2026 3:16:00 AM","20","3.86999988555908","3.86999988555908","%","","n/a","0"
"WIN-DEMO-APP03","cpu.usage.average","8/20/2026 3:16:20 AM","20","4.03999996185303","4.03999996185303","%","","n/a","0"
"WIN-DEMO-APP03","cpu.usage.average","8/20/2026 3:16:40 AM","20","4.21999979019165","4.21999979019165","%","","n/a","0"
"WIN-DEMO-APP03","cpu.usage.average","8/20/2026 3:17:00 AM","20","3.75","3.75","%","","n/a","0"
"WIN-DEMO-APP03","cpu.usage.average","8/20/2026 3:17:20 AM","20","3.67000007629395","3.67000007629395","%","","n/a","0"
"WIN-DEMO-APP03","cpu.usage.average","8/20/2026 3:17:40 AM","20","4.03999996185303","4.03999996185303","%","","n/a","0"
"WIN-DEMO-APP03","cpu.usage.average","8/20/2026 3:18:00 AM","20","3.69000005722046","3.69000005722046","%","","n/a","0"
"WIN-DEMO-APP03","cpu.usage.average","8/20/2026 3:18:20 AM","20","3.74000000953674","3.74000000953674","%","","n/a","0"
"WIN-DEMO-APP03","cpu.usage.average","8/20/2026 3:18:40 AM","20","3.5699999332428","3.5699999332428","%","","n/a","0"
"WIN-DEMO-APP03","cpu.usage.average","8/20/2026 3:19:00 AM","20","3.89000010490417","3.89000010490417","%","","n/a","0"
"WIN-DEMO-APP03","cpu.usage.average","8/20/2026 3:19:20 AM","20","4.01999998092651","4.01999998092651","%","","n/a","0"
"WIN-DEMO-APP03","cpu.usage.average","8/20/2026 3:19:40 AM","20","3.67000007629395","3.67000007629395","%","","n/a","0"
"WIN-DEMO-APP03","cpu.usage.average","8/20/2026 3:20:00 AM","20","3.59999990463257","3.59999990463257","%","","n/a","0"
"WIN-DEMO-APP03","cpu.usage.average","8/20/2026 3:20:20 AM","20","3.77999997138977","3.77999997138977","%","","n/a","0"
"WIN-DEMO-APP03","cpu.usage.average","8/20/2026 3:20:40 AM","20","3.80999994277954","3.80999994277954","%","","n/a","0"
"WIN-DEMO-APP03","cpu.usage.average","8/20/2026 3:21:00 AM","20","3.99000000953674","3.99000000953674","%","","n/a","0"
"WIN-DEMO-APP03","cpu.usage.average","8/20/2026 3:21:20 AM","20","3.99000000953674","3.99000000953674","%","","n/a","0"
"WIN-DEMO-APP03","cpu.usage.average","8/20/2026 3:21:40 AM","20","3.70000004768372","3.70000004768372","%","","n/a","0"
"WIN-DEMO-APP03","cpu.usage.average","8/20/2026 3:22:00 AM","20","3.60999989509583","3.60999989509583","%","","n/a","0"
"WIN-DEMO-APP03","cpu.usage.average","8/20/2026 3:22:20 AM","20","3.99000000953674","3.99000000953674","%","","n/a","0"
"WIN-DEMO-APP03","cpu.usage.average","8/20/2026 3:22:40 AM","20","4.17000007629395","4.17000007629395","%","","n/a","0"
"WIN-DEMO-APP03","cpu.usage.average","8/20/2026 3:23:00 AM","20","3.77999997138977","3.77999997138977","%","","n/a","0"
"WIN-DEMO-APP03","cpu.usage.average","8/20/2026 3:23:20 AM","20","3.73000001907349","3.73000001907349","%","","n/a","0"
"WIN-DEMO-APP03","cpu.usage.average","8/20/2026 3:23:40 AM","20","3.95000004768372","3.95000004768372","%","","n/a","0"
"WIN-DEMO-APP03","cpu.usage.average","8/20/2026 3:24:00 AM","20","4.01000022888184","4.01000022888184","%","","n/a","0"
"WIN-DEMO-APP03","cpu.usage.average","8/20/2026 3:24:20 AM","20","3.76999998092651","3.76999998092651","%","","n/a","0"
"WIN-DEMO-APP03","cpu.usage.average","8/20/2026 3:24:40 AM","20","3.66000008583069","3.66000008583069","%","","n/a","0"
"WIN-DEMO-APP03","cpu.usage.average","8/20/2026 3:25:00 AM","20","3.41000008583069","3.41000008583069","%","","n/a","0"
"WIN-DEMO-APP03","cpu.usage.average","8/20/2026 3:25:20 AM","20","3.41000008583069","3.41000008583069","%","","n/a","0"
"WIN-DEMO-APP03","cpu.usage.average","8/20/2026 3:25:40 AM","20","3.91000008583069","3.91000008583069","%","","n/a","0"
"WIN-DEMO-APP03","cpu.usage.average","8/20/2026 3:26:00 AM","20","3.79999995231628","3.79999995231628","%","","n/a","0"
"WIN-DEMO-APP03","cpu.usage.average","8/20/2026 3:26:20 AM","20","3.67000007629395","3.67000007629395","%","","n/a","0"
"WIN-DEMO-APP03","cpu.usage.average","8/20/2026 3:26:40 AM","20","3.66000008583069","3.66000008583069","%","","n/a","0"
"WIN-DEMO-APP03","cpu.usage.average","8/20/2026 3:27:00 AM","20","3.88000011444092","3.88000011444092","%","","n/a","0"
"WIN-DEMO-APP03","cpu.usage.average","8/20/2026 3:27:20 AM","20","3.59999990463257","3.59999990463257","%","","n/a","0"
"WIN-DEMO-APP03","cpu.usage.average","8/20/2026 3:27:40 AM","20","3.88000011444092","3.88000011444092","%","","n/a","0"
"WIN-DEMO-APP03","cpu.usage.average","8/20/2026 3:28:00 AM","20","3.99000000953674","3.99000000953674","%","","n/a","0"
"WIN-DEMO-APP03","cpu.usage.average","8/20/2026 3:28:20 AM","20","3.69000005722046","3.69000005722046","%","","n/a","0"
"WIN-DEMO-APP03","cpu.usage.average","8/20/2026 3:28:40 AM","20","3.6800000667572","3.6800000667572","%","","n/a","0"
"WIN-DEMO-APP03","cpu.usage.average","8/20/2026 3:29:00 AM","20","3.80999994277954","3.80999994277954","%","","n/a","0"
"WIN-DEMO-APP03","cpu.usage.average","8/20/2026 3:29:20 AM","20","3.57999992370605","3.57999992370605","%","","n/a","0"
"WIN-DEMO-APP03","cpu.usage.average","8/20/2026 3:29:40 AM","20","4","4","%","","n/a","0"
"WIN-DEMO-APP03","cpu.usage.average","8/20/2026 3:30:00 AM","20","3.77999997138977","3.77999997138977","%","","n/a","0"
"WIN-DEMO-APP03","mem.consumed.average","8/20/2026 2:30:20 AM","20","4194276","4194276","KB","","n/a","0"
"WIN-DEMO-APP03","mem.consumed.average","8/20/2026 2:30:40 AM","20","4194276","4194276","KB","","n/a","0"
"WIN-DEMO-APP03","mem.consumed.average","8/20/2026 2:31:00 AM","20","4194276","4194276","KB","","n/a","0"
"WIN-DEMO-APP03","mem.consumed.average","8/20/2026 2:31:20 AM","20","4194276","4194276","KB","","n/a","0"
"WIN-DEMO-APP03","mem.consumed.average","8/20/2026 2:31:40 AM","20","4194276","4194276","KB","","n/a","0"
"WIN-DEMO-APP03","mem.consumed.average","8/20/2026 2:32:00 AM","20","4194276","4194276","KB","","n/a","0"
"WIN-DEMO-APP03","mem.consumed.average","8/20/2026 2:32:20 AM","20","4194276","4194276","KB","","n/a","0"
"WIN-DEMO-APP03","mem.consumed.average","8/20/2026 2:32:40 AM","20","4194276","4194276","KB","","n/a","0"
"WIN-DEMO-APP03","mem.consumed.average","8/20/2026 2:33:00 AM","20","4194276","4194276","KB","","n/a","0"
"WIN-DEMO-APP03","mem.consumed.average","8/20/2026 2:33:20 AM","20","4194276","4194276","KB","","n/a","0"
"WIN-DEMO-APP03","mem.consumed.average","8/20/2026 2:33:40 AM","20","4194276","4194276","KB","","n/a","0"
"WIN-DEMO-APP03","mem.consumed.average","8/20/2026 2:34:00 AM","20","4194276","4194276","KB","","n/a","0"
"WIN-DEMO-APP03","mem.consumed.average","8/20/2026 2:34:20 AM","20","4194276","4194276","KB","","n/a","0"
"WIN-DEMO-APP03","mem.consumed.average","8/20/2026 2:34:40 AM","20","4194276","4194276","KB","","n/a","0"
"WIN-DEMO-APP03","mem.consumed.average","8/20/2026 2:35:00 AM","20","4194276","4194276","KB","","n/a","0"
"WIN-DEMO-APP03","mem.consumed.average","8/20/2026 2:35:20 AM","20","4194276","4194276","KB","","n/a","0"
"WIN-DEMO-APP03","mem.consumed.average","8/20/2026 2:35:40 AM","20","4194276","4194276","KB","","n/a","0"
"WIN-DEMO-APP03","mem.consumed.average","8/20/2026 2:36:00 AM","20","4194276","4194276","KB","","n/a","0"
"WIN-DEMO-APP03","mem.consumed.average","8/20/2026 2:36:20 AM","20","4194276","4194276","KB","","n/a","0"
"WIN-DEMO-APP03","mem.consumed.average","8/20/2026 2:36:40 AM","20","4194276","4194276","KB","","n/a","0"
"WIN-DEMO-APP03","mem.consumed.average","8/20/2026 2:37:00 AM","20","4194276","4194276","KB","","n/a","0"
"WIN-DEMO-APP03","mem.consumed.average","8/20/2026 2:37:20 AM","20","4194276","4194276","KB","","n/a","0"
"WIN-DEMO-APP03","mem.consumed.average","8/20/2026 2:37:40 AM","20","4194276","4194276","KB","","n/a","0"
"WIN-DEMO-APP03","mem.consumed.average","8/20/2026 2:38:00 AM","20","4194276","4194276","KB","","n/a","0"
"WIN-DEMO-APP03","mem.consumed.average","8/20/2026 2:38:20 AM","20","4194276","4194276","KB","","n/a","0"
"WIN-DEMO-APP03","mem.consumed.average","8/20/2026 2:38:40 AM","20","4194276","4194276","KB","","n/a","0"
"WIN-DEMO-APP03","mem.consumed.average","8/20/2026 2:39:00 AM","20","4194276","4194276","KB","","n/a","0"
"WIN-DEMO-APP03","mem.consumed.average","8/20/2026 2:39:20 AM","20","4194276","4194276","KB","","n/a","0"
"WIN-DEMO-APP03","mem.consumed.average","8/20/2026 2:39:40 AM","20","4194276","4194276","KB","","n/a","0"
"WIN-DEMO-APP03","mem.consumed.average","8/20/2026 2:40:00 AM","20","4194276","4194276","KB","","n/a","0"
"WIN-DEMO-APP03","mem.consumed.average","8/20/2026 2:40:20 AM","20","4194276","4194276","KB","","n/a","0"
"WIN-DEMO-APP03","mem.consumed.average","8/20/2026 2:40:40 AM","20","4194276","4194276","KB","","n/a","0"
"WIN-DEMO-APP03","mem.consumed.average","8/20/2026 2:41:00 AM","20","4194276","4194276","KB","","n/a","0"
"WIN-DEMO-APP03","mem.consumed.average","8/20/2026 2:41:20 AM","20","4194276","4194276","KB","","n/a","0"
"WIN-DEMO-APP03","mem.consumed.average","8/20/2026 2:41:40 AM","20","4194276","4194276","KB","","n/a","0"
"WIN-DEMO-APP03","mem.consumed.average","8/20/2026 2:42:00 AM","20","4194276","4194276","KB","","n/a","0"
"WIN-DEMO-APP03","mem.consumed.average","8/20/2026 2:42:20 AM","20","4194276","4194276","KB","","n/a","0"
"WIN-DEMO-APP03","mem.consumed.average","8/20/2026 2:42:40 AM","20","4194276","4194276","KB","","n/a","0"
"WIN-DEMO-APP03","mem.consumed.average","8/20/2026 2:43:00 AM","20","4194276","4194276","KB","","n/a","0"
"WIN-DEMO-APP03","mem.consumed.average","8/20/2026 2:43:20 AM","20","4194276","4194276","KB","","n/a","0"
"WIN-DEMO-APP03","mem.consumed.average","8/20/2026 2:43:40 AM","20","4194276","4194276","KB","","n/a","0"
"WIN-DEMO-APP03","mem.consumed.average","8/20/2026 2:44:00 AM","20","4194276","4194276","KB","","n/a","0"
"WIN-DEMO-APP03","mem.consumed.average","8/20/2026 2:44:20 AM","20","4194276","4194276","KB","","n/a","0"
"WIN-DEMO-APP03","mem.consumed.average","8/20/2026 2:44:40 AM","20","4194276","4194276","KB","","n/a","0"
"WIN-DEMO-APP03","mem.consumed.average","8/20/2026 2:45:00 AM","20","4194276","4194276","KB","","n/a","0"
"WIN-DEMO-APP03","mem.consumed.average","8/20/2026 2:45:20 AM","20","4194276","4194276","KB","","n/a","0"
"WIN-DEMO-APP03","mem.consumed.average","8/20/2026 2:45:40 AM","20","4194276","4194276","KB","","n/a","0"
"WIN-DEMO-APP03","mem.consumed.average","8/20/2026 2:46:00 AM","20","4194276","4194276","KB","","n/a","0"
"WIN-DEMO-APP03","mem.consumed.average","8/20/2026 2:46:20 AM","20","4194276","4194276","KB","","n/a","0"
"WIN-DEMO-APP03","mem.consumed.average","8/20/2026 2:46:40 AM","20","4194276","4194276","KB","","n/a","0"
"WIN-DEMO-APP03","mem.consumed.average","8/20/2026 2:47:00 AM","20","4194276","4194276","KB","","n/a","0"
"WIN-DEMO-APP03","mem.consumed.average","8/20/2026 2:47:20 AM","20","4194276","4194276","KB","","n/a","0"
"WIN-DEMO-APP03","mem.consumed.average","8/20/2026 2:47:40 AM","20","4194276","4194276","KB","","n/a","0"
"WIN-DEMO-APP03","mem.consumed.average","8/20/2026 2:48:00 AM","20","4194276","4194276","KB","","n/a","0"
"WIN-DEMO-APP03","mem.consumed.average","8/20/2026 2:48:20 AM","20","4194276","4194276","KB","","n/a","0"
"WIN-DEMO-APP03","mem.consumed.average","8/20/2026 2:48:40 AM","20","4194276","4194276","KB","","n/a","0"
"WIN-DEMO-APP03","mem.consumed.average","8/20/2026 2:49:00 AM","20","4194276","4194276","KB","","n/a","0"
"WIN-DEMO-APP03","mem.consumed.average","8/20/2026 2:49:20 AM","20","4194276","4194276","KB","","n/a","0"
"WIN-DEMO-APP03","mem.consumed.average","8/20/2026 2:49:40 AM","20","4194276","4194276","KB","","n/a","0"
"WIN-DEMO-APP03","mem.consumed.average","8/20/2026 2:50:00 AM","20","4194276","4194276","KB","","n/a","0"
"WIN-DEMO-APP03","mem.consumed.average","8/20/2026 2:50:20 AM","20","4194276","4194276","KB","","n/a","0"
"WIN-DEMO-APP03","mem.consumed.average","8/20/2026 2:50:40 AM","20","4194276","4194276","KB","","n/a","0"
"WIN-DEMO-APP03","mem.consumed.average","8/20/2026 2:51:00 AM","20","4194276","4194276","KB","","n/a","0"
"WIN-DEMO-APP03","mem.consumed.average","8/20/2026 2:51:20 AM","20","4194276","4194276","KB","","n/a","0"
"WIN-DEMO-APP03","mem.consumed.average","8/20/2026 2:51:40 AM","20","4194276","4194276","KB","","n/a","0"
"WIN-DEMO-APP03","mem.consumed.average","8/20/2026 2:52:00 AM","20","4194276","4194276","KB","","n/a","0"
"WIN-DEMO-APP03","mem.consumed.average","8/20/2026 2:52:20 AM","20","4194276","4194276","KB","","n/a","0"
"WIN-DEMO-APP03","mem.consumed.average","8/20/2026 2:52:40 AM","20","4194276","4194276","KB","","n/a","0"
"WIN-DEMO-APP03","mem.consumed.average","8/20/2026 2:53:00 AM","20","4194276","4194276","KB","","n/a","0"
"WIN-DEMO-APP03","mem.consumed.average","8/20/2026 2:53:20 AM","20","4194276","4194276","KB","","n/a","0"
"WIN-DEMO-APP03","mem.consumed.average","8/20/2026 2:53:40 AM","20","4194276","4194276","KB","","n/a","0"
"WIN-DEMO-APP03","mem.consumed.average","8/20/2026 2:54:00 AM","20","4194276","4194276","KB","","n/a","0"
"WIN-DEMO-APP03","mem.consumed.average","8/20/2026 2:54:20 AM","20","4194276","4194276","KB","","n/a","0"
"WIN-DEMO-APP03","mem.consumed.average","8/20/2026 2:54:40 AM","20","4194276","4194276","KB","","n/a","0"
"WIN-DEMO-APP03","mem.consumed.average","8/20/2026 2:55:00 AM","20","4194276","4194276","KB","","n/a","0"
"WIN-DEMO-APP03","mem.consumed.average","8/20/2026 2:55:20 AM","20","4194276","4194276","KB","","n/a","0"
"WIN-DEMO-APP03","mem.consumed.average","8/20/2026 2:55:40 AM","20","4194276","4194276","KB","","n/a","0"
"WIN-DEMO-APP03","mem.consumed.average","8/20/2026 2:56:00 AM","20","4194276","4194276","KB","","n/a","0"
"WIN-DEMO-APP03","mem.consumed.average","8/20/2026 2:56:20 AM","20","4194276","4194276","KB","","n/a","0"
"WIN-DEMO-APP03","mem.consumed.average","8/20/2026 2:56:40 AM","20","4194276","4194276","KB","","n/a","0"
"WIN-DEMO-APP03","mem.consumed.average","8/20/2026 2:57:00 AM","20","4194276","4194276","KB","","n/a","0"
"WIN-DEMO-APP03","mem.consumed.average","8/20/2026 2:57:20 AM","20","4194276","4194276","KB","","n/a","0"
"WIN-DEMO-APP03","mem.consumed.average","8/20/2026 2:57:40 AM","20","4194276","4194276","KB","","n/a","0"
"WIN-DEMO-APP03","mem.consumed.average","8/20/2026 2:58:00 AM","20","4194276","4194276","KB","","n/a","0"
"WIN-DEMO-APP03","mem.consumed.average","8/20/2026 2:58:20 AM","20","4194276","4194276","KB","","n/a","0"
"WIN-DEMO-APP03","mem.consumed.average","8/20/2026 2:58:40 AM","20","4194276","4194276","KB","","n/a","0"
"WIN-DEMO-APP03","mem.consumed.average","8/20/2026 2:59:00 AM","20","4194276","4194276","KB","","n/a","0"
"WIN-DEMO-APP03","mem.consumed.average","8/20/2026 2:59:20 AM","20","4194276","4194276","KB","","n/a","0"
"WIN-DEMO-APP03","mem.consumed.average","8/20/2026 2:59:40 AM","20","4194276","4194276","KB","","n/a","0"
"WIN-DEMO-APP03","mem.consumed.average","8/20/2026 3:00:00 AM","20","4194276","4194276","KB","","n/a","0"
"WIN-DEMO-APP03","mem.consumed.average","8/20/2026 3:00:20 AM","20","4194276","4194276","KB","","n/a","0"
"WIN-DEMO-APP03","mem.consumed.average","8/20/2026 3:00:40 AM","20","4194276","4194276","KB","","n/a","0"
"WIN-DEMO-APP03","mem.consumed.average","8/20/2026 3:01:00 AM","20","4194276","4194276","KB","","n/a","0"
"WIN-DEMO-APP03","mem.consumed.average","8/20/2026 3:01:20 AM","20","4194276","4194276","KB","","n/a","0"
"WIN-DEMO-APP03","mem.consumed.average","8/20/2026 3:01:40 AM","20","4194276","4194276","KB","","n/a","0"
"WIN-DEMO-APP03","mem.consumed.average","8/20/2026 3:02:00 AM","20","4194276","4194276","KB","","n/a","0"
"WIN-DEMO-APP03","mem.consumed.average","8/20/2026 3:02:20 AM","20","4194276","4194276","KB","","n/a","0"
"WIN-DEMO-APP03","mem.consumed.average","8/20/2026 3:02:40 AM","20","4194276","4194276","KB","","n/a","0"
"WIN-DEMO-APP03","mem.consumed.average","8/20/2026 3:03:00 AM","20","4194276","4194276","KB","","n/a","0"
"WIN-DEMO-APP03","mem.consumed.average","8/20/2026 3:03:20 AM","20","4194276","4194276","KB","","n/a","0"
"WIN-DEMO-APP03","mem.consumed.average","8/20/2026 3:03:40 AM","20","4194276","4194276","KB","","n/a","0"
"WIN-DEMO-APP03","mem.consumed.average","8/20/2026 3:04:00 AM","20","4194276","4194276","KB","","n/a","0"
"WIN-DEMO-APP03","mem.consumed.average","8/20/2026 3:04:20 AM","20","4194276","4194276","KB","","n/a","0"
"WIN-DEMO-APP03","mem.consumed.average","8/20/2026 3:04:40 AM","20","4194276","4194276","KB","","n/a","0"
"WIN-DEMO-APP03","mem.consumed.average","8/20/2026 3:05:00 AM","20","4194276","4194276","KB","","n/a","0"
"WIN-DEMO-APP03","mem.consumed.average","8/20/2026 3:05:20 AM","20","4194276","4194276","KB","","n/a","0"
"WIN-DEMO-APP03","mem.consumed.average","8/20/2026 3:05:40 AM","20","4194276","4194276","KB","","n/a","0"
"WIN-DEMO-APP03","mem.consumed.average","8/20/2026 3:06:00 AM","20","4194276","4194276","KB","","n/a","0"
"WIN-DEMO-APP03","mem.consumed.average","8/20/2026 3:06:20 AM","20","4194276","4194276","KB","","n/a","0"
"WIN-DEMO-APP03","mem.consumed.average","8/20/2026 3:06:40 AM","20","4194276","4194276","KB","","n/a","0"
"WIN-DEMO-APP03","mem.consumed.average","8/20/2026 3:07:00 AM","20","4194276","4194276","KB","","n/a","0"
"WIN-DEMO-APP03","mem.consumed.average","8/20/2026 3:07:20 AM","20","4194276","4194276","KB","","n/a","0"
"WIN-DEMO-APP03","mem.consumed.average","8/20/2026 3:07:40 AM","20","4194276","4194276","KB","","n/a","0"
"WIN-DEMO-APP03","mem.consumed.average","8/20/2026 3:08:00 AM","20","4194276","4194276","KB","","n/a","0"
"WIN-DEMO-APP03","mem.consumed.average","8/20/2026 3:08:20 AM","20","4194276","4194276","KB","","n/a","0"
"WIN-DEMO-APP03","mem.consumed.average","8/20/2026 3:08:40 AM","20","4194276","4194276","KB","","n/a","0"
"WIN-DEMO-APP03","mem.consumed.average","8/20/2026 3:09:00 AM","20","4194276","4194276","KB","","n/a","0"
"WIN-DEMO-APP03","mem.consumed.average","8/20/2026 3:09:20 AM","20","4194276","4194276","KB","","n/a","0"
"WIN-DEMO-APP03","mem.consumed.average","8/20/2026 3:09:40 AM","20","4194276","4194276","KB","","n/a","0"
"WIN-DEMO-APP03","mem.consumed.average","8/20/2026 3:10:00 AM","20","4194276","4194276","KB","","n/a","0"
"WIN-DEMO-APP03","mem.consumed.average","8/20/2026 3:10:20 AM","20","4194276","4194276","KB","","n/a","0"
"WIN-DEMO-APP03","mem.consumed.average","8/20/2026 3:10:40 AM","20","4194276","4194276","KB","","n/a","0"
"WIN-DEMO-APP03","mem.consumed.average","8/20/2026 3:11:00 AM","20","4194276","4194276","KB","","n/a","0"
"WIN-DEMO-APP03","mem.consumed.average","8/20/2026 3:11:20 AM","20","4194276","4194276","KB","","n/a","0"
"WIN-DEMO-APP03","mem.consumed.average","8/20/2026 3:11:40 AM","20","4194276","4194276","KB","","n/a","0"
"WIN-DEMO-APP03","mem.consumed.average","8/20/2026 3:12:00 AM","20","4194276","4194276","KB","","n/a","0"
"WIN-DEMO-APP03","mem.consumed.average","8/20/2026 3:12:20 AM","20","4194276","4194276","KB","","n/a","0"
"WIN-DEMO-APP03","mem.consumed.average","8/20/2026 3:12:40 AM","20","4194276","4194276","KB","","n/a","0"
"WIN-DEMO-APP03","mem.consumed.average","8/20/2026 3:13:00 AM","20","4194276","4194276","KB","","n/a","0"
"WIN-DEMO-APP03","mem.consumed.average","8/20/2026 3:13:20 AM","20","4194276","4194276","KB","","n/a","0"
"WIN-DEMO-APP03","mem.consumed.average","8/20/2026 3:13:40 AM","20","4194276","4194276","KB","","n/a","0"
"WIN-DEMO-APP03","mem.consumed.average","8/20/2026 3:14:00 AM","20","4194276","4194276","KB","","n/a","0"
"WIN-DEMO-APP03","mem.consumed.average","8/20/2026 3:14:20 AM","20","4194276","4194276","KB","","n/a","0"
"WIN-DEMO-APP03","mem.consumed.average","8/20/2026 3:14:40 AM","20","4194276","4194276","KB","","n/a","0"
"WIN-DEMO-APP03","mem.consumed.average","8/20/2026 3:15:00 AM","20","4194276","4194276","KB","","n/a","0"
"WIN-DEMO-APP03","mem.consumed.average","8/20/2026 3:15:20 AM","20","4194276","4194276","KB","","n/a","0"
"WIN-DEMO-APP03","mem.consumed.average","8/20/2026 3:15:40 AM","20","4194276","4194276","KB","","n/a","0"
"WIN-DEMO-APP03","mem.consumed.average","8/20/2026 3:16:00 AM","20","4194276","4194276","KB","","n/a","0"
"WIN-DEMO-APP03","mem.consumed.average","8/20/2026 3:16:20 AM","20","4194276","4194276","KB","","n/a","0"
"WIN-DEMO-APP03","mem.consumed.average","8/20/2026 3:16:40 AM","20","4194276","4194276","KB","","n/a","0"
"WIN-DEMO-APP03","mem.consumed.average","8/20/2026 3:17:00 AM","20","4194276","4194276","KB","","n/a","0"
"WIN-DEMO-APP03","mem.consumed.average","8/20/2026 3:17:20 AM","20","4194276","4194276","KB","","n/a","0"
"WIN-DEMO-APP03","mem.consumed.average","8/20/2026 3:17:40 AM","20","4194276","4194276","KB","","n/a","0"
"WIN-DEMO-APP03","mem.consumed.average","8/20/2026 3:18:00 AM","20","4194276","4194276","KB","","n/a","0"
"WIN-DEMO-APP03","mem.consumed.average","8/20/2026 3:18:20 AM","20","4194276","4194276","KB","","n/a","0"
"WIN-DEMO-APP03","mem.consumed.average","8/20/2026 3:18:40 AM","20","4194276","4194276","KB","","n/a","0"
"WIN-DEMO-APP03","mem.consumed.average","8/20/2026 3:19:00 AM","20","4194276","4194276","KB","","n/a","0"
"WIN-DEMO-APP03","mem.consumed.average","8/20/2026 3:19:20 AM","20","4194276","4194276","KB","","n/a","0"
"WIN-DEMO-APP03","mem.consumed.average","8/20/2026 3:19:40 AM","20","4194276","4194276","KB","","n/a","0"
"WIN-DEMO-APP03","mem.consumed.average","8/20/2026 3:20:00 AM","20","4194276","4194276","KB","","n/a","0"
"WIN-DEMO-APP03","mem.consumed.average","8/20/2026 3:20:20 AM","20","4194276","4194276","KB","","n/a","0"
"WIN-DEMO-APP03","mem.consumed.average","8/20/2026 3:20:40 AM","20","4194276","4194276","KB","","n/a","0"
"WIN-DEMO-APP03","mem.consumed.average","8/20/2026 3:21:00 AM","20","4194276","4194276","KB","","n/a","0"
"WIN-DEMO-APP03","mem.consumed.average","8/20/2026 3:21:20 AM","20","4194276","4194276","KB","","n/a","0"
"WIN-DEMO-APP03","mem.consumed.average","8/20/2026 3:21:40 AM","20","4194276","4194276","KB","","n/a","0"
"WIN-DEMO-APP03","mem.consumed.average","8/20/2026 3:22:00 AM","20","4194276","4194276","KB","","n/a","0"
"WIN-DEMO-APP03","mem.consumed.average","8/20/2026 3:22:20 AM","20","4194276","4194276","KB","","n/a","0"
"WIN-DEMO-APP03","mem.consumed.average","8/20/2026 3:22:40 AM","20","4194276","4194276","KB","","n/a","0"
"WIN-DEMO-APP03","mem.consumed.average","8/20/2026 3:23:00 AM","20","4194276","4194276","KB","","n/a","0"
"WIN-DEMO-APP03","mem.consumed.average","8/20/2026 3:23:20 AM","20","4194276","4194276","KB","","n/a","0"
"WIN-DEMO-APP03","mem.consumed.average","8/20/2026 3:23:40 AM","20","4194276","4194276","KB","","n/a","0"
"WIN-DEMO-APP03","mem.consumed.average","8/20/2026 3:24:00 AM","20","4194276","4194276","KB","","n/a","0"
"WIN-DEMO-APP03","mem.consumed.average","8/20/2026 3:24:20 AM","20","4194276","4194276","KB","","n/a","0"
"WIN-DEMO-APP03","mem.consumed.average","8/20/2026 3:24:40 AM","20","4194276","4194276","KB","","n/a","0"
"WIN-DEMO-APP03","mem.consumed.average","8/20/2026 3:25:00 AM","20","4194276","4194276","KB","","n/a","0"
"WIN-DEMO-APP03","mem.consumed.average","8/20/2026 3:25:20 AM","20","4194276","4194276","KB","","n/a","0"
"WIN-DEMO-APP03","mem.consumed.average","8/20/2026 3:25:40 AM","20","4194276","4194276","KB","","n/a","0"
"WIN-DEMO-APP03","mem.consumed.average","8/20/2026 3:26:00 AM","20","4194276","4194276","KB","","n/a","0"
"WIN-DEMO-APP03","mem.consumed.average","8/20/2026 3:26:20 AM","20","4194276","4194276","KB","","n/a","0"
"WIN-DEMO-APP03","mem.consumed.average","8/20/2026 3:26:40 AM","20","4194276","4194276","KB","","n/a","0"
"WIN-DEMO-APP03","mem.consumed.average","8/20/2026 3:27:00 AM","20","4194276","4194276","KB","","n/a","0"
"WIN-DEMO-APP03","mem.consumed.average","8/20/2026 3:27:20 AM","20","4194276","4194276","KB","","n/a","0"
"WIN-DEMO-APP03","mem.consumed.average","8/20/2026 3:27:40 AM","20","4194276","4194276","KB","","n/a","0"
"WIN-DEMO-APP03","mem.consumed.average","8/20/2026 3:28:00 AM","20","4194276","4194276","KB","","n/a","0"
"WIN-DEMO-APP03","mem.consumed.average","8/20/2026 3:28:20 AM","20","4194276","4194276","KB","","n/a","0"
"WIN-DEMO-APP03","mem.consumed.average","8/20/2026 3:28:40 AM","20","4194276","4194276","KB","","n/a","0"
"WIN-DEMO-APP03","mem.consumed.average","8/20/2026 3:29:00 AM","20","4194276","4194276","KB","","n/a","0"
"WIN-DEMO-APP03","mem.consumed.average","8/20/2026 3:29:20 AM","20","4194276","4194276","KB","","n/a","0"
"WIN-DEMO-APP03","mem.consumed.average","8/20/2026 3:29:40 AM","20","4194276","4194276","KB","","n/a","0"
"WIN-DEMO-APP03","mem.consumed.average","8/20/2026 3:30:00 AM","20","4194276","4194276","KB","","n/a","0"
"WIN-DEMO-APP03","mem.usage.average","8/20/2026 2:30:20 AM","20","2.99000000953674","2.99000000953674","%","","n/a","0"
"WIN-DEMO-APP03","mem.usage.average","8/20/2026 2:30:40 AM","20","2.99000000953674","2.99000000953674","%","","n/a","0"
"WIN-DEMO-APP03","mem.usage.average","8/20/2026 2:31:00 AM","20","2.99000000953674","2.99000000953674","%","","n/a","0"
"WIN-DEMO-APP03","mem.usage.average","8/20/2026 2:31:20 AM","20","2.99000000953674","2.99000000953674","%","","n/a","0"
"WIN-DEMO-APP03","mem.usage.average","8/20/2026 2:31:40 AM","20","2.99000000953674","2.99000000953674","%","","n/a","0"
"WIN-DEMO-APP03","mem.usage.average","8/20/2026 2:32:00 AM","20","5.98999977111816","5.98999977111816","%","","n/a","0"
"WIN-DEMO-APP03","mem.usage.average","8/20/2026 2:32:20 AM","20","5.98999977111816","5.98999977111816","%","","n/a","0"
"WIN-DEMO-APP03","mem.usage.average","8/20/2026 2:32:40 AM","20","5.98999977111816","5.98999977111816","%","","n/a","0"
"WIN-DEMO-APP03","mem.usage.average","8/20/2026 2:33:00 AM","20","5.98999977111816","5.98999977111816","%","","n/a","0"
"WIN-DEMO-APP03","mem.usage.average","8/20/2026 2:33:20 AM","20","5.98999977111816","5.98999977111816","%","","n/a","0"
"WIN-DEMO-APP03","mem.usage.average","8/20/2026 2:33:40 AM","20","5.98999977111816","5.98999977111816","%","","n/a","0"
"WIN-DEMO-APP03","mem.usage.average","8/20/2026 2:34:00 AM","20","7.98999977111816","7.98999977111816","%","","n/a","0"
"WIN-DEMO-APP03","mem.usage.average","8/20/2026 2:34:20 AM","20","7.98999977111816","7.98999977111816","%","","n/a","0"
"WIN-DEMO-APP03","mem.usage.average","8/20/2026 2:34:40 AM","20","7.98999977111816","7.98999977111816","%","","n/a","0"
"WIN-DEMO-APP03","mem.usage.average","8/20/2026 2:35:00 AM","20","4.98999977111816","4.98999977111816","%","","n/a","0"
"WIN-DEMO-APP03","mem.usage.average","8/20/2026 2:35:20 AM","20","4.98999977111816","4.98999977111816","%","","n/a","0"
"WIN-DEMO-APP03","mem.usage.average","8/20/2026 2:35:40 AM","20","4.98999977111816","4.98999977111816","%","","n/a","0"
"WIN-DEMO-APP03","mem.usage.average","8/20/2026 2:36:00 AM","20","4.98999977111816","4.98999977111816","%","","n/a","0"
"WIN-DEMO-APP03","mem.usage.average","8/20/2026 2:36:20 AM","20","4.98999977111816","4.98999977111816","%","","n/a","0"
"WIN-DEMO-APP03","mem.usage.average","8/20/2026 2:36:40 AM","20","4.98999977111816","4.98999977111816","%","","n/a","0"
"WIN-DEMO-APP03","mem.usage.average","8/20/2026 2:37:00 AM","20","3.99000000953674","3.99000000953674","%","","n/a","0"
"WIN-DEMO-APP03","mem.usage.average","8/20/2026 2:37:20 AM","20","3.99000000953674","3.99000000953674","%","","n/a","0"
"WIN-DEMO-APP03","mem.usage.average","8/20/2026 2:37:40 AM","20","3.99000000953674","3.99000000953674","%","","n/a","0"
"WIN-DEMO-APP03","mem.usage.average","8/20/2026 2:38:00 AM","20","4.98999977111816","4.98999977111816","%","","n/a","0"
"WIN-DEMO-APP03","mem.usage.average","8/20/2026 2:38:20 AM","20","4.98999977111816","4.98999977111816","%","","n/a","0"
"WIN-DEMO-APP03","mem.usage.average","8/20/2026 2:38:40 AM","20","4.98999977111816","4.98999977111816","%","","n/a","0"
"WIN-DEMO-APP03","mem.usage.average","8/20/2026 2:39:00 AM","20","3.99000000953674","3.99000000953674","%","","n/a","0"
"WIN-DEMO-APP03","mem.usage.average","8/20/2026 2:39:20 AM","20","3.99000000953674","3.99000000953674","%","","n/a","0"
"WIN-DEMO-APP03","mem.usage.average","8/20/2026 2:39:40 AM","20","3.99000000953674","3.99000000953674","%","","n/a","0"
"WIN-DEMO-APP03","mem.usage.average","8/20/2026 2:40:00 AM","20","6.98999977111816","6.98999977111816","%","","n/a","0"
"WIN-DEMO-APP03","mem.usage.average","8/20/2026 2:40:20 AM","20","6.98999977111816","6.98999977111816","%","","n/a","0"
"WIN-DEMO-APP03","mem.usage.average","8/20/2026 2:40:40 AM","20","6.98999977111816","6.98999977111816","%","","n/a","0"
"WIN-DEMO-APP03","mem.usage.average","8/20/2026 2:41:00 AM","20","6.98999977111816","6.98999977111816","%","","n/a","0"
"WIN-DEMO-APP03","mem.usage.average","8/20/2026 2:41:20 AM","20","6.98999977111816","6.98999977111816","%","","n/a","0"
"WIN-DEMO-APP03","mem.usage.average","8/20/2026 2:41:40 AM","20","6.98999977111816","6.98999977111816","%","","n/a","0"
"WIN-DEMO-APP03","mem.usage.average","8/20/2026 2:42:00 AM","20","6.98999977111816","6.98999977111816","%","","n/a","0"
"WIN-DEMO-APP03","mem.usage.average","8/20/2026 2:42:20 AM","20","6.98999977111816","6.98999977111816","%","","n/a","0"
"WIN-DEMO-APP03","mem.usage.average","8/20/2026 2:42:40 AM","20","6.98999977111816","6.98999977111816","%","","n/a","0"
"WIN-DEMO-APP03","mem.usage.average","8/20/2026 2:43:00 AM","20","6.98999977111816","6.98999977111816","%","","n/a","0"
"WIN-DEMO-APP03","mem.usage.average","8/20/2026 2:43:20 AM","20","6.98999977111816","6.98999977111816","%","","n/a","0"
"WIN-DEMO-APP03","mem.usage.average","8/20/2026 2:43:40 AM","20","6.98999977111816","6.98999977111816","%","","n/a","0"
"WIN-DEMO-APP03","mem.usage.average","8/20/2026 2:44:00 AM","20","4.98999977111816","4.98999977111816","%","","n/a","0"
"WIN-DEMO-APP03","mem.usage.average","8/20/2026 2:44:20 AM","20","4.98999977111816","4.98999977111816","%","","n/a","0"
"WIN-DEMO-APP03","mem.usage.average","8/20/2026 2:44:40 AM","20","4.98999977111816","4.98999977111816","%","","n/a","0"
"WIN-DEMO-APP03","mem.usage.average","8/20/2026 2:45:00 AM","20","4.98999977111816","4.98999977111816","%","","n/a","0"
"WIN-DEMO-APP03","mem.usage.average","8/20/2026 2:45:20 AM","20","4.98999977111816","4.98999977111816","%","","n/a","0"
"WIN-DEMO-APP03","mem.usage.average","8/20/2026 2:45:40 AM","20","4.98999977111816","4.98999977111816","%","","n/a","0"
"WIN-DEMO-APP03","mem.usage.average","8/20/2026 2:46:00 AM","20","4.98999977111816","4.98999977111816","%","","n/a","0"
"WIN-DEMO-APP03","mem.usage.average","8/20/2026 2:46:20 AM","20","4.98999977111816","4.98999977111816","%","","n/a","0"
"WIN-DEMO-APP03","mem.usage.average","8/20/2026 2:46:40 AM","20","4.98999977111816","4.98999977111816","%","","n/a","0"
"WIN-DEMO-APP03","mem.usage.average","8/20/2026 2:47:00 AM","20","3.99000000953674","3.99000000953674","%","","n/a","0"
"WIN-DEMO-APP03","mem.usage.average","8/20/2026 2:47:20 AM","20","3.99000000953674","3.99000000953674","%","","n/a","0"
"WIN-DEMO-APP03","mem.usage.average","8/20/2026 2:47:40 AM","20","3.99000000953674","3.99000000953674","%","","n/a","0"
"WIN-DEMO-APP03","mem.usage.average","8/20/2026 2:48:00 AM","20","2.99000000953674","2.99000000953674","%","","n/a","0"
"WIN-DEMO-APP03","mem.usage.average","8/20/2026 2:48:20 AM","20","4.98999977111816","4.98999977111816","%","","n/a","0"
"WIN-DEMO-APP03","mem.usage.average","8/20/2026 2:48:40 AM","20","5.98999977111816","5.98999977111816","%","","n/a","0"
"WIN-DEMO-APP03","mem.usage.average","8/20/2026 2:49:00 AM","20","7.98999977111816","7.98999977111816","%","","n/a","0"
"WIN-DEMO-APP03","mem.usage.average","8/20/2026 2:49:20 AM","20","7.98999977111816","7.98999977111816","%","","n/a","0"
"WIN-DEMO-APP03","mem.usage.average","8/20/2026 2:49:40 AM","20","7.98999977111816","7.98999977111816","%","","n/a","0"
"WIN-DEMO-APP03","mem.usage.average","8/20/2026 2:50:00 AM","20","5.98999977111816","5.98999977111816","%","","n/a","0"
"WIN-DEMO-APP03","mem.usage.average","8/20/2026 2:50:20 AM","20","5.98999977111816","5.98999977111816","%","","n/a","0"
"WIN-DEMO-APP03","mem.usage.average","8/20/2026 2:50:40 AM","20","6.98999977111816","6.98999977111816","%","","n/a","0"
"WIN-DEMO-APP03","mem.usage.average","8/20/2026 2:51:00 AM","20","6.98999977111816","6.98999977111816","%","","n/a","0"
"WIN-DEMO-APP03","mem.usage.average","8/20/2026 2:51:20 AM","20","6.98999977111816","6.98999977111816","%","","n/a","0"
"WIN-DEMO-APP03","mem.usage.average","8/20/2026 2:51:40 AM","20","6.98999977111816","6.98999977111816","%","","n/a","0"
"WIN-DEMO-APP03","mem.usage.average","8/20/2026 2:52:00 AM","20","7.98999977111816","7.98999977111816","%","","n/a","0"
"WIN-DEMO-APP03","mem.usage.average","8/20/2026 2:52:20 AM","20","7.98999977111816","7.98999977111816","%","","n/a","0"
"WIN-DEMO-APP03","mem.usage.average","8/20/2026 2:52:40 AM","20","7.98999977111816","7.98999977111816","%","","n/a","0"
"WIN-DEMO-APP03","mem.usage.average","8/20/2026 2:53:00 AM","20","5.98999977111816","5.98999977111816","%","","n/a","0"
"WIN-DEMO-APP03","mem.usage.average","8/20/2026 2:53:20 AM","20","5.98999977111816","5.98999977111816","%","","n/a","0"
"WIN-DEMO-APP03","mem.usage.average","8/20/2026 2:53:40 AM","20","5.98999977111816","5.98999977111816","%","","n/a","0"
"WIN-DEMO-APP03","mem.usage.average","8/20/2026 2:54:00 AM","20","8.98999977111816","8.98999977111816","%","","n/a","0"
"WIN-DEMO-APP03","mem.usage.average","8/20/2026 2:54:20 AM","20","8.98999977111816","8.98999977111816","%","","n/a","0"
"WIN-DEMO-APP03","mem.usage.average","8/20/2026 2:54:40 AM","20","8.98999977111816","8.98999977111816","%","","n/a","0"
"WIN-DEMO-APP03","mem.usage.average","8/20/2026 2:55:00 AM","20","5.98999977111816","5.98999977111816","%","","n/a","0"
"WIN-DEMO-APP03","mem.usage.average","8/20/2026 2:55:20 AM","20","5.98999977111816","5.98999977111816","%","","n/a","0"
"WIN-DEMO-APP03","mem.usage.average","8/20/2026 2:55:40 AM","20","5.98999977111816","5.98999977111816","%","","n/a","0"
"WIN-DEMO-APP03","mem.usage.average","8/20/2026 2:56:00 AM","20","5.98999977111816","5.98999977111816","%","","n/a","0"
"WIN-DEMO-APP03","mem.usage.average","8/20/2026 2:56:20 AM","20","5.98999977111816","5.98999977111816","%","","n/a","0"
"WIN-DEMO-APP03","mem.usage.average","8/20/2026 2:56:40 AM","20","5.98999977111816","5.98999977111816","%","","n/a","0"
"WIN-DEMO-APP03","mem.usage.average","8/20/2026 2:57:00 AM","20","4.98999977111816","4.98999977111816","%","","n/a","0"
"WIN-DEMO-APP03","mem.usage.average","8/20/2026 2:57:20 AM","20","4.98999977111816","4.98999977111816","%","","n/a","0"
"WIN-DEMO-APP03","mem.usage.average","8/20/2026 2:57:40 AM","20","4.98999977111816","4.98999977111816","%","","n/a","0"
"WIN-DEMO-APP03","mem.usage.average","8/20/2026 2:58:00 AM","20","4.98999977111816","4.98999977111816","%","","n/a","0"
"WIN-DEMO-APP03","mem.usage.average","8/20/2026 2:58:20 AM","20","3.99000000953674","3.99000000953674","%","","n/a","0"
"WIN-DEMO-APP03","mem.usage.average","8/20/2026 2:58:40 AM","20","3.99000000953674","3.99000000953674","%","","n/a","0"
"WIN-DEMO-APP03","mem.usage.average","8/20/2026 2:59:00 AM","20","3.99000000953674","3.99000000953674","%","","n/a","0"
"WIN-DEMO-APP03","mem.usage.average","8/20/2026 2:59:20 AM","20","6.98999977111816","6.98999977111816","%","","n/a","0"
"WIN-DEMO-APP03","mem.usage.average","8/20/2026 2:59:40 AM","20","6.98999977111816","6.98999977111816","%","","n/a","0"
"WIN-DEMO-APP03","mem.usage.average","8/20/2026 3:00:00 AM","20","6.98999977111816","6.98999977111816","%","","n/a","0"
"WIN-DEMO-APP03","mem.usage.average","8/20/2026 3:00:20 AM","20","6.98999977111816","6.98999977111816","%","","n/a","0"
"WIN-DEMO-APP03","mem.usage.average","8/20/2026 3:00:40 AM","20","6.98999977111816","6.98999977111816","%","","n/a","0"
"WIN-DEMO-APP03","mem.usage.average","8/20/2026 3:01:00 AM","20","6.98999977111816","6.98999977111816","%","","n/a","0"
"WIN-DEMO-APP03","mem.usage.average","8/20/2026 3:01:20 AM","20","3.99000000953674","3.99000000953674","%","","n/a","0"
"WIN-DEMO-APP03","mem.usage.average","8/20/2026 3:01:40 AM","20","3.99000000953674","3.99000000953674","%","","n/a","0"
"WIN-DEMO-APP03","mem.usage.average","8/20/2026 3:02:00 AM","20","3.99000000953674","3.99000000953674","%","","n/a","0"
"WIN-DEMO-APP03","mem.usage.average","8/20/2026 3:02:20 AM","20","4.98999977111816","4.98999977111816","%","","n/a","0"
"WIN-DEMO-APP03","mem.usage.average","8/20/2026 3:02:40 AM","20","4.98999977111816","4.98999977111816","%","","n/a","0"
"WIN-DEMO-APP03","mem.usage.average","8/20/2026 3:03:00 AM","20","4.98999977111816","4.98999977111816","%","","n/a","0"
"WIN-DEMO-APP03","mem.usage.average","8/20/2026 3:03:20 AM","20","7.98999977111816","7.98999977111816","%","","n/a","0"
"WIN-DEMO-APP03","mem.usage.average","8/20/2026 3:03:40 AM","20","7.98999977111816","7.98999977111816","%","","n/a","0"
"WIN-DEMO-APP03","mem.usage.average","8/20/2026 3:04:00 AM","20","7.98999977111816","7.98999977111816","%","","n/a","0"
"WIN-DEMO-APP03","mem.usage.average","8/20/2026 3:04:20 AM","20","6.98999977111816","6.98999977111816","%","","n/a","0"
"WIN-DEMO-APP03","mem.usage.average","8/20/2026 3:04:40 AM","20","6.98999977111816","6.98999977111816","%","","n/a","0"
"WIN-DEMO-APP03","mem.usage.average","8/20/2026 3:05:00 AM","20","6.98999977111816","6.98999977111816","%","","n/a","0"
"WIN-DEMO-APP03","mem.usage.average","8/20/2026 3:05:20 AM","20","6.98999977111816","6.98999977111816","%","","n/a","0"
"WIN-DEMO-APP03","mem.usage.average","8/20/2026 3:05:40 AM","20","6.98999977111816","6.98999977111816","%","","n/a","0"
"WIN-DEMO-APP03","mem.usage.average","8/20/2026 3:06:00 AM","20","6.98999977111816","6.98999977111816","%","","n/a","0"
"WIN-DEMO-APP03","mem.usage.average","8/20/2026 3:06:20 AM","20","6.98999977111816","6.98999977111816","%","","n/a","0"
"WIN-DEMO-APP03","mem.usage.average","8/20/2026 3:06:40 AM","20","6.98999977111816","6.98999977111816","%","","n/a","0"
"WIN-DEMO-APP03","mem.usage.average","8/20/2026 3:07:00 AM","20","6.98999977111816","6.98999977111816","%","","n/a","0"
"WIN-DEMO-APP03","mem.usage.average","8/20/2026 3:07:20 AM","20","3.99000000953674","3.99000000953674","%","","n/a","0"
"WIN-DEMO-APP03","mem.usage.average","8/20/2026 3:07:40 AM","20","3.99000000953674","3.99000000953674","%","","n/a","0"
"WIN-DEMO-APP03","mem.usage.average","8/20/2026 3:08:00 AM","20","3.99000000953674","3.99000000953674","%","","n/a","0"
"WIN-DEMO-APP03","mem.usage.average","8/20/2026 3:08:20 AM","20","8.98999977111816","8.98999977111816","%","","n/a","0"
"WIN-DEMO-APP03","mem.usage.average","8/20/2026 3:08:40 AM","20","8.98999977111816","8.98999977111816","%","","n/a","0"
"WIN-DEMO-APP03","mem.usage.average","8/20/2026 3:09:00 AM","20","8.98999977111816","8.98999977111816","%","","n/a","0"
"WIN-DEMO-APP03","mem.usage.average","8/20/2026 3:09:20 AM","20","6.98999977111816","6.98999977111816","%","","n/a","0"
"WIN-DEMO-APP03","mem.usage.average","8/20/2026 3:09:40 AM","20","6.98999977111816","6.98999977111816","%","","n/a","0"
"WIN-DEMO-APP03","mem.usage.average","8/20/2026 3:10:00 AM","20","6.98999977111816","6.98999977111816","%","","n/a","0"
"WIN-DEMO-APP03","mem.usage.average","8/20/2026 3:10:20 AM","20","5.98999977111816","5.98999977111816","%","","n/a","0"
"WIN-DEMO-APP03","mem.usage.average","8/20/2026 3:10:40 AM","20","5.98999977111816","5.98999977111816","%","","n/a","0"
"WIN-DEMO-APP03","mem.usage.average","8/20/2026 3:11:00 AM","20","5.98999977111816","5.98999977111816","%","","n/a","0"
"WIN-DEMO-APP03","mem.usage.average","8/20/2026 3:11:20 AM","20","8.98999977111816","8.98999977111816","%","","n/a","0"
"WIN-DEMO-APP03","mem.usage.average","8/20/2026 3:11:40 AM","20","8.98999977111816","8.98999977111816","%","","n/a","0"
"WIN-DEMO-APP03","mem.usage.average","8/20/2026 3:12:00 AM","20","8.98999977111816","8.98999977111816","%","","n/a","0"
"WIN-DEMO-APP03","mem.usage.average","8/20/2026 3:12:20 AM","20","8.98999977111816","8.98999977111816","%","","n/a","0"
"WIN-DEMO-APP03","mem.usage.average","8/20/2026 3:12:40 AM","20","8.98999977111816","8.98999977111816","%","","n/a","0"
"WIN-DEMO-APP03","mem.usage.average","8/20/2026 3:13:00 AM","20","8.98999977111816","8.98999977111816","%","","n/a","0"
"WIN-DEMO-APP03","mem.usage.average","8/20/2026 3:13:20 AM","20","6.98999977111816","6.98999977111816","%","","n/a","0"
"WIN-DEMO-APP03","mem.usage.average","8/20/2026 3:13:40 AM","20","6.98999977111816","6.98999977111816","%","","n/a","0"
"WIN-DEMO-APP03","mem.usage.average","8/20/2026 3:14:00 AM","20","6.98999977111816","6.98999977111816","%","","n/a","0"
"WIN-DEMO-APP03","mem.usage.average","8/20/2026 3:14:20 AM","20","4.98999977111816","4.98999977111816","%","","n/a","0"
"WIN-DEMO-APP03","mem.usage.average","8/20/2026 3:14:40 AM","20","4.98999977111816","4.98999977111816","%","","n/a","0"
"WIN-DEMO-APP03","mem.usage.average","8/20/2026 3:15:00 AM","20","4.98999977111816","4.98999977111816","%","","n/a","0"
"WIN-DEMO-APP03","mem.usage.average","8/20/2026 3:15:20 AM","20","5.98999977111816","5.98999977111816","%","","n/a","0"
"WIN-DEMO-APP03","mem.usage.average","8/20/2026 3:15:40 AM","20","5.98999977111816","5.98999977111816","%","","n/a","0"
"WIN-DEMO-APP03","mem.usage.average","8/20/2026 3:16:00 AM","20","5.98999977111816","5.98999977111816","%","","n/a","0"
"WIN-DEMO-APP03","mem.usage.average","8/20/2026 3:16:20 AM","20","8.98999977111816","8.98999977111816","%","","n/a","0"
"WIN-DEMO-APP03","mem.usage.average","8/20/2026 3:16:40 AM","20","8.98999977111816","8.98999977111816","%","","n/a","0"
"WIN-DEMO-APP03","mem.usage.average","8/20/2026 3:17:00 AM","20","8.98999977111816","8.98999977111816","%","","n/a","0"
"WIN-DEMO-APP03","mem.usage.average","8/20/2026 3:17:20 AM","20","4.98999977111816","4.98999977111816","%","","n/a","0"
"WIN-DEMO-APP03","mem.usage.average","8/20/2026 3:17:40 AM","20","4.98999977111816","4.98999977111816","%","","n/a","0"
"WIN-DEMO-APP03","mem.usage.average","8/20/2026 3:18:00 AM","20","6.98999977111816","6.98999977111816","%","","n/a","0"
"WIN-DEMO-APP03","mem.usage.average","8/20/2026 3:18:20 AM","20","6.98999977111816","6.98999977111816","%","","n/a","0"
"WIN-DEMO-APP03","mem.usage.average","8/20/2026 3:18:40 AM","20","6.98999977111816","6.98999977111816","%","","n/a","0"
"WIN-DEMO-APP03","mem.usage.average","8/20/2026 3:19:00 AM","20","6.98999977111816","6.98999977111816","%","","n/a","0"
"WIN-DEMO-APP03","mem.usage.average","8/20/2026 3:19:20 AM","20","5.98999977111816","5.98999977111816","%","","n/a","0"
"WIN-DEMO-APP03","mem.usage.average","8/20/2026 3:19:40 AM","20","5.98999977111816","5.98999977111816","%","","n/a","0"
"WIN-DEMO-APP03","mem.usage.average","8/20/2026 3:20:00 AM","20","5.98999977111816","5.98999977111816","%","","n/a","0"
"WIN-DEMO-APP03","mem.usage.average","8/20/2026 3:20:20 AM","20","3.99000000953674","3.99000000953674","%","","n/a","0"
"WIN-DEMO-APP03","mem.usage.average","8/20/2026 3:20:40 AM","20","3.99000000953674","3.99000000953674","%","","n/a","0"
"WIN-DEMO-APP03","mem.usage.average","8/20/2026 3:21:00 AM","20","3.99000000953674","3.99000000953674","%","","n/a","0"
"WIN-DEMO-APP03","mem.usage.average","8/20/2026 3:21:20 AM","20","7.98999977111816","7.98999977111816","%","","n/a","0"
"WIN-DEMO-APP03","mem.usage.average","8/20/2026 3:21:40 AM","20","7.98999977111816","7.98999977111816","%","","n/a","0"
"WIN-DEMO-APP03","mem.usage.average","8/20/2026 3:22:00 AM","20","7.98999977111816","7.98999977111816","%","","n/a","0"
"WIN-DEMO-APP03","mem.usage.average","8/20/2026 3:22:20 AM","20","4.98999977111816","4.98999977111816","%","","n/a","0"
"WIN-DEMO-APP03","mem.usage.average","8/20/2026 3:22:40 AM","20","4.98999977111816","4.98999977111816","%","","n/a","0"
"WIN-DEMO-APP03","mem.usage.average","8/20/2026 3:23:00 AM","20","4.98999977111816","4.98999977111816","%","","n/a","0"
"WIN-DEMO-APP03","mem.usage.average","8/20/2026 3:23:20 AM","20","2.99000000953674","2.99000000953674","%","","n/a","0"
"WIN-DEMO-APP03","mem.usage.average","8/20/2026 3:23:40 AM","20","2.99000000953674","2.99000000953674","%","","n/a","0"
"WIN-DEMO-APP03","mem.usage.average","8/20/2026 3:24:00 AM","20","2.99000000953674","2.99000000953674","%","","n/a","0"
"WIN-DEMO-APP03","mem.usage.average","8/20/2026 3:24:20 AM","20","5.98999977111816","5.98999977111816","%","","n/a","0"
"WIN-DEMO-APP03","mem.usage.average","8/20/2026 3:24:40 AM","20","5.98999977111816","5.98999977111816","%","","n/a","0"
"WIN-DEMO-APP03","mem.usage.average","8/20/2026 3:25:00 AM","20","5.98999977111816","5.98999977111816","%","","n/a","0"
"WIN-DEMO-APP03","mem.usage.average","8/20/2026 3:25:20 AM","20","6.98999977111816","6.98999977111816","%","","n/a","0"
"WIN-DEMO-APP03","mem.usage.average","8/20/2026 3:25:40 AM","20","6.98999977111816","6.98999977111816","%","","n/a","0"
"WIN-DEMO-APP03","mem.usage.average","8/20/2026 3:26:00 AM","20","6.98999977111816","6.98999977111816","%","","n/a","0"
"WIN-DEMO-APP03","mem.usage.average","8/20/2026 3:26:20 AM","20","5.98999977111816","5.98999977111816","%","","n/a","0"
"WIN-DEMO-APP03","mem.usage.average","8/20/2026 3:26:40 AM","20","5.98999977111816","5.98999977111816","%","","n/a","0"
"WIN-DEMO-APP03","mem.usage.average","8/20/2026 3:27:00 AM","20","5.98999977111816","5.98999977111816","%","","n/a","0"
"WIN-DEMO-APP03","mem.usage.average","8/20/2026 3:27:20 AM","20","3.99000000953674","3.99000000953674","%","","n/a","0"
"WIN-DEMO-APP03","mem.usage.average","8/20/2026 3:27:40 AM","20","3.99000000953674","3.99000000953674","%","","n/a","0"
"WIN-DEMO-APP03","mem.usage.average","8/20/2026 3:28:00 AM","20","3.99000000953674","3.99000000953674","%","","n/a","0"
"WIN-DEMO-APP03","mem.usage.average","8/20/2026 3:28:20 AM","20","2.99000000953674","2.99000000953674","%","","n/a","0"
"WIN-DEMO-APP03","mem.usage.average","8/20/2026 3:28:40 AM","20","2.99000000953674","2.99000000953674","%","","n/a","0"
"WIN-DEMO-APP03","mem.usage.average","8/20/2026 3:29:00 AM","20","2.99000000953674","2.99000000953674","%","","n/a","0"
"WIN-DEMO-APP03","mem.usage.average","8/20/2026 3:29:20 AM","20","4.98999977111816","4.98999977111816","%","","n/a","0"
"WIN-DEMO-APP03","mem.usage.average","8/20/2026 3:29:40 AM","20","4.98999977111816","4.98999977111816","%","","n/a","0"
"WIN-DEMO-APP03","mem.usage.average","8/20/2026 3:30:00 AM","20","4.98999977111816","4.98999977111816","%","","n/a","0"
"WIN-DEMO-APP03","mem.vmmemctl.average","8/20/2026 2:30:20 AM","20","0","0","KB","","n/a","0"
"WIN-DEMO-APP03","mem.vmmemctl.average","8/20/2026 2:30:40 AM","20","0","0","KB","","n/a","0"
"WIN-DEMO-APP03","mem.vmmemctl.average","8/20/2026 2:31:00 AM","20","0","0","KB","","n/a","0"
"WIN-DEMO-APP03","mem.vmmemctl.average","8/20/2026 2:31:20 AM","20","0","0","KB","","n/a","0"
"WIN-DEMO-APP03","mem.vmmemctl.average","8/20/2026 2:31:40 AM","20","0","0","KB","","n/a","0"
"WIN-DEMO-APP03","mem.vmmemctl.average","8/20/2026 2:32:00 AM","20","0","0","KB","","n/a","0"
"WIN-DEMO-APP03","mem.vmmemctl.average","8/20/2026 2:32:20 AM","20","0","0","KB","","n/a","0"
"WIN-DEMO-APP03","mem.vmmemctl.average","8/20/2026 2:32:40 AM","20","0","0","KB","","n/a","0"
"WIN-DEMO-APP03","mem.vmmemctl.average","8/20/2026 2:33:00 AM","20","0","0","KB","","n/a","0"
"WIN-DEMO-APP03","mem.vmmemctl.average","8/20/2026 2:33:20 AM","20","0","0","KB","","n/a","0"
"WIN-DEMO-APP03","mem.vmmemctl.average","8/20/2026 2:33:40 AM","20","0","0","KB","","n/a","0"
"WIN-DEMO-APP03","mem.vmmemctl.average","8/20/2026 2:34:00 AM","20","0","0","KB","","n/a","0"
"WIN-DEMO-APP03","mem.vmmemctl.average","8/20/2026 2:34:20 AM","20","0","0","KB","","n/a","0"
"WIN-DEMO-APP03","mem.vmmemctl.average","8/20/2026 2:34:40 AM","20","0","0","KB","","n/a","0"
"WIN-DEMO-APP03","mem.vmmemctl.average","8/20/2026 2:35:00 AM","20","0","0","KB","","n/a","0"
"WIN-DEMO-APP03","mem.vmmemctl.average","8/20/2026 2:35:20 AM","20","0","0","KB","","n/a","0"
"WIN-DEMO-APP03","mem.vmmemctl.average","8/20/2026 2:35:40 AM","20","0","0","KB","","n/a","0"
"WIN-DEMO-APP03","mem.vmmemctl.average","8/20/2026 2:36:00 AM","20","0","0","KB","","n/a","0"
"WIN-DEMO-APP03","mem.vmmemctl.average","8/20/2026 2:36:20 AM","20","0","0","KB","","n/a","0"
"WIN-DEMO-APP03","mem.vmmemctl.average","8/20/2026 2:36:40 AM","20","0","0","KB","","n/a","0"
"WIN-DEMO-APP03","mem.vmmemctl.average","8/20/2026 2:37:00 AM","20","0","0","KB","","n/a","0"
"WIN-DEMO-APP03","mem.vmmemctl.average","8/20/2026 2:37:20 AM","20","0","0","KB","","n/a","0"
"WIN-DEMO-APP03","mem.vmmemctl.average","8/20/2026 2:37:40 AM","20","0","0","KB","","n/a","0"
"WIN-DEMO-APP03","mem.vmmemctl.average","8/20/2026 2:38:00 AM","20","0","0","KB","","n/a","0"
"WIN-DEMO-APP03","mem.vmmemctl.average","8/20/2026 2:38:20 AM","20","0","0","KB","","n/a","0"
"WIN-DEMO-APP03","mem.vmmemctl.average","8/20/2026 2:38:40 AM","20","0","0","KB","","n/a","0"
"WIN-DEMO-APP03","mem.vmmemctl.average","8/20/2026 2:39:00 AM","20","0","0","KB","","n/a","0"
"WIN-DEMO-APP03","mem.vmmemctl.average","8/20/2026 2:39:20 AM","20","0","0","KB","","n/a","0"
"WIN-DEMO-APP03","mem.vmmemctl.average","8/20/2026 2:39:40 AM","20","0","0","KB","","n/a","0"
"WIN-DEMO-APP03","mem.vmmemctl.average","8/20/2026 2:40:00 AM","20","0","0","KB","","n/a","0"
"WIN-DEMO-APP03","mem.vmmemctl.average","8/20/2026 2:40:20 AM","20","0","0","KB","","n/a","0"
"WIN-DEMO-APP03","mem.vmmemctl.average","8/20/2026 2:40:40 AM","20","0","0","KB","","n/a","0"
"WIN-DEMO-APP03","mem.vmmemctl.average","8/20/2026 2:41:00 AM","20","0","0","KB","","n/a","0"
"WIN-DEMO-APP03","mem.vmmemctl.average","8/20/2026 2:41:20 AM","20","0","0","KB","","n/a","0"
"WIN-DEMO-APP03","mem.vmmemctl.average","8/20/2026 2:41:40 AM","20","0","0","KB","","n/a","0"
"WIN-DEMO-APP03","mem.vmmemctl.average","8/20/2026 2:42:00 AM","20","0","0","KB","","n/a","0"
"WIN-DEMO-APP03","mem.vmmemctl.average","8/20/2026 2:42:20 AM","20","0","0","KB","","n/a","0"
"WIN-DEMO-APP03","mem.vmmemctl.average","8/20/2026 2:42:40 AM","20","0","0","KB","","n/a","0"
"WIN-DEMO-APP03","mem.vmmemctl.average","8/20/2026 2:43:00 AM","20","0","0","KB","","n/a","0"
"WIN-DEMO-APP03","mem.vmmemctl.average","8/20/2026 2:43:20 AM","20","0","0","KB","","n/a","0"
"WIN-DEMO-APP03","mem.vmmemctl.average","8/20/2026 2:43:40 AM","20","0","0","KB","","n/a","0"
"WIN-DEMO-APP03","mem.vmmemctl.average","8/20/2026 2:44:00 AM","20","0","0","KB","","n/a","0"
"WIN-DEMO-APP03","mem.vmmemctl.average","8/20/2026 2:44:20 AM","20","0","0","KB","","n/a","0"
"WIN-DEMO-APP03","mem.vmmemctl.average","8/20/2026 2:44:40 AM","20","0","0","KB","","n/a","0"
"WIN-DEMO-APP03","mem.vmmemctl.average","8/20/2026 2:45:00 AM","20","0","0","KB","","n/a","0"
"WIN-DEMO-APP03","mem.vmmemctl.average","8/20/2026 2:45:20 AM","20","0","0","KB","","n/a","0"
"WIN-DEMO-APP03","mem.vmmemctl.average","8/20/2026 2:45:40 AM","20","0","0","KB","","n/a","0"
"WIN-DEMO-APP03","mem.vmmemctl.average","8/20/2026 2:46:00 AM","20","0","0","KB","","n/a","0"
"WIN-DEMO-APP03","mem.vmmemctl.average","8/20/2026 2:46:20 AM","20","0","0","KB","","n/a","0"
"WIN-DEMO-APP03","mem.vmmemctl.average","8/20/2026 2:46:40 AM","20","0","0","KB","","n/a","0"
"WIN-DEMO-APP03","mem.vmmemctl.average","8/20/2026 2:47:00 AM","20","0","0","KB","","n/a","0"
"WIN-DEMO-APP03","mem.vmmemctl.average","8/20/2026 2:47:20 AM","20","0","0","KB","","n/a","0"
"WIN-DEMO-APP03","mem.vmmemctl.average","8/20/2026 2:47:40 AM","20","0","0","KB","","n/a","0"
"WIN-DEMO-APP03","mem.vmmemctl.average","8/20/2026 2:48:00 AM","20","0","0","KB","","n/a","0"
"WIN-DEMO-APP03","mem.vmmemctl.average","8/20/2026 2:48:20 AM","20","0","0","KB","","n/a","0"
"WIN-DEMO-APP03","mem.vmmemctl.average","8/20/2026 2:48:40 AM","20","0","0","KB","","n/a","0"
"WIN-DEMO-APP03","mem.vmmemctl.average","8/20/2026 2:49:00 AM","20","0","0","KB","","n/a","0"
"WIN-DEMO-APP03","mem.vmmemctl.average","8/20/2026 2:49:20 AM","20","0","0","KB","","n/a","0"
"WIN-DEMO-APP03","mem.vmmemctl.average","8/20/2026 2:49:40 AM","20","0","0","KB","","n/a","0"
"WIN-DEMO-APP03","mem.vmmemctl.average","8/20/2026 2:50:00 AM","20","0","0","KB","","n/a","0"
"WIN-DEMO-APP03","mem.vmmemctl.average","8/20/2026 2:50:20 AM","20","0","0","KB","","n/a","0"
"WIN-DEMO-APP03","mem.vmmemctl.average","8/20/2026 2:50:40 AM","20","0","0","KB","","n/a","0"
"WIN-DEMO-APP03","mem.vmmemctl.average","8/20/2026 2:51:00 AM","20","0","0","KB","","n/a","0"
"WIN-DEMO-APP03","mem.vmmemctl.average","8/20/2026 2:51:20 AM","20","0","0","KB","","n/a","0"
"WIN-DEMO-APP03","mem.vmmemctl.average","8/20/2026 2:51:40 AM","20","0","0","KB","","n/a","0"
"WIN-DEMO-APP03","mem.vmmemctl.average","8/20/2026 2:52:00 AM","20","0","0","KB","","n/a","0"
"WIN-DEMO-APP03","mem.vmmemctl.average","8/20/2026 2:52:20 AM","20","0","0","KB","","n/a","0"
"WIN-DEMO-APP03","mem.vmmemctl.average","8/20/2026 2:52:40 AM","20","0","0","KB","","n/a","0"
"WIN-DEMO-APP03","mem.vmmemctl.average","8/20/2026 2:53:00 AM","20","0","0","KB","","n/a","0"
"WIN-DEMO-APP03","mem.vmmemctl.average","8/20/2026 2:53:20 AM","20","0","0","KB","","n/a","0"
"WIN-DEMO-APP03","mem.vmmemctl.average","8/20/2026 2:53:40 AM","20","0","0","KB","","n/a","0"
"WIN-DEMO-APP03","mem.vmmemctl.average","8/20/2026 2:54:00 AM","20","0","0","KB","","n/a","0"
"WIN-DEMO-APP03","mem.vmmemctl.average","8/20/2026 2:54:20 AM","20","0","0","KB","","n/a","0"
"WIN-DEMO-APP03","mem.vmmemctl.average","8/20/2026 2:54:40 AM","20","0","0","KB","","n/a","0"
"WIN-DEMO-APP03","mem.vmmemctl.average","8/20/2026 2:55:00 AM","20","0","0","KB","","n/a","0"
"WIN-DEMO-APP03","mem.vmmemctl.average","8/20/2026 2:55:20 AM","20","0","0","KB","","n/a","0"
"WIN-DEMO-APP03","mem.vmmemctl.average","8/20/2026 2:55:40 AM","20","0","0","KB","","n/a","0"
"WIN-DEMO-APP03","mem.vmmemctl.average","8/20/2026 2:56:00 AM","20","0","0","KB","","n/a","0"
"WIN-DEMO-APP03","mem.vmmemctl.average","8/20/2026 2:56:20 AM","20","0","0","KB","","n/a","0"
"WIN-DEMO-APP03","mem.vmmemctl.average","8/20/2026 2:56:40 AM","20","0","0","KB","","n/a","0"
"WIN-DEMO-APP03","mem.vmmemctl.average","8/20/2026 2:57:00 AM","20","0","0","KB","","n/a","0"
"WIN-DEMO-APP03","mem.vmmemctl.average","8/20/2026 2:57:20 AM","20","0","0","KB","","n/a","0"
"WIN-DEMO-APP03","mem.vmmemctl.average","8/20/2026 2:57:40 AM","20","0","0","KB","","n/a","0"
"WIN-DEMO-APP03","mem.vmmemctl.average","8/20/2026 2:58:00 AM","20","0","0","KB","","n/a","0"
"WIN-DEMO-APP03","mem.vmmemctl.average","8/20/2026 2:58:20 AM","20","0","0","KB","","n/a","0"
"WIN-DEMO-APP03","mem.vmmemctl.average","8/20/2026 2:58:40 AM","20","0","0","KB","","n/a","0"
"WIN-DEMO-APP03","mem.vmmemctl.average","8/20/2026 2:59:00 AM","20","0","0","KB","","n/a","0"
"WIN-DEMO-APP03","mem.vmmemctl.average","8/20/2026 2:59:20 AM","20","0","0","KB","","n/a","0"
"WIN-DEMO-APP03","mem.vmmemctl.average","8/20/2026 2:59:40 AM","20","0","0","KB","","n/a","0"
"WIN-DEMO-APP03","mem.vmmemctl.average","8/20/2026 3:00:00 AM","20","0","0","KB","","n/a","0"
"WIN-DEMO-APP03","mem.vmmemctl.average","8/20/2026 3:00:20 AM","20","0","0","KB","","n/a","0"
"WIN-DEMO-APP03","mem.vmmemctl.average","8/20/2026 3:00:40 AM","20","0","0","KB","","n/a","0"
"WIN-DEMO-APP03","mem.vmmemctl.average","8/20/2026 3:01:00 AM","20","0","0","KB","","n/a","0"
"WIN-DEMO-APP03","mem.vmmemctl.average","8/20/2026 3:01:20 AM","20","0","0","KB","","n/a","0"
"WIN-DEMO-APP03","mem.vmmemctl.average","8/20/2026 3:01:40 AM","20","0","0","KB","","n/a","0"
"WIN-DEMO-APP03","mem.vmmemctl.average","8/20/2026 3:02:00 AM","20","0","0","KB","","n/a","0"
"WIN-DEMO-APP03","mem.vmmemctl.average","8/20/2026 3:02:20 AM","20","0","0","KB","","n/a","0"
"WIN-DEMO-APP03","mem.vmmemctl.average","8/20/2026 3:02:40 AM","20","0","0","KB","","n/a","0"
"WIN-DEMO-APP03","mem.vmmemctl.average","8/20/2026 3:03:00 AM","20","0","0","KB","","n/a","0"
"WIN-DEMO-APP03","mem.vmmemctl.average","8/20/2026 3:03:20 AM","20","0","0","KB","","n/a","0"
"WIN-DEMO-APP03","mem.vmmemctl.average","8/20/2026 3:03:40 AM","20","0","0","KB","","n/a","0"
"WIN-DEMO-APP03","mem.vmmemctl.average","8/20/2026 3:04:00 AM","20","0","0","KB","","n/a","0"
"WIN-DEMO-APP03","mem.vmmemctl.average","8/20/2026 3:04:20 AM","20","0","0","KB","","n/a","0"
"WIN-DEMO-APP03","mem.vmmemctl.average","8/20/2026 3:04:40 AM","20","0","0","KB","","n/a","0"
"WIN-DEMO-APP03","mem.vmmemctl.average","8/20/2026 3:05:00 AM","20","0","0","KB","","n/a","0"
"WIN-DEMO-APP03","mem.vmmemctl.average","8/20/2026 3:05:20 AM","20","0","0","KB","","n/a","0"
"WIN-DEMO-APP03","mem.vmmemctl.average","8/20/2026 3:05:40 AM","20","0","0","KB","","n/a","0"
"WIN-DEMO-APP03","mem.vmmemctl.average","8/20/2026 3:06:00 AM","20","0","0","KB","","n/a","0"
"WIN-DEMO-APP03","mem.vmmemctl.average","8/20/2026 3:06:20 AM","20","0","0","KB","","n/a","0"
"WIN-DEMO-APP03","mem.vmmemctl.average","8/20/2026 3:06:40 AM","20","0","0","KB","","n/a","0"
"WIN-DEMO-APP03","mem.vmmemctl.average","8/20/2026 3:07:00 AM","20","0","0","KB","","n/a","0"
"WIN-DEMO-APP03","mem.vmmemctl.average","8/20/2026 3:07:20 AM","20","0","0","KB","","n/a","0"
"WIN-DEMO-APP03","mem.vmmemctl.average","8/20/2026 3:07:40 AM","20","0","0","KB","","n/a","0"
"WIN-DEMO-APP03","mem.vmmemctl.average","8/20/2026 3:08:00 AM","20","0","0","KB","","n/a","0"
"WIN-DEMO-APP03","mem.vmmemctl.average","8/20/2026 3:08:20 AM","20","0","0","KB","","n/a","0"
"WIN-DEMO-APP03","mem.vmmemctl.average","8/20/2026 3:08:40 AM","20","0","0","KB","","n/a","0"
"WIN-DEMO-APP03","mem.vmmemctl.average","8/20/2026 3:09:00 AM","20","0","0","KB","","n/a","0"
"WIN-DEMO-APP03","mem.vmmemctl.average","8/20/2026 3:09:20 AM","20","0","0","KB","","n/a","0"
"WIN-DEMO-APP03","mem.vmmemctl.average","8/20/2026 3:09:40 AM","20","0","0","KB","","n/a","0"
"WIN-DEMO-APP03","mem.vmmemctl.average","8/20/2026 3:10:00 AM","20","0","0","KB","","n/a","0"
"WIN-DEMO-APP03","mem.vmmemctl.average","8/20/2026 3:10:20 AM","20","0","0","KB","","n/a","0"
"WIN-DEMO-APP03","mem.vmmemctl.average","8/20/2026 3:10:40 AM","20","0","0","KB","","n/a","0"
"WIN-DEMO-APP03","mem.vmmemctl.average","8/20/2026 3:11:00 AM","20","0","0","KB","","n/a","0"
"WIN-DEMO-APP03","mem.vmmemctl.average","8/20/2026 3:11:20 AM","20","0","0","KB","","n/a","0"
"WIN-DEMO-APP03","mem.vmmemctl.average","8/20/2026 3:11:40 AM","20","0","0","KB","","n/a","0"
"WIN-DEMO-APP03","mem.vmmemctl.average","8/20/2026 3:12:00 AM","20","0","0","KB","","n/a","0"
"WIN-DEMO-APP03","mem.vmmemctl.average","8/20/2026 3:12:20 AM","20","0","0","KB","","n/a","0"
"WIN-DEMO-APP03","mem.vmmemctl.average","8/20/2026 3:12:40 AM","20","0","0","KB","","n/a","0"
"WIN-DEMO-APP03","mem.vmmemctl.average","8/20/2026 3:13:00 AM","20","0","0","KB","","n/a","0"
"WIN-DEMO-APP03","mem.vmmemctl.average","8/20/2026 3:13:20 AM","20","0","0","KB","","n/a","0"
"WIN-DEMO-APP03","mem.vmmemctl.average","8/20/2026 3:13:40 AM","20","0","0","KB","","n/a","0"
"WIN-DEMO-APP03","mem.vmmemctl.average","8/20/2026 3:14:00 AM","20","0","0","KB","","n/a","0"
"WIN-DEMO-APP03","mem.vmmemctl.average","8/20/2026 3:14:20 AM","20","0","0","KB","","n/a","0"
"WIN-DEMO-APP03","mem.vmmemctl.average","8/20/2026 3:14:40 AM","20","0","0","KB","","n/a","0"
"WIN-DEMO-APP03","mem.vmmemctl.average","8/20/2026 3:15:00 AM","20","0","0","KB","","n/a","0"
"WIN-DEMO-APP03","mem.vmmemctl.average","8/20/2026 3:15:20 AM","20","0","0","KB","","n/a","0"
"WIN-DEMO-APP03","mem.vmmemctl.average","8/20/2026 3:15:40 AM","20","0","0","KB","","n/a","0"
"WIN-DEMO-APP03","mem.vmmemctl.average","8/20/2026 3:16:00 AM","20","0","0","KB","","n/a","0"
"WIN-DEMO-APP03","mem.vmmemctl.average","8/20/2026 3:16:20 AM","20","0","0","KB","","n/a","0"
"WIN-DEMO-APP03","mem.vmmemctl.average","8/20/2026 3:16:40 AM","20","0","0","KB","","n/a","0"
"WIN-DEMO-APP03","mem.vmmemctl.average","8/20/2026 3:17:00 AM","20","0","0","KB","","n/a","0"
"WIN-DEMO-APP03","mem.vmmemctl.average","8/20/2026 3:17:20 AM","20","0","0","KB","","n/a","0"
"WIN-DEMO-APP03","mem.vmmemctl.average","8/20/2026 3:17:40 AM","20","0","0","KB","","n/a","0"
"WIN-DEMO-APP03","mem.vmmemctl.average","8/20/2026 3:18:00 AM","20","0","0","KB","","n/a","0"
"WIN-DEMO-APP03","mem.vmmemctl.average","8/20/2026 3:18:20 AM","20","0","0","KB","","n/a","0"
"WIN-DEMO-APP03","mem.vmmemctl.average","8/20/2026 3:18:40 AM","20","0","0","KB","","n/a","0"
"WIN-DEMO-APP03","mem.vmmemctl.average","8/20/2026 3:19:00 AM","20","0","0","KB","","n/a","0"
"WIN-DEMO-APP03","mem.vmmemctl.average","8/20/2026 3:19:20 AM","20","0","0","KB","","n/a","0"
"WIN-DEMO-APP03","mem.vmmemctl.average","8/20/2026 3:19:40 AM","20","0","0","KB","","n/a","0"
"WIN-DEMO-APP03","mem.vmmemctl.average","8/20/2026 3:20:00 AM","20","0","0","KB","","n/a","0"
"WIN-DEMO-APP03","mem.vmmemctl.average","8/20/2026 3:20:20 AM","20","0","0","KB","","n/a","0"
"WIN-DEMO-APP03","mem.vmmemctl.average","8/20/2026 3:20:40 AM","20","0","0","KB","","n/a","0"
"WIN-DEMO-APP03","mem.vmmemctl.average","8/20/2026 3:21:00 AM","20","0","0","KB","","n/a","0"
"WIN-DEMO-APP03","mem.vmmemctl.average","8/20/2026 3:21:20 AM","20","0","0","KB","","n/a","0"
"WIN-DEMO-APP03","mem.vmmemctl.average","8/20/2026 3:21:40 AM","20","0","0","KB","","n/a","0"
"WIN-DEMO-APP03","mem.vmmemctl.average","8/20/2026 3:22:00 AM","20","0","0","KB","","n/a","0"
"WIN-DEMO-APP03","mem.vmmemctl.average","8/20/2026 3:22:20 AM","20","0","0","KB","","n/a","0"
"WIN-DEMO-APP03","mem.vmmemctl.average","8/20/2026 3:22:40 AM","20","0","0","KB","","n/a","0"
"WIN-DEMO-APP03","mem.vmmemctl.average","8/20/2026 3:23:00 AM","20","0","0","KB","","n/a","0"
"WIN-DEMO-APP03","mem.vmmemctl.average","8/20/2026 3:23:20 AM","20","0","0","KB","","n/a","0"
"WIN-DEMO-APP03","mem.vmmemctl.average","8/20/2026 3:23:40 AM","20","0","0","KB","","n/a","0"
"WIN-DEMO-APP03","mem.vmmemctl.average","8/20/2026 3:24:00 AM","20","0","0","KB","","n/a","0"
"WIN-DEMO-APP03","mem.vmmemctl.average","8/20/2026 3:24:20 AM","20","0","0","KB","","n/a","0"
"WIN-DEMO-APP03","mem.vmmemctl.average","8/20/2026 3:24:40 AM","20","0","0","KB","","n/a","0"
"WIN-DEMO-APP03","mem.vmmemctl.average","8/20/2026 3:25:00 AM","20","0","0","KB","","n/a","0"
"WIN-DEMO-APP03","mem.vmmemctl.average","8/20/2026 3:25:20 AM","20","0","0","KB","","n/a","0"
"WIN-DEMO-APP03","mem.vmmemctl.average","8/20/2026 3:25:40 AM","20","0","0","KB","","n/a","0"
"WIN-DEMO-APP03","mem.vmmemctl.average","8/20/2026 3:26:00 AM","20","0","0","KB","","n/a","0"
"WIN-DEMO-APP03","mem.vmmemctl.average","8/20/2026 3:26:20 AM","20","0","0","KB","","n/a","0"
"WIN-DEMO-APP03","mem.vmmemctl.average","8/20/2026 3:26:40 AM","20","0","0","KB","","n/a","0"
"WIN-DEMO-APP03","mem.vmmemctl.average","8/20/2026 3:27:00 AM","20","0","0","KB","","n/a","0"
"WIN-DEMO-APP03","mem.vmmemctl.average","8/20/2026 3:27:20 AM","20","0","0","KB","","n/a","0"
"WIN-DEMO-APP03","mem.vmmemctl.average","8/20/2026 3:27:40 AM","20","0","0","KB","","n/a","0"
"WIN-DEMO-APP03","mem.vmmemctl.average","8/20/2026 3:28:00 AM","20","0","0","KB","","n/a","0"
"WIN-DEMO-APP03","mem.vmmemctl.average","8/20/2026 3:28:20 AM","20","0","0","KB","","n/a","0"
"WIN-DEMO-APP03","mem.vmmemctl.average","8/20/2026 3:28:40 AM","20","0","0","KB","","n/a","0"
"WIN-DEMO-APP03","mem.vmmemctl.average","8/20/2026 3:29:00 AM","20","0","0","KB","","n/a","0"
"WIN-DEMO-APP03","mem.vmmemctl.average","8/20/2026 3:29:20 AM","20","0","0","KB","","n/a","0"
"WIN-DEMO-APP03","mem.vmmemctl.average","8/20/2026 3:29:40 AM","20","0","0","KB","","n/a","0"
"WIN-DEMO-APP03","mem.vmmemctl.average","8/20/2026 3:30:00 AM","20","0","0","KB","","n/a","0"
"WIN-DEMO-APP03","net.received.average","8/20/2026 2:30:20 AM","20","1","1","KBps","","n/a","0"
"WIN-DEMO-APP03","net.received.average","8/20/2026 2:30:40 AM","20","1","1","KBps","","n/a","0"
"WIN-DEMO-APP03","net.received.average","8/20/2026 2:31:00 AM","20","1","1","KBps","","n/a","0"
"WIN-DEMO-APP03","net.received.average","8/20/2026 2:31:20 AM","20","1","1","KBps","","n/a","0"
"WIN-DEMO-APP03","net.received.average","8/20/2026 2:31:40 AM","20","1","1","KBps","","n/a","0"
"WIN-DEMO-APP03","net.received.average","8/20/2026 2:32:00 AM","20","1","1","KBps","","n/a","0"
"WIN-DEMO-APP03","net.received.average","8/20/2026 2:32:20 AM","20","1","1","KBps","","n/a","0"
"WIN-DEMO-APP03","net.received.average","8/20/2026 2:32:40 AM","20","1","1","KBps","","n/a","0"
"WIN-DEMO-APP03","net.received.average","8/20/2026 2:33:00 AM","20","1","1","KBps","","n/a","0"
"WIN-DEMO-APP03","net.received.average","8/20/2026 2:33:20 AM","20","1","1","KBps","","n/a","0"
"WIN-DEMO-APP03","net.received.average","8/20/2026 2:33:40 AM","20","1","1","KBps","","n/a","0"
"WIN-DEMO-APP03","net.received.average","8/20/2026 2:34:00 AM","20","1","1","KBps","","n/a","0"
"WIN-DEMO-APP03","net.received.average","8/20/2026 2:34:20 AM","20","1","1","KBps","","n/a","0"
"WIN-DEMO-APP03","net.received.average","8/20/2026 2:34:40 AM","20","1","1","KBps","","n/a","0"
"WIN-DEMO-APP03","net.received.average","8/20/2026 2:35:00 AM","20","1","1","KBps","","n/a","0"
"WIN-DEMO-APP03","net.received.average","8/20/2026 2:35:20 AM","20","1","1","KBps","","n/a","0"
"WIN-DEMO-APP03","net.received.average","8/20/2026 2:35:40 AM","20","1","1","KBps","","n/a","0"
"WIN-DEMO-APP03","net.received.average","8/20/2026 2:36:00 AM","20","1","1","KBps","","n/a","0"
"WIN-DEMO-APP03","net.received.average","8/20/2026 2:36:20 AM","20","1","1","KBps","","n/a","0"
"WIN-DEMO-APP03","net.received.average","8/20/2026 2:36:40 AM","20","1","1","KBps","","n/a","0"
"WIN-DEMO-APP03","net.received.average","8/20/2026 2:37:00 AM","20","1","1","KBps","","n/a","0"
"WIN-DEMO-APP03","net.received.average","8/20/2026 2:37:20 AM","20","1","1","KBps","","n/a","0"
"WIN-DEMO-APP03","net.received.average","8/20/2026 2:37:40 AM","20","1","1","KBps","","n/a","0"
"WIN-DEMO-APP03","net.received.average","8/20/2026 2:38:00 AM","20","1","1","KBps","","n/a","0"
"WIN-DEMO-APP03","net.received.average","8/20/2026 2:38:20 AM","20","1","1","KBps","","n/a","0"
"WIN-DEMO-APP03","net.received.average","8/20/2026 2:38:40 AM","20","1","1","KBps","","n/a","0"
"WIN-DEMO-APP03","net.received.average","8/20/2026 2:39:00 AM","20","1","1","KBps","","n/a","0"
"WIN-DEMO-APP03","net.received.average","8/20/2026 2:39:20 AM","20","1","1","KBps","","n/a","0"
"WIN-DEMO-APP03","net.received.average","8/20/2026 2:39:40 AM","20","1","1","KBps","","n/a","0"
"WIN-DEMO-APP03","net.received.average","8/20/2026 2:40:00 AM","20","1","1","KBps","","n/a","0"
"WIN-DEMO-APP03","net.received.average","8/20/2026 2:40:20 AM","20","1","1","KBps","","n/a","0"
"WIN-DEMO-APP03","net.received.average","8/20/2026 2:40:40 AM","20","1","1","KBps","","n/a","0"
"WIN-DEMO-APP03","net.received.average","8/20/2026 2:41:00 AM","20","1","1","KBps","","n/a","0"
"WIN-DEMO-APP03","net.received.average","8/20/2026 2:41:20 AM","20","1","1","KBps","","n/a","0"
"WIN-DEMO-APP03","net.received.average","8/20/2026 2:41:40 AM","20","1","1","KBps","","n/a","0"
"WIN-DEMO-APP03","net.received.average","8/20/2026 2:42:00 AM","20","1","1","KBps","","n/a","0"
"WIN-DEMO-APP03","net.received.average","8/20/2026 2:42:20 AM","20","1","1","KBps","","n/a","0"
"WIN-DEMO-APP03","net.received.average","8/20/2026 2:42:40 AM","20","1","1","KBps","","n/a","0"
"WIN-DEMO-APP03","net.received.average","8/20/2026 2:43:00 AM","20","1","1","KBps","","n/a","0"
"WIN-DEMO-APP03","net.received.average","8/20/2026 2:43:20 AM","20","1","1","KBps","","n/a","0"
"WIN-DEMO-APP03","net.received.average","8/20/2026 2:43:40 AM","20","1","1","KBps","","n/a","0"
"WIN-DEMO-APP03","net.received.average","8/20/2026 2:44:00 AM","20","1","1","KBps","","n/a","0"
"WIN-DEMO-APP03","net.received.average","8/20/2026 2:44:20 AM","20","1","1","KBps","","n/a","0"
"WIN-DEMO-APP03","net.received.average","8/20/2026 2:44:40 AM","20","1","1","KBps","","n/a","0"
"WIN-DEMO-APP03","net.received.average","8/20/2026 2:45:00 AM","20","1","1","KBps","","n/a","0"
"WIN-DEMO-APP03","net.received.average","8/20/2026 2:45:20 AM","20","1","1","KBps","","n/a","0"
"WIN-DEMO-APP03","net.received.average","8/20/2026 2:45:40 AM","20","1","1","KBps","","n/a","0"
"WIN-DEMO-APP03","net.received.average","8/20/2026 2:46:00 AM","20","1","1","KBps","","n/a","0"
"WIN-DEMO-APP03","net.received.average","8/20/2026 2:46:20 AM","20","1","1","KBps","","n/a","0"
"WIN-DEMO-APP03","net.received.average","8/20/2026 2:46:40 AM","20","1","1","KBps","","n/a","0"
"WIN-DEMO-APP03","net.received.average","8/20/2026 2:47:00 AM","20","1","1","KBps","","n/a","0"
"WIN-DEMO-APP03","net.received.average","8/20/2026 2:47:20 AM","20","1","1","KBps","","n/a","0"
"WIN-DEMO-APP03","net.received.average","8/20/2026 2:47:40 AM","20","1","1","KBps","","n/a","0"
"WIN-DEMO-APP03","net.received.average","8/20/2026 2:48:00 AM","20","1","1","KBps","","n/a","0"
"WIN-DEMO-APP03","net.received.average","8/20/2026 2:48:20 AM","20","1","1","KBps","","n/a","0"
"WIN-DEMO-APP03","net.received.average","8/20/2026 2:48:40 AM","20","1","1","KBps","","n/a","0"
"WIN-DEMO-APP03","net.received.average","8/20/2026 2:49:00 AM","20","1","1","KBps","","n/a","0"
"WIN-DEMO-APP03","net.received.average","8/20/2026 2:49:20 AM","20","1","1","KBps","","n/a","0"
"WIN-DEMO-APP03","net.received.average","8/20/2026 2:49:40 AM","20","1","1","KBps","","n/a","0"
"WIN-DEMO-APP03","net.received.average","8/20/2026 2:50:00 AM","20","1","1","KBps","","n/a","0"
"WIN-DEMO-APP03","net.received.average","8/20/2026 2:50:20 AM","20","1","1","KBps","","n/a","0"
"WIN-DEMO-APP03","net.received.average","8/20/2026 2:50:40 AM","20","1","1","KBps","","n/a","0"
"WIN-DEMO-APP03","net.received.average","8/20/2026 2:51:00 AM","20","1","1","KBps","","n/a","0"
"WIN-DEMO-APP03","net.received.average","8/20/2026 2:51:20 AM","20","1","1","KBps","","n/a","0"
"WIN-DEMO-APP03","net.received.average","8/20/2026 2:51:40 AM","20","1","1","KBps","","n/a","0"
"WIN-DEMO-APP03","net.received.average","8/20/2026 2:52:00 AM","20","1","1","KBps","","n/a","0"
"WIN-DEMO-APP03","net.received.average","8/20/2026 2:52:20 AM","20","1","1","KBps","","n/a","0"
"WIN-DEMO-APP03","net.received.average","8/20/2026 2:52:40 AM","20","1","1","KBps","","n/a","0"
"WIN-DEMO-APP03","net.received.average","8/20/2026 2:53:00 AM","20","1","1","KBps","","n/a","0"
"WIN-DEMO-APP03","net.received.average","8/20/2026 2:53:20 AM","20","1","1","KBps","","n/a","0"
"WIN-DEMO-APP03","net.received.average","8/20/2026 2:53:40 AM","20","1","1","KBps","","n/a","0"
"WIN-DEMO-APP03","net.received.average","8/20/2026 2:54:00 AM","20","1","1","KBps","","n/a","0"
"WIN-DEMO-APP03","net.received.average","8/20/2026 2:54:20 AM","20","1","1","KBps","","n/a","0"
"WIN-DEMO-APP03","net.received.average","8/20/2026 2:54:40 AM","20","1","1","KBps","","n/a","0"
"WIN-DEMO-APP03","net.received.average","8/20/2026 2:55:00 AM","20","1","1","KBps","","n/a","0"
"WIN-DEMO-APP03","net.received.average","8/20/2026 2:55:20 AM","20","1","1","KBps","","n/a","0"
"WIN-DEMO-APP03","net.received.average","8/20/2026 2:55:40 AM","20","1","1","KBps","","n/a","0"
"WIN-DEMO-APP03","net.received.average","8/20/2026 2:56:00 AM","20","1","1","KBps","","n/a","0"
"WIN-DEMO-APP03","net.received.average","8/20/2026 2:56:20 AM","20","1","1","KBps","","n/a","0"
"WIN-DEMO-APP03","net.received.average","8/20/2026 2:56:40 AM","20","1","1","KBps","","n/a","0"
"WIN-DEMO-APP03","net.received.average","8/20/2026 2:57:00 AM","20","1","1","KBps","","n/a","0"
"WIN-DEMO-APP03","net.received.average","8/20/2026 2:57:20 AM","20","1","1","KBps","","n/a","0"
"WIN-DEMO-APP03","net.received.average","8/20/2026 2:57:40 AM","20","1","1","KBps","","n/a","0"
"WIN-DEMO-APP03","net.received.average","8/20/2026 2:58:00 AM","20","1","1","KBps","","n/a","0"
"WIN-DEMO-APP03","net.received.average","8/20/2026 2:58:20 AM","20","1","1","KBps","","n/a","0"
"WIN-DEMO-APP03","net.received.average","8/20/2026 2:58:40 AM","20","1","1","KBps","","n/a","0"
"WIN-DEMO-APP03","net.received.average","8/20/2026 2:59:00 AM","20","1","1","KBps","","n/a","0"
"WIN-DEMO-APP03","net.received.average","8/20/2026 2:59:20 AM","20","1","1","KBps","","n/a","0"
"WIN-DEMO-APP03","net.received.average","8/20/2026 2:59:40 AM","20","1","1","KBps","","n/a","0"
"WIN-DEMO-APP03","net.received.average","8/20/2026 3:00:00 AM","20","1","1","KBps","","n/a","0"
"WIN-DEMO-APP03","net.received.average","8/20/2026 3:00:20 AM","20","1","1","KBps","","n/a","0"
"WIN-DEMO-APP03","net.received.average","8/20/2026 3:00:40 AM","20","1","1","KBps","","n/a","0"
"WIN-DEMO-APP03","net.received.average","8/20/2026 3:01:00 AM","20","1","1","KBps","","n/a","0"
"WIN-DEMO-APP03","net.received.average","8/20/2026 3:01:20 AM","20","1","1","KBps","","n/a","0"
"WIN-DEMO-APP03","net.received.average","8/20/2026 3:01:40 AM","20","1","1","KBps","","n/a","0"
"WIN-DEMO-APP03","net.received.average","8/20/2026 3:02:00 AM","20","1","1","KBps","","n/a","0"
"WIN-DEMO-APP03","net.received.average","8/20/2026 3:02:20 AM","20","1","1","KBps","","n/a","0"
"WIN-DEMO-APP03","net.received.average","8/20/2026 3:02:40 AM","20","1","1","KBps","","n/a","0"
"WIN-DEMO-APP03","net.received.average","8/20/2026 3:03:00 AM","20","1","1","KBps","","n/a","0"
"WIN-DEMO-APP03","net.received.average","8/20/2026 3:03:20 AM","20","1","1","KBps","","n/a","0"
"WIN-DEMO-APP03","net.received.average","8/20/2026 3:03:40 AM","20","1","1","KBps","","n/a","0"
"WIN-DEMO-APP03","net.received.average","8/20/2026 3:04:00 AM","20","1","1","KBps","","n/a","0"
"WIN-DEMO-APP03","net.received.average","8/20/2026 3:04:20 AM","20","1","1","KBps","","n/a","0"
"WIN-DEMO-APP03","net.received.average","8/20/2026 3:04:40 AM","20","1","1","KBps","","n/a","0"
"WIN-DEMO-APP03","net.received.average","8/20/2026 3:05:00 AM","20","1","1","KBps","","n/a","0"
"WIN-DEMO-APP03","net.received.average","8/20/2026 3:05:20 AM","20","1","1","KBps","","n/a","0"
"WIN-DEMO-APP03","net.received.average","8/20/2026 3:05:40 AM","20","1","1","KBps","","n/a","0"
"WIN-DEMO-APP03","net.received.average","8/20/2026 3:06:00 AM","20","1","1","KBps","","n/a","0"
"WIN-DEMO-APP03","net.received.average","8/20/2026 3:06:20 AM","20","1","1","KBps","","n/a","0"
"WIN-DEMO-APP03","net.received.average","8/20/2026 3:06:40 AM","20","1","1","KBps","","n/a","0"
"WIN-DEMO-APP03","net.received.average","8/20/2026 3:07:00 AM","20","1","1","KBps","","n/a","0"
"WIN-DEMO-APP03","net.received.average","8/20/2026 3:07:20 AM","20","1","1","KBps","","n/a","0"
"WIN-DEMO-APP03","net.received.average","8/20/2026 3:07:40 AM","20","1","1","KBps","","n/a","0"
"WIN-DEMO-APP03","net.received.average","8/20/2026 3:08:00 AM","20","2","2","KBps","","n/a","0"
"WIN-DEMO-APP03","net.received.average","8/20/2026 3:08:20 AM","20","1","1","KBps","","n/a","0"
"WIN-DEMO-APP03","net.received.average","8/20/2026 3:08:40 AM","20","1","1","KBps","","n/a","0"
"WIN-DEMO-APP03","net.received.average","8/20/2026 3:09:00 AM","20","1","1","KBps","","n/a","0"
"WIN-DEMO-APP03","net.received.average","8/20/2026 3:09:20 AM","20","1","1","KBps","","n/a","0"
"WIN-DEMO-APP03","net.received.average","8/20/2026 3:09:40 AM","20","1","1","KBps","","n/a","0"
"WIN-DEMO-APP03","net.received.average","8/20/2026 3:10:00 AM","20","1","1","KBps","","n/a","0"
"WIN-DEMO-APP03","net.received.average","8/20/2026 3:10:20 AM","20","1","1","KBps","","n/a","0"
"WIN-DEMO-APP03","net.received.average","8/20/2026 3:10:40 AM","20","1","1","KBps","","n/a","0"
"WIN-DEMO-APP03","net.received.average","8/20/2026 3:11:00 AM","20","1","1","KBps","","n/a","0"
"WIN-DEMO-APP03","net.received.average","8/20/2026 3:11:20 AM","20","1","1","KBps","","n/a","0"
"WIN-DEMO-APP03","net.received.average","8/20/2026 3:11:40 AM","20","1","1","KBps","","n/a","0"
"WIN-DEMO-APP03","net.received.average","8/20/2026 3:12:00 AM","20","1","1","KBps","","n/a","0"
"WIN-DEMO-APP03","net.received.average","8/20/2026 3:12:20 AM","20","1","1","KBps","","n/a","0"
"WIN-DEMO-APP03","net.received.average","8/20/2026 3:12:40 AM","20","1","1","KBps","","n/a","0"
"WIN-DEMO-APP03","net.received.average","8/20/2026 3:13:00 AM","20","1","1","KBps","","n/a","0"
"WIN-DEMO-APP03","net.received.average","8/20/2026 3:13:20 AM","20","1","1","KBps","","n/a","0"
"WIN-DEMO-APP03","net.received.average","8/20/2026 3:13:40 AM","20","1","1","KBps","","n/a","0"
"WIN-DEMO-APP03","net.received.average","8/20/2026 3:14:00 AM","20","1","1","KBps","","n/a","0"
"WIN-DEMO-APP03","net.received.average","8/20/2026 3:14:20 AM","20","1","1","KBps","","n/a","0"
"WIN-DEMO-APP03","net.received.average","8/20/2026 3:14:40 AM","20","1","1","KBps","","n/a","0"
"WIN-DEMO-APP03","net.received.average","8/20/2026 3:15:00 AM","20","1","1","KBps","","n/a","0"
"WIN-DEMO-APP03","net.received.average","8/20/2026 3:15:20 AM","20","1","1","KBps","","n/a","0"
"WIN-DEMO-APP03","net.received.average","8/20/2026 3:15:40 AM","20","1","1","KBps","","n/a","0"
"WIN-DEMO-APP03","net.received.average","8/20/2026 3:16:00 AM","20","1","1","KBps","","n/a","0"
"WIN-DEMO-APP03","net.received.average","8/20/2026 3:16:20 AM","20","1","1","KBps","","n/a","0"
"WIN-DEMO-APP03","net.received.average","8/20/2026 3:16:40 AM","20","1","1","KBps","","n/a","0"
"WIN-DEMO-APP03","net.received.average","8/20/2026 3:17:00 AM","20","1","1","KBps","","n/a","0"
"WIN-DEMO-APP03","net.received.average","8/20/2026 3:17:20 AM","20","1","1","KBps","","n/a","0"
"WIN-DEMO-APP03","net.received.average","8/20/2026 3:17:40 AM","20","1","1","KBps","","n/a","0"
"WIN-DEMO-APP03","net.received.average","8/20/2026 3:18:00 AM","20","1","1","KBps","","n/a","0"
"WIN-DEMO-APP03","net.received.average","8/20/2026 3:18:20 AM","20","1","1","KBps","","n/a","0"
"WIN-DEMO-APP03","net.received.average","8/20/2026 3:18:40 AM","20","1","1","KBps","","n/a","0"
"WIN-DEMO-APP03","net.received.average","8/20/2026 3:19:00 AM","20","1","1","KBps","","n/a","0"
"WIN-DEMO-APP03","net.received.average","8/20/2026 3:19:20 AM","20","1","1","KBps","","n/a","0"
"WIN-DEMO-APP03","net.received.average","8/20/2026 3:19:40 AM","20","1","1","KBps","","n/a","0"
"WIN-DEMO-APP03","net.received.average","8/20/2026 3:20:00 AM","20","1","1","KBps","","n/a","0"
"WIN-DEMO-APP03","net.received.average","8/20/2026 3:20:20 AM","20","1","1","KBps","","n/a","0"
"WIN-DEMO-APP03","net.received.average","8/20/2026 3:20:40 AM","20","1","1","KBps","","n/a","0"
"WIN-DEMO-APP03","net.received.average","8/20/2026 3:21:00 AM","20","1","1","KBps","","n/a","0"
"WIN-DEMO-APP03","net.received.average","8/20/2026 3:21:20 AM","20","1","1","KBps","","n/a","0"
"WIN-DEMO-APP03","net.received.average","8/20/2026 3:21:40 AM","20","1","1","KBps","","n/a","0"
"WIN-DEMO-APP03","net.received.average","8/20/2026 3:22:00 AM","20","1","1","KBps","","n/a","0"
"WIN-DEMO-APP03","net.received.average","8/20/2026 3:22:20 AM","20","1","1","KBps","","n/a","0"
"WIN-DEMO-APP03","net.received.average","8/20/2026 3:22:40 AM","20","1","1","KBps","","n/a","0"
"WIN-DEMO-APP03","net.received.average","8/20/2026 3:23:00 AM","20","2","2","KBps","","n/a","0"
"WIN-DEMO-APP03","net.received.average","8/20/2026 3:23:20 AM","20","1","1","KBps","","n/a","0"
"WIN-DEMO-APP03","net.received.average","8/20/2026 3:23:40 AM","20","1","1","KBps","","n/a","0"
"WIN-DEMO-APP03","net.received.average","8/20/2026 3:24:00 AM","20","1","1","KBps","","n/a","0"
"WIN-DEMO-APP03","net.received.average","8/20/2026 3:24:20 AM","20","1","1","KBps","","n/a","0"
"WIN-DEMO-APP03","net.received.average","8/20/2026 3:24:40 AM","20","1","1","KBps","","n/a","0"
"WIN-DEMO-APP03","net.received.average","8/20/2026 3:25:00 AM","20","1","1","KBps","","n/a","0"
"WIN-DEMO-APP03","net.received.average","8/20/2026 3:25:20 AM","20","1","1","KBps","","n/a","0"
"WIN-DEMO-APP03","net.received.average","8/20/2026 3:25:40 AM","20","1","1","KBps","","n/a","0"
"WIN-DEMO-APP03","net.received.average","8/20/2026 3:26:00 AM","20","1","1","KBps","","n/a","0"
"WIN-DEMO-APP03","net.received.average","8/20/2026 3:26:20 AM","20","1","1","KBps","","n/a","0"
"WIN-DEMO-APP03","net.received.average","8/20/2026 3:26:40 AM","20","1","1","KBps","","n/a","0"
"WIN-DEMO-APP03","net.received.average","8/20/2026 3:27:00 AM","20","1","1","KBps","","n/a","0"
"WIN-DEMO-APP03","net.received.average","8/20/2026 3:27:20 AM","20","1","1","KBps","","n/a","0"
"WIN-DEMO-APP03","net.received.average","8/20/2026 3:27:40 AM","20","1","1","KBps","","n/a","0"
"WIN-DEMO-APP03","net.received.average","8/20/2026 3:28:00 AM","20","1","1","KBps","","n/a","0"
"WIN-DEMO-APP03","net.received.average","8/20/2026 3:28:20 AM","20","1","1","KBps","","n/a","0"
"WIN-DEMO-APP03","net.received.average","8/20/2026 3:28:40 AM","20","1","1","KBps","","n/a","0"
"WIN-DEMO-APP03","net.received.average","8/20/2026 3:29:00 AM","20","1","1","KBps","","n/a","0"
"WIN-DEMO-APP03","net.received.average","8/20/2026 3:29:20 AM","20","1","1","KBps","","n/a","0"
"WIN-DEMO-APP03","net.received.average","8/20/2026 3:29:40 AM","20","1","1","KBps","","n/a","0"
"WIN-DEMO-APP03","net.received.average","8/20/2026 3:30:00 AM","20","1","1","KBps","","n/a","0"
"WIN-DEMO-APP03","net.transmitted.average","8/20/2026 2:30:20 AM","20","1","1","KBps","","n/a","0"
"WIN-DEMO-APP03","net.transmitted.average","8/20/2026 2:30:40 AM","20","1","1","KBps","","n/a","0"
"WIN-DEMO-APP03","net.transmitted.average","8/20/2026 2:31:00 AM","20","1","1","KBps","","n/a","0"
"WIN-DEMO-APP03","net.transmitted.average","8/20/2026 2:31:20 AM","20","1","1","KBps","","n/a","0"
"WIN-DEMO-APP03","net.transmitted.average","8/20/2026 2:31:40 AM","20","1","1","KBps","","n/a","0"
"WIN-DEMO-APP03","net.transmitted.average","8/20/2026 2:32:00 AM","20","2","2","KBps","","n/a","0"
"WIN-DEMO-APP03","net.transmitted.average","8/20/2026 2:32:20 AM","20","1","1","KBps","","n/a","0"
"WIN-DEMO-APP03","net.transmitted.average","8/20/2026 2:32:40 AM","20","1","1","KBps","","n/a","0"
"WIN-DEMO-APP03","net.transmitted.average","8/20/2026 2:33:00 AM","20","2","2","KBps","","n/a","0"
"WIN-DEMO-APP03","net.transmitted.average","8/20/2026 2:33:20 AM","20","1","1","KBps","","n/a","0"
"WIN-DEMO-APP03","net.transmitted.average","8/20/2026 2:33:40 AM","20","1","1","KBps","","n/a","0"
"WIN-DEMO-APP03","net.transmitted.average","8/20/2026 2:34:00 AM","20","1","1","KBps","","n/a","0"
"WIN-DEMO-APP03","net.transmitted.average","8/20/2026 2:34:20 AM","20","1","1","KBps","","n/a","0"
"WIN-DEMO-APP03","net.transmitted.average","8/20/2026 2:34:40 AM","20","1","1","KBps","","n/a","0"
"WIN-DEMO-APP03","net.transmitted.average","8/20/2026 2:35:00 AM","20","1","1","KBps","","n/a","0"
"WIN-DEMO-APP03","net.transmitted.average","8/20/2026 2:35:20 AM","20","1","1","KBps","","n/a","0"
"WIN-DEMO-APP03","net.transmitted.average","8/20/2026 2:35:40 AM","20","1","1","KBps","","n/a","0"
"WIN-DEMO-APP03","net.transmitted.average","8/20/2026 2:36:00 AM","20","1","1","KBps","","n/a","0"
"WIN-DEMO-APP03","net.transmitted.average","8/20/2026 2:36:20 AM","20","1","1","KBps","","n/a","0"
"WIN-DEMO-APP03","net.transmitted.average","8/20/2026 2:36:40 AM","20","1","1","KBps","","n/a","0"
"WIN-DEMO-APP03","net.transmitted.average","8/20/2026 2:37:00 AM","20","1","1","KBps","","n/a","0"
"WIN-DEMO-APP03","net.transmitted.average","8/20/2026 2:37:20 AM","20","1","1","KBps","","n/a","0"
"WIN-DEMO-APP03","net.transmitted.average","8/20/2026 2:37:40 AM","20","1","1","KBps","","n/a","0"
"WIN-DEMO-APP03","net.transmitted.average","8/20/2026 2:38:00 AM","20","2","2","KBps","","n/a","0"
"WIN-DEMO-APP03","net.transmitted.average","8/20/2026 2:38:20 AM","20","1","1","KBps","","n/a","0"
"WIN-DEMO-APP03","net.transmitted.average","8/20/2026 2:38:40 AM","20","1","1","KBps","","n/a","0"
"WIN-DEMO-APP03","net.transmitted.average","8/20/2026 2:39:00 AM","20","2","2","KBps","","n/a","0"
"WIN-DEMO-APP03","net.transmitted.average","8/20/2026 2:39:20 AM","20","1","1","KBps","","n/a","0"
"WIN-DEMO-APP03","net.transmitted.average","8/20/2026 2:39:40 AM","20","1","1","KBps","","n/a","0"
"WIN-DEMO-APP03","net.transmitted.average","8/20/2026 2:40:00 AM","20","2","2","KBps","","n/a","0"
"WIN-DEMO-APP03","net.transmitted.average","8/20/2026 2:40:20 AM","20","1","1","KBps","","n/a","0"
"WIN-DEMO-APP03","net.transmitted.average","8/20/2026 2:40:40 AM","20","1","1","KBps","","n/a","0"
"WIN-DEMO-APP03","net.transmitted.average","8/20/2026 2:41:00 AM","20","2","2","KBps","","n/a","0"
"WIN-DEMO-APP03","net.transmitted.average","8/20/2026 2:41:20 AM","20","1","1","KBps","","n/a","0"
"WIN-DEMO-APP03","net.transmitted.average","8/20/2026 2:41:40 AM","20","1","1","KBps","","n/a","0"
"WIN-DEMO-APP03","net.transmitted.average","8/20/2026 2:42:00 AM","20","2","2","KBps","","n/a","0"
"WIN-DEMO-APP03","net.transmitted.average","8/20/2026 2:42:20 AM","20","1","1","KBps","","n/a","0"
"WIN-DEMO-APP03","net.transmitted.average","8/20/2026 2:42:40 AM","20","1","1","KBps","","n/a","0"
"WIN-DEMO-APP03","net.transmitted.average","8/20/2026 2:43:00 AM","20","1","1","KBps","","n/a","0"
"WIN-DEMO-APP03","net.transmitted.average","8/20/2026 2:43:20 AM","20","1","1","KBps","","n/a","0"
"WIN-DEMO-APP03","net.transmitted.average","8/20/2026 2:43:40 AM","20","1","1","KBps","","n/a","0"
"WIN-DEMO-APP03","net.transmitted.average","8/20/2026 2:44:00 AM","20","2","2","KBps","","n/a","0"
"WIN-DEMO-APP03","net.transmitted.average","8/20/2026 2:44:20 AM","20","1","1","KBps","","n/a","0"
"WIN-DEMO-APP03","net.transmitted.average","8/20/2026 2:44:40 AM","20","1","1","KBps","","n/a","0"
"WIN-DEMO-APP03","net.transmitted.average","8/20/2026 2:45:00 AM","20","2","2","KBps","","n/a","0"
"WIN-DEMO-APP03","net.transmitted.average","8/20/2026 2:45:20 AM","20","1","1","KBps","","n/a","0"
"WIN-DEMO-APP03","net.transmitted.average","8/20/2026 2:45:40 AM","20","1","1","KBps","","n/a","0"
"WIN-DEMO-APP03","net.transmitted.average","8/20/2026 2:46:00 AM","20","1","1","KBps","","n/a","0"
"WIN-DEMO-APP03","net.transmitted.average","8/20/2026 2:46:20 AM","20","1","1","KBps","","n/a","0"
"WIN-DEMO-APP03","net.transmitted.average","8/20/2026 2:46:40 AM","20","1","1","KBps","","n/a","0"
"WIN-DEMO-APP03","net.transmitted.average","8/20/2026 2:47:00 AM","20","1","1","KBps","","n/a","0"
"WIN-DEMO-APP03","net.transmitted.average","8/20/2026 2:47:20 AM","20","1","1","KBps","","n/a","0"
"WIN-DEMO-APP03","net.transmitted.average","8/20/2026 2:47:40 AM","20","1","1","KBps","","n/a","0"
"WIN-DEMO-APP03","net.transmitted.average","8/20/2026 2:48:00 AM","20","2","2","KBps","","n/a","0"
"WIN-DEMO-APP03","net.transmitted.average","8/20/2026 2:48:20 AM","20","1","1","KBps","","n/a","0"
"WIN-DEMO-APP03","net.transmitted.average","8/20/2026 2:48:40 AM","20","1","1","KBps","","n/a","0"
"WIN-DEMO-APP03","net.transmitted.average","8/20/2026 2:49:00 AM","20","1","1","KBps","","n/a","0"
"WIN-DEMO-APP03","net.transmitted.average","8/20/2026 2:49:20 AM","20","1","1","KBps","","n/a","0"
"WIN-DEMO-APP03","net.transmitted.average","8/20/2026 2:49:40 AM","20","1","1","KBps","","n/a","0"
"WIN-DEMO-APP03","net.transmitted.average","8/20/2026 2:50:00 AM","20","2","2","KBps","","n/a","0"
"WIN-DEMO-APP03","net.transmitted.average","8/20/2026 2:50:20 AM","20","1","1","KBps","","n/a","0"
"WIN-DEMO-APP03","net.transmitted.average","8/20/2026 2:50:40 AM","20","1","1","KBps","","n/a","0"
"WIN-DEMO-APP03","net.transmitted.average","8/20/2026 2:51:00 AM","20","1","1","KBps","","n/a","0"
"WIN-DEMO-APP03","net.transmitted.average","8/20/2026 2:51:20 AM","20","1","1","KBps","","n/a","0"
"WIN-DEMO-APP03","net.transmitted.average","8/20/2026 2:51:40 AM","20","1","1","KBps","","n/a","0"
"WIN-DEMO-APP03","net.transmitted.average","8/20/2026 2:52:00 AM","20","1","1","KBps","","n/a","0"
"WIN-DEMO-APP03","net.transmitted.average","8/20/2026 2:52:20 AM","20","1","1","KBps","","n/a","0"
"WIN-DEMO-APP03","net.transmitted.average","8/20/2026 2:52:40 AM","20","1","1","KBps","","n/a","0"
"WIN-DEMO-APP03","net.transmitted.average","8/20/2026 2:53:00 AM","20","2","2","KBps","","n/a","0"
"WIN-DEMO-APP03","net.transmitted.average","8/20/2026 2:53:20 AM","20","1","1","KBps","","n/a","0"
"WIN-DEMO-APP03","net.transmitted.average","8/20/2026 2:53:40 AM","20","1","1","KBps","","n/a","0"
"WIN-DEMO-APP03","net.transmitted.average","8/20/2026 2:54:00 AM","20","1","1","KBps","","n/a","0"
"WIN-DEMO-APP03","net.transmitted.average","8/20/2026 2:54:20 AM","20","1","1","KBps","","n/a","0"
"WIN-DEMO-APP03","net.transmitted.average","8/20/2026 2:54:40 AM","20","1","1","KBps","","n/a","0"
"WIN-DEMO-APP03","net.transmitted.average","8/20/2026 2:55:00 AM","20","1","1","KBps","","n/a","0"
"WIN-DEMO-APP03","net.transmitted.average","8/20/2026 2:55:20 AM","20","1","1","KBps","","n/a","0"
"WIN-DEMO-APP03","net.transmitted.average","8/20/2026 2:55:40 AM","20","1","1","KBps","","n/a","0"
"WIN-DEMO-APP03","net.transmitted.average","8/20/2026 2:56:00 AM","20","1","1","KBps","","n/a","0"
"WIN-DEMO-APP03","net.transmitted.average","8/20/2026 2:56:20 AM","20","1","1","KBps","","n/a","0"
"WIN-DEMO-APP03","net.transmitted.average","8/20/2026 2:56:40 AM","20","1","1","KBps","","n/a","0"
"WIN-DEMO-APP03","net.transmitted.average","8/20/2026 2:57:00 AM","20","1","1","KBps","","n/a","0"
"WIN-DEMO-APP03","net.transmitted.average","8/20/2026 2:57:20 AM","20","1","1","KBps","","n/a","0"
"WIN-DEMO-APP03","net.transmitted.average","8/20/2026 2:57:40 AM","20","1","1","KBps","","n/a","0"
"WIN-DEMO-APP03","net.transmitted.average","8/20/2026 2:58:00 AM","20","1","1","KBps","","n/a","0"
"WIN-DEMO-APP03","net.transmitted.average","8/20/2026 2:58:20 AM","20","1","1","KBps","","n/a","0"
"WIN-DEMO-APP03","net.transmitted.average","8/20/2026 2:58:40 AM","20","1","1","KBps","","n/a","0"
"WIN-DEMO-APP03","net.transmitted.average","8/20/2026 2:59:00 AM","20","1","1","KBps","","n/a","0"
"WIN-DEMO-APP03","net.transmitted.average","8/20/2026 2:59:20 AM","20","1","1","KBps","","n/a","0"
"WIN-DEMO-APP03","net.transmitted.average","8/20/2026 2:59:40 AM","20","1","1","KBps","","n/a","0"
"WIN-DEMO-APP03","net.transmitted.average","8/20/2026 3:00:00 AM","20","1","1","KBps","","n/a","0"
"WIN-DEMO-APP03","net.transmitted.average","8/20/2026 3:00:20 AM","20","1","1","KBps","","n/a","0"
"WIN-DEMO-APP03","net.transmitted.average","8/20/2026 3:00:40 AM","20","1","1","KBps","","n/a","0"
"WIN-DEMO-APP03","net.transmitted.average","8/20/2026 3:01:00 AM","20","1","1","KBps","","n/a","0"
"WIN-DEMO-APP03","net.transmitted.average","8/20/2026 3:01:20 AM","20","1","1","KBps","","n/a","0"
"WIN-DEMO-APP03","net.transmitted.average","8/20/2026 3:01:40 AM","20","1","1","KBps","","n/a","0"
"WIN-DEMO-APP03","net.transmitted.average","8/20/2026 3:02:00 AM","20","1","1","KBps","","n/a","0"
"WIN-DEMO-APP03","net.transmitted.average","8/20/2026 3:02:20 AM","20","1","1","KBps","","n/a","0"
"WIN-DEMO-APP03","net.transmitted.average","8/20/2026 3:02:40 AM","20","1","1","KBps","","n/a","0"
"WIN-DEMO-APP03","net.transmitted.average","8/20/2026 3:03:00 AM","20","1","1","KBps","","n/a","0"
"WIN-DEMO-APP03","net.transmitted.average","8/20/2026 3:03:20 AM","20","1","1","KBps","","n/a","0"
"WIN-DEMO-APP03","net.transmitted.average","8/20/2026 3:03:40 AM","20","1","1","KBps","","n/a","0"
"WIN-DEMO-APP03","net.transmitted.average","8/20/2026 3:04:00 AM","20","1","1","KBps","","n/a","0"
"WIN-DEMO-APP03","net.transmitted.average","8/20/2026 3:04:20 AM","20","1","1","KBps","","n/a","0"
"WIN-DEMO-APP03","net.transmitted.average","8/20/2026 3:04:40 AM","20","1","1","KBps","","n/a","0"
"WIN-DEMO-APP03","net.transmitted.average","8/20/2026 3:05:00 AM","20","1","1","KBps","","n/a","0"
"WIN-DEMO-APP03","net.transmitted.average","8/20/2026 3:05:20 AM","20","1","1","KBps","","n/a","0"
"WIN-DEMO-APP03","net.transmitted.average","8/20/2026 3:05:40 AM","20","1","1","KBps","","n/a","0"
"WIN-DEMO-APP03","net.transmitted.average","8/20/2026 3:06:00 AM","20","1","1","KBps","","n/a","0"
"WIN-DEMO-APP03","net.transmitted.average","8/20/2026 3:06:20 AM","20","1","1","KBps","","n/a","0"
"WIN-DEMO-APP03","net.transmitted.average","8/20/2026 3:06:40 AM","20","1","1","KBps","","n/a","0"
"WIN-DEMO-APP03","net.transmitted.average","8/20/2026 3:07:00 AM","20","1","1","KBps","","n/a","0"
"WIN-DEMO-APP03","net.transmitted.average","8/20/2026 3:07:20 AM","20","1","1","KBps","","n/a","0"
"WIN-DEMO-APP03","net.transmitted.average","8/20/2026 3:07:40 AM","20","1","1","KBps","","n/a","0"
"WIN-DEMO-APP03","net.transmitted.average","8/20/2026 3:08:00 AM","20","3","3","KBps","","n/a","0"
"WIN-DEMO-APP03","net.transmitted.average","8/20/2026 3:08:20 AM","20","1","1","KBps","","n/a","0"
"WIN-DEMO-APP03","net.transmitted.average","8/20/2026 3:08:40 AM","20","1","1","KBps","","n/a","0"
"WIN-DEMO-APP03","net.transmitted.average","8/20/2026 3:09:00 AM","20","1","1","KBps","","n/a","0"
"WIN-DEMO-APP03","net.transmitted.average","8/20/2026 3:09:20 AM","20","1","1","KBps","","n/a","0"
"WIN-DEMO-APP03","net.transmitted.average","8/20/2026 3:09:40 AM","20","1","1","KBps","","n/a","0"
"WIN-DEMO-APP03","net.transmitted.average","8/20/2026 3:10:00 AM","20","1","1","KBps","","n/a","0"
"WIN-DEMO-APP03","net.transmitted.average","8/20/2026 3:10:20 AM","20","1","1","KBps","","n/a","0"
"WIN-DEMO-APP03","net.transmitted.average","8/20/2026 3:10:40 AM","20","1","1","KBps","","n/a","0"
"WIN-DEMO-APP03","net.transmitted.average","8/20/2026 3:11:00 AM","20","1","1","KBps","","n/a","0"
"WIN-DEMO-APP03","net.transmitted.average","8/20/2026 3:11:20 AM","20","1","1","KBps","","n/a","0"
"WIN-DEMO-APP03","net.transmitted.average","8/20/2026 3:11:40 AM","20","1","1","KBps","","n/a","0"
"WIN-DEMO-APP03","net.transmitted.average","8/20/2026 3:12:00 AM","20","1","1","KBps","","n/a","0"
"WIN-DEMO-APP03","net.transmitted.average","8/20/2026 3:12:20 AM","20","1","1","KBps","","n/a","0"
"WIN-DEMO-APP03","net.transmitted.average","8/20/2026 3:12:40 AM","20","1","1","KBps","","n/a","0"
"WIN-DEMO-APP03","net.transmitted.average","8/20/2026 3:13:00 AM","20","1","1","KBps","","n/a","0"
"WIN-DEMO-APP03","net.transmitted.average","8/20/2026 3:13:20 AM","20","1","1","KBps","","n/a","0"
"WIN-DEMO-APP03","net.transmitted.average","8/20/2026 3:13:40 AM","20","1","1","KBps","","n/a","0"
"WIN-DEMO-APP03","net.transmitted.average","8/20/2026 3:14:00 AM","20","1","1","KBps","","n/a","0"
"WIN-DEMO-APP03","net.transmitted.average","8/20/2026 3:14:20 AM","20","1","1","KBps","","n/a","0"
"WIN-DEMO-APP03","net.transmitted.average","8/20/2026 3:14:40 AM","20","1","1","KBps","","n/a","0"
"WIN-DEMO-APP03","net.transmitted.average","8/20/2026 3:15:00 AM","20","1","1","KBps","","n/a","0"
"WIN-DEMO-APP03","net.transmitted.average","8/20/2026 3:15:20 AM","20","1","1","KBps","","n/a","0"
"WIN-DEMO-APP03","net.transmitted.average","8/20/2026 3:15:40 AM","20","1","1","KBps","","n/a","0"
"WIN-DEMO-APP03","net.transmitted.average","8/20/2026 3:16:00 AM","20","1","1","KBps","","n/a","0"
"WIN-DEMO-APP03","net.transmitted.average","8/20/2026 3:16:20 AM","20","1","1","KBps","","n/a","0"
"WIN-DEMO-APP03","net.transmitted.average","8/20/2026 3:16:40 AM","20","1","1","KBps","","n/a","0"
"WIN-DEMO-APP03","net.transmitted.average","8/20/2026 3:17:00 AM","20","1","1","KBps","","n/a","0"
"WIN-DEMO-APP03","net.transmitted.average","8/20/2026 3:17:20 AM","20","1","1","KBps","","n/a","0"
"WIN-DEMO-APP03","net.transmitted.average","8/20/2026 3:17:40 AM","20","1","1","KBps","","n/a","0"
"WIN-DEMO-APP03","net.transmitted.average","8/20/2026 3:18:00 AM","20","2","2","KBps","","n/a","0"
"WIN-DEMO-APP03","net.transmitted.average","8/20/2026 3:18:20 AM","20","1","1","KBps","","n/a","0"
"WIN-DEMO-APP03","net.transmitted.average","8/20/2026 3:18:40 AM","20","1","1","KBps","","n/a","0"
"WIN-DEMO-APP03","net.transmitted.average","8/20/2026 3:19:00 AM","20","2","2","KBps","","n/a","0"
"WIN-DEMO-APP03","net.transmitted.average","8/20/2026 3:19:20 AM","20","1","1","KBps","","n/a","0"
"WIN-DEMO-APP03","net.transmitted.average","8/20/2026 3:19:40 AM","20","1","1","KBps","","n/a","0"
"WIN-DEMO-APP03","net.transmitted.average","8/20/2026 3:20:00 AM","20","1","1","KBps","","n/a","0"
"WIN-DEMO-APP03","net.transmitted.average","8/20/2026 3:20:20 AM","20","1","1","KBps","","n/a","0"
"WIN-DEMO-APP03","net.transmitted.average","8/20/2026 3:20:40 AM","20","1","1","KBps","","n/a","0"
"WIN-DEMO-APP03","net.transmitted.average","8/20/2026 3:21:00 AM","20","1","1","KBps","","n/a","0"
"WIN-DEMO-APP03","net.transmitted.average","8/20/2026 3:21:20 AM","20","1","1","KBps","","n/a","0"
"WIN-DEMO-APP03","net.transmitted.average","8/20/2026 3:21:40 AM","20","1","1","KBps","","n/a","0"
"WIN-DEMO-APP03","net.transmitted.average","8/20/2026 3:22:00 AM","20","1","1","KBps","","n/a","0"
"WIN-DEMO-APP03","net.transmitted.average","8/20/2026 3:22:20 AM","20","1","1","KBps","","n/a","0"
"WIN-DEMO-APP03","net.transmitted.average","8/20/2026 3:22:40 AM","20","1","1","KBps","","n/a","0"
"WIN-DEMO-APP03","net.transmitted.average","8/20/2026 3:23:00 AM","20","2","2","KBps","","n/a","0"
"WIN-DEMO-APP03","net.transmitted.average","8/20/2026 3:23:20 AM","20","1","1","KBps","","n/a","0"
"WIN-DEMO-APP03","net.transmitted.average","8/20/2026 3:23:40 AM","20","1","1","KBps","","n/a","0"
"WIN-DEMO-APP03","net.transmitted.average","8/20/2026 3:24:00 AM","20","2","2","KBps","","n/a","0"
"WIN-DEMO-APP03","net.transmitted.average","8/20/2026 3:24:20 AM","20","1","1","KBps","","n/a","0"
"WIN-DEMO-APP03","net.transmitted.average","8/20/2026 3:24:40 AM","20","1","1","KBps","","n/a","0"
"WIN-DEMO-APP03","net.transmitted.average","8/20/2026 3:25:00 AM","20","1","1","KBps","","n/a","0"
"WIN-DEMO-APP03","net.transmitted.average","8/20/2026 3:25:20 AM","20","1","1","KBps","","n/a","0"
"WIN-DEMO-APP03","net.transmitted.average","8/20/2026 3:25:40 AM","20","1","1","KBps","","n/a","0"
"WIN-DEMO-APP03","net.transmitted.average","8/20/2026 3:26:00 AM","20","2","2","KBps","","n/a","0"
"WIN-DEMO-APP03","net.transmitted.average","8/20/2026 3:26:20 AM","20","1","1","KBps","","n/a","0"
"WIN-DEMO-APP03","net.transmitted.average","8/20/2026 3:26:40 AM","20","1","1","KBps","","n/a","0"
"WIN-DEMO-APP03","net.transmitted.average","8/20/2026 3:27:00 AM","20","1","1","KBps","","n/a","0"
"WIN-DEMO-APP03","net.transmitted.average","8/20/2026 3:27:20 AM","20","1","1","KBps","","n/a","0"
"WIN-DEMO-APP03","net.transmitted.average","8/20/2026 3:27:40 AM","20","1","1","KBps","","n/a","0"
"WIN-DEMO-APP03","net.transmitted.average","8/20/2026 3:28:00 AM","20","1","1","KBps","","n/a","0"
"WIN-DEMO-APP03","net.transmitted.average","8/20/2026 3:28:20 AM","20","1","1","KBps","","n/a","0"
"WIN-DEMO-APP03","net.transmitted.average","8/20/2026 3:28:40 AM","20","1","1","KBps","","n/a","0"
"WIN-DEMO-APP03","net.transmitted.average","8/20/2026 3:29:00 AM","20","1","1","KBps","","n/a","0"
"WIN-DEMO-APP03","net.transmitted.average","8/20/2026 3:29:20 AM","20","1","1","KBps","","n/a","0"
"WIN-DEMO-APP03","net.transmitted.average","8/20/2026 3:29:40 AM","20","1","1","KBps","","n/a","0"
"WIN-DEMO-APP03","net.transmitted.average","8/20/2026 3:30:00 AM","20","1","1","KBps","","n/a","0"
"WIN-DEMO-APP03","virtualdisk.numberreadaveraged.average","8/20/2026 2:30:20 AM","20","0","0","number","scsi0:0","n/a","0"
"WIN-DEMO-APP03","virtualdisk.numberreadaveraged.average","8/20/2026 2:30:40 AM","20","0","0","number","scsi0:0","n/a","0"
"WIN-DEMO-APP03","virtualdisk.numberreadaveraged.average","8/20/2026 2:31:00 AM","20","0","0","number","scsi0:0","n/a","0"
"WIN-DEMO-APP03","virtualdisk.numberreadaveraged.average","8/20/2026 2:31:20 AM","20","0","0","number","scsi0:0","n/a","0"
"WIN-DEMO-APP03","virtualdisk.numberreadaveraged.average","8/20/2026 2:31:40 AM","20","0","0","number","scsi0:0","n/a","0"
"WIN-DEMO-APP03","virtualdisk.numberreadaveraged.average","8/20/2026 2:32:00 AM","20","0","0","number","scsi0:0","n/a","0"
"WIN-DEMO-APP03","virtualdisk.numberreadaveraged.average","8/20/2026 2:32:20 AM","20","0","0","number","scsi0:0","n/a","0"
"WIN-DEMO-APP03","virtualdisk.numberreadaveraged.average","8/20/2026 2:32:40 AM","20","0","0","number","scsi0:0","n/a","0"
"WIN-DEMO-APP03","virtualdisk.numberreadaveraged.average","8/20/2026 2:33:00 AM","20","0","0","number","scsi0:0","n/a","0"
"WIN-DEMO-APP03","virtualdisk.numberreadaveraged.average","8/20/2026 2:33:20 AM","20","0","0","number","scsi0:0","n/a","0"
"WIN-DEMO-APP03","virtualdisk.numberreadaveraged.average","8/20/2026 2:33:40 AM","20","0","0","number","scsi0:0","n/a","0"
"WIN-DEMO-APP03","virtualdisk.numberreadaveraged.average","8/20/2026 2:34:00 AM","20","0","0","number","scsi0:0","n/a","0"
"WIN-DEMO-APP03","virtualdisk.numberreadaveraged.average","8/20/2026 2:34:20 AM","20","0","0","number","scsi0:0","n/a","0"
"WIN-DEMO-APP03","virtualdisk.numberreadaveraged.average","8/20/2026 2:34:40 AM","20","0","0","number","scsi0:0","n/a","0"
"WIN-DEMO-APP03","virtualdisk.numberreadaveraged.average","8/20/2026 2:35:00 AM","20","0","0","number","scsi0:0","n/a","0"
"WIN-DEMO-APP03","virtualdisk.numberreadaveraged.average","8/20/2026 2:35:20 AM","20","0","0","number","scsi0:0","n/a","0"
"WIN-DEMO-APP03","virtualdisk.numberreadaveraged.average","8/20/2026 2:35:40 AM","20","0","0","number","scsi0:0","n/a","0"
"WIN-DEMO-APP03","virtualdisk.numberreadaveraged.average","8/20/2026 2:36:00 AM","20","0","0","number","scsi0:0","n/a","0"
"WIN-DEMO-APP03","virtualdisk.numberreadaveraged.average","8/20/2026 2:36:20 AM","20","0","0","number","scsi0:0","n/a","0"
"WIN-DEMO-APP03","virtualdisk.numberreadaveraged.average","8/20/2026 2:36:40 AM","20","0","0","number","scsi0:0","n/a","0"
"WIN-DEMO-APP03","virtualdisk.numberreadaveraged.average","8/20/2026 2:37:00 AM","20","0","0","number","scsi0:0","n/a","0"
"WIN-DEMO-APP03","virtualdisk.numberreadaveraged.average","8/20/2026 2:37:20 AM","20","0","0","number","scsi0:0","n/a","0"
"WIN-DEMO-APP03","virtualdisk.numberreadaveraged.average","8/20/2026 2:37:40 AM","20","0","0","number","scsi0:0","n/a","0"
"WIN-DEMO-APP03","virtualdisk.numberreadaveraged.average","8/20/2026 2:38:00 AM","20","0","0","number","scsi0:0","n/a","0"
"WIN-DEMO-APP03","virtualdisk.numberreadaveraged.average","8/20/2026 2:38:20 AM","20","0","0","number","scsi0:0","n/a","0"
"WIN-DEMO-APP03","virtualdisk.numberreadaveraged.average","8/20/2026 2:38:40 AM","20","0","0","number","scsi0:0","n/a","0"
"WIN-DEMO-APP03","virtualdisk.numberreadaveraged.average","8/20/2026 2:39:00 AM","20","0","0","number","scsi0:0","n/a","0"
"WIN-DEMO-APP03","virtualdisk.numberreadaveraged.average","8/20/2026 2:39:20 AM","20","0","0","number","scsi0:0","n/a","0"
"WIN-DEMO-APP03","virtualdisk.numberreadaveraged.average","8/20/2026 2:39:40 AM","20","0","0","number","scsi0:0","n/a","0"
"WIN-DEMO-APP03","virtualdisk.numberreadaveraged.average","8/20/2026 2:40:00 AM","20","0","0","number","scsi0:0","n/a","0"
"WIN-DEMO-APP03","virtualdisk.numberreadaveraged.average","8/20/2026 2:40:20 AM","20","0","0","number","scsi0:0","n/a","0"
"WIN-DEMO-APP03","virtualdisk.numberreadaveraged.average","8/20/2026 2:40:40 AM","20","0","0","number","scsi0:0","n/a","0"
"WIN-DEMO-APP03","virtualdisk.numberreadaveraged.average","8/20/2026 2:41:00 AM","20","0","0","number","scsi0:0","n/a","0"
"WIN-DEMO-APP03","virtualdisk.numberreadaveraged.average","8/20/2026 2:41:20 AM","20","0","0","number","scsi0:0","n/a","0"
"WIN-DEMO-APP03","virtualdisk.numberreadaveraged.average","8/20/2026 2:41:40 AM","20","0","0","number","scsi0:0","n/a","0"
"WIN-DEMO-APP03","virtualdisk.numberreadaveraged.average","8/20/2026 2:42:00 AM","20","0","0","number","scsi0:0","n/a","0"
"WIN-DEMO-APP03","virtualdisk.numberreadaveraged.average","8/20/2026 2:42:20 AM","20","0","0","number","scsi0:0","n/a","0"
"WIN-DEMO-APP03","virtualdisk.numberreadaveraged.average","8/20/2026 2:42:40 AM","20","0","0","number","scsi0:0","n/a","0"
"WIN-DEMO-APP03","virtualdisk.numberreadaveraged.average","8/20/2026 2:43:00 AM","20","0","0","number","scsi0:0","n/a","0"
"WIN-DEMO-APP03","virtualdisk.numberreadaveraged.average","8/20/2026 2:43:20 AM","20","0","0","number","scsi0:0","n/a","0"
"WIN-DEMO-APP03","virtualdisk.numberreadaveraged.average","8/20/2026 2:43:40 AM","20","0","0","number","scsi0:0","n/a","0"
"WIN-DEMO-APP03","virtualdisk.numberreadaveraged.average","8/20/2026 2:44:00 AM","20","0","0","number","scsi0:0","n/a","0"
"WIN-DEMO-APP03","virtualdisk.numberreadaveraged.average","8/20/2026 2:44:20 AM","20","0","0","number","scsi0:0","n/a","0"
"WIN-DEMO-APP03","virtualdisk.numberreadaveraged.average","8/20/2026 2:44:40 AM","20","0","0","number","scsi0:0","n/a","0"
"WIN-DEMO-APP03","virtualdisk.numberreadaveraged.average","8/20/2026 2:45:00 AM","20","0","0","number","scsi0:0","n/a","0"
"WIN-DEMO-APP03","virtualdisk.numberreadaveraged.average","8/20/2026 2:45:20 AM","20","0","0","number","scsi0:0","n/a","0"
"WIN-DEMO-APP03","virtualdisk.numberreadaveraged.average","8/20/2026 2:45:40 AM","20","0","0","number","scsi0:0","n/a","0"
"WIN-DEMO-APP03","virtualdisk.numberreadaveraged.average","8/20/2026 2:46:00 AM","20","0","0","number","scsi0:0","n/a","0"
"WIN-DEMO-APP03","virtualdisk.numberreadaveraged.average","8/20/2026 2:46:20 AM","20","0","0","number","scsi0:0","n/a","0"
"WIN-DEMO-APP03","virtualdisk.numberreadaveraged.average","8/20/2026 2:46:40 AM","20","0","0","number","scsi0:0","n/a","0"
"WIN-DEMO-APP03","virtualdisk.numberreadaveraged.average","8/20/2026 2:47:00 AM","20","0","0","number","scsi0:0","n/a","0"
"WIN-DEMO-APP03","virtualdisk.numberreadaveraged.average","8/20/2026 2:47:20 AM","20","0","0","number","scsi0:0","n/a","0"
"WIN-DEMO-APP03","virtualdisk.numberreadaveraged.average","8/20/2026 2:47:40 AM","20","0","0","number","scsi0:0","n/a","0"
"WIN-DEMO-APP03","virtualdisk.numberreadaveraged.average","8/20/2026 2:48:00 AM","20","0","0","number","scsi0:0","n/a","0"
"WIN-DEMO-APP03","virtualdisk.numberreadaveraged.average","8/20/2026 2:48:20 AM","20","0","0","number","scsi0:0","n/a","0"
"WIN-DEMO-APP03","virtualdisk.numberreadaveraged.average","8/20/2026 2:48:40 AM","20","0","0","number","scsi0:0","n/a","0"
"WIN-DEMO-APP03","virtualdisk.numberreadaveraged.average","8/20/2026 2:49:00 AM","20","0","0","number","scsi0:0","n/a","0"
"WIN-DEMO-APP03","virtualdisk.numberreadaveraged.average","8/20/2026 2:49:20 AM","20","0","0","number","scsi0:0","n/a","0"
"WIN-DEMO-APP03","virtualdisk.numberreadaveraged.average","8/20/2026 2:49:40 AM","20","0","0","number","scsi0:0","n/a","0"
"WIN-DEMO-APP03","virtualdisk.numberreadaveraged.average","8/20/2026 2:50:00 AM","20","0","0","number","scsi0:0","n/a","0"
"WIN-DEMO-APP03","virtualdisk.numberreadaveraged.average","8/20/2026 2:50:20 AM","20","0","0","number","scsi0:0","n/a","0"
"WIN-DEMO-APP03","virtualdisk.numberreadaveraged.average","8/20/2026 2:50:40 AM","20","0","0","number","scsi0:0","n/a","0"
"WIN-DEMO-APP03","virtualdisk.numberreadaveraged.average","8/20/2026 2:51:00 AM","20","0","0","number","scsi0:0","n/a","0"
"WIN-DEMO-APP03","virtualdisk.numberreadaveraged.average","8/20/2026 2:51:20 AM","20","0","0","number","scsi0:0","n/a","0"
"WIN-DEMO-APP03","virtualdisk.numberreadaveraged.average","8/20/2026 2:51:40 AM","20","0","0","number","scsi0:0","n/a","0"
"WIN-DEMO-APP03","virtualdisk.numberreadaveraged.average","8/20/2026 2:52:00 AM","20","0","0","number","scsi0:0","n/a","0"
"WIN-DEMO-APP03","virtualdisk.numberreadaveraged.average","8/20/2026 2:52:20 AM","20","0","0","number","scsi0:0","n/a","0"
"WIN-DEMO-APP03","virtualdisk.numberreadaveraged.average","8/20/2026 2:52:40 AM","20","0","0","number","scsi0:0","n/a","0"
"WIN-DEMO-APP03","virtualdisk.numberreadaveraged.average","8/20/2026 2:53:00 AM","20","0","0","number","scsi0:0","n/a","0"
"WIN-DEMO-APP03","virtualdisk.numberreadaveraged.average","8/20/2026 2:53:20 AM","20","0","0","number","scsi0:0","n/a","0"
"WIN-DEMO-APP03","virtualdisk.numberreadaveraged.average","8/20/2026 2:53:40 AM","20","0","0","number","scsi0:0","n/a","0"
"WIN-DEMO-APP03","virtualdisk.numberreadaveraged.average","8/20/2026 2:54:00 AM","20","0","0","number","scsi0:0","n/a","0"
"WIN-DEMO-APP03","virtualdisk.numberreadaveraged.average","8/20/2026 2:54:20 AM","20","0","0","number","scsi0:0","n/a","0"
"WIN-DEMO-APP03","virtualdisk.numberreadaveraged.average","8/20/2026 2:54:40 AM","20","0","0","number","scsi0:0","n/a","0"
"WIN-DEMO-APP03","virtualdisk.numberreadaveraged.average","8/20/2026 2:55:00 AM","20","0","0","number","scsi0:0","n/a","0"
"WIN-DEMO-APP03","virtualdisk.numberreadaveraged.average","8/20/2026 2:55:20 AM","20","0","0","number","scsi0:0","n/a","0"
"WIN-DEMO-APP03","virtualdisk.numberreadaveraged.average","8/20/2026 2:55:40 AM","20","0","0","number","scsi0:0","n/a","0"
"WIN-DEMO-APP03","virtualdisk.numberreadaveraged.average","8/20/2026 2:56:00 AM","20","0","0","number","scsi0:0","n/a","0"
"WIN-DEMO-APP03","virtualdisk.numberreadaveraged.average","8/20/2026 2:56:20 AM","20","0","0","number","scsi0:0","n/a","0"
"WIN-DEMO-APP03","virtualdisk.numberreadaveraged.average","8/20/2026 2:56:40 AM","20","0","0","number","scsi0:0","n/a","0"
"WIN-DEMO-APP03","virtualdisk.numberreadaveraged.average","8/20/2026 2:57:00 AM","20","0","0","number","scsi0:0","n/a","0"
"WIN-DEMO-APP03","virtualdisk.numberreadaveraged.average","8/20/2026 2:57:20 AM","20","0","0","number","scsi0:0","n/a","0"
"WIN-DEMO-APP03","virtualdisk.numberreadaveraged.average","8/20/2026 2:57:40 AM","20","0","0","number","scsi0:0","n/a","0"
"WIN-DEMO-APP03","virtualdisk.numberreadaveraged.average","8/20/2026 2:58:00 AM","20","0","0","number","scsi0:0","n/a","0"
"WIN-DEMO-APP03","virtualdisk.numberreadaveraged.average","8/20/2026 2:58:20 AM","20","0","0","number","scsi0:0","n/a","0"
"WIN-DEMO-APP03","virtualdisk.numberreadaveraged.average","8/20/2026 2:58:40 AM","20","0","0","number","scsi0:0","n/a","0"
"WIN-DEMO-APP03","virtualdisk.numberreadaveraged.average","8/20/2026 2:59:00 AM","20","0","0","number","scsi0:0","n/a","0"
"WIN-DEMO-APP03","virtualdisk.numberreadaveraged.average","8/20/2026 2:59:20 AM","20","0","0","number","scsi0:0","n/a","0"
"WIN-DEMO-APP03","virtualdisk.numberreadaveraged.average","8/20/2026 2:59:40 AM","20","0","0","number","scsi0:0","n/a","0"
"WIN-DEMO-APP03","virtualdisk.numberreadaveraged.average","8/20/2026 3:00:00 AM","20","0","0","number","scsi0:0","n/a","0"
"WIN-DEMO-APP03","virtualdisk.numberreadaveraged.average","8/20/2026 3:00:20 AM","20","0","0","number","scsi0:0","n/a","0"
"WIN-DEMO-APP03","virtualdisk.numberreadaveraged.average","8/20/2026 3:00:40 AM","20","0","0","number","scsi0:0","n/a","0"
"WIN-DEMO-APP03","virtualdisk.numberreadaveraged.average","8/20/2026 3:01:00 AM","20","0","0","number","scsi0:0","n/a","0"
"WIN-DEMO-APP03","virtualdisk.numberreadaveraged.average","8/20/2026 3:01:20 AM","20","0","0","number","scsi0:0","n/a","0"
"WIN-DEMO-APP03","virtualdisk.numberreadaveraged.average","8/20/2026 3:01:40 AM","20","0","0","number","scsi0:0","n/a","0"
"WIN-DEMO-APP03","virtualdisk.numberreadaveraged.average","8/20/2026 3:02:00 AM","20","0","0","number","scsi0:0","n/a","0"
"WIN-DEMO-APP03","virtualdisk.numberreadaveraged.average","8/20/2026 3:02:20 AM","20","0","0","number","scsi0:0","n/a","0"
"WIN-DEMO-APP03","virtualdisk.numberreadaveraged.average","8/20/2026 3:02:40 AM","20","0","0","number","scsi0:0","n/a","0"
"WIN-DEMO-APP03","virtualdisk.numberreadaveraged.average","8/20/2026 3:03:00 AM","20","0","0","number","scsi0:0","n/a","0"
"WIN-DEMO-APP03","virtualdisk.numberreadaveraged.average","8/20/2026 3:03:20 AM","20","0","0","number","scsi0:0","n/a","0"
"WIN-DEMO-APP03","virtualdisk.numberreadaveraged.average","8/20/2026 3:03:40 AM","20","0","0","number","scsi0:0","n/a","0"
"WIN-DEMO-APP03","virtualdisk.numberreadaveraged.average","8/20/2026 3:04:00 AM","20","0","0","number","scsi0:0","n/a","0"
"WIN-DEMO-APP03","virtualdisk.numberreadaveraged.average","8/20/2026 3:04:20 AM","20","0","0","number","scsi0:0","n/a","0"
"WIN-DEMO-APP03","virtualdisk.numberreadaveraged.average","8/20/2026 3:04:40 AM","20","0","0","number","scsi0:0","n/a","0"
"WIN-DEMO-APP03","virtualdisk.numberreadaveraged.average","8/20/2026 3:05:00 AM","20","0","0","number","scsi0:0","n/a","0"
"WIN-DEMO-APP03","virtualdisk.numberreadaveraged.average","8/20/2026 3:05:20 AM","20","0","0","number","scsi0:0","n/a","0"
"WIN-DEMO-APP03","virtualdisk.numberreadaveraged.average","8/20/2026 3:05:40 AM","20","0","0","number","scsi0:0","n/a","0"
"WIN-DEMO-APP03","virtualdisk.numberreadaveraged.average","8/20/2026 3:06:00 AM","20","0","0","number","scsi0:0","n/a","0"
"WIN-DEMO-APP03","virtualdisk.numberreadaveraged.average","8/20/2026 3:06:20 AM","20","0","0","number","scsi0:0","n/a","0"
"WIN-DEMO-APP03","virtualdisk.numberreadaveraged.average","8/20/2026 3:06:40 AM","20","0","0","number","scsi0:0","n/a","0"
"WIN-DEMO-APP03","virtualdisk.numberreadaveraged.average","8/20/2026 3:07:00 AM","20","0","0","number","scsi0:0","n/a","0"
"WIN-DEMO-APP03","virtualdisk.numberreadaveraged.average","8/20/2026 3:07:20 AM","20","0","0","number","scsi0:0","n/a","0"
"WIN-DEMO-APP03","virtualdisk.numberreadaveraged.average","8/20/2026 3:07:40 AM","20","0","0","number","scsi0:0","n/a","0"
"WIN-DEMO-APP03","virtualdisk.numberreadaveraged.average","8/20/2026 3:08:00 AM","20","0","0","number","scsi0:0","n/a","0"
"WIN-DEMO-APP03","virtualdisk.numberreadaveraged.average","8/20/2026 3:08:20 AM","20","0","0","number","scsi0:0","n/a","0"
"WIN-DEMO-APP03","virtualdisk.numberreadaveraged.average","8/20/2026 3:08:40 AM","20","0","0","number","scsi0:0","n/a","0"
"WIN-DEMO-APP03","virtualdisk.numberreadaveraged.average","8/20/2026 3:09:00 AM","20","0","0","number","scsi0:0","n/a","0"
"WIN-DEMO-APP03","virtualdisk.numberreadaveraged.average","8/20/2026 3:09:20 AM","20","0","0","number","scsi0:0","n/a","0"
"WIN-DEMO-APP03","virtualdisk.numberreadaveraged.average","8/20/2026 3:09:40 AM","20","0","0","number","scsi0:0","n/a","0"
"WIN-DEMO-APP03","virtualdisk.numberreadaveraged.average","8/20/2026 3:10:00 AM","20","0","0","number","scsi0:0","n/a","0"
"WIN-DEMO-APP03","virtualdisk.numberreadaveraged.average","8/20/2026 3:10:20 AM","20","0","0","number","scsi0:0","n/a","0"
"WIN-DEMO-APP03","virtualdisk.numberreadaveraged.average","8/20/2026 3:10:40 AM","20","0","0","number","scsi0:0","n/a","0"
"WIN-DEMO-APP03","virtualdisk.numberreadaveraged.average","8/20/2026 3:11:00 AM","20","0","0","number","scsi0:0","n/a","0"
"WIN-DEMO-APP03","virtualdisk.numberreadaveraged.average","8/20/2026 3:11:20 AM","20","0","0","number","scsi0:0","n/a","0"
"WIN-DEMO-APP03","virtualdisk.numberreadaveraged.average","8/20/2026 3:11:40 AM","20","0","0","number","scsi0:0","n/a","0"
"WIN-DEMO-APP03","virtualdisk.numberreadaveraged.average","8/20/2026 3:12:00 AM","20","0","0","number","scsi0:0","n/a","0"
"WIN-DEMO-APP03","virtualdisk.numberreadaveraged.average","8/20/2026 3:12:20 AM","20","0","0","number","scsi0:0","n/a","0"
"WIN-DEMO-APP03","virtualdisk.numberreadaveraged.average","8/20/2026 3:12:40 AM","20","0","0","number","scsi0:0","n/a","0"
"WIN-DEMO-APP03","virtualdisk.numberreadaveraged.average","8/20/2026 3:13:00 AM","20","0","0","number","scsi0:0","n/a","0"
"WIN-DEMO-APP03","virtualdisk.numberreadaveraged.average","8/20/2026 3:13:20 AM","20","0","0","number","scsi0:0","n/a","0"
"WIN-DEMO-APP03","virtualdisk.numberreadaveraged.average","8/20/2026 3:13:40 AM","20","0","0","number","scsi0:0","n/a","0"
"WIN-DEMO-APP03","virtualdisk.numberreadaveraged.average","8/20/2026 3:14:00 AM","20","0","0","number","scsi0:0","n/a","0"
"WIN-DEMO-APP03","virtualdisk.numberreadaveraged.average","8/20/2026 3:14:20 AM","20","0","0","number","scsi0:0","n/a","0"
"WIN-DEMO-APP03","virtualdisk.numberreadaveraged.average","8/20/2026 3:14:40 AM","20","0","0","number","scsi0:0","n/a","0"
"WIN-DEMO-APP03","virtualdisk.numberreadaveraged.average","8/20/2026 3:15:00 AM","20","0","0","number","scsi0:0","n/a","0"
"WIN-DEMO-APP03","virtualdisk.numberreadaveraged.average","8/20/2026 3:15:20 AM","20","0","0","number","scsi0:0","n/a","0"
"WIN-DEMO-APP03","virtualdisk.numberreadaveraged.average","8/20/2026 3:15:40 AM","20","0","0","number","scsi0:0","n/a","0"
"WIN-DEMO-APP03","virtualdisk.numberreadaveraged.average","8/20/2026 3:16:00 AM","20","0","0","number","scsi0:0","n/a","0"
"WIN-DEMO-APP03","virtualdisk.numberreadaveraged.average","8/20/2026 3:16:20 AM","20","0","0","number","scsi0:0","n/a","0"
"WIN-DEMO-APP03","virtualdisk.numberreadaveraged.average","8/20/2026 3:16:40 AM","20","0","0","number","scsi0:0","n/a","0"
"WIN-DEMO-APP03","virtualdisk.numberreadaveraged.average","8/20/2026 3:17:00 AM","20","0","0","number","scsi0:0","n/a","0"
"WIN-DEMO-APP03","virtualdisk.numberreadaveraged.average","8/20/2026 3:17:20 AM","20","0","0","number","scsi0:0","n/a","0"
"WIN-DEMO-APP03","virtualdisk.numberreadaveraged.average","8/20/2026 3:17:40 AM","20","0","0","number","scsi0:0","n/a","0"
"WIN-DEMO-APP03","virtualdisk.numberreadaveraged.average","8/20/2026 3:18:00 AM","20","0","0","number","scsi0:0","n/a","0"
"WIN-DEMO-APP03","virtualdisk.numberreadaveraged.average","8/20/2026 3:18:20 AM","20","0","0","number","scsi0:0","n/a","0"
"WIN-DEMO-APP03","virtualdisk.numberreadaveraged.average","8/20/2026 3:18:40 AM","20","0","0","number","scsi0:0","n/a","0"
"WIN-DEMO-APP03","virtualdisk.numberreadaveraged.average","8/20/2026 3:19:00 AM","20","0","0","number","scsi0:0","n/a","0"
"WIN-DEMO-APP03","virtualdisk.numberreadaveraged.average","8/20/2026 3:19:20 AM","20","0","0","number","scsi0:0","n/a","0"
"WIN-DEMO-APP03","virtualdisk.numberreadaveraged.average","8/20/2026 3:19:40 AM","20","0","0","number","scsi0:0","n/a","0"
"WIN-DEMO-APP03","virtualdisk.numberreadaveraged.average","8/20/2026 3:20:00 AM","20","0","0","number","scsi0:0","n/a","0"
"WIN-DEMO-APP03","virtualdisk.numberreadaveraged.average","8/20/2026 3:20:20 AM","20","0","0","number","scsi0:0","n/a","0"
"WIN-DEMO-APP03","virtualdisk.numberreadaveraged.average","8/20/2026 3:20:40 AM","20","0","0","number","scsi0:0","n/a","0"
"WIN-DEMO-APP03","virtualdisk.numberreadaveraged.average","8/20/2026 3:21:00 AM","20","0","0","number","scsi0:0","n/a","0"
"WIN-DEMO-APP03","virtualdisk.numberreadaveraged.average","8/20/2026 3:21:20 AM","20","0","0","number","scsi0:0","n/a","0"
"WIN-DEMO-APP03","virtualdisk.numberreadaveraged.average","8/20/2026 3:21:40 AM","20","0","0","number","scsi0:0","n/a","0"
"WIN-DEMO-APP03","virtualdisk.numberreadaveraged.average","8/20/2026 3:22:00 AM","20","0","0","number","scsi0:0","n/a","0"
"WIN-DEMO-APP03","virtualdisk.numberreadaveraged.average","8/20/2026 3:22:20 AM","20","0","0","number","scsi0:0","n/a","0"
"WIN-DEMO-APP03","virtualdisk.numberreadaveraged.average","8/20/2026 3:22:40 AM","20","0","0","number","scsi0:0","n/a","0"
"WIN-DEMO-APP03","virtualdisk.numberreadaveraged.average","8/20/2026 3:23:00 AM","20","0","0","number","scsi0:0","n/a","0"
"WIN-DEMO-APP03","virtualdisk.numberreadaveraged.average","8/20/2026 3:23:20 AM","20","0","0","number","scsi0:0","n/a","0"
"WIN-DEMO-APP03","virtualdisk.numberreadaveraged.average","8/20/2026 3:23:40 AM","20","0","0","number","scsi0:0","n/a","0"
"WIN-DEMO-APP03","virtualdisk.numberreadaveraged.average","8/20/2026 3:24:00 AM","20","0","0","number","scsi0:0","n/a","0"
"WIN-DEMO-APP03","virtualdisk.numberreadaveraged.average","8/20/2026 3:24:20 AM","20","0","0","number","scsi0:0","n/a","0"
"WIN-DEMO-APP03","virtualdisk.numberreadaveraged.average","8/20/2026 3:24:40 AM","20","0","0","number","scsi0:0","n/a","0"
"WIN-DEMO-APP03","virtualdisk.numberreadaveraged.average","8/20/2026 3:25:00 AM","20","0","0","number","scsi0:0","n/a","0"
"WIN-DEMO-APP03","virtualdisk.numberreadaveraged.average","8/20/2026 3:25:20 AM","20","0","0","number","scsi0:0","n/a","0"
"WIN-DEMO-APP03","virtualdisk.numberreadaveraged.average","8/20/2026 3:25:40 AM","20","0","0","number","scsi0:0","n/a","0"
"WIN-DEMO-APP03","virtualdisk.numberreadaveraged.average","8/20/2026 3:26:00 AM","20","0","0","number","scsi0:0","n/a","0"
"WIN-DEMO-APP03","virtualdisk.numberreadaveraged.average","8/20/2026 3:26:20 AM","20","0","0","number","scsi0:0","n/a","0"
"WIN-DEMO-APP03","virtualdisk.numberreadaveraged.average","8/20/2026 3:26:40 AM","20","0","0","number","scsi0:0","n/a","0"
"WIN-DEMO-APP03","virtualdisk.numberreadaveraged.average","8/20/2026 3:27:00 AM","20","0","0","number","scsi0:0","n/a","0"
"WIN-DEMO-APP03","virtualdisk.numberreadaveraged.average","8/20/2026 3:27:20 AM","20","0","0","number","scsi0:0","n/a","0"
"WIN-DEMO-APP03","virtualdisk.numberreadaveraged.average","8/20/2026 3:27:40 AM","20","0","0","number","scsi0:0","n/a","0"
"WIN-DEMO-APP03","virtualdisk.numberreadaveraged.average","8/20/2026 3:28:00 AM","20","0","0","number","scsi0:0","n/a","0"
"WIN-DEMO-APP03","virtualdisk.numberreadaveraged.average","8/20/2026 3:28:20 AM","20","0","0","number","scsi0:0","n/a","0"
"WIN-DEMO-APP03","virtualdisk.numberreadaveraged.average","8/20/2026 3:28:40 AM","20","0","0","number","scsi0:0","n/a","0"
"WIN-DEMO-APP03","virtualdisk.numberreadaveraged.average","8/20/2026 3:29:00 AM","20","0","0","number","scsi0:0","n/a","0"
"WIN-DEMO-APP03","virtualdisk.numberreadaveraged.average","8/20/2026 3:29:20 AM","20","0","0","number","scsi0:0","n/a","0"
"WIN-DEMO-APP03","virtualdisk.numberreadaveraged.average","8/20/2026 3:29:40 AM","20","0","0","number","scsi0:0","n/a","0"
"WIN-DEMO-APP03","virtualdisk.numberreadaveraged.average","8/20/2026 3:30:00 AM","20","0","0","number","scsi0:0","n/a","0"
"WIN-DEMO-APP03","virtualdisk.numberreadaveraged.average","8/20/2026 2:30:20 AM","20","0","0","number","scsi0:1","n/a","0"
"WIN-DEMO-APP03","virtualdisk.numberreadaveraged.average","8/20/2026 2:30:40 AM","20","0","0","number","scsi0:1","n/a","0"
"WIN-DEMO-APP03","virtualdisk.numberreadaveraged.average","8/20/2026 2:31:00 AM","20","0","0","number","scsi0:1","n/a","0"
"WIN-DEMO-APP03","virtualdisk.numberreadaveraged.average","8/20/2026 2:31:20 AM","20","0","0","number","scsi0:1","n/a","0"
"WIN-DEMO-APP03","virtualdisk.numberreadaveraged.average","8/20/2026 2:31:40 AM","20","0","0","number","scsi0:1","n/a","0"
"WIN-DEMO-APP03","virtualdisk.numberreadaveraged.average","8/20/2026 2:32:00 AM","20","0","0","number","scsi0:1","n/a","0"
"WIN-DEMO-APP03","virtualdisk.numberreadaveraged.average","8/20/2026 2:32:20 AM","20","0","0","number","scsi0:1","n/a","0"
"WIN-DEMO-APP03","virtualdisk.numberreadaveraged.average","8/20/2026 2:32:40 AM","20","0","0","number","scsi0:1","n/a","0"
"WIN-DEMO-APP03","virtualdisk.numberreadaveraged.average","8/20/2026 2:33:00 AM","20","0","0","number","scsi0:1","n/a","0"
"WIN-DEMO-APP03","virtualdisk.numberreadaveraged.average","8/20/2026 2:33:20 AM","20","0","0","number","scsi0:1","n/a","0"
"WIN-DEMO-APP03","virtualdisk.numberreadaveraged.average","8/20/2026 2:33:40 AM","20","0","0","number","scsi0:1","n/a","0"
"WIN-DEMO-APP03","virtualdisk.numberreadaveraged.average","8/20/2026 2:34:00 AM","20","0","0","number","scsi0:1","n/a","0"
"WIN-DEMO-APP03","virtualdisk.numberreadaveraged.average","8/20/2026 2:34:20 AM","20","0","0","number","scsi0:1","n/a","0"
"WIN-DEMO-APP03","virtualdisk.numberreadaveraged.average","8/20/2026 2:34:40 AM","20","0","0","number","scsi0:1","n/a","0"
"WIN-DEMO-APP03","virtualdisk.numberreadaveraged.average","8/20/2026 2:35:00 AM","20","0","0","number","scsi0:1","n/a","0"
"WIN-DEMO-APP03","virtualdisk.numberreadaveraged.average","8/20/2026 2:35:20 AM","20","0","0","number","scsi0:1","n/a","0"
"WIN-DEMO-APP03","virtualdisk.numberreadaveraged.average","8/20/2026 2:35:40 AM","20","0","0","number","scsi0:1","n/a","0"
"WIN-DEMO-APP03","virtualdisk.numberreadaveraged.average","8/20/2026 2:36:00 AM","20","0","0","number","scsi0:1","n/a","0"
"WIN-DEMO-APP03","virtualdisk.numberreadaveraged.average","8/20/2026 2:36:20 AM","20","0","0","number","scsi0:1","n/a","0"
"WIN-DEMO-APP03","virtualdisk.numberreadaveraged.average","8/20/2026 2:36:40 AM","20","0","0","number","scsi0:1","n/a","0"
"WIN-DEMO-APP03","virtualdisk.numberreadaveraged.average","8/20/2026 2:37:00 AM","20","0","0","number","scsi0:1","n/a","0"
"WIN-DEMO-APP03","virtualdisk.numberreadaveraged.average","8/20/2026 2:37:20 AM","20","0","0","number","scsi0:1","n/a","0"
"WIN-DEMO-APP03","virtualdisk.numberreadaveraged.average","8/20/2026 2:37:40 AM","20","0","0","number","scsi0:1","n/a","0"
"WIN-DEMO-APP03","virtualdisk.numberreadaveraged.average","8/20/2026 2:38:00 AM","20","0","0","number","scsi0:1","n/a","0"
"WIN-DEMO-APP03","virtualdisk.numberreadaveraged.average","8/20/2026 2:38:20 AM","20","0","0","number","scsi0:1","n/a","0"
"WIN-DEMO-APP03","virtualdisk.numberreadaveraged.average","8/20/2026 2:38:40 AM","20","0","0","number","scsi0:1","n/a","0"
"WIN-DEMO-APP03","virtualdisk.numberreadaveraged.average","8/20/2026 2:39:00 AM","20","0","0","number","scsi0:1","n/a","0"
"WIN-DEMO-APP03","virtualdisk.numberreadaveraged.average","8/20/2026 2:39:20 AM","20","0","0","number","scsi0:1","n/a","0"
"WIN-DEMO-APP03","virtualdisk.numberreadaveraged.average","8/20/2026 2:39:40 AM","20","0","0","number","scsi0:1","n/a","0"
"WIN-DEMO-APP03","virtualdisk.numberreadaveraged.average","8/20/2026 2:40:00 AM","20","0","0","number","scsi0:1","n/a","0"
"WIN-DEMO-APP03","virtualdisk.numberreadaveraged.average","8/20/2026 2:40:20 AM","20","0","0","number","scsi0:1","n/a","0"
"WIN-DEMO-APP03","virtualdisk.numberreadaveraged.average","8/20/2026 2:40:40 AM","20","0","0","number","scsi0:1","n/a","0"
"WIN-DEMO-APP03","virtualdisk.numberreadaveraged.average","8/20/2026 2:41:00 AM","20","0","0","number","scsi0:1","n/a","0"
"WIN-DEMO-APP03","virtualdisk.numberreadaveraged.average","8/20/2026 2:41:20 AM","20","0","0","number","scsi0:1","n/a","0"
"WIN-DEMO-APP03","virtualdisk.numberreadaveraged.average","8/20/2026 2:41:40 AM","20","0","0","number","scsi0:1","n/a","0"
"WIN-DEMO-APP03","virtualdisk.numberreadaveraged.average","8/20/2026 2:42:00 AM","20","0","0","number","scsi0:1","n/a","0"
"WIN-DEMO-APP03","virtualdisk.numberreadaveraged.average","8/20/2026 2:42:20 AM","20","0","0","number","scsi0:1","n/a","0"
"WIN-DEMO-APP03","virtualdisk.numberreadaveraged.average","8/20/2026 2:42:40 AM","20","0","0","number","scsi0:1","n/a","0"
"WIN-DEMO-APP03","virtualdisk.numberreadaveraged.average","8/20/2026 2:43:00 AM","20","0","0","number","scsi0:1","n/a","0"
"WIN-DEMO-APP03","virtualdisk.numberreadaveraged.average","8/20/2026 2:43:20 AM","20","0","0","number","scsi0:1","n/a","0"
"WIN-DEMO-APP03","virtualdisk.numberreadaveraged.average","8/20/2026 2:43:40 AM","20","0","0","number","scsi0:1","n/a","0"
"WIN-DEMO-APP03","virtualdisk.numberreadaveraged.average","8/20/2026 2:44:00 AM","20","0","0","number","scsi0:1","n/a","0"
"WIN-DEMO-APP03","virtualdisk.numberreadaveraged.average","8/20/2026 2:44:20 AM","20","0","0","number","scsi0:1","n/a","0"
"WIN-DEMO-APP03","virtualdisk.numberreadaveraged.average","8/20/2026 2:44:40 AM","20","0","0","number","scsi0:1","n/a","0"
"WIN-DEMO-APP03","virtualdisk.numberreadaveraged.average","8/20/2026 2:45:00 AM","20","0","0","number","scsi0:1","n/a","0"
"WIN-DEMO-APP03","virtualdisk.numberreadaveraged.average","8/20/2026 2:45:20 AM","20","0","0","number","scsi0:1","n/a","0"
"WIN-DEMO-APP03","virtualdisk.numberreadaveraged.average","8/20/2026 2:45:40 AM","20","0","0","number","scsi0:1","n/a","0"
"WIN-DEMO-APP03","virtualdisk.numberreadaveraged.average","8/20/2026 2:46:00 AM","20","0","0","number","scsi0:1","n/a","0"
"WIN-DEMO-APP03","virtualdisk.numberreadaveraged.average","8/20/2026 2:46:20 AM","20","0","0","number","scsi0:1","n/a","0"
"WIN-DEMO-APP03","virtualdisk.numberreadaveraged.average","8/20/2026 2:46:40 AM","20","0","0","number","scsi0:1","n/a","0"
"WIN-DEMO-APP03","virtualdisk.numberreadaveraged.average","8/20/2026 2:47:00 AM","20","0","0","number","scsi0:1","n/a","0"
"WIN-DEMO-APP03","virtualdisk.numberreadaveraged.average","8/20/2026 2:47:20 AM","20","0","0","number","scsi0:1","n/a","0"
"WIN-DEMO-APP03","virtualdisk.numberreadaveraged.average","8/20/2026 2:47:40 AM","20","0","0","number","scsi0:1","n/a","0"
"WIN-DEMO-APP03","virtualdisk.numberreadaveraged.average","8/20/2026 2:48:00 AM","20","0","0","number","scsi0:1","n/a","0"
"WIN-DEMO-APP03","virtualdisk.numberreadaveraged.average","8/20/2026 2:48:20 AM","20","0","0","number","scsi0:1","n/a","0"
"WIN-DEMO-APP03","virtualdisk.numberreadaveraged.average","8/20/2026 2:48:40 AM","20","0","0","number","scsi0:1","n/a","0"
"WIN-DEMO-APP03","virtualdisk.numberreadaveraged.average","8/20/2026 2:49:00 AM","20","0","0","number","scsi0:1","n/a","0"
"WIN-DEMO-APP03","virtualdisk.numberreadaveraged.average","8/20/2026 2:49:20 AM","20","0","0","number","scsi0:1","n/a","0"
"WIN-DEMO-APP03","virtualdisk.numberreadaveraged.average","8/20/2026 2:49:40 AM","20","0","0","number","scsi0:1","n/a","0"
"WIN-DEMO-APP03","virtualdisk.numberreadaveraged.average","8/20/2026 2:50:00 AM","20","0","0","number","scsi0:1","n/a","0"
"WIN-DEMO-APP03","virtualdisk.numberreadaveraged.average","8/20/2026 2:50:20 AM","20","0","0","number","scsi0:1","n/a","0"
"WIN-DEMO-APP03","virtualdisk.numberreadaveraged.average","8/20/2026 2:50:40 AM","20","0","0","number","scsi0:1","n/a","0"
"WIN-DEMO-APP03","virtualdisk.numberreadaveraged.average","8/20/2026 2:51:00 AM","20","0","0","number","scsi0:1","n/a","0"
"WIN-DEMO-APP03","virtualdisk.numberreadaveraged.average","8/20/2026 2:51:20 AM","20","0","0","number","scsi0:1","n/a","0"
"WIN-DEMO-APP03","virtualdisk.numberreadaveraged.average","8/20/2026 2:51:40 AM","20","0","0","number","scsi0:1","n/a","0"
"WIN-DEMO-APP03","virtualdisk.numberreadaveraged.average","8/20/2026 2:52:00 AM","20","0","0","number","scsi0:1","n/a","0"
"WIN-DEMO-APP03","virtualdisk.numberreadaveraged.average","8/20/2026 2:52:20 AM","20","0","0","number","scsi0:1","n/a","0"
"WIN-DEMO-APP03","virtualdisk.numberreadaveraged.average","8/20/2026 2:52:40 AM","20","0","0","number","scsi0:1","n/a","0"
"WIN-DEMO-APP03","virtualdisk.numberreadaveraged.average","8/20/2026 2:53:00 AM","20","0","0","number","scsi0:1","n/a","0"
"WIN-DEMO-APP03","virtualdisk.numberreadaveraged.average","8/20/2026 2:53:20 AM","20","0","0","number","scsi0:1","n/a","0"
"WIN-DEMO-APP03","virtualdisk.numberreadaveraged.average","8/20/2026 2:53:40 AM","20","0","0","number","scsi0:1","n/a","0"
"WIN-DEMO-APP03","virtualdisk.numberreadaveraged.average","8/20/2026 2:54:00 AM","20","0","0","number","scsi0:1","n/a","0"
"WIN-DEMO-APP03","virtualdisk.numberreadaveraged.average","8/20/2026 2:54:20 AM","20","0","0","number","scsi0:1","n/a","0"
"WIN-DEMO-APP03","virtualdisk.numberreadaveraged.average","8/20/2026 2:54:40 AM","20","0","0","number","scsi0:1","n/a","0"
"WIN-DEMO-APP03","virtualdisk.numberreadaveraged.average","8/20/2026 2:55:00 AM","20","0","0","number","scsi0:1","n/a","0"
"WIN-DEMO-APP03","virtualdisk.numberreadaveraged.average","8/20/2026 2:55:20 AM","20","0","0","number","scsi0:1","n/a","0"
"WIN-DEMO-APP03","virtualdisk.numberreadaveraged.average","8/20/2026 2:55:40 AM","20","0","0","number","scsi0:1","n/a","0"
"WIN-DEMO-APP03","virtualdisk.numberreadaveraged.average","8/20/2026 2:56:00 AM","20","0","0","number","scsi0:1","n/a","0"
"WIN-DEMO-APP03","virtualdisk.numberreadaveraged.average","8/20/2026 2:56:20 AM","20","0","0","number","scsi0:1","n/a","0"
"WIN-DEMO-APP03","virtualdisk.numberreadaveraged.average","8/20/2026 2:56:40 AM","20","0","0","number","scsi0:1","n/a","0"
"WIN-DEMO-APP03","virtualdisk.numberreadaveraged.average","8/20/2026 2:57:00 AM","20","0","0","number","scsi0:1","n/a","0"
"WIN-DEMO-APP03","virtualdisk.numberreadaveraged.average","8/20/2026 2:57:20 AM","20","0","0","number","scsi0:1","n/a","0"
"WIN-DEMO-APP03","virtualdisk.numberreadaveraged.average","8/20/2026 2:57:40 AM","20","0","0","number","scsi0:1","n/a","0"
"WIN-DEMO-APP03","virtualdisk.numberreadaveraged.average","8/20/2026 2:58:00 AM","20","0","0","number","scsi0:1","n/a","0"
"WIN-DEMO-APP03","virtualdisk.numberreadaveraged.average","8/20/2026 2:58:20 AM","20","0","0","number","scsi0:1","n/a","0"
"WIN-DEMO-APP03","virtualdisk.numberreadaveraged.average","8/20/2026 2:58:40 AM","20","0","0","number","scsi0:1","n/a","0"
"WIN-DEMO-APP03","virtualdisk.numberreadaveraged.average","8/20/2026 2:59:00 AM","20","0","0","number","scsi0:1","n/a","0"
"WIN-DEMO-APP03","virtualdisk.numberreadaveraged.average","8/20/2026 2:59:20 AM","20","0","0","number","scsi0:1","n/a","0"
"WIN-DEMO-APP03","virtualdisk.numberreadaveraged.average","8/20/2026 2:59:40 AM","20","0","0","number","scsi0:1","n/a","0"
"WIN-DEMO-APP03","virtualdisk.numberreadaveraged.average","8/20/2026 3:00:00 AM","20","0","0","number","scsi0:1","n/a","0"
"WIN-DEMO-APP03","virtualdisk.numberreadaveraged.average","8/20/2026 3:00:20 AM","20","0","0","number","scsi0:1","n/a","0"
"WIN-DEMO-APP03","virtualdisk.numberreadaveraged.average","8/20/2026 3:00:40 AM","20","0","0","number","scsi0:1","n/a","0"
"WIN-DEMO-APP03","virtualdisk.numberreadaveraged.average","8/20/2026 3:01:00 AM","20","0","0","number","scsi0:1","n/a","0"
"WIN-DEMO-APP03","virtualdisk.numberreadaveraged.average","8/20/2026 3:01:20 AM","20","0","0","number","scsi0:1","n/a","0"
"WIN-DEMO-APP03","virtualdisk.numberreadaveraged.average","8/20/2026 3:01:40 AM","20","0","0","number","scsi0:1","n/a","0"
"WIN-DEMO-APP03","virtualdisk.numberreadaveraged.average","8/20/2026 3:02:00 AM","20","0","0","number","scsi0:1","n/a","0"
"WIN-DEMO-APP03","virtualdisk.numberreadaveraged.average","8/20/2026 3:02:20 AM","20","0","0","number","scsi0:1","n/a","0"
"WIN-DEMO-APP03","virtualdisk.numberreadaveraged.average","8/20/2026 3:02:40 AM","20","0","0","number","scsi0:1","n/a","0"
"WIN-DEMO-APP03","virtualdisk.numberreadaveraged.average","8/20/2026 3:03:00 AM","20","0","0","number","scsi0:1","n/a","0"
"WIN-DEMO-APP03","virtualdisk.numberreadaveraged.average","8/20/2026 3:03:20 AM","20","0","0","number","scsi0:1","n/a","0"
"WIN-DEMO-APP03","virtualdisk.numberreadaveraged.average","8/20/2026 3:03:40 AM","20","0","0","number","scsi0:1","n/a","0"
"WIN-DEMO-APP03","virtualdisk.numberreadaveraged.average","8/20/2026 3:04:00 AM","20","0","0","number","scsi0:1","n/a","0"
"WIN-DEMO-APP03","virtualdisk.numberreadaveraged.average","8/20/2026 3:04:20 AM","20","0","0","number","scsi0:1","n/a","0"
"WIN-DEMO-APP03","virtualdisk.numberreadaveraged.average","8/20/2026 3:04:40 AM","20","0","0","number","scsi0:1","n/a","0"
"WIN-DEMO-APP03","virtualdisk.numberreadaveraged.average","8/20/2026 3:05:00 AM","20","0","0","number","scsi0:1","n/a","0"
"WIN-DEMO-APP03","virtualdisk.numberreadaveraged.average","8/20/2026 3:05:20 AM","20","0","0","number","scsi0:1","n/a","0"
"WIN-DEMO-APP03","virtualdisk.numberreadaveraged.average","8/20/2026 3:05:40 AM","20","0","0","number","scsi0:1","n/a","0"
"WIN-DEMO-APP03","virtualdisk.numberreadaveraged.average","8/20/2026 3:06:00 AM","20","0","0","number","scsi0:1","n/a","0"
"WIN-DEMO-APP03","virtualdisk.numberreadaveraged.average","8/20/2026 3:06:20 AM","20","0","0","number","scsi0:1","n/a","0"
"WIN-DEMO-APP03","virtualdisk.numberreadaveraged.average","8/20/2026 3:06:40 AM","20","0","0","number","scsi0:1","n/a","0"
"WIN-DEMO-APP03","virtualdisk.numberreadaveraged.average","8/20/2026 3:07:00 AM","20","0","0","number","scsi0:1","n/a","0"
"WIN-DEMO-APP03","virtualdisk.numberreadaveraged.average","8/20/2026 3:07:20 AM","20","0","0","number","scsi0:1","n/a","0"
"WIN-DEMO-APP03","virtualdisk.numberreadaveraged.average","8/20/2026 3:07:40 AM","20","0","0","number","scsi0:1","n/a","0"
"WIN-DEMO-APP03","virtualdisk.numberreadaveraged.average","8/20/2026 3:08:00 AM","20","0","0","number","scsi0:1","n/a","0"
"WIN-DEMO-APP03","virtualdisk.numberreadaveraged.average","8/20/2026 3:08:20 AM","20","0","0","number","scsi0:1","n/a","0"
"WIN-DEMO-APP03","virtualdisk.numberreadaveraged.average","8/20/2026 3:08:40 AM","20","0","0","number","scsi0:1","n/a","0"
"WIN-DEMO-APP03","virtualdisk.numberreadaveraged.average","8/20/2026 3:09:00 AM","20","0","0","number","scsi0:1","n/a","0"
"WIN-DEMO-APP03","virtualdisk.numberreadaveraged.average","8/20/2026 3:09:20 AM","20","0","0","number","scsi0:1","n/a","0"
"WIN-DEMO-APP03","virtualdisk.numberreadaveraged.average","8/20/2026 3:09:40 AM","20","0","0","number","scsi0:1","n/a","0"
"WIN-DEMO-APP03","virtualdisk.numberreadaveraged.average","8/20/2026 3:10:00 AM","20","0","0","number","scsi0:1","n/a","0"
"WIN-DEMO-APP03","virtualdisk.numberreadaveraged.average","8/20/2026 3:10:20 AM","20","0","0","number","scsi0:1","n/a","0"
"WIN-DEMO-APP03","virtualdisk.numberreadaveraged.average","8/20/2026 3:10:40 AM","20","0","0","number","scsi0:1","n/a","0"
"WIN-DEMO-APP03","virtualdisk.numberreadaveraged.average","8/20/2026 3:11:00 AM","20","0","0","number","scsi0:1","n/a","0"
"WIN-DEMO-APP03","virtualdisk.numberreadaveraged.average","8/20/2026 3:11:20 AM","20","0","0","number","scsi0:1","n/a","0"
"WIN-DEMO-APP03","virtualdisk.numberreadaveraged.average","8/20/2026 3:11:40 AM","20","0","0","number","scsi0:1","n/a","0"
"WIN-DEMO-APP03","virtualdisk.numberreadaveraged.average","8/20/2026 3:12:00 AM","20","0","0","number","scsi0:1","n/a","0"
"WIN-DEMO-APP03","virtualdisk.numberreadaveraged.average","8/20/2026 3:12:20 AM","20","0","0","number","scsi0:1","n/a","0"
"WIN-DEMO-APP03","virtualdisk.numberreadaveraged.average","8/20/2026 3:12:40 AM","20","0","0","number","scsi0:1","n/a","0"
"WIN-DEMO-APP03","virtualdisk.numberreadaveraged.average","8/20/2026 3:13:00 AM","20","0","0","number","scsi0:1","n/a","0"
"WIN-DEMO-APP03","virtualdisk.numberreadaveraged.average","8/20/2026 3:13:20 AM","20","0","0","number","scsi0:1","n/a","0"
"WIN-DEMO-APP03","virtualdisk.numberreadaveraged.average","8/20/2026 3:13:40 AM","20","0","0","number","scsi0:1","n/a","0"
"WIN-DEMO-APP03","virtualdisk.numberreadaveraged.average","8/20/2026 3:14:00 AM","20","0","0","number","scsi0:1","n/a","0"
"WIN-DEMO-APP03","virtualdisk.numberreadaveraged.average","8/20/2026 3:14:20 AM","20","0","0","number","scsi0:1","n/a","0"
"WIN-DEMO-APP03","virtualdisk.numberreadaveraged.average","8/20/2026 3:14:40 AM","20","0","0","number","scsi0:1","n/a","0"
"WIN-DEMO-APP03","virtualdisk.numberreadaveraged.average","8/20/2026 3:15:00 AM","20","0","0","number","scsi0:1","n/a","0"
"WIN-DEMO-APP03","virtualdisk.numberreadaveraged.average","8/20/2026 3:15:20 AM","20","0","0","number","scsi0:1","n/a","0"
"WIN-DEMO-APP03","virtualdisk.numberreadaveraged.average","8/20/2026 3:15:40 AM","20","0","0","number","scsi0:1","n/a","0"
"WIN-DEMO-APP03","virtualdisk.numberreadaveraged.average","8/20/2026 3:16:00 AM","20","0","0","number","scsi0:1","n/a","0"
"WIN-DEMO-APP03","virtualdisk.numberreadaveraged.average","8/20/2026 3:16:20 AM","20","0","0","number","scsi0:1","n/a","0"
"WIN-DEMO-APP03","virtualdisk.numberreadaveraged.average","8/20/2026 3:16:40 AM","20","0","0","number","scsi0:1","n/a","0"
"WIN-DEMO-APP03","virtualdisk.numberreadaveraged.average","8/20/2026 3:17:00 AM","20","0","0","number","scsi0:1","n/a","0"
"WIN-DEMO-APP03","virtualdisk.numberreadaveraged.average","8/20/2026 3:17:20 AM","20","0","0","number","scsi0:1","n/a","0"
"WIN-DEMO-APP03","virtualdisk.numberreadaveraged.average","8/20/2026 3:17:40 AM","20","0","0","number","scsi0:1","n/a","0"
"WIN-DEMO-APP03","virtualdisk.numberreadaveraged.average","8/20/2026 3:18:00 AM","20","0","0","number","scsi0:1","n/a","0"
"WIN-DEMO-APP03","virtualdisk.numberreadaveraged.average","8/20/2026 3:18:20 AM","20","0","0","number","scsi0:1","n/a","0"
"WIN-DEMO-APP03","virtualdisk.numberreadaveraged.average","8/20/2026 3:18:40 AM","20","0","0","number","scsi0:1","n/a","0"
"WIN-DEMO-APP03","virtualdisk.numberreadaveraged.average","8/20/2026 3:19:00 AM","20","0","0","number","scsi0:1","n/a","0"
"WIN-DEMO-APP03","virtualdisk.numberreadaveraged.average","8/20/2026 3:19:20 AM","20","0","0","number","scsi0:1","n/a","0"
"WIN-DEMO-APP03","virtualdisk.numberreadaveraged.average","8/20/2026 3:19:40 AM","20","0","0","number","scsi0:1","n/a","0"
"WIN-DEMO-APP03","virtualdisk.numberreadaveraged.average","8/20/2026 3:20:00 AM","20","0","0","number","scsi0:1","n/a","0"
"WIN-DEMO-APP03","virtualdisk.numberreadaveraged.average","8/20/2026 3:20:20 AM","20","0","0","number","scsi0:1","n/a","0"
"WIN-DEMO-APP03","virtualdisk.numberreadaveraged.average","8/20/2026 3:20:40 AM","20","0","0","number","scsi0:1","n/a","0"
"WIN-DEMO-APP03","virtualdisk.numberreadaveraged.average","8/20/2026 3:21:00 AM","20","0","0","number","scsi0:1","n/a","0"
"WIN-DEMO-APP03","virtualdisk.numberreadaveraged.average","8/20/2026 3:21:20 AM","20","0","0","number","scsi0:1","n/a","0"
"WIN-DEMO-APP03","virtualdisk.numberreadaveraged.average","8/20/2026 3:21:40 AM","20","0","0","number","scsi0:1","n/a","0"
"WIN-DEMO-APP03","virtualdisk.numberreadaveraged.average","8/20/2026 3:22:00 AM","20","0","0","number","scsi0:1","n/a","0"
"WIN-DEMO-APP03","virtualdisk.numberreadaveraged.average","8/20/2026 3:22:20 AM","20","0","0","number","scsi0:1","n/a","0"
"WIN-DEMO-APP03","virtualdisk.numberreadaveraged.average","8/20/2026 3:22:40 AM","20","0","0","number","scsi0:1","n/a","0"
"WIN-DEMO-APP03","virtualdisk.numberreadaveraged.average","8/20/2026 3:23:00 AM","20","0","0","number","scsi0:1","n/a","0"
"WIN-DEMO-APP03","virtualdisk.numberreadaveraged.average","8/20/2026 3:23:20 AM","20","0","0","number","scsi0:1","n/a","0"
"WIN-DEMO-APP03","virtualdisk.numberreadaveraged.average","8/20/2026 3:23:40 AM","20","0","0","number","scsi0:1","n/a","0"
"WIN-DEMO-APP03","virtualdisk.numberreadaveraged.average","8/20/2026 3:24:00 AM","20","0","0","number","scsi0:1","n/a","0"
"WIN-DEMO-APP03","virtualdisk.numberreadaveraged.average","8/20/2026 3:24:20 AM","20","0","0","number","scsi0:1","n/a","0"
"WIN-DEMO-APP03","virtualdisk.numberreadaveraged.average","8/20/2026 3:24:40 AM","20","0","0","number","scsi0:1","n/a","0"
"WIN-DEMO-APP03","virtualdisk.numberreadaveraged.average","8/20/2026 3:25:00 AM","20","0","0","number","scsi0:1","n/a","0"
"WIN-DEMO-APP03","virtualdisk.numberreadaveraged.average","8/20/2026 3:25:20 AM","20","0","0","number","scsi0:1","n/a","0"
"WIN-DEMO-APP03","virtualdisk.numberreadaveraged.average","8/20/2026 3:25:40 AM","20","0","0","number","scsi0:1","n/a","0"
"WIN-DEMO-APP03","virtualdisk.numberreadaveraged.average","8/20/2026 3:26:00 AM","20","0","0","number","scsi0:1","n/a","0"
"WIN-DEMO-APP03","virtualdisk.numberreadaveraged.average","8/20/2026 3:26:20 AM","20","0","0","number","scsi0:1","n/a","0"
"WIN-DEMO-APP03","virtualdisk.numberreadaveraged.average","8/20/2026 3:26:40 AM","20","0","0","number","scsi0:1","n/a","0"
"WIN-DEMO-APP03","virtualdisk.numberreadaveraged.average","8/20/2026 3:27:00 AM","20","0","0","number","scsi0:1","n/a","0"
"WIN-DEMO-APP03","virtualdisk.numberreadaveraged.average","8/20/2026 3:27:20 AM","20","0","0","number","scsi0:1","n/a","0"
"WIN-DEMO-APP03","virtualdisk.numberreadaveraged.average","8/20/2026 3:27:40 AM","20","0","0","number","scsi0:1","n/a","0"
"WIN-DEMO-APP03","virtualdisk.numberreadaveraged.average","8/20/2026 3:28:00 AM","20","0","0","number","scsi0:1","n/a","0"
"WIN-DEMO-APP03","virtualdisk.numberreadaveraged.average","8/20/2026 3:28:20 AM","20","0","0","number","scsi0:1","n/a","0"
"WIN-DEMO-APP03","virtualdisk.numberreadaveraged.average","8/20/2026 3:28:40 AM","20","0","0","number","scsi0:1","n/a","0"
"WIN-DEMO-APP03","virtualdisk.numberreadaveraged.average","8/20/2026 3:29:00 AM","20","0","0","number","scsi0:1","n/a","0"
"WIN-DEMO-APP03","virtualdisk.numberreadaveraged.average","8/20/2026 3:29:20 AM","20","0","0","number","scsi0:1","n/a","0"
"WIN-DEMO-APP03","virtualdisk.numberreadaveraged.average","8/20/2026 3:29:40 AM","20","0","0","number","scsi0:1","n/a","0"
"WIN-DEMO-APP03","virtualdisk.numberreadaveraged.average","8/20/2026 3:30:00 AM","20","0","0","number","scsi0:1","n/a","0"
"WIN-DEMO-APP03","virtualdisk.numberwriteaveraged.average","8/20/2026 2:30:20 AM","20","0","0","number","scsi0:0","n/a","0"
"WIN-DEMO-APP03","virtualdisk.numberwriteaveraged.average","8/20/2026 2:30:40 AM","20","0","0","number","scsi0:0","n/a","0"
"WIN-DEMO-APP03","virtualdisk.numberwriteaveraged.average","8/20/2026 2:31:00 AM","20","0","0","number","scsi0:0","n/a","0"
"WIN-DEMO-APP03","virtualdisk.numberwriteaveraged.average","8/20/2026 2:31:20 AM","20","0","0","number","scsi0:0","n/a","0"
"WIN-DEMO-APP03","virtualdisk.numberwriteaveraged.average","8/20/2026 2:31:40 AM","20","1","1","number","scsi0:0","n/a","0"
"WIN-DEMO-APP03","virtualdisk.numberwriteaveraged.average","8/20/2026 2:32:00 AM","20","0","0","number","scsi0:0","n/a","0"
"WIN-DEMO-APP03","virtualdisk.numberwriteaveraged.average","8/20/2026 2:32:20 AM","20","0","0","number","scsi0:0","n/a","0"
"WIN-DEMO-APP03","virtualdisk.numberwriteaveraged.average","8/20/2026 2:32:40 AM","20","1","1","number","scsi0:0","n/a","0"
"WIN-DEMO-APP03","virtualdisk.numberwriteaveraged.average","8/20/2026 2:33:00 AM","20","1","1","number","scsi0:0","n/a","0"
"WIN-DEMO-APP03","virtualdisk.numberwriteaveraged.average","8/20/2026 2:33:20 AM","20","0","0","number","scsi0:0","n/a","0"
"WIN-DEMO-APP03","virtualdisk.numberwriteaveraged.average","8/20/2026 2:33:40 AM","20","0","0","number","scsi0:0","n/a","0"
"WIN-DEMO-APP03","virtualdisk.numberwriteaveraged.average","8/20/2026 2:34:00 AM","20","0","0","number","scsi0:0","n/a","0"
"WIN-DEMO-APP03","virtualdisk.numberwriteaveraged.average","8/20/2026 2:34:20 AM","20","0","0","number","scsi0:0","n/a","0"
"WIN-DEMO-APP03","virtualdisk.numberwriteaveraged.average","8/20/2026 2:34:40 AM","20","0","0","number","scsi0:0","n/a","0"
"WIN-DEMO-APP03","virtualdisk.numberwriteaveraged.average","8/20/2026 2:35:00 AM","20","0","0","number","scsi0:0","n/a","0"
"WIN-DEMO-APP03","virtualdisk.numberwriteaveraged.average","8/20/2026 2:35:20 AM","20","0","0","number","scsi0:0","n/a","0"
"WIN-DEMO-APP03","virtualdisk.numberwriteaveraged.average","8/20/2026 2:35:40 AM","20","0","0","number","scsi0:0","n/a","0"
"WIN-DEMO-APP03","virtualdisk.numberwriteaveraged.average","8/20/2026 2:36:00 AM","20","0","0","number","scsi0:0","n/a","0"
"WIN-DEMO-APP03","virtualdisk.numberwriteaveraged.average","8/20/2026 2:36:20 AM","20","0","0","number","scsi0:0","n/a","0"
"WIN-DEMO-APP03","virtualdisk.numberwriteaveraged.average","8/20/2026 2:36:40 AM","20","0","0","number","scsi0:0","n/a","0"
"WIN-DEMO-APP03","virtualdisk.numberwriteaveraged.average","8/20/2026 2:37:00 AM","20","0","0","number","scsi0:0","n/a","0"
"WIN-DEMO-APP03","virtualdisk.numberwriteaveraged.average","8/20/2026 2:37:20 AM","20","0","0","number","scsi0:0","n/a","0"
"WIN-DEMO-APP03","virtualdisk.numberwriteaveraged.average","8/20/2026 2:37:40 AM","20","1","1","number","scsi0:0","n/a","0"
"WIN-DEMO-APP03","virtualdisk.numberwriteaveraged.average","8/20/2026 2:38:00 AM","20","1","1","number","scsi0:0","n/a","0"
"WIN-DEMO-APP03","virtualdisk.numberwriteaveraged.average","8/20/2026 2:38:20 AM","20","1","1","number","scsi0:0","n/a","0"
"WIN-DEMO-APP03","virtualdisk.numberwriteaveraged.average","8/20/2026 2:38:40 AM","20","0","0","number","scsi0:0","n/a","0"
"WIN-DEMO-APP03","virtualdisk.numberwriteaveraged.average","8/20/2026 2:39:00 AM","20","0","0","number","scsi0:0","n/a","0"
"WIN-DEMO-APP03","virtualdisk.numberwriteaveraged.average","8/20/2026 2:39:20 AM","20","0","0","number","scsi0:0","n/a","0"
"WIN-DEMO-APP03","virtualdisk.numberwriteaveraged.average","8/20/2026 2:39:40 AM","20","0","0","number","scsi0:0","n/a","0"
"WIN-DEMO-APP03","virtualdisk.numberwriteaveraged.average","8/20/2026 2:40:00 AM","20","0","0","number","scsi0:0","n/a","0"
"WIN-DEMO-APP03","virtualdisk.numberwriteaveraged.average","8/20/2026 2:40:20 AM","20","0","0","number","scsi0:0","n/a","0"
"WIN-DEMO-APP03","virtualdisk.numberwriteaveraged.average","8/20/2026 2:40:40 AM","20","0","0","number","scsi0:0","n/a","0"
"WIN-DEMO-APP03","virtualdisk.numberwriteaveraged.average","8/20/2026 2:41:00 AM","20","0","0","number","scsi0:0","n/a","0"
"WIN-DEMO-APP03","virtualdisk.numberwriteaveraged.average","8/20/2026 2:41:20 AM","20","0","0","number","scsi0:0","n/a","0"
"WIN-DEMO-APP03","virtualdisk.numberwriteaveraged.average","8/20/2026 2:41:40 AM","20","0","0","number","scsi0:0","n/a","0"
"WIN-DEMO-APP03","virtualdisk.numberwriteaveraged.average","8/20/2026 2:42:00 AM","20","0","0","number","scsi0:0","n/a","0"
"WIN-DEMO-APP03","virtualdisk.numberwriteaveraged.average","8/20/2026 2:42:20 AM","20","0","0","number","scsi0:0","n/a","0"
"WIN-DEMO-APP03","virtualdisk.numberwriteaveraged.average","8/20/2026 2:42:40 AM","20","0","0","number","scsi0:0","n/a","0"
"WIN-DEMO-APP03","virtualdisk.numberwriteaveraged.average","8/20/2026 2:43:00 AM","20","0","0","number","scsi0:0","n/a","0"
"WIN-DEMO-APP03","virtualdisk.numberwriteaveraged.average","8/20/2026 2:43:20 AM","20","0","0","number","scsi0:0","n/a","0"
"WIN-DEMO-APP03","virtualdisk.numberwriteaveraged.average","8/20/2026 2:43:40 AM","20","0","0","number","scsi0:0","n/a","0"
"WIN-DEMO-APP03","virtualdisk.numberwriteaveraged.average","8/20/2026 2:44:00 AM","20","0","0","number","scsi0:0","n/a","0"
"WIN-DEMO-APP03","virtualdisk.numberwriteaveraged.average","8/20/2026 2:44:20 AM","20","1","1","number","scsi0:0","n/a","0"
"WIN-DEMO-APP03","virtualdisk.numberwriteaveraged.average","8/20/2026 2:44:40 AM","20","0","0","number","scsi0:0","n/a","0"
"WIN-DEMO-APP03","virtualdisk.numberwriteaveraged.average","8/20/2026 2:45:00 AM","20","0","0","number","scsi0:0","n/a","0"
"WIN-DEMO-APP03","virtualdisk.numberwriteaveraged.average","8/20/2026 2:45:20 AM","20","0","0","number","scsi0:0","n/a","0"
"WIN-DEMO-APP03","virtualdisk.numberwriteaveraged.average","8/20/2026 2:45:40 AM","20","0","0","number","scsi0:0","n/a","0"
"WIN-DEMO-APP03","virtualdisk.numberwriteaveraged.average","8/20/2026 2:46:00 AM","20","1","1","number","scsi0:0","n/a","0"
"WIN-DEMO-APP03","virtualdisk.numberwriteaveraged.average","8/20/2026 2:46:20 AM","20","0","0","number","scsi0:0","n/a","0"
"WIN-DEMO-APP03","virtualdisk.numberwriteaveraged.average","8/20/2026 2:46:40 AM","20","0","0","number","scsi0:0","n/a","0"
"WIN-DEMO-APP03","virtualdisk.numberwriteaveraged.average","8/20/2026 2:47:00 AM","20","0","0","number","scsi0:0","n/a","0"
"WIN-DEMO-APP03","virtualdisk.numberwriteaveraged.average","8/20/2026 2:47:20 AM","20","0","0","number","scsi0:0","n/a","0"
"WIN-DEMO-APP03","virtualdisk.numberwriteaveraged.average","8/20/2026 2:47:40 AM","20","1","1","number","scsi0:0","n/a","0"
"WIN-DEMO-APP03","virtualdisk.numberwriteaveraged.average","8/20/2026 2:48:00 AM","20","1","1","number","scsi0:0","n/a","0"
"WIN-DEMO-APP03","virtualdisk.numberwriteaveraged.average","8/20/2026 2:48:20 AM","20","0","0","number","scsi0:0","n/a","0"
"WIN-DEMO-APP03","virtualdisk.numberwriteaveraged.average","8/20/2026 2:48:40 AM","20","0","0","number","scsi0:0","n/a","0"
"WIN-DEMO-APP03","virtualdisk.numberwriteaveraged.average","8/20/2026 2:49:00 AM","20","0","0","number","scsi0:0","n/a","0"
"WIN-DEMO-APP03","virtualdisk.numberwriteaveraged.average","8/20/2026 2:49:20 AM","20","0","0","number","scsi0:0","n/a","0"
"WIN-DEMO-APP03","virtualdisk.numberwriteaveraged.average","8/20/2026 2:49:40 AM","20","0","0","number","scsi0:0","n/a","0"
"WIN-DEMO-APP03","virtualdisk.numberwriteaveraged.average","8/20/2026 2:50:00 AM","20","0","0","number","scsi0:0","n/a","0"
"WIN-DEMO-APP03","virtualdisk.numberwriteaveraged.average","8/20/2026 2:50:20 AM","20","0","0","number","scsi0:0","n/a","0"
"WIN-DEMO-APP03","virtualdisk.numberwriteaveraged.average","8/20/2026 2:50:40 AM","20","0","0","number","scsi0:0","n/a","0"
"WIN-DEMO-APP03","virtualdisk.numberwriteaveraged.average","8/20/2026 2:51:00 AM","20","0","0","number","scsi0:0","n/a","0"
"WIN-DEMO-APP03","virtualdisk.numberwriteaveraged.average","8/20/2026 2:51:20 AM","20","0","0","number","scsi0:0","n/a","0"
"WIN-DEMO-APP03","virtualdisk.numberwriteaveraged.average","8/20/2026 2:51:40 AM","20","0","0","number","scsi0:0","n/a","0"
"WIN-DEMO-APP03","virtualdisk.numberwriteaveraged.average","8/20/2026 2:52:00 AM","20","0","0","number","scsi0:0","n/a","0"
"WIN-DEMO-APP03","virtualdisk.numberwriteaveraged.average","8/20/2026 2:52:20 AM","20","1","1","number","scsi0:0","n/a","0"
"WIN-DEMO-APP03","virtualdisk.numberwriteaveraged.average","8/20/2026 2:52:40 AM","20","0","0","number","scsi0:0","n/a","0"
"WIN-DEMO-APP03","virtualdisk.numberwriteaveraged.average","8/20/2026 2:53:00 AM","20","0","0","number","scsi0:0","n/a","0"
"WIN-DEMO-APP03","virtualdisk.numberwriteaveraged.average","8/20/2026 2:53:20 AM","20","0","0","number","scsi0:0","n/a","0"
"WIN-DEMO-APP03","virtualdisk.numberwriteaveraged.average","8/20/2026 2:53:40 AM","20","0","0","number","scsi0:0","n/a","0"
"WIN-DEMO-APP03","virtualdisk.numberwriteaveraged.average","8/20/2026 2:54:00 AM","20","0","0","number","scsi0:0","n/a","0"
"WIN-DEMO-APP03","virtualdisk.numberwriteaveraged.average","8/20/2026 2:54:20 AM","20","0","0","number","scsi0:0","n/a","0"
"WIN-DEMO-APP03","virtualdisk.numberwriteaveraged.average","8/20/2026 2:54:40 AM","20","0","0","number","scsi0:0","n/a","0"
"WIN-DEMO-APP03","virtualdisk.numberwriteaveraged.average","8/20/2026 2:55:00 AM","20","0","0","number","scsi0:0","n/a","0"
"WIN-DEMO-APP03","virtualdisk.numberwriteaveraged.average","8/20/2026 2:55:20 AM","20","0","0","number","scsi0:0","n/a","0"
"WIN-DEMO-APP03","virtualdisk.numberwriteaveraged.average","8/20/2026 2:55:40 AM","20","0","0","number","scsi0:0","n/a","0"
"WIN-DEMO-APP03","virtualdisk.numberwriteaveraged.average","8/20/2026 2:56:00 AM","20","0","0","number","scsi0:0","n/a","0"
"WIN-DEMO-APP03","virtualdisk.numberwriteaveraged.average","8/20/2026 2:56:20 AM","20","0","0","number","scsi0:0","n/a","0"
"WIN-DEMO-APP03","virtualdisk.numberwriteaveraged.average","8/20/2026 2:56:40 AM","20","1","1","number","scsi0:0","n/a","0"
"WIN-DEMO-APP03","virtualdisk.numberwriteaveraged.average","8/20/2026 2:57:00 AM","20","0","0","number","scsi0:0","n/a","0"
"WIN-DEMO-APP03","virtualdisk.numberwriteaveraged.average","8/20/2026 2:57:20 AM","20","0","0","number","scsi0:0","n/a","0"
"WIN-DEMO-APP03","virtualdisk.numberwriteaveraged.average","8/20/2026 2:57:40 AM","20","1","1","number","scsi0:0","n/a","0"
"WIN-DEMO-APP03","virtualdisk.numberwriteaveraged.average","8/20/2026 2:58:00 AM","20","0","0","number","scsi0:0","n/a","0"
"WIN-DEMO-APP03","virtualdisk.numberwriteaveraged.average","8/20/2026 2:58:20 AM","20","0","0","number","scsi0:0","n/a","0"
"WIN-DEMO-APP03","virtualdisk.numberwriteaveraged.average","8/20/2026 2:58:40 AM","20","0","0","number","scsi0:0","n/a","0"
"WIN-DEMO-APP03","virtualdisk.numberwriteaveraged.average","8/20/2026 2:59:00 AM","20","0","0","number","scsi0:0","n/a","0"
"WIN-DEMO-APP03","virtualdisk.numberwriteaveraged.average","8/20/2026 2:59:20 AM","20","0","0","number","scsi0:0","n/a","0"
"WIN-DEMO-APP03","virtualdisk.numberwriteaveraged.average","8/20/2026 2:59:40 AM","20","0","0","number","scsi0:0","n/a","0"
"WIN-DEMO-APP03","virtualdisk.numberwriteaveraged.average","8/20/2026 3:00:00 AM","20","0","0","number","scsi0:0","n/a","0"
"WIN-DEMO-APP03","virtualdisk.numberwriteaveraged.average","8/20/2026 3:00:20 AM","20","0","0","number","scsi0:0","n/a","0"
"WIN-DEMO-APP03","virtualdisk.numberwriteaveraged.average","8/20/2026 3:00:40 AM","20","0","0","number","scsi0:0","n/a","0"
"WIN-DEMO-APP03","virtualdisk.numberwriteaveraged.average","8/20/2026 3:01:00 AM","20","0","0","number","scsi0:0","n/a","0"
"WIN-DEMO-APP03","virtualdisk.numberwriteaveraged.average","8/20/2026 3:01:20 AM","20","0","0","number","scsi0:0","n/a","0"
"WIN-DEMO-APP03","virtualdisk.numberwriteaveraged.average","8/20/2026 3:01:40 AM","20","0","0","number","scsi0:0","n/a","0"
"WIN-DEMO-APP03","virtualdisk.numberwriteaveraged.average","8/20/2026 3:02:00 AM","20","0","0","number","scsi0:0","n/a","0"
"WIN-DEMO-APP03","virtualdisk.numberwriteaveraged.average","8/20/2026 3:02:20 AM","20","0","0","number","scsi0:0","n/a","0"
"WIN-DEMO-APP03","virtualdisk.numberwriteaveraged.average","8/20/2026 3:02:40 AM","20","1","1","number","scsi0:0","n/a","0"
"WIN-DEMO-APP03","virtualdisk.numberwriteaveraged.average","8/20/2026 3:03:00 AM","20","1","1","number","scsi0:0","n/a","0"
"WIN-DEMO-APP03","virtualdisk.numberwriteaveraged.average","8/20/2026 3:03:20 AM","20","0","0","number","scsi0:0","n/a","0"
"WIN-DEMO-APP03","virtualdisk.numberwriteaveraged.average","8/20/2026 3:03:40 AM","20","0","0","number","scsi0:0","n/a","0"
"WIN-DEMO-APP03","virtualdisk.numberwriteaveraged.average","8/20/2026 3:04:00 AM","20","0","0","number","scsi0:0","n/a","0"
"WIN-DEMO-APP03","virtualdisk.numberwriteaveraged.average","8/20/2026 3:04:20 AM","20","0","0","number","scsi0:0","n/a","0"
"WIN-DEMO-APP03","virtualdisk.numberwriteaveraged.average","8/20/2026 3:04:40 AM","20","0","0","number","scsi0:0","n/a","0"
"WIN-DEMO-APP03","virtualdisk.numberwriteaveraged.average","8/20/2026 3:05:00 AM","20","0","0","number","scsi0:0","n/a","0"
"WIN-DEMO-APP03","virtualdisk.numberwriteaveraged.average","8/20/2026 3:05:20 AM","20","0","0","number","scsi0:0","n/a","0"
"WIN-DEMO-APP03","virtualdisk.numberwriteaveraged.average","8/20/2026 3:05:40 AM","20","0","0","number","scsi0:0","n/a","0"
"WIN-DEMO-APP03","virtualdisk.numberwriteaveraged.average","8/20/2026 3:06:00 AM","20","0","0","number","scsi0:0","n/a","0"
"WIN-DEMO-APP03","virtualdisk.numberwriteaveraged.average","8/20/2026 3:06:20 AM","20","0","0","number","scsi0:0","n/a","0"
"WIN-DEMO-APP03","virtualdisk.numberwriteaveraged.average","8/20/2026 3:06:40 AM","20","0","0","number","scsi0:0","n/a","0"
"WIN-DEMO-APP03","virtualdisk.numberwriteaveraged.average","8/20/2026 3:07:00 AM","20","0","0","number","scsi0:0","n/a","0"
"WIN-DEMO-APP03","virtualdisk.numberwriteaveraged.average","8/20/2026 3:07:20 AM","20","1","1","number","scsi0:0","n/a","0"
"WIN-DEMO-APP03","virtualdisk.numberwriteaveraged.average","8/20/2026 3:07:40 AM","20","1","1","number","scsi0:0","n/a","0"
"WIN-DEMO-APP03","virtualdisk.numberwriteaveraged.average","8/20/2026 3:08:00 AM","20","1","1","number","scsi0:0","n/a","0"
"WIN-DEMO-APP03","virtualdisk.numberwriteaveraged.average","8/20/2026 3:08:20 AM","20","1","1","number","scsi0:0","n/a","0"
"WIN-DEMO-APP03","virtualdisk.numberwriteaveraged.average","8/20/2026 3:08:40 AM","20","0","0","number","scsi0:0","n/a","0"
"WIN-DEMO-APP03","virtualdisk.numberwriteaveraged.average","8/20/2026 3:09:00 AM","20","0","0","number","scsi0:0","n/a","0"
"WIN-DEMO-APP03","virtualdisk.numberwriteaveraged.average","8/20/2026 3:09:20 AM","20","1","1","number","scsi0:0","n/a","0"
"WIN-DEMO-APP03","virtualdisk.numberwriteaveraged.average","8/20/2026 3:09:40 AM","20","0","0","number","scsi0:0","n/a","0"
"WIN-DEMO-APP03","virtualdisk.numberwriteaveraged.average","8/20/2026 3:10:00 AM","20","0","0","number","scsi0:0","n/a","0"
"WIN-DEMO-APP03","virtualdisk.numberwriteaveraged.average","8/20/2026 3:10:20 AM","20","0","0","number","scsi0:0","n/a","0"
"WIN-DEMO-APP03","virtualdisk.numberwriteaveraged.average","8/20/2026 3:10:40 AM","20","0","0","number","scsi0:0","n/a","0"
"WIN-DEMO-APP03","virtualdisk.numberwriteaveraged.average","8/20/2026 3:11:00 AM","20","0","0","number","scsi0:0","n/a","0"
"WIN-DEMO-APP03","virtualdisk.numberwriteaveraged.average","8/20/2026 3:11:20 AM","20","0","0","number","scsi0:0","n/a","0"
"WIN-DEMO-APP03","virtualdisk.numberwriteaveraged.average","8/20/2026 3:11:40 AM","20","0","0","number","scsi0:0","n/a","0"
"WIN-DEMO-APP03","virtualdisk.numberwriteaveraged.average","8/20/2026 3:12:00 AM","20","0","0","number","scsi0:0","n/a","0"
"WIN-DEMO-APP03","virtualdisk.numberwriteaveraged.average","8/20/2026 3:12:20 AM","20","0","0","number","scsi0:0","n/a","0"
"WIN-DEMO-APP03","virtualdisk.numberwriteaveraged.average","8/20/2026 3:12:40 AM","20","0","0","number","scsi0:0","n/a","0"
"WIN-DEMO-APP03","virtualdisk.numberwriteaveraged.average","8/20/2026 3:13:00 AM","20","1","1","number","scsi0:0","n/a","0"
"WIN-DEMO-APP03","virtualdisk.numberwriteaveraged.average","8/20/2026 3:13:20 AM","20","0","0","number","scsi0:0","n/a","0"
"WIN-DEMO-APP03","virtualdisk.numberwriteaveraged.average","8/20/2026 3:13:40 AM","20","0","0","number","scsi0:0","n/a","0"
"WIN-DEMO-APP03","virtualdisk.numberwriteaveraged.average","8/20/2026 3:14:00 AM","20","0","0","number","scsi0:0","n/a","0"
"WIN-DEMO-APP03","virtualdisk.numberwriteaveraged.average","8/20/2026 3:14:20 AM","20","0","0","number","scsi0:0","n/a","0"
"WIN-DEMO-APP03","virtualdisk.numberwriteaveraged.average","8/20/2026 3:14:40 AM","20","0","0","number","scsi0:0","n/a","0"
"WIN-DEMO-APP03","virtualdisk.numberwriteaveraged.average","8/20/2026 3:15:00 AM","20","0","0","number","scsi0:0","n/a","0"
"WIN-DEMO-APP03","virtualdisk.numberwriteaveraged.average","8/20/2026 3:15:20 AM","20","0","0","number","scsi0:0","n/a","0"
"WIN-DEMO-APP03","virtualdisk.numberwriteaveraged.average","8/20/2026 3:15:40 AM","20","0","0","number","scsi0:0","n/a","0"
"WIN-DEMO-APP03","virtualdisk.numberwriteaveraged.average","8/20/2026 3:16:00 AM","20","0","0","number","scsi0:0","n/a","0"
"WIN-DEMO-APP03","virtualdisk.numberwriteaveraged.average","8/20/2026 3:16:20 AM","20","0","0","number","scsi0:0","n/a","0"
"WIN-DEMO-APP03","virtualdisk.numberwriteaveraged.average","8/20/2026 3:16:40 AM","20","0","0","number","scsi0:0","n/a","0"
"WIN-DEMO-APP03","virtualdisk.numberwriteaveraged.average","8/20/2026 3:17:00 AM","20","0","0","number","scsi0:0","n/a","0"
"WIN-DEMO-APP03","virtualdisk.numberwriteaveraged.average","8/20/2026 3:17:20 AM","20","0","0","number","scsi0:0","n/a","0"
"WIN-DEMO-APP03","virtualdisk.numberwriteaveraged.average","8/20/2026 3:17:40 AM","20","0","0","number","scsi0:0","n/a","0"
"WIN-DEMO-APP03","virtualdisk.numberwriteaveraged.average","8/20/2026 3:18:00 AM","20","0","0","number","scsi0:0","n/a","0"
"WIN-DEMO-APP03","virtualdisk.numberwriteaveraged.average","8/20/2026 3:18:20 AM","20","0","0","number","scsi0:0","n/a","0"
"WIN-DEMO-APP03","virtualdisk.numberwriteaveraged.average","8/20/2026 3:18:40 AM","20","0","0","number","scsi0:0","n/a","0"
"WIN-DEMO-APP03","virtualdisk.numberwriteaveraged.average","8/20/2026 3:19:00 AM","20","0","0","number","scsi0:0","n/a","0"
"WIN-DEMO-APP03","virtualdisk.numberwriteaveraged.average","8/20/2026 3:19:20 AM","20","0","0","number","scsi0:0","n/a","0"
"WIN-DEMO-APP03","virtualdisk.numberwriteaveraged.average","8/20/2026 3:19:40 AM","20","0","0","number","scsi0:0","n/a","0"
"WIN-DEMO-APP03","virtualdisk.numberwriteaveraged.average","8/20/2026 3:20:00 AM","20","0","0","number","scsi0:0","n/a","0"
"WIN-DEMO-APP03","virtualdisk.numberwriteaveraged.average","8/20/2026 3:20:20 AM","20","0","0","number","scsi0:0","n/a","0"
"WIN-DEMO-APP03","virtualdisk.numberwriteaveraged.average","8/20/2026 3:20:40 AM","20","0","0","number","scsi0:0","n/a","0"
"WIN-DEMO-APP03","virtualdisk.numberwriteaveraged.average","8/20/2026 3:21:00 AM","20","0","0","number","scsi0:0","n/a","0"
"WIN-DEMO-APP03","virtualdisk.numberwriteaveraged.average","8/20/2026 3:21:20 AM","20","0","0","number","scsi0:0","n/a","0"
"WIN-DEMO-APP03","virtualdisk.numberwriteaveraged.average","8/20/2026 3:21:40 AM","20","1","1","number","scsi0:0","n/a","0"
"WIN-DEMO-APP03","virtualdisk.numberwriteaveraged.average","8/20/2026 3:22:00 AM","20","0","0","number","scsi0:0","n/a","0"
"WIN-DEMO-APP03","virtualdisk.numberwriteaveraged.average","8/20/2026 3:22:20 AM","20","1","1","number","scsi0:0","n/a","0"
"WIN-DEMO-APP03","virtualdisk.numberwriteaveraged.average","8/20/2026 3:22:40 AM","20","4","4","number","scsi0:0","n/a","0"
"WIN-DEMO-APP03","virtualdisk.numberwriteaveraged.average","8/20/2026 3:23:00 AM","20","1","1","number","scsi0:0","n/a","0"
"WIN-DEMO-APP03","virtualdisk.numberwriteaveraged.average","8/20/2026 3:23:20 AM","20","0","0","number","scsi0:0","n/a","0"
"WIN-DEMO-APP03","virtualdisk.numberwriteaveraged.average","8/20/2026 3:23:40 AM","20","0","0","number","scsi0:0","n/a","0"
"WIN-DEMO-APP03","virtualdisk.numberwriteaveraged.average","8/20/2026 3:24:00 AM","20","0","0","number","scsi0:0","n/a","0"
"WIN-DEMO-APP03","virtualdisk.numberwriteaveraged.average","8/20/2026 3:24:20 AM","20","0","0","number","scsi0:0","n/a","0"
"WIN-DEMO-APP03","virtualdisk.numberwriteaveraged.average","8/20/2026 3:24:40 AM","20","0","0","number","scsi0:0","n/a","0"
"WIN-DEMO-APP03","virtualdisk.numberwriteaveraged.average","8/20/2026 3:25:00 AM","20","0","0","number","scsi0:0","n/a","0"
"WIN-DEMO-APP03","virtualdisk.numberwriteaveraged.average","8/20/2026 3:25:20 AM","20","0","0","number","scsi0:0","n/a","0"
"WIN-DEMO-APP03","virtualdisk.numberwriteaveraged.average","8/20/2026 3:25:40 AM","20","0","0","number","scsi0:0","n/a","0"
"WIN-DEMO-APP03","virtualdisk.numberwriteaveraged.average","8/20/2026 3:26:00 AM","20","0","0","number","scsi0:0","n/a","0"
"WIN-DEMO-APP03","virtualdisk.numberwriteaveraged.average","8/20/2026 3:26:20 AM","20","0","0","number","scsi0:0","n/a","0"
"WIN-DEMO-APP03","virtualdisk.numberwriteaveraged.average","8/20/2026 3:26:40 AM","20","0","0","number","scsi0:0","n/a","0"
"WIN-DEMO-APP03","virtualdisk.numberwriteaveraged.average","8/20/2026 3:27:00 AM","20","0","0","number","scsi0:0","n/a","0"
"WIN-DEMO-APP03","virtualdisk.numberwriteaveraged.average","8/20/2026 3:27:20 AM","20","0","0","number","scsi0:0","n/a","0"
"WIN-DEMO-APP03","virtualdisk.numberwriteaveraged.average","8/20/2026 3:27:40 AM","20","0","0","number","scsi0:0","n/a","0"
"WIN-DEMO-APP03","virtualdisk.numberwriteaveraged.average","8/20/2026 3:28:00 AM","20","1","1","number","scsi0:0","n/a","0"
"WIN-DEMO-APP03","virtualdisk.numberwriteaveraged.average","8/20/2026 3:28:20 AM","20","0","0","number","scsi0:0","n/a","0"
"WIN-DEMO-APP03","virtualdisk.numberwriteaveraged.average","8/20/2026 3:28:40 AM","20","0","0","number","scsi0:0","n/a","0"
"WIN-DEMO-APP03","virtualdisk.numberwriteaveraged.average","8/20/2026 3:29:00 AM","20","0","0","number","scsi0:0","n/a","0"
"WIN-DEMO-APP03","virtualdisk.numberwriteaveraged.average","8/20/2026 3:29:20 AM","20","0","0","number","scsi0:0","n/a","0"
"WIN-DEMO-APP03","virtualdisk.numberwriteaveraged.average","8/20/2026 3:29:40 AM","20","0","0","number","scsi0:0","n/a","0"
"WIN-DEMO-APP03","virtualdisk.numberwriteaveraged.average","8/20/2026 3:30:00 AM","20","0","0","number","scsi0:0","n/a","0"
"WIN-DEMO-APP03","virtualdisk.numberwriteaveraged.average","8/20/2026 2:30:20 AM","20","0","0","number","scsi0:1","n/a","0"
"WIN-DEMO-APP03","virtualdisk.numberwriteaveraged.average","8/20/2026 2:30:40 AM","20","0","0","number","scsi0:1","n/a","0"
"WIN-DEMO-APP03","virtualdisk.numberwriteaveraged.average","8/20/2026 2:31:00 AM","20","0","0","number","scsi0:1","n/a","0"
"WIN-DEMO-APP03","virtualdisk.numberwriteaveraged.average","8/20/2026 2:31:20 AM","20","0","0","number","scsi0:1","n/a","0"
"WIN-DEMO-APP03","virtualdisk.numberwriteaveraged.average","8/20/2026 2:31:40 AM","20","0","0","number","scsi0:1","n/a","0"
"WIN-DEMO-APP03","virtualdisk.numberwriteaveraged.average","8/20/2026 2:32:00 AM","20","0","0","number","scsi0:1","n/a","0"
"WIN-DEMO-APP03","virtualdisk.numberwriteaveraged.average","8/20/2026 2:32:20 AM","20","0","0","number","scsi0:1","n/a","0"
"WIN-DEMO-APP03","virtualdisk.numberwriteaveraged.average","8/20/2026 2:32:40 AM","20","0","0","number","scsi0:1","n/a","0"
"WIN-DEMO-APP03","virtualdisk.numberwriteaveraged.average","8/20/2026 2:33:00 AM","20","0","0","number","scsi0:1","n/a","0"
"WIN-DEMO-APP03","virtualdisk.numberwriteaveraged.average","8/20/2026 2:33:20 AM","20","0","0","number","scsi0:1","n/a","0"
"WIN-DEMO-APP03","virtualdisk.numberwriteaveraged.average","8/20/2026 2:33:40 AM","20","0","0","number","scsi0:1","n/a","0"
"WIN-DEMO-APP03","virtualdisk.numberwriteaveraged.average","8/20/2026 2:34:00 AM","20","0","0","number","scsi0:1","n/a","0"
"WIN-DEMO-APP03","virtualdisk.numberwriteaveraged.average","8/20/2026 2:34:20 AM","20","0","0","number","scsi0:1","n/a","0"
"WIN-DEMO-APP03","virtualdisk.numberwriteaveraged.average","8/20/2026 2:34:40 AM","20","0","0","number","scsi0:1","n/a","0"
"WIN-DEMO-APP03","virtualdisk.numberwriteaveraged.average","8/20/2026 2:35:00 AM","20","0","0","number","scsi0:1","n/a","0"
"WIN-DEMO-APP03","virtualdisk.numberwriteaveraged.average","8/20/2026 2:35:20 AM","20","0","0","number","scsi0:1","n/a","0"
"WIN-DEMO-APP03","virtualdisk.numberwriteaveraged.average","8/20/2026 2:35:40 AM","20","0","0","number","scsi0:1","n/a","0"
"WIN-DEMO-APP03","virtualdisk.numberwriteaveraged.average","8/20/2026 2:36:00 AM","20","0","0","number","scsi0:1","n/a","0"
"WIN-DEMO-APP03","virtualdisk.numberwriteaveraged.average","8/20/2026 2:36:20 AM","20","0","0","number","scsi0:1","n/a","0"
"WIN-DEMO-APP03","virtualdisk.numberwriteaveraged.average","8/20/2026 2:36:40 AM","20","0","0","number","scsi0:1","n/a","0"
"WIN-DEMO-APP03","virtualdisk.numberwriteaveraged.average","8/20/2026 2:37:00 AM","20","0","0","number","scsi0:1","n/a","0"
"WIN-DEMO-APP03","virtualdisk.numberwriteaveraged.average","8/20/2026 2:37:20 AM","20","0","0","number","scsi0:1","n/a","0"
"WIN-DEMO-APP03","virtualdisk.numberwriteaveraged.average","8/20/2026 2:37:40 AM","20","0","0","number","scsi0:1","n/a","0"
"WIN-DEMO-APP03","virtualdisk.numberwriteaveraged.average","8/20/2026 2:38:00 AM","20","0","0","number","scsi0:1","n/a","0"
"WIN-DEMO-APP03","virtualdisk.numberwriteaveraged.average","8/20/2026 2:38:20 AM","20","0","0","number","scsi0:1","n/a","0"
"WIN-DEMO-APP03","virtualdisk.numberwriteaveraged.average","8/20/2026 2:38:40 AM","20","0","0","number","scsi0:1","n/a","0"
"WIN-DEMO-APP03","virtualdisk.numberwriteaveraged.average","8/20/2026 2:39:00 AM","20","0","0","number","scsi0:1","n/a","0"
"WIN-DEMO-APP03","virtualdisk.numberwriteaveraged.average","8/20/2026 2:39:20 AM","20","0","0","number","scsi0:1","n/a","0"
"WIN-DEMO-APP03","virtualdisk.numberwriteaveraged.average","8/20/2026 2:39:40 AM","20","0","0","number","scsi0:1","n/a","0"
"WIN-DEMO-APP03","virtualdisk.numberwriteaveraged.average","8/20/2026 2:40:00 AM","20","0","0","number","scsi0:1","n/a","0"
"WIN-DEMO-APP03","virtualdisk.numberwriteaveraged.average","8/20/2026 2:40:20 AM","20","0","0","number","scsi0:1","n/a","0"
"WIN-DEMO-APP03","virtualdisk.numberwriteaveraged.average","8/20/2026 2:40:40 AM","20","0","0","number","scsi0:1","n/a","0"
"WIN-DEMO-APP03","virtualdisk.numberwriteaveraged.average","8/20/2026 2:41:00 AM","20","0","0","number","scsi0:1","n/a","0"
"WIN-DEMO-APP03","virtualdisk.numberwriteaveraged.average","8/20/2026 2:41:20 AM","20","0","0","number","scsi0:1","n/a","0"
"WIN-DEMO-APP03","virtualdisk.numberwriteaveraged.average","8/20/2026 2:41:40 AM","20","0","0","number","scsi0:1","n/a","0"
"WIN-DEMO-APP03","virtualdisk.numberwriteaveraged.average","8/20/2026 2:42:00 AM","20","0","0","number","scsi0:1","n/a","0"
"WIN-DEMO-APP03","virtualdisk.numberwriteaveraged.average","8/20/2026 2:42:20 AM","20","0","0","number","scsi0:1","n/a","0"
"WIN-DEMO-APP03","virtualdisk.numberwriteaveraged.average","8/20/2026 2:42:40 AM","20","0","0","number","scsi0:1","n/a","0"
"WIN-DEMO-APP03","virtualdisk.numberwriteaveraged.average","8/20/2026 2:43:00 AM","20","0","0","number","scsi0:1","n/a","0"
"WIN-DEMO-APP03","virtualdisk.numberwriteaveraged.average","8/20/2026 2:43:20 AM","20","0","0","number","scsi0:1","n/a","0"
"WIN-DEMO-APP03","virtualdisk.numberwriteaveraged.average","8/20/2026 2:43:40 AM","20","0","0","number","scsi0:1","n/a","0"
"WIN-DEMO-APP03","virtualdisk.numberwriteaveraged.average","8/20/2026 2:44:00 AM","20","0","0","number","scsi0:1","n/a","0"
"WIN-DEMO-APP03","virtualdisk.numberwriteaveraged.average","8/20/2026 2:44:20 AM","20","0","0","number","scsi0:1","n/a","0"
"WIN-DEMO-APP03","virtualdisk.numberwriteaveraged.average","8/20/2026 2:44:40 AM","20","0","0","number","scsi0:1","n/a","0"
"WIN-DEMO-APP03","virtualdisk.numberwriteaveraged.average","8/20/2026 2:45:00 AM","20","0","0","number","scsi0:1","n/a","0"
"WIN-DEMO-APP03","virtualdisk.numberwriteaveraged.average","8/20/2026 2:45:20 AM","20","0","0","number","scsi0:1","n/a","0"
"WIN-DEMO-APP03","virtualdisk.numberwriteaveraged.average","8/20/2026 2:45:40 AM","20","0","0","number","scsi0:1","n/a","0"
"WIN-DEMO-APP03","virtualdisk.numberwriteaveraged.average","8/20/2026 2:46:00 AM","20","0","0","number","scsi0:1","n/a","0"
"WIN-DEMO-APP03","virtualdisk.numberwriteaveraged.average","8/20/2026 2:46:20 AM","20","0","0","number","scsi0:1","n/a","0"
"WIN-DEMO-APP03","virtualdisk.numberwriteaveraged.average","8/20/2026 2:46:40 AM","20","0","0","number","scsi0:1","n/a","0"
"WIN-DEMO-APP03","virtualdisk.numberwriteaveraged.average","8/20/2026 2:47:00 AM","20","0","0","number","scsi0:1","n/a","0"
"WIN-DEMO-APP03","virtualdisk.numberwriteaveraged.average","8/20/2026 2:47:20 AM","20","0","0","number","scsi0:1","n/a","0"
"WIN-DEMO-APP03","virtualdisk.numberwriteaveraged.average","8/20/2026 2:47:40 AM","20","0","0","number","scsi0:1","n/a","0"
"WIN-DEMO-APP03","virtualdisk.numberwriteaveraged.average","8/20/2026 2:48:00 AM","20","0","0","number","scsi0:1","n/a","0"
"WIN-DEMO-APP03","virtualdisk.numberwriteaveraged.average","8/20/2026 2:48:20 AM","20","0","0","number","scsi0:1","n/a","0"
"WIN-DEMO-APP03","virtualdisk.numberwriteaveraged.average","8/20/2026 2:48:40 AM","20","0","0","number","scsi0:1","n/a","0"
"WIN-DEMO-APP03","virtualdisk.numberwriteaveraged.average","8/20/2026 2:49:00 AM","20","0","0","number","scsi0:1","n/a","0"
"WIN-DEMO-APP03","virtualdisk.numberwriteaveraged.average","8/20/2026 2:49:20 AM","20","0","0","number","scsi0:1","n/a","0"
"WIN-DEMO-APP03","virtualdisk.numberwriteaveraged.average","8/20/2026 2:49:40 AM","20","0","0","number","scsi0:1","n/a","0"
"WIN-DEMO-APP03","virtualdisk.numberwriteaveraged.average","8/20/2026 2:50:00 AM","20","0","0","number","scsi0:1","n/a","0"
"WIN-DEMO-APP03","virtualdisk.numberwriteaveraged.average","8/20/2026 2:50:20 AM","20","0","0","number","scsi0:1","n/a","0"
"WIN-DEMO-APP03","virtualdisk.numberwriteaveraged.average","8/20/2026 2:50:40 AM","20","0","0","number","scsi0:1","n/a","0"
"WIN-DEMO-APP03","virtualdisk.numberwriteaveraged.average","8/20/2026 2:51:00 AM","20","0","0","number","scsi0:1","n/a","0"
"WIN-DEMO-APP03","virtualdisk.numberwriteaveraged.average","8/20/2026 2:51:20 AM","20","0","0","number","scsi0:1","n/a","0"
"WIN-DEMO-APP03","virtualdisk.numberwriteaveraged.average","8/20/2026 2:51:40 AM","20","0","0","number","scsi0:1","n/a","0"
"WIN-DEMO-APP03","virtualdisk.numberwriteaveraged.average","8/20/2026 2:52:00 AM","20","0","0","number","scsi0:1","n/a","0"
"WIN-DEMO-APP03","virtualdisk.numberwriteaveraged.average","8/20/2026 2:52:20 AM","20","0","0","number","scsi0:1","n/a","0"
"WIN-DEMO-APP03","virtualdisk.numberwriteaveraged.average","8/20/2026 2:52:40 AM","20","0","0","number","scsi0:1","n/a","0"
"WIN-DEMO-APP03","virtualdisk.numberwriteaveraged.average","8/20/2026 2:53:00 AM","20","0","0","number","scsi0:1","n/a","0"
"WIN-DEMO-APP03","virtualdisk.numberwriteaveraged.average","8/20/2026 2:53:20 AM","20","0","0","number","scsi0:1","n/a","0"
"WIN-DEMO-APP03","virtualdisk.numberwriteaveraged.average","8/20/2026 2:53:40 AM","20","0","0","number","scsi0:1","n/a","0"
"WIN-DEMO-APP03","virtualdisk.numberwriteaveraged.average","8/20/2026 2:54:00 AM","20","0","0","number","scsi0:1","n/a","0"
"WIN-DEMO-APP03","virtualdisk.numberwriteaveraged.average","8/20/2026 2:54:20 AM","20","0","0","number","scsi0:1","n/a","0"
"WIN-DEMO-APP03","virtualdisk.numberwriteaveraged.average","8/20/2026 2:54:40 AM","20","0","0","number","scsi0:1","n/a","0"
"WIN-DEMO-APP03","virtualdisk.numberwriteaveraged.average","8/20/2026 2:55:00 AM","20","0","0","number","scsi0:1","n/a","0"
"WIN-DEMO-APP03","virtualdisk.numberwriteaveraged.average","8/20/2026 2:55:20 AM","20","0","0","number","scsi0:1","n/a","0"
"WIN-DEMO-APP03","virtualdisk.numberwriteaveraged.average","8/20/2026 2:55:40 AM","20","0","0","number","scsi0:1","n/a","0"
"WIN-DEMO-APP03","virtualdisk.numberwriteaveraged.average","8/20/2026 2:56:00 AM","20","0","0","number","scsi0:1","n/a","0"
"WIN-DEMO-APP03","virtualdisk.numberwriteaveraged.average","8/20/2026 2:56:20 AM","20","0","0","number","scsi0:1","n/a","0"
"WIN-DEMO-APP03","virtualdisk.numberwriteaveraged.average","8/20/2026 2:56:40 AM","20","0","0","number","scsi0:1","n/a","0"
"WIN-DEMO-APP03","virtualdisk.numberwriteaveraged.average","8/20/2026 2:57:00 AM","20","0","0","number","scsi0:1","n/a","0"
"WIN-DEMO-APP03","virtualdisk.numberwriteaveraged.average","8/20/2026 2:57:20 AM","20","0","0","number","scsi0:1","n/a","0"
"WIN-DEMO-APP03","virtualdisk.numberwriteaveraged.average","8/20/2026 2:57:40 AM","20","0","0","number","scsi0:1","n/a","0"
"WIN-DEMO-APP03","virtualdisk.numberwriteaveraged.average","8/20/2026 2:58:00 AM","20","0","0","number","scsi0:1","n/a","0"
"WIN-DEMO-APP03","virtualdisk.numberwriteaveraged.average","8/20/2026 2:58:20 AM","20","0","0","number","scsi0:1","n/a","0"
"WIN-DEMO-APP03","virtualdisk.numberwriteaveraged.average","8/20/2026 2:58:40 AM","20","0","0","number","scsi0:1","n/a","0"
"WIN-DEMO-APP03","virtualdisk.numberwriteaveraged.average","8/20/2026 2:59:00 AM","20","0","0","number","scsi0:1","n/a","0"
"WIN-DEMO-APP03","virtualdisk.numberwriteaveraged.average","8/20/2026 2:59:20 AM","20","0","0","number","scsi0:1","n/a","0"
"WIN-DEMO-APP03","virtualdisk.numberwriteaveraged.average","8/20/2026 2:59:40 AM","20","0","0","number","scsi0:1","n/a","0"
"WIN-DEMO-APP03","virtualdisk.numberwriteaveraged.average","8/20/2026 3:00:00 AM","20","0","0","number","scsi0:1","n/a","0"
"WIN-DEMO-APP03","virtualdisk.numberwriteaveraged.average","8/20/2026 3:00:20 AM","20","0","0","number","scsi0:1","n/a","0"
"WIN-DEMO-APP03","virtualdisk.numberwriteaveraged.average","8/20/2026 3:00:40 AM","20","0","0","number","scsi0:1","n/a","0"
"WIN-DEMO-APP03","virtualdisk.numberwriteaveraged.average","8/20/2026 3:01:00 AM","20","0","0","number","scsi0:1","n/a","0"
"WIN-DEMO-APP03","virtualdisk.numberwriteaveraged.average","8/20/2026 3:01:20 AM","20","0","0","number","scsi0:1","n/a","0"
"WIN-DEMO-APP03","virtualdisk.numberwriteaveraged.average","8/20/2026 3:01:40 AM","20","0","0","number","scsi0:1","n/a","0"
"WIN-DEMO-APP03","virtualdisk.numberwriteaveraged.average","8/20/2026 3:02:00 AM","20","0","0","number","scsi0:1","n/a","0"
"WIN-DEMO-APP03","virtualdisk.numberwriteaveraged.average","8/20/2026 3:02:20 AM","20","0","0","number","scsi0:1","n/a","0"
"WIN-DEMO-APP03","virtualdisk.numberwriteaveraged.average","8/20/2026 3:02:40 AM","20","0","0","number","scsi0:1","n/a","0"
"WIN-DEMO-APP03","virtualdisk.numberwriteaveraged.average","8/20/2026 3:03:00 AM","20","0","0","number","scsi0:1","n/a","0"
"WIN-DEMO-APP03","virtualdisk.numberwriteaveraged.average","8/20/2026 3:03:20 AM","20","0","0","number","scsi0:1","n/a","0"
"WIN-DEMO-APP03","virtualdisk.numberwriteaveraged.average","8/20/2026 3:03:40 AM","20","0","0","number","scsi0:1","n/a","0"
"WIN-DEMO-APP03","virtualdisk.numberwriteaveraged.average","8/20/2026 3:04:00 AM","20","0","0","number","scsi0:1","n/a","0"
"WIN-DEMO-APP03","virtualdisk.numberwriteaveraged.average","8/20/2026 3:04:20 AM","20","0","0","number","scsi0:1","n/a","0"
"WIN-DEMO-APP03","virtualdisk.numberwriteaveraged.average","8/20/2026 3:04:40 AM","20","0","0","number","scsi0:1","n/a","0"
"WIN-DEMO-APP03","virtualdisk.numberwriteaveraged.average","8/20/2026 3:05:00 AM","20","0","0","number","scsi0:1","n/a","0"
"WIN-DEMO-APP03","virtualdisk.numberwriteaveraged.average","8/20/2026 3:05:20 AM","20","0","0","number","scsi0:1","n/a","0"
"WIN-DEMO-APP03","virtualdisk.numberwriteaveraged.average","8/20/2026 3:05:40 AM","20","0","0","number","scsi0:1","n/a","0"
"WIN-DEMO-APP03","virtualdisk.numberwriteaveraged.average","8/20/2026 3:06:00 AM","20","0","0","number","scsi0:1","n/a","0"
"WIN-DEMO-APP03","virtualdisk.numberwriteaveraged.average","8/20/2026 3:06:20 AM","20","0","0","number","scsi0:1","n/a","0"
"WIN-DEMO-APP03","virtualdisk.numberwriteaveraged.average","8/20/2026 3:06:40 AM","20","0","0","number","scsi0:1","n/a","0"
"WIN-DEMO-APP03","virtualdisk.numberwriteaveraged.average","8/20/2026 3:07:00 AM","20","0","0","number","scsi0:1","n/a","0"
"WIN-DEMO-APP03","virtualdisk.numberwriteaveraged.average","8/20/2026 3:07:20 AM","20","0","0","number","scsi0:1","n/a","0"
"WIN-DEMO-APP03","virtualdisk.numberwriteaveraged.average","8/20/2026 3:07:40 AM","20","0","0","number","scsi0:1","n/a","0"
"WIN-DEMO-APP03","virtualdisk.numberwriteaveraged.average","8/20/2026 3:08:00 AM","20","0","0","number","scsi0:1","n/a","0"
"WIN-DEMO-APP03","virtualdisk.numberwriteaveraged.average","8/20/2026 3:08:20 AM","20","0","0","number","scsi0:1","n/a","0"
"WIN-DEMO-APP03","virtualdisk.numberwriteaveraged.average","8/20/2026 3:08:40 AM","20","0","0","number","scsi0:1","n/a","0"
"WIN-DEMO-APP03","virtualdisk.numberwriteaveraged.average","8/20/2026 3:09:00 AM","20","0","0","number","scsi0:1","n/a","0"
"WIN-DEMO-APP03","virtualdisk.numberwriteaveraged.average","8/20/2026 3:09:20 AM","20","0","0","number","scsi0:1","n/a","0"
"WIN-DEMO-APP03","virtualdisk.numberwriteaveraged.average","8/20/2026 3:09:40 AM","20","0","0","number","scsi0:1","n/a","0"
"WIN-DEMO-APP03","virtualdisk.numberwriteaveraged.average","8/20/2026 3:10:00 AM","20","0","0","number","scsi0:1","n/a","0"
"WIN-DEMO-APP03","virtualdisk.numberwriteaveraged.average","8/20/2026 3:10:20 AM","20","0","0","number","scsi0:1","n/a","0"
"WIN-DEMO-APP03","virtualdisk.numberwriteaveraged.average","8/20/2026 3:10:40 AM","20","0","0","number","scsi0:1","n/a","0"
"WIN-DEMO-APP03","virtualdisk.numberwriteaveraged.average","8/20/2026 3:11:00 AM","20","0","0","number","scsi0:1","n/a","0"
"WIN-DEMO-APP03","virtualdisk.numberwriteaveraged.average","8/20/2026 3:11:20 AM","20","0","0","number","scsi0:1","n/a","0"
"WIN-DEMO-APP03","virtualdisk.numberwriteaveraged.average","8/20/2026 3:11:40 AM","20","0","0","number","scsi0:1","n/a","0"
"WIN-DEMO-APP03","virtualdisk.numberwriteaveraged.average","8/20/2026 3:12:00 AM","20","0","0","number","scsi0:1","n/a","0"
"WIN-DEMO-APP03","virtualdisk.numberwriteaveraged.average","8/20/2026 3:12:20 AM","20","0","0","number","scsi0:1","n/a","0"
"WIN-DEMO-APP03","virtualdisk.numberwriteaveraged.average","8/20/2026 3:12:40 AM","20","0","0","number","scsi0:1","n/a","0"
"WIN-DEMO-APP03","virtualdisk.numberwriteaveraged.average","8/20/2026 3:13:00 AM","20","0","0","number","scsi0:1","n/a","0"
"WIN-DEMO-APP03","virtualdisk.numberwriteaveraged.average","8/20/2026 3:13:20 AM","20","0","0","number","scsi0:1","n/a","0"
"WIN-DEMO-APP03","virtualdisk.numberwriteaveraged.average","8/20/2026 3:13:40 AM","20","0","0","number","scsi0:1","n/a","0"
"WIN-DEMO-APP03","virtualdisk.numberwriteaveraged.average","8/20/2026 3:14:00 AM","20","0","0","number","scsi0:1","n/a","0"
"WIN-DEMO-APP03","virtualdisk.numberwriteaveraged.average","8/20/2026 3:14:20 AM","20","0","0","number","scsi0:1","n/a","0"
"WIN-DEMO-APP03","virtualdisk.numberwriteaveraged.average","8/20/2026 3:14:40 AM","20","0","0","number","scsi0:1","n/a","0"
"WIN-DEMO-APP03","virtualdisk.numberwriteaveraged.average","8/20/2026 3:15:00 AM","20","0","0","number","scsi0:1","n/a","0"
"WIN-DEMO-APP03","virtualdisk.numberwriteaveraged.average","8/20/2026 3:15:20 AM","20","0","0","number","scsi0:1","n/a","0"
"WIN-DEMO-APP03","virtualdisk.numberwriteaveraged.average","8/20/2026 3:15:40 AM","20","0","0","number","scsi0:1","n/a","0"
"WIN-DEMO-APP03","virtualdisk.numberwriteaveraged.average","8/20/2026 3:16:00 AM","20","0","0","number","scsi0:1","n/a","0"
"WIN-DEMO-APP03","virtualdisk.numberwriteaveraged.average","8/20/2026 3:16:20 AM","20","0","0","number","scsi0:1","n/a","0"
"WIN-DEMO-APP03","virtualdisk.numberwriteaveraged.average","8/20/2026 3:16:40 AM","20","0","0","number","scsi0:1","n/a","0"
"WIN-DEMO-APP03","virtualdisk.numberwriteaveraged.average","8/20/2026 3:17:00 AM","20","0","0","number","scsi0:1","n/a","0"
"WIN-DEMO-APP03","virtualdisk.numberwriteaveraged.average","8/20/2026 3:17:20 AM","20","0","0","number","scsi0:1","n/a","0"
"WIN-DEMO-APP03","virtualdisk.numberwriteaveraged.average","8/20/2026 3:17:40 AM","20","0","0","number","scsi0:1","n/a","0"
"WIN-DEMO-APP03","virtualdisk.numberwriteaveraged.average","8/20/2026 3:18:00 AM","20","0","0","number","scsi0:1","n/a","0"
"WIN-DEMO-APP03","virtualdisk.numberwriteaveraged.average","8/20/2026 3:18:20 AM","20","0","0","number","scsi0:1","n/a","0"
"WIN-DEMO-APP03","virtualdisk.numberwriteaveraged.average","8/20/2026 3:18:40 AM","20","0","0","number","scsi0:1","n/a","0"
"WIN-DEMO-APP03","virtualdisk.numberwriteaveraged.average","8/20/2026 3:19:00 AM","20","0","0","number","scsi0:1","n/a","0"
"WIN-DEMO-APP03","virtualdisk.numberwriteaveraged.average","8/20/2026 3:19:20 AM","20","0","0","number","scsi0:1","n/a","0"
"WIN-DEMO-APP03","virtualdisk.numberwriteaveraged.average","8/20/2026 3:19:40 AM","20","0","0","number","scsi0:1","n/a","0"
"WIN-DEMO-APP03","virtualdisk.numberwriteaveraged.average","8/20/2026 3:20:00 AM","20","0","0","number","scsi0:1","n/a","0"
"WIN-DEMO-APP03","virtualdisk.numberwriteaveraged.average","8/20/2026 3:20:20 AM","20","0","0","number","scsi0:1","n/a","0"
"WIN-DEMO-APP03","virtualdisk.numberwriteaveraged.average","8/20/2026 3:20:40 AM","20","0","0","number","scsi0:1","n/a","0"
"WIN-DEMO-APP03","virtualdisk.numberwriteaveraged.average","8/20/2026 3:21:00 AM","20","0","0","number","scsi0:1","n/a","0"
"WIN-DEMO-APP03","virtualdisk.numberwriteaveraged.average","8/20/2026 3:21:20 AM","20","0","0","number","scsi0:1","n/a","0"
"WIN-DEMO-APP03","virtualdisk.numberwriteaveraged.average","8/20/2026 3:21:40 AM","20","0","0","number","scsi0:1","n/a","0"
"WIN-DEMO-APP03","virtualdisk.numberwriteaveraged.average","8/20/2026 3:22:00 AM","20","0","0","number","scsi0:1","n/a","0"
"WIN-DEMO-APP03","virtualdisk.numberwriteaveraged.average","8/20/2026 3:22:20 AM","20","0","0","number","scsi0:1","n/a","0"
"WIN-DEMO-APP03","virtualdisk.numberwriteaveraged.average","8/20/2026 3:22:40 AM","20","0","0","number","scsi0:1","n/a","0"
"WIN-DEMO-APP03","virtualdisk.numberwriteaveraged.average","8/20/2026 3:23:00 AM","20","0","0","number","scsi0:1","n/a","0"
"WIN-DEMO-APP03","virtualdisk.numberwriteaveraged.average","8/20/2026 3:23:20 AM","20","0","0","number","scsi0:1","n/a","0"
"WIN-DEMO-APP03","virtualdisk.numberwriteaveraged.average","8/20/2026 3:23:40 AM","20","0","0","number","scsi0:1","n/a","0"
"WIN-DEMO-APP03","virtualdisk.numberwriteaveraged.average","8/20/2026 3:24:00 AM","20","0","0","number","scsi0:1","n/a","0"
"WIN-DEMO-APP03","virtualdisk.numberwriteaveraged.average","8/20/2026 3:24:20 AM","20","0","0","number","scsi0:1","n/a","0"
"WIN-DEMO-APP03","virtualdisk.numberwriteaveraged.average","8/20/2026 3:24:40 AM","20","0","0","number","scsi0:1","n/a","0"
"WIN-DEMO-APP03","virtualdisk.numberwriteaveraged.average","8/20/2026 3:25:00 AM","20","0","0","number","scsi0:1","n/a","0"
"WIN-DEMO-APP03","virtualdisk.numberwriteaveraged.average","8/20/2026 3:25:20 AM","20","0","0","number","scsi0:1","n/a","0"
"WIN-DEMO-APP03","virtualdisk.numberwriteaveraged.average","8/20/2026 3:25:40 AM","20","0","0","number","scsi0:1","n/a","0"
"WIN-DEMO-APP03","virtualdisk.numberwriteaveraged.average","8/20/2026 3:26:00 AM","20","0","0","number","scsi0:1","n/a","0"
"WIN-DEMO-APP03","virtualdisk.numberwriteaveraged.average","8/20/2026 3:26:20 AM","20","0","0","number","scsi0:1","n/a","0"
"WIN-DEMO-APP03","virtualdisk.numberwriteaveraged.average","8/20/2026 3:26:40 AM","20","0","0","number","scsi0:1","n/a","0"
"WIN-DEMO-APP03","virtualdisk.numberwriteaveraged.average","8/20/2026 3:27:00 AM","20","0","0","number","scsi0:1","n/a","0"
"WIN-DEMO-APP03","virtualdisk.numberwriteaveraged.average","8/20/2026 3:27:20 AM","20","0","0","number","scsi0:1","n/a","0"
"WIN-DEMO-APP03","virtualdisk.numberwriteaveraged.average","8/20/2026 3:27:40 AM","20","0","0","number","scsi0:1","n/a","0"
"WIN-DEMO-APP03","virtualdisk.numberwriteaveraged.average","8/20/2026 3:28:00 AM","20","0","0","number","scsi0:1","n/a","0"
"WIN-DEMO-APP03","virtualdisk.numberwriteaveraged.average","8/20/2026 3:28:20 AM","20","0","0","number","scsi0:1","n/a","0"
"WIN-DEMO-APP03","virtualdisk.numberwriteaveraged.average","8/20/2026 3:28:40 AM","20","0","0","number","scsi0:1","n/a","0"
"WIN-DEMO-APP03","virtualdisk.numberwriteaveraged.average","8/20/2026 3:29:00 AM","20","0","0","number","scsi0:1","n/a","0"
"WIN-DEMO-APP03","virtualdisk.numberwriteaveraged.average","8/20/2026 3:29:20 AM","20","0","0","number","scsi0:1","n/a","0"
"WIN-DEMO-APP03","virtualdisk.numberwriteaveraged.average","8/20/2026 3:29:40 AM","20","0","0","number","scsi0:1","n/a","0"
"WIN-DEMO-APP03","virtualdisk.numberwriteaveraged.average","8/20/2026 3:30:00 AM","20","0","0","number","scsi0:1","n/a","0"
"WIN-DEMO-APP03","virtualdisk.read.average","8/20/2026 2:30:20 AM","20","0","0","KBps","scsi0:0","n/a","0"
"WIN-DEMO-APP03","virtualdisk.read.average","8/20/2026 2:30:40 AM","20","0","0","KBps","scsi0:0","n/a","0"
"WIN-DEMO-APP03","virtualdisk.read.average","8/20/2026 2:31:00 AM","20","0","0","KBps","scsi0:0","n/a","0"
"WIN-DEMO-APP03","virtualdisk.read.average","8/20/2026 2:31:20 AM","20","0","0","KBps","scsi0:0","n/a","0"
"WIN-DEMO-APP03","virtualdisk.read.average","8/20/2026 2:31:40 AM","20","0","0","KBps","scsi0:0","n/a","0"
"WIN-DEMO-APP03","virtualdisk.read.average","8/20/2026 2:32:00 AM","20","0","0","KBps","scsi0:0","n/a","0"
"WIN-DEMO-APP03","virtualdisk.read.average","8/20/2026 2:32:20 AM","20","0","0","KBps","scsi0:0","n/a","0"
"WIN-DEMO-APP03","virtualdisk.read.average","8/20/2026 2:32:40 AM","20","0","0","KBps","scsi0:0","n/a","0"
"WIN-DEMO-APP03","virtualdisk.read.average","8/20/2026 2:33:00 AM","20","0","0","KBps","scsi0:0","n/a","0"
"WIN-DEMO-APP03","virtualdisk.read.average","8/20/2026 2:33:20 AM","20","0","0","KBps","scsi0:0","n/a","0"
"WIN-DEMO-APP03","virtualdisk.read.average","8/20/2026 2:33:40 AM","20","0","0","KBps","scsi0:0","n/a","0"
"WIN-DEMO-APP03","virtualdisk.read.average","8/20/2026 2:34:00 AM","20","0","0","KBps","scsi0:0","n/a","0"
"WIN-DEMO-APP03","virtualdisk.read.average","8/20/2026 2:34:20 AM","20","0","0","KBps","scsi0:0","n/a","0"
"WIN-DEMO-APP03","virtualdisk.read.average","8/20/2026 2:34:40 AM","20","0","0","KBps","scsi0:0","n/a","0"
"WIN-DEMO-APP03","virtualdisk.read.average","8/20/2026 2:35:00 AM","20","0","0","KBps","scsi0:0","n/a","0"
"WIN-DEMO-APP03","virtualdisk.read.average","8/20/2026 2:35:20 AM","20","0","0","KBps","scsi0:0","n/a","0"
"WIN-DEMO-APP03","virtualdisk.read.average","8/20/2026 2:35:40 AM","20","0","0","KBps","scsi0:0","n/a","0"
"WIN-DEMO-APP03","virtualdisk.read.average","8/20/2026 2:36:00 AM","20","0","0","KBps","scsi0:0","n/a","0"
"WIN-DEMO-APP03","virtualdisk.read.average","8/20/2026 2:36:20 AM","20","0","0","KBps","scsi0:0","n/a","0"
"WIN-DEMO-APP03","virtualdisk.read.average","8/20/2026 2:36:40 AM","20","0","0","KBps","scsi0:0","n/a","0"
"WIN-DEMO-APP03","virtualdisk.read.average","8/20/2026 2:37:00 AM","20","0","0","KBps","scsi0:0","n/a","0"
"WIN-DEMO-APP03","virtualdisk.read.average","8/20/2026 2:37:20 AM","20","0","0","KBps","scsi0:0","n/a","0"
"WIN-DEMO-APP03","virtualdisk.read.average","8/20/2026 2:37:40 AM","20","0","0","KBps","scsi0:0","n/a","0"
"WIN-DEMO-APP03","virtualdisk.read.average","8/20/2026 2:38:00 AM","20","0","0","KBps","scsi0:0","n/a","0"
"WIN-DEMO-APP03","virtualdisk.read.average","8/20/2026 2:38:20 AM","20","0","0","KBps","scsi0:0","n/a","0"
"WIN-DEMO-APP03","virtualdisk.read.average","8/20/2026 2:38:40 AM","20","0","0","KBps","scsi0:0","n/a","0"
"WIN-DEMO-APP03","virtualdisk.read.average","8/20/2026 2:39:00 AM","20","0","0","KBps","scsi0:0","n/a","0"
"WIN-DEMO-APP03","virtualdisk.read.average","8/20/2026 2:39:20 AM","20","0","0","KBps","scsi0:0","n/a","0"
"WIN-DEMO-APP03","virtualdisk.read.average","8/20/2026 2:39:40 AM","20","0","0","KBps","scsi0:0","n/a","0"
"WIN-DEMO-APP03","virtualdisk.read.average","8/20/2026 2:40:00 AM","20","0","0","KBps","scsi0:0","n/a","0"
"WIN-DEMO-APP03","virtualdisk.read.average","8/20/2026 2:40:20 AM","20","0","0","KBps","scsi0:0","n/a","0"
"WIN-DEMO-APP03","virtualdisk.read.average","8/20/2026 2:40:40 AM","20","0","0","KBps","scsi0:0","n/a","0"
"WIN-DEMO-APP03","virtualdisk.read.average","8/20/2026 2:41:00 AM","20","0","0","KBps","scsi0:0","n/a","0"
"WIN-DEMO-APP03","virtualdisk.read.average","8/20/2026 2:41:20 AM","20","0","0","KBps","scsi0:0","n/a","0"
"WIN-DEMO-APP03","virtualdisk.read.average","8/20/2026 2:41:40 AM","20","0","0","KBps","scsi0:0","n/a","0"
"WIN-DEMO-APP03","virtualdisk.read.average","8/20/2026 2:42:00 AM","20","0","0","KBps","scsi0:0","n/a","0"
"WIN-DEMO-APP03","virtualdisk.read.average","8/20/2026 2:42:20 AM","20","0","0","KBps","scsi0:0","n/a","0"
"WIN-DEMO-APP03","virtualdisk.read.average","8/20/2026 2:42:40 AM","20","0","0","KBps","scsi0:0","n/a","0"
"WIN-DEMO-APP03","virtualdisk.read.average","8/20/2026 2:43:00 AM","20","0","0","KBps","scsi0:0","n/a","0"
"WIN-DEMO-APP03","virtualdisk.read.average","8/20/2026 2:43:20 AM","20","0","0","KBps","scsi0:0","n/a","0"
"WIN-DEMO-APP03","virtualdisk.read.average","8/20/2026 2:43:40 AM","20","0","0","KBps","scsi0:0","n/a","0"
"WIN-DEMO-APP03","virtualdisk.read.average","8/20/2026 2:44:00 AM","20","0","0","KBps","scsi0:0","n/a","0"
"WIN-DEMO-APP03","virtualdisk.read.average","8/20/2026 2:44:20 AM","20","0","0","KBps","scsi0:0","n/a","0"
"WIN-DEMO-APP03","virtualdisk.read.average","8/20/2026 2:44:40 AM","20","0","0","KBps","scsi0:0","n/a","0"
"WIN-DEMO-APP03","virtualdisk.read.average","8/20/2026 2:45:00 AM","20","0","0","KBps","scsi0:0","n/a","0"
"WIN-DEMO-APP03","virtualdisk.read.average","8/20/2026 2:45:20 AM","20","0","0","KBps","scsi0:0","n/a","0"
"WIN-DEMO-APP03","virtualdisk.read.average","8/20/2026 2:45:40 AM","20","0","0","KBps","scsi0:0","n/a","0"
"WIN-DEMO-APP03","virtualdisk.read.average","8/20/2026 2:46:00 AM","20","0","0","KBps","scsi0:0","n/a","0"
"WIN-DEMO-APP03","virtualdisk.read.average","8/20/2026 2:46:20 AM","20","0","0","KBps","scsi0:0","n/a","0"
"WIN-DEMO-APP03","virtualdisk.read.average","8/20/2026 2:46:40 AM","20","0","0","KBps","scsi0:0","n/a","0"
"WIN-DEMO-APP03","virtualdisk.read.average","8/20/2026 2:47:00 AM","20","0","0","KBps","scsi0:0","n/a","0"
"WIN-DEMO-APP03","virtualdisk.read.average","8/20/2026 2:47:20 AM","20","0","0","KBps","scsi0:0","n/a","0"
"WIN-DEMO-APP03","virtualdisk.read.average","8/20/2026 2:47:40 AM","20","0","0","KBps","scsi0:0","n/a","0"
"WIN-DEMO-APP03","virtualdisk.read.average","8/20/2026 2:48:00 AM","20","0","0","KBps","scsi0:0","n/a","0"
"WIN-DEMO-APP03","virtualdisk.read.average","8/20/2026 2:48:20 AM","20","0","0","KBps","scsi0:0","n/a","0"
"WIN-DEMO-APP03","virtualdisk.read.average","8/20/2026 2:48:40 AM","20","0","0","KBps","scsi0:0","n/a","0"
"WIN-DEMO-APP03","virtualdisk.read.average","8/20/2026 2:49:00 AM","20","0","0","KBps","scsi0:0","n/a","0"
"WIN-DEMO-APP03","virtualdisk.read.average","8/20/2026 2:49:20 AM","20","0","0","KBps","scsi0:0","n/a","0"
"WIN-DEMO-APP03","virtualdisk.read.average","8/20/2026 2:49:40 AM","20","0","0","KBps","scsi0:0","n/a","0"
"WIN-DEMO-APP03","virtualdisk.read.average","8/20/2026 2:50:00 AM","20","0","0","KBps","scsi0:0","n/a","0"
"WIN-DEMO-APP03","virtualdisk.read.average","8/20/2026 2:50:20 AM","20","0","0","KBps","scsi0:0","n/a","0"
"WIN-DEMO-APP03","virtualdisk.read.average","8/20/2026 2:50:40 AM","20","0","0","KBps","scsi0:0","n/a","0"
"WIN-DEMO-APP03","virtualdisk.read.average","8/20/2026 2:51:00 AM","20","0","0","KBps","scsi0:0","n/a","0"
"WIN-DEMO-APP03","virtualdisk.read.average","8/20/2026 2:51:20 AM","20","0","0","KBps","scsi0:0","n/a","0"
"WIN-DEMO-APP03","virtualdisk.read.average","8/20/2026 2:51:40 AM","20","0","0","KBps","scsi0:0","n/a","0"
"WIN-DEMO-APP03","virtualdisk.read.average","8/20/2026 2:52:00 AM","20","0","0","KBps","scsi0:0","n/a","0"
"WIN-DEMO-APP03","virtualdisk.read.average","8/20/2026 2:52:20 AM","20","0","0","KBps","scsi0:0","n/a","0"
"WIN-DEMO-APP03","virtualdisk.read.average","8/20/2026 2:52:40 AM","20","0","0","KBps","scsi0:0","n/a","0"
"WIN-DEMO-APP03","virtualdisk.read.average","8/20/2026 2:53:00 AM","20","0","0","KBps","scsi0:0","n/a","0"
"WIN-DEMO-APP03","virtualdisk.read.average","8/20/2026 2:53:20 AM","20","0","0","KBps","scsi0:0","n/a","0"
"WIN-DEMO-APP03","virtualdisk.read.average","8/20/2026 2:53:40 AM","20","0","0","KBps","scsi0:0","n/a","0"
"WIN-DEMO-APP03","virtualdisk.read.average","8/20/2026 2:54:00 AM","20","0","0","KBps","scsi0:0","n/a","0"
"WIN-DEMO-APP03","virtualdisk.read.average","8/20/2026 2:54:20 AM","20","0","0","KBps","scsi0:0","n/a","0"
"WIN-DEMO-APP03","virtualdisk.read.average","8/20/2026 2:54:40 AM","20","0","0","KBps","scsi0:0","n/a","0"
"WIN-DEMO-APP03","virtualdisk.read.average","8/20/2026 2:55:00 AM","20","0","0","KBps","scsi0:0","n/a","0"
"WIN-DEMO-APP03","virtualdisk.read.average","8/20/2026 2:55:20 AM","20","0","0","KBps","scsi0:0","n/a","0"
"WIN-DEMO-APP03","virtualdisk.read.average","8/20/2026 2:55:40 AM","20","0","0","KBps","scsi0:0","n/a","0"
"WIN-DEMO-APP03","virtualdisk.read.average","8/20/2026 2:56:00 AM","20","0","0","KBps","scsi0:0","n/a","0"
"WIN-DEMO-APP03","virtualdisk.read.average","8/20/2026 2:56:20 AM","20","0","0","KBps","scsi0:0","n/a","0"
"WIN-DEMO-APP03","virtualdisk.read.average","8/20/2026 2:56:40 AM","20","0","0","KBps","scsi0:0","n/a","0"
"WIN-DEMO-APP03","virtualdisk.read.average","8/20/2026 2:57:00 AM","20","0","0","KBps","scsi0:0","n/a","0"
"WIN-DEMO-APP03","virtualdisk.read.average","8/20/2026 2:57:20 AM","20","0","0","KBps","scsi0:0","n/a","0"
"WIN-DEMO-APP03","virtualdisk.read.average","8/20/2026 2:57:40 AM","20","0","0","KBps","scsi0:0","n/a","0"
"WIN-DEMO-APP03","virtualdisk.read.average","8/20/2026 2:58:00 AM","20","0","0","KBps","scsi0:0","n/a","0"
"WIN-DEMO-APP03","virtualdisk.read.average","8/20/2026 2:58:20 AM","20","0","0","KBps","scsi0:0","n/a","0"
"WIN-DEMO-APP03","virtualdisk.read.average","8/20/2026 2:58:40 AM","20","0","0","KBps","scsi0:0","n/a","0"
"WIN-DEMO-APP03","virtualdisk.read.average","8/20/2026 2:59:00 AM","20","0","0","KBps","scsi0:0","n/a","0"
"WIN-DEMO-APP03","virtualdisk.read.average","8/20/2026 2:59:20 AM","20","0","0","KBps","scsi0:0","n/a","0"
"WIN-DEMO-APP03","virtualdisk.read.average","8/20/2026 2:59:40 AM","20","0","0","KBps","scsi0:0","n/a","0"
"WIN-DEMO-APP03","virtualdisk.read.average","8/20/2026 3:00:00 AM","20","0","0","KBps","scsi0:0","n/a","0"
"WIN-DEMO-APP03","virtualdisk.read.average","8/20/2026 3:00:20 AM","20","0","0","KBps","scsi0:0","n/a","0"
"WIN-DEMO-APP03","virtualdisk.read.average","8/20/2026 3:00:40 AM","20","0","0","KBps","scsi0:0","n/a","0"
"WIN-DEMO-APP03","virtualdisk.read.average","8/20/2026 3:01:00 AM","20","0","0","KBps","scsi0:0","n/a","0"
"WIN-DEMO-APP03","virtualdisk.read.average","8/20/2026 3:01:20 AM","20","0","0","KBps","scsi0:0","n/a","0"
"WIN-DEMO-APP03","virtualdisk.read.average","8/20/2026 3:01:40 AM","20","0","0","KBps","scsi0:0","n/a","0"
"WIN-DEMO-APP03","virtualdisk.read.average","8/20/2026 3:02:00 AM","20","0","0","KBps","scsi0:0","n/a","0"
"WIN-DEMO-APP03","virtualdisk.read.average","8/20/2026 3:02:20 AM","20","0","0","KBps","scsi0:0","n/a","0"
"WIN-DEMO-APP03","virtualdisk.read.average","8/20/2026 3:02:40 AM","20","0","0","KBps","scsi0:0","n/a","0"
"WIN-DEMO-APP03","virtualdisk.read.average","8/20/2026 3:03:00 AM","20","0","0","KBps","scsi0:0","n/a","0"
"WIN-DEMO-APP03","virtualdisk.read.average","8/20/2026 3:03:20 AM","20","0","0","KBps","scsi0:0","n/a","0"
"WIN-DEMO-APP03","virtualdisk.read.average","8/20/2026 3:03:40 AM","20","0","0","KBps","scsi0:0","n/a","0"
"WIN-DEMO-APP03","virtualdisk.read.average","8/20/2026 3:04:00 AM","20","0","0","KBps","scsi0:0","n/a","0"
"WIN-DEMO-APP03","virtualdisk.read.average","8/20/2026 3:04:20 AM","20","0","0","KBps","scsi0:0","n/a","0"
"WIN-DEMO-APP03","virtualdisk.read.average","8/20/2026 3:04:40 AM","20","0","0","KBps","scsi0:0","n/a","0"
"WIN-DEMO-APP03","virtualdisk.read.average","8/20/2026 3:05:00 AM","20","0","0","KBps","scsi0:0","n/a","0"
"WIN-DEMO-APP03","virtualdisk.read.average","8/20/2026 3:05:20 AM","20","0","0","KBps","scsi0:0","n/a","0"
"WIN-DEMO-APP03","virtualdisk.read.average","8/20/2026 3:05:40 AM","20","0","0","KBps","scsi0:0","n/a","0"
"WIN-DEMO-APP03","virtualdisk.read.average","8/20/2026 3:06:00 AM","20","0","0","KBps","scsi0:0","n/a","0"
"WIN-DEMO-APP03","virtualdisk.read.average","8/20/2026 3:06:20 AM","20","0","0","KBps","scsi0:0","n/a","0"
"WIN-DEMO-APP03","virtualdisk.read.average","8/20/2026 3:06:40 AM","20","0","0","KBps","scsi0:0","n/a","0"
"WIN-DEMO-APP03","virtualdisk.read.average","8/20/2026 3:07:00 AM","20","0","0","KBps","scsi0:0","n/a","0"
"WIN-DEMO-APP03","virtualdisk.read.average","8/20/2026 3:07:20 AM","20","0","0","KBps","scsi0:0","n/a","0"
"WIN-DEMO-APP03","virtualdisk.read.average","8/20/2026 3:07:40 AM","20","0","0","KBps","scsi0:0","n/a","0"
"WIN-DEMO-APP03","virtualdisk.read.average","8/20/2026 3:08:00 AM","20","0","0","KBps","scsi0:0","n/a","0"
"WIN-DEMO-APP03","virtualdisk.read.average","8/20/2026 3:08:20 AM","20","0","0","KBps","scsi0:0","n/a","0"
"WIN-DEMO-APP03","virtualdisk.read.average","8/20/2026 3:08:40 AM","20","0","0","KBps","scsi0:0","n/a","0"
"WIN-DEMO-APP03","virtualdisk.read.average","8/20/2026 3:09:00 AM","20","0","0","KBps","scsi0:0","n/a","0"
"WIN-DEMO-APP03","virtualdisk.read.average","8/20/2026 3:09:20 AM","20","0","0","KBps","scsi0:0","n/a","0"
"WIN-DEMO-APP03","virtualdisk.read.average","8/20/2026 3:09:40 AM","20","0","0","KBps","scsi0:0","n/a","0"
"WIN-DEMO-APP03","virtualdisk.read.average","8/20/2026 3:10:00 AM","20","0","0","KBps","scsi0:0","n/a","0"
"WIN-DEMO-APP03","virtualdisk.read.average","8/20/2026 3:10:20 AM","20","0","0","KBps","scsi0:0","n/a","0"
"WIN-DEMO-APP03","virtualdisk.read.average","8/20/2026 3:10:40 AM","20","0","0","KBps","scsi0:0","n/a","0"
"WIN-DEMO-APP03","virtualdisk.read.average","8/20/2026 3:11:00 AM","20","0","0","KBps","scsi0:0","n/a","0"
"WIN-DEMO-APP03","virtualdisk.read.average","8/20/2026 3:11:20 AM","20","0","0","KBps","scsi0:0","n/a","0"
"WIN-DEMO-APP03","virtualdisk.read.average","8/20/2026 3:11:40 AM","20","0","0","KBps","scsi0:0","n/a","0"
"WIN-DEMO-APP03","virtualdisk.read.average","8/20/2026 3:12:00 AM","20","0","0","KBps","scsi0:0","n/a","0"
"WIN-DEMO-APP03","virtualdisk.read.average","8/20/2026 3:12:20 AM","20","0","0","KBps","scsi0:0","n/a","0"
"WIN-DEMO-APP03","virtualdisk.read.average","8/20/2026 3:12:40 AM","20","0","0","KBps","scsi0:0","n/a","0"
"WIN-DEMO-APP03","virtualdisk.read.average","8/20/2026 3:13:00 AM","20","0","0","KBps","scsi0:0","n/a","0"
"WIN-DEMO-APP03","virtualdisk.read.average","8/20/2026 3:13:20 AM","20","0","0","KBps","scsi0:0","n/a","0"
"WIN-DEMO-APP03","virtualdisk.read.average","8/20/2026 3:13:40 AM","20","0","0","KBps","scsi0:0","n/a","0"
"WIN-DEMO-APP03","virtualdisk.read.average","8/20/2026 3:14:00 AM","20","0","0","KBps","scsi0:0","n/a","0"
"WIN-DEMO-APP03","virtualdisk.read.average","8/20/2026 3:14:20 AM","20","0","0","KBps","scsi0:0","n/a","0"
"WIN-DEMO-APP03","virtualdisk.read.average","8/20/2026 3:14:40 AM","20","0","0","KBps","scsi0:0","n/a","0"
"WIN-DEMO-APP03","virtualdisk.read.average","8/20/2026 3:15:00 AM","20","0","0","KBps","scsi0:0","n/a","0"
"WIN-DEMO-APP03","virtualdisk.read.average","8/20/2026 3:15:20 AM","20","0","0","KBps","scsi0:0","n/a","0"
"WIN-DEMO-APP03","virtualdisk.read.average","8/20/2026 3:15:40 AM","20","0","0","KBps","scsi0:0","n/a","0"
"WIN-DEMO-APP03","virtualdisk.read.average","8/20/2026 3:16:00 AM","20","0","0","KBps","scsi0:0","n/a","0"
"WIN-DEMO-APP03","virtualdisk.read.average","8/20/2026 3:16:20 AM","20","0","0","KBps","scsi0:0","n/a","0"
"WIN-DEMO-APP03","virtualdisk.read.average","8/20/2026 3:16:40 AM","20","0","0","KBps","scsi0:0","n/a","0"
"WIN-DEMO-APP03","virtualdisk.read.average","8/20/2026 3:17:00 AM","20","0","0","KBps","scsi0:0","n/a","0"
"WIN-DEMO-APP03","virtualdisk.read.average","8/20/2026 3:17:20 AM","20","0","0","KBps","scsi0:0","n/a","0"
"WIN-DEMO-APP03","virtualdisk.read.average","8/20/2026 3:17:40 AM","20","0","0","KBps","scsi0:0","n/a","0"
"WIN-DEMO-APP03","virtualdisk.read.average","8/20/2026 3:18:00 AM","20","0","0","KBps","scsi0:0","n/a","0"
"WIN-DEMO-APP03","virtualdisk.read.average","8/20/2026 3:18:20 AM","20","0","0","KBps","scsi0:0","n/a","0"
"WIN-DEMO-APP03","virtualdisk.read.average","8/20/2026 3:18:40 AM","20","0","0","KBps","scsi0:0","n/a","0"
"WIN-DEMO-APP03","virtualdisk.read.average","8/20/2026 3:19:00 AM","20","0","0","KBps","scsi0:0","n/a","0"
"WIN-DEMO-APP03","virtualdisk.read.average","8/20/2026 3:19:20 AM","20","0","0","KBps","scsi0:0","n/a","0"
"WIN-DEMO-APP03","virtualdisk.read.average","8/20/2026 3:19:40 AM","20","0","0","KBps","scsi0:0","n/a","0"
"WIN-DEMO-APP03","virtualdisk.read.average","8/20/2026 3:20:00 AM","20","0","0","KBps","scsi0:0","n/a","0"
"WIN-DEMO-APP03","virtualdisk.read.average","8/20/2026 3:20:20 AM","20","0","0","KBps","scsi0:0","n/a","0"
"WIN-DEMO-APP03","virtualdisk.read.average","8/20/2026 3:20:40 AM","20","0","0","KBps","scsi0:0","n/a","0"
"WIN-DEMO-APP03","virtualdisk.read.average","8/20/2026 3:21:00 AM","20","0","0","KBps","scsi0:0","n/a","0"
"WIN-DEMO-APP03","virtualdisk.read.average","8/20/2026 3:21:20 AM","20","0","0","KBps","scsi0:0","n/a","0"
"WIN-DEMO-APP03","virtualdisk.read.average","8/20/2026 3:21:40 AM","20","0","0","KBps","scsi0:0","n/a","0"
"WIN-DEMO-APP03","virtualdisk.read.average","8/20/2026 3:22:00 AM","20","0","0","KBps","scsi0:0","n/a","0"
"WIN-DEMO-APP03","virtualdisk.read.average","8/20/2026 3:22:20 AM","20","0","0","KBps","scsi0:0","n/a","0"
"WIN-DEMO-APP03","virtualdisk.read.average","8/20/2026 3:22:40 AM","20","0","0","KBps","scsi0:0","n/a","0"
"WIN-DEMO-APP03","virtualdisk.read.average","8/20/2026 3:23:00 AM","20","0","0","KBps","scsi0:0","n/a","0"
"WIN-DEMO-APP03","virtualdisk.read.average","8/20/2026 3:23:20 AM","20","0","0","KBps","scsi0:0","n/a","0"
"WIN-DEMO-APP03","virtualdisk.read.average","8/20/2026 3:23:40 AM","20","0","0","KBps","scsi0:0","n/a","0"
"WIN-DEMO-APP03","virtualdisk.read.average","8/20/2026 3:24:00 AM","20","0","0","KBps","scsi0:0","n/a","0"
"WIN-DEMO-APP03","virtualdisk.read.average","8/20/2026 3:24:20 AM","20","0","0","KBps","scsi0:0","n/a","0"
"WIN-DEMO-APP03","virtualdisk.read.average","8/20/2026 3:24:40 AM","20","0","0","KBps","scsi0:0","n/a","0"
"WIN-DEMO-APP03","virtualdisk.read.average","8/20/2026 3:25:00 AM","20","0","0","KBps","scsi0:0","n/a","0"
"WIN-DEMO-APP03","virtualdisk.read.average","8/20/2026 3:25:20 AM","20","0","0","KBps","scsi0:0","n/a","0"
"WIN-DEMO-APP03","virtualdisk.read.average","8/20/2026 3:25:40 AM","20","0","0","KBps","scsi0:0","n/a","0"
"WIN-DEMO-APP03","virtualdisk.read.average","8/20/2026 3:26:00 AM","20","0","0","KBps","scsi0:0","n/a","0"
"WIN-DEMO-APP03","virtualdisk.read.average","8/20/2026 3:26:20 AM","20","0","0","KBps","scsi0:0","n/a","0"
"WIN-DEMO-APP03","virtualdisk.read.average","8/20/2026 3:26:40 AM","20","0","0","KBps","scsi0:0","n/a","0"
"WIN-DEMO-APP03","virtualdisk.read.average","8/20/2026 3:27:00 AM","20","0","0","KBps","scsi0:0","n/a","0"
"WIN-DEMO-APP03","virtualdisk.read.average","8/20/2026 3:27:20 AM","20","0","0","KBps","scsi0:0","n/a","0"
"WIN-DEMO-APP03","virtualdisk.read.average","8/20/2026 3:27:40 AM","20","0","0","KBps","scsi0:0","n/a","0"
"WIN-DEMO-APP03","virtualdisk.read.average","8/20/2026 3:28:00 AM","20","0","0","KBps","scsi0:0","n/a","0"
"WIN-DEMO-APP03","virtualdisk.read.average","8/20/2026 3:28:20 AM","20","0","0","KBps","scsi0:0","n/a","0"
"WIN-DEMO-APP03","virtualdisk.read.average","8/20/2026 3:28:40 AM","20","0","0","KBps","scsi0:0","n/a","0"
"WIN-DEMO-APP03","virtualdisk.read.average","8/20/2026 3:29:00 AM","20","0","0","KBps","scsi0:0","n/a","0"
"WIN-DEMO-APP03","virtualdisk.read.average","8/20/2026 3:29:20 AM","20","0","0","KBps","scsi0:0","n/a","0"
"WIN-DEMO-APP03","virtualdisk.read.average","8/20/2026 3:29:40 AM","20","0","0","KBps","scsi0:0","n/a","0"
"WIN-DEMO-APP03","virtualdisk.read.average","8/20/2026 3:30:00 AM","20","0","0","KBps","scsi0:0","n/a","0"
"WIN-DEMO-APP03","virtualdisk.read.average","8/20/2026 2:30:20 AM","20","0","0","KBps","scsi0:1","n/a","0"
"WIN-DEMO-APP03","virtualdisk.read.average","8/20/2026 2:30:40 AM","20","0","0","KBps","scsi0:1","n/a","0"
"WIN-DEMO-APP03","virtualdisk.read.average","8/20/2026 2:31:00 AM","20","0","0","KBps","scsi0:1","n/a","0"
"WIN-DEMO-APP03","virtualdisk.read.average","8/20/2026 2:31:20 AM","20","0","0","KBps","scsi0:1","n/a","0"
"WIN-DEMO-APP03","virtualdisk.read.average","8/20/2026 2:31:40 AM","20","0","0","KBps","scsi0:1","n/a","0"
"WIN-DEMO-APP03","virtualdisk.read.average","8/20/2026 2:32:00 AM","20","0","0","KBps","scsi0:1","n/a","0"
"WIN-DEMO-APP03","virtualdisk.read.average","8/20/2026 2:32:20 AM","20","0","0","KBps","scsi0:1","n/a","0"
"WIN-DEMO-APP03","virtualdisk.read.average","8/20/2026 2:32:40 AM","20","0","0","KBps","scsi0:1","n/a","0"
"WIN-DEMO-APP03","virtualdisk.read.average","8/20/2026 2:33:00 AM","20","0","0","KBps","scsi0:1","n/a","0"
"WIN-DEMO-APP03","virtualdisk.read.average","8/20/2026 2:33:20 AM","20","0","0","KBps","scsi0:1","n/a","0"
"WIN-DEMO-APP03","virtualdisk.read.average","8/20/2026 2:33:40 AM","20","0","0","KBps","scsi0:1","n/a","0"
"WIN-DEMO-APP03","virtualdisk.read.average","8/20/2026 2:34:00 AM","20","0","0","KBps","scsi0:1","n/a","0"
"WIN-DEMO-APP03","virtualdisk.read.average","8/20/2026 2:34:20 AM","20","0","0","KBps","scsi0:1","n/a","0"
"WIN-DEMO-APP03","virtualdisk.read.average","8/20/2026 2:34:40 AM","20","0","0","KBps","scsi0:1","n/a","0"
"WIN-DEMO-APP03","virtualdisk.read.average","8/20/2026 2:35:00 AM","20","0","0","KBps","scsi0:1","n/a","0"
"WIN-DEMO-APP03","virtualdisk.read.average","8/20/2026 2:35:20 AM","20","0","0","KBps","scsi0:1","n/a","0"
"WIN-DEMO-APP03","virtualdisk.read.average","8/20/2026 2:35:40 AM","20","0","0","KBps","scsi0:1","n/a","0"
"WIN-DEMO-APP03","virtualdisk.read.average","8/20/2026 2:36:00 AM","20","0","0","KBps","scsi0:1","n/a","0"
"WIN-DEMO-APP03","virtualdisk.read.average","8/20/2026 2:36:20 AM","20","0","0","KBps","scsi0:1","n/a","0"
"WIN-DEMO-APP03","virtualdisk.read.average","8/20/2026 2:36:40 AM","20","0","0","KBps","scsi0:1","n/a","0"
"WIN-DEMO-APP03","virtualdisk.read.average","8/20/2026 2:37:00 AM","20","0","0","KBps","scsi0:1","n/a","0"
"WIN-DEMO-APP03","virtualdisk.read.average","8/20/2026 2:37:20 AM","20","0","0","KBps","scsi0:1","n/a","0"
"WIN-DEMO-APP03","virtualdisk.read.average","8/20/2026 2:37:40 AM","20","0","0","KBps","scsi0:1","n/a","0"
"WIN-DEMO-APP03","virtualdisk.read.average","8/20/2026 2:38:00 AM","20","0","0","KBps","scsi0:1","n/a","0"
"WIN-DEMO-APP03","virtualdisk.read.average","8/20/2026 2:38:20 AM","20","0","0","KBps","scsi0:1","n/a","0"
"WIN-DEMO-APP03","virtualdisk.read.average","8/20/2026 2:38:40 AM","20","0","0","KBps","scsi0:1","n/a","0"
"WIN-DEMO-APP03","virtualdisk.read.average","8/20/2026 2:39:00 AM","20","0","0","KBps","scsi0:1","n/a","0"
"WIN-DEMO-APP03","virtualdisk.read.average","8/20/2026 2:39:20 AM","20","0","0","KBps","scsi0:1","n/a","0"
"WIN-DEMO-APP03","virtualdisk.read.average","8/20/2026 2:39:40 AM","20","0","0","KBps","scsi0:1","n/a","0"
"WIN-DEMO-APP03","virtualdisk.read.average","8/20/2026 2:40:00 AM","20","0","0","KBps","scsi0:1","n/a","0"
"WIN-DEMO-APP03","virtualdisk.read.average","8/20/2026 2:40:20 AM","20","0","0","KBps","scsi0:1","n/a","0"
"WIN-DEMO-APP03","virtualdisk.read.average","8/20/2026 2:40:40 AM","20","0","0","KBps","scsi0:1","n/a","0"
"WIN-DEMO-APP03","virtualdisk.read.average","8/20/2026 2:41:00 AM","20","0","0","KBps","scsi0:1","n/a","0"
"WIN-DEMO-APP03","virtualdisk.read.average","8/20/2026 2:41:20 AM","20","0","0","KBps","scsi0:1","n/a","0"
"WIN-DEMO-APP03","virtualdisk.read.average","8/20/2026 2:41:40 AM","20","0","0","KBps","scsi0:1","n/a","0"
"WIN-DEMO-APP03","virtualdisk.read.average","8/20/2026 2:42:00 AM","20","0","0","KBps","scsi0:1","n/a","0"
"WIN-DEMO-APP03","virtualdisk.read.average","8/20/2026 2:42:20 AM","20","0","0","KBps","scsi0:1","n/a","0"
"WIN-DEMO-APP03","virtualdisk.read.average","8/20/2026 2:42:40 AM","20","0","0","KBps","scsi0:1","n/a","0"
"WIN-DEMO-APP03","virtualdisk.read.average","8/20/2026 2:43:00 AM","20","0","0","KBps","scsi0:1","n/a","0"
"WIN-DEMO-APP03","virtualdisk.read.average","8/20/2026 2:43:20 AM","20","0","0","KBps","scsi0:1","n/a","0"
"WIN-DEMO-APP03","virtualdisk.read.average","8/20/2026 2:43:40 AM","20","0","0","KBps","scsi0:1","n/a","0"
"WIN-DEMO-APP03","virtualdisk.read.average","8/20/2026 2:44:00 AM","20","0","0","KBps","scsi0:1","n/a","0"
"WIN-DEMO-APP03","virtualdisk.read.average","8/20/2026 2:44:20 AM","20","0","0","KBps","scsi0:1","n/a","0"
"WIN-DEMO-APP03","virtualdisk.read.average","8/20/2026 2:44:40 AM","20","0","0","KBps","scsi0:1","n/a","0"
"WIN-DEMO-APP03","virtualdisk.read.average","8/20/2026 2:45:00 AM","20","0","0","KBps","scsi0:1","n/a","0"
"WIN-DEMO-APP03","virtualdisk.read.average","8/20/2026 2:45:20 AM","20","0","0","KBps","scsi0:1","n/a","0"
"WIN-DEMO-APP03","virtualdisk.read.average","8/20/2026 2:45:40 AM","20","0","0","KBps","scsi0:1","n/a","0"
"WIN-DEMO-APP03","virtualdisk.read.average","8/20/2026 2:46:00 AM","20","0","0","KBps","scsi0:1","n/a","0"
"WIN-DEMO-APP03","virtualdisk.read.average","8/20/2026 2:46:20 AM","20","0","0","KBps","scsi0:1","n/a","0"
"WIN-DEMO-APP03","virtualdisk.read.average","8/20/2026 2:46:40 AM","20","0","0","KBps","scsi0:1","n/a","0"
"WIN-DEMO-APP03","virtualdisk.read.average","8/20/2026 2:47:00 AM","20","0","0","KBps","scsi0:1","n/a","0"
"WIN-DEMO-APP03","virtualdisk.read.average","8/20/2026 2:47:20 AM","20","0","0","KBps","scsi0:1","n/a","0"
"WIN-DEMO-APP03","virtualdisk.read.average","8/20/2026 2:47:40 AM","20","0","0","KBps","scsi0:1","n/a","0"
"WIN-DEMO-APP03","virtualdisk.read.average","8/20/2026 2:48:00 AM","20","0","0","KBps","scsi0:1","n/a","0"
"WIN-DEMO-APP03","virtualdisk.read.average","8/20/2026 2:48:20 AM","20","0","0","KBps","scsi0:1","n/a","0"
"WIN-DEMO-APP03","virtualdisk.read.average","8/20/2026 2:48:40 AM","20","0","0","KBps","scsi0:1","n/a","0"
"WIN-DEMO-APP03","virtualdisk.read.average","8/20/2026 2:49:00 AM","20","0","0","KBps","scsi0:1","n/a","0"
"WIN-DEMO-APP03","virtualdisk.read.average","8/20/2026 2:49:20 AM","20","0","0","KBps","scsi0:1","n/a","0"
"WIN-DEMO-APP03","virtualdisk.read.average","8/20/2026 2:49:40 AM","20","0","0","KBps","scsi0:1","n/a","0"
"WIN-DEMO-APP03","virtualdisk.read.average","8/20/2026 2:50:00 AM","20","0","0","KBps","scsi0:1","n/a","0"
"WIN-DEMO-APP03","virtualdisk.read.average","8/20/2026 2:50:20 AM","20","0","0","KBps","scsi0:1","n/a","0"
"WIN-DEMO-APP03","virtualdisk.read.average","8/20/2026 2:50:40 AM","20","0","0","KBps","scsi0:1","n/a","0"
"WIN-DEMO-APP03","virtualdisk.read.average","8/20/2026 2:51:00 AM","20","0","0","KBps","scsi0:1","n/a","0"
"WIN-DEMO-APP03","virtualdisk.read.average","8/20/2026 2:51:20 AM","20","0","0","KBps","scsi0:1","n/a","0"
"WIN-DEMO-APP03","virtualdisk.read.average","8/20/2026 2:51:40 AM","20","0","0","KBps","scsi0:1","n/a","0"
"WIN-DEMO-APP03","virtualdisk.read.average","8/20/2026 2:52:00 AM","20","0","0","KBps","scsi0:1","n/a","0"
"WIN-DEMO-APP03","virtualdisk.read.average","8/20/2026 2:52:20 AM","20","0","0","KBps","scsi0:1","n/a","0"
"WIN-DEMO-APP03","virtualdisk.read.average","8/20/2026 2:52:40 AM","20","0","0","KBps","scsi0:1","n/a","0"
"WIN-DEMO-APP03","virtualdisk.read.average","8/20/2026 2:53:00 AM","20","0","0","KBps","scsi0:1","n/a","0"
"WIN-DEMO-APP03","virtualdisk.read.average","8/20/2026 2:53:20 AM","20","0","0","KBps","scsi0:1","n/a","0"
"WIN-DEMO-APP03","virtualdisk.read.average","8/20/2026 2:53:40 AM","20","0","0","KBps","scsi0:1","n/a","0"
"WIN-DEMO-APP03","virtualdisk.read.average","8/20/2026 2:54:00 AM","20","0","0","KBps","scsi0:1","n/a","0"
"WIN-DEMO-APP03","virtualdisk.read.average","8/20/2026 2:54:20 AM","20","0","0","KBps","scsi0:1","n/a","0"
"WIN-DEMO-APP03","virtualdisk.read.average","8/20/2026 2:54:40 AM","20","0","0","KBps","scsi0:1","n/a","0"
"WIN-DEMO-APP03","virtualdisk.read.average","8/20/2026 2:55:00 AM","20","0","0","KBps","scsi0:1","n/a","0"
"WIN-DEMO-APP03","virtualdisk.read.average","8/20/2026 2:55:20 AM","20","0","0","KBps","scsi0:1","n/a","0"
"WIN-DEMO-APP03","virtualdisk.read.average","8/20/2026 2:55:40 AM","20","0","0","KBps","scsi0:1","n/a","0"
"WIN-DEMO-APP03","virtualdisk.read.average","8/20/2026 2:56:00 AM","20","0","0","KBps","scsi0:1","n/a","0"
"WIN-DEMO-APP03","virtualdisk.read.average","8/20/2026 2:56:20 AM","20","0","0","KBps","scsi0:1","n/a","0"
"WIN-DEMO-APP03","virtualdisk.read.average","8/20/2026 2:56:40 AM","20","0","0","KBps","scsi0:1","n/a","0"
"WIN-DEMO-APP03","virtualdisk.read.average","8/20/2026 2:57:00 AM","20","0","0","KBps","scsi0:1","n/a","0"
"WIN-DEMO-APP03","virtualdisk.read.average","8/20/2026 2:57:20 AM","20","0","0","KBps","scsi0:1","n/a","0"
"WIN-DEMO-APP03","virtualdisk.read.average","8/20/2026 2:57:40 AM","20","0","0","KBps","scsi0:1","n/a","0"
"WIN-DEMO-APP03","virtualdisk.read.average","8/20/2026 2:58:00 AM","20","0","0","KBps","scsi0:1","n/a","0"
"WIN-DEMO-APP03","virtualdisk.read.average","8/20/2026 2:58:20 AM","20","0","0","KBps","scsi0:1","n/a","0"
"WIN-DEMO-APP03","virtualdisk.read.average","8/20/2026 2:58:40 AM","20","0","0","KBps","scsi0:1","n/a","0"
"WIN-DEMO-APP03","virtualdisk.read.average","8/20/2026 2:59:00 AM","20","0","0","KBps","scsi0:1","n/a","0"
"WIN-DEMO-APP03","virtualdisk.read.average","8/20/2026 2:59:20 AM","20","0","0","KBps","scsi0:1","n/a","0"
"WIN-DEMO-APP03","virtualdisk.read.average","8/20/2026 2:59:40 AM","20","0","0","KBps","scsi0:1","n/a","0"
"WIN-DEMO-APP03","virtualdisk.read.average","8/20/2026 3:00:00 AM","20","0","0","KBps","scsi0:1","n/a","0"
"WIN-DEMO-APP03","virtualdisk.read.average","8/20/2026 3:00:20 AM","20","0","0","KBps","scsi0:1","n/a","0"
"WIN-DEMO-APP03","virtualdisk.read.average","8/20/2026 3:00:40 AM","20","0","0","KBps","scsi0:1","n/a","0"
"WIN-DEMO-APP03","virtualdisk.read.average","8/20/2026 3:01:00 AM","20","0","0","KBps","scsi0:1","n/a","0"
"WIN-DEMO-APP03","virtualdisk.read.average","8/20/2026 3:01:20 AM","20","0","0","KBps","scsi0:1","n/a","0"
"WIN-DEMO-APP03","virtualdisk.read.average","8/20/2026 3:01:40 AM","20","0","0","KBps","scsi0:1","n/a","0"
"WIN-DEMO-APP03","virtualdisk.read.average","8/20/2026 3:02:00 AM","20","0","0","KBps","scsi0:1","n/a","0"
"WIN-DEMO-APP03","virtualdisk.read.average","8/20/2026 3:02:20 AM","20","0","0","KBps","scsi0:1","n/a","0"
"WIN-DEMO-APP03","virtualdisk.read.average","8/20/2026 3:02:40 AM","20","0","0","KBps","scsi0:1","n/a","0"
"WIN-DEMO-APP03","virtualdisk.read.average","8/20/2026 3:03:00 AM","20","0","0","KBps","scsi0:1","n/a","0"
"WIN-DEMO-APP03","virtualdisk.read.average","8/20/2026 3:03:20 AM","20","0","0","KBps","scsi0:1","n/a","0"
"WIN-DEMO-APP03","virtualdisk.read.average","8/20/2026 3:03:40 AM","20","0","0","KBps","scsi0:1","n/a","0"
"WIN-DEMO-APP03","virtualdisk.read.average","8/20/2026 3:04:00 AM","20","0","0","KBps","scsi0:1","n/a","0"
"WIN-DEMO-APP03","virtualdisk.read.average","8/20/2026 3:04:20 AM","20","0","0","KBps","scsi0:1","n/a","0"
"WIN-DEMO-APP03","virtualdisk.read.average","8/20/2026 3:04:40 AM","20","0","0","KBps","scsi0:1","n/a","0"
"WIN-DEMO-APP03","virtualdisk.read.average","8/20/2026 3:05:00 AM","20","0","0","KBps","scsi0:1","n/a","0"
"WIN-DEMO-APP03","virtualdisk.read.average","8/20/2026 3:05:20 AM","20","0","0","KBps","scsi0:1","n/a","0"
"WIN-DEMO-APP03","virtualdisk.read.average","8/20/2026 3:05:40 AM","20","0","0","KBps","scsi0:1","n/a","0"
"WIN-DEMO-APP03","virtualdisk.read.average","8/20/2026 3:06:00 AM","20","0","0","KBps","scsi0:1","n/a","0"
"WIN-DEMO-APP03","virtualdisk.read.average","8/20/2026 3:06:20 AM","20","0","0","KBps","scsi0:1","n/a","0"
"WIN-DEMO-APP03","virtualdisk.read.average","8/20/2026 3:06:40 AM","20","0","0","KBps","scsi0:1","n/a","0"
"WIN-DEMO-APP03","virtualdisk.read.average","8/20/2026 3:07:00 AM","20","0","0","KBps","scsi0:1","n/a","0"
"WIN-DEMO-APP03","virtualdisk.read.average","8/20/2026 3:07:20 AM","20","0","0","KBps","scsi0:1","n/a","0"
"WIN-DEMO-APP03","virtualdisk.read.average","8/20/2026 3:07:40 AM","20","0","0","KBps","scsi0:1","n/a","0"
"WIN-DEMO-APP03","virtualdisk.read.average","8/20/2026 3:08:00 AM","20","0","0","KBps","scsi0:1","n/a","0"
"WIN-DEMO-APP03","virtualdisk.read.average","8/20/2026 3:08:20 AM","20","0","0","KBps","scsi0:1","n/a","0"
"WIN-DEMO-APP03","virtualdisk.read.average","8/20/2026 3:08:40 AM","20","0","0","KBps","scsi0:1","n/a","0"
"WIN-DEMO-APP03","virtualdisk.read.average","8/20/2026 3:09:00 AM","20","0","0","KBps","scsi0:1","n/a","0"
"WIN-DEMO-APP03","virtualdisk.read.average","8/20/2026 3:09:20 AM","20","0","0","KBps","scsi0:1","n/a","0"
"WIN-DEMO-APP03","virtualdisk.read.average","8/20/2026 3:09:40 AM","20","0","0","KBps","scsi0:1","n/a","0"
"WIN-DEMO-APP03","virtualdisk.read.average","8/20/2026 3:10:00 AM","20","0","0","KBps","scsi0:1","n/a","0"
"WIN-DEMO-APP03","virtualdisk.read.average","8/20/2026 3:10:20 AM","20","0","0","KBps","scsi0:1","n/a","0"
"WIN-DEMO-APP03","virtualdisk.read.average","8/20/2026 3:10:40 AM","20","0","0","KBps","scsi0:1","n/a","0"
"WIN-DEMO-APP03","virtualdisk.read.average","8/20/2026 3:11:00 AM","20","0","0","KBps","scsi0:1","n/a","0"
"WIN-DEMO-APP03","virtualdisk.read.average","8/20/2026 3:11:20 AM","20","0","0","KBps","scsi0:1","n/a","0"
"WIN-DEMO-APP03","virtualdisk.read.average","8/20/2026 3:11:40 AM","20","0","0","KBps","scsi0:1","n/a","0"
"WIN-DEMO-APP03","virtualdisk.read.average","8/20/2026 3:12:00 AM","20","0","0","KBps","scsi0:1","n/a","0"
"WIN-DEMO-APP03","virtualdisk.read.average","8/20/2026 3:12:20 AM","20","0","0","KBps","scsi0:1","n/a","0"
"WIN-DEMO-APP03","virtualdisk.read.average","8/20/2026 3:12:40 AM","20","0","0","KBps","scsi0:1","n/a","0"
"WIN-DEMO-APP03","virtualdisk.read.average","8/20/2026 3:13:00 AM","20","0","0","KBps","scsi0:1","n/a","0"
"WIN-DEMO-APP03","virtualdisk.read.average","8/20/2026 3:13:20 AM","20","0","0","KBps","scsi0:1","n/a","0"
"WIN-DEMO-APP03","virtualdisk.read.average","8/20/2026 3:13:40 AM","20","0","0","KBps","scsi0:1","n/a","0"
"WIN-DEMO-APP03","virtualdisk.read.average","8/20/2026 3:14:00 AM","20","0","0","KBps","scsi0:1","n/a","0"
"WIN-DEMO-APP03","virtualdisk.read.average","8/20/2026 3:14:20 AM","20","0","0","KBps","scsi0:1","n/a","0"
"WIN-DEMO-APP03","virtualdisk.read.average","8/20/2026 3:14:40 AM","20","0","0","KBps","scsi0:1","n/a","0"
"WIN-DEMO-APP03","virtualdisk.read.average","8/20/2026 3:15:00 AM","20","0","0","KBps","scsi0:1","n/a","0"
"WIN-DEMO-APP03","virtualdisk.read.average","8/20/2026 3:15:20 AM","20","0","0","KBps","scsi0:1","n/a","0"
"WIN-DEMO-APP03","virtualdisk.read.average","8/20/2026 3:15:40 AM","20","0","0","KBps","scsi0:1","n/a","0"
"WIN-DEMO-APP03","virtualdisk.read.average","8/20/2026 3:16:00 AM","20","0","0","KBps","scsi0:1","n/a","0"
"WIN-DEMO-APP03","virtualdisk.read.average","8/20/2026 3:16:20 AM","20","0","0","KBps","scsi0:1","n/a","0"
"WIN-DEMO-APP03","virtualdisk.read.average","8/20/2026 3:16:40 AM","20","0","0","KBps","scsi0:1","n/a","0"
"WIN-DEMO-APP03","virtualdisk.read.average","8/20/2026 3:17:00 AM","20","0","0","KBps","scsi0:1","n/a","0"
"WIN-DEMO-APP03","virtualdisk.read.average","8/20/2026 3:17:20 AM","20","0","0","KBps","scsi0:1","n/a","0"
"WIN-DEMO-APP03","virtualdisk.read.average","8/20/2026 3:17:40 AM","20","0","0","KBps","scsi0:1","n/a","0"
"WIN-DEMO-APP03","virtualdisk.read.average","8/20/2026 3:18:00 AM","20","0","0","KBps","scsi0:1","n/a","0"
"WIN-DEMO-APP03","virtualdisk.read.average","8/20/2026 3:18:20 AM","20","0","0","KBps","scsi0:1","n/a","0"
"WIN-DEMO-APP03","virtualdisk.read.average","8/20/2026 3:18:40 AM","20","0","0","KBps","scsi0:1","n/a","0"
"WIN-DEMO-APP03","virtualdisk.read.average","8/20/2026 3:19:00 AM","20","0","0","KBps","scsi0:1","n/a","0"
"WIN-DEMO-APP03","virtualdisk.read.average","8/20/2026 3:19:20 AM","20","0","0","KBps","scsi0:1","n/a","0"
"WIN-DEMO-APP03","virtualdisk.read.average","8/20/2026 3:19:40 AM","20","0","0","KBps","scsi0:1","n/a","0"
"WIN-DEMO-APP03","virtualdisk.read.average","8/20/2026 3:20:00 AM","20","0","0","KBps","scsi0:1","n/a","0"
"WIN-DEMO-APP03","virtualdisk.read.average","8/20/2026 3:20:20 AM","20","0","0","KBps","scsi0:1","n/a","0"
"WIN-DEMO-APP03","virtualdisk.read.average","8/20/2026 3:20:40 AM","20","0","0","KBps","scsi0:1","n/a","0"
"WIN-DEMO-APP03","virtualdisk.read.average","8/20/2026 3:21:00 AM","20","0","0","KBps","scsi0:1","n/a","0"
"WIN-DEMO-APP03","virtualdisk.read.average","8/20/2026 3:21:20 AM","20","0","0","KBps","scsi0:1","n/a","0"
"WIN-DEMO-APP03","virtualdisk.read.average","8/20/2026 3:21:40 AM","20","0","0","KBps","scsi0:1","n/a","0"
"WIN-DEMO-APP03","virtualdisk.read.average","8/20/2026 3:22:00 AM","20","0","0","KBps","scsi0:1","n/a","0"
"WIN-DEMO-APP03","virtualdisk.read.average","8/20/2026 3:22:20 AM","20","0","0","KBps","scsi0:1","n/a","0"
"WIN-DEMO-APP03","virtualdisk.read.average","8/20/2026 3:22:40 AM","20","0","0","KBps","scsi0:1","n/a","0"
"WIN-DEMO-APP03","virtualdisk.read.average","8/20/2026 3:23:00 AM","20","0","0","KBps","scsi0:1","n/a","0"
"WIN-DEMO-APP03","virtualdisk.read.average","8/20/2026 3:23:20 AM","20","0","0","KBps","scsi0:1","n/a","0"
"WIN-DEMO-APP03","virtualdisk.read.average","8/20/2026 3:23:40 AM","20","0","0","KBps","scsi0:1","n/a","0"
"WIN-DEMO-APP03","virtualdisk.read.average","8/20/2026 3:24:00 AM","20","0","0","KBps","scsi0:1","n/a","0"
"WIN-DEMO-APP03","virtualdisk.read.average","8/20/2026 3:24:20 AM","20","0","0","KBps","scsi0:1","n/a","0"
"WIN-DEMO-APP03","virtualdisk.read.average","8/20/2026 3:24:40 AM","20","0","0","KBps","scsi0:1","n/a","0"
"WIN-DEMO-APP03","virtualdisk.read.average","8/20/2026 3:25:00 AM","20","0","0","KBps","scsi0:1","n/a","0"
"WIN-DEMO-APP03","virtualdisk.read.average","8/20/2026 3:25:20 AM","20","0","0","KBps","scsi0:1","n/a","0"
"WIN-DEMO-APP03","virtualdisk.read.average","8/20/2026 3:25:40 AM","20","0","0","KBps","scsi0:1","n/a","0"
"WIN-DEMO-APP03","virtualdisk.read.average","8/20/2026 3:26:00 AM","20","0","0","KBps","scsi0:1","n/a","0"
"WIN-DEMO-APP03","virtualdisk.read.average","8/20/2026 3:26:20 AM","20","0","0","KBps","scsi0:1","n/a","0"
"WIN-DEMO-APP03","virtualdisk.read.average","8/20/2026 3:26:40 AM","20","0","0","KBps","scsi0:1","n/a","0"
"WIN-DEMO-APP03","virtualdisk.read.average","8/20/2026 3:27:00 AM","20","0","0","KBps","scsi0:1","n/a","0"
"WIN-DEMO-APP03","virtualdisk.read.average","8/20/2026 3:27:20 AM","20","0","0","KBps","scsi0:1","n/a","0"
"WIN-DEMO-APP03","virtualdisk.read.average","8/20/2026 3:27:40 AM","20","0","0","KBps","scsi0:1","n/a","0"
"WIN-DEMO-APP03","virtualdisk.read.average","8/20/2026 3:28:00 AM","20","0","0","KBps","scsi0:1","n/a","0"
"WIN-DEMO-APP03","virtualdisk.read.average","8/20/2026 3:28:20 AM","20","0","0","KBps","scsi0:1","n/a","0"
"WIN-DEMO-APP03","virtualdisk.read.average","8/20/2026 3:28:40 AM","20","0","0","KBps","scsi0:1","n/a","0"
"WIN-DEMO-APP03","virtualdisk.read.average","8/20/2026 3:29:00 AM","20","0","0","KBps","scsi0:1","n/a","0"
"WIN-DEMO-APP03","virtualdisk.read.average","8/20/2026 3:29:20 AM","20","0","0","KBps","scsi0:1","n/a","0"
"WIN-DEMO-APP03","virtualdisk.read.average","8/20/2026 3:29:40 AM","20","0","0","KBps","scsi0:1","n/a","0"
"WIN-DEMO-APP03","virtualdisk.read.average","8/20/2026 3:30:00 AM","20","0","0","KBps","scsi0:1","n/a","0"
"WIN-DEMO-APP03","virtualdisk.write.average","8/20/2026 2:30:20 AM","20","1","1","KBps","scsi0:0","n/a","0"
"WIN-DEMO-APP03","virtualdisk.write.average","8/20/2026 2:30:40 AM","20","1","1","KBps","scsi0:0","n/a","0"
"WIN-DEMO-APP03","virtualdisk.write.average","8/20/2026 2:31:00 AM","20","4","4","KBps","scsi0:0","n/a","0"
"WIN-DEMO-APP03","virtualdisk.write.average","8/20/2026 2:31:20 AM","20","1","1","KBps","scsi0:0","n/a","0"
"WIN-DEMO-APP03","virtualdisk.write.average","8/20/2026 2:31:40 AM","20","7","7","KBps","scsi0:0","n/a","0"
"WIN-DEMO-APP03","virtualdisk.write.average","8/20/2026 2:32:00 AM","20","6","6","KBps","scsi0:0","n/a","0"
"WIN-DEMO-APP03","virtualdisk.write.average","8/20/2026 2:32:20 AM","20","3","3","KBps","scsi0:0","n/a","0"
"WIN-DEMO-APP03","virtualdisk.write.average","8/20/2026 2:32:40 AM","20","10","10","KBps","scsi0:0","n/a","0"
"WIN-DEMO-APP03","virtualdisk.write.average","8/20/2026 2:33:00 AM","20","5","5","KBps","scsi0:0","n/a","0"
"WIN-DEMO-APP03","virtualdisk.write.average","8/20/2026 2:33:20 AM","20","5","5","KBps","scsi0:0","n/a","0"
"WIN-DEMO-APP03","virtualdisk.write.average","8/20/2026 2:33:40 AM","20","4","4","KBps","scsi0:0","n/a","0"
"WIN-DEMO-APP03","virtualdisk.write.average","8/20/2026 2:34:00 AM","20","4","4","KBps","scsi0:0","n/a","0"
"WIN-DEMO-APP03","virtualdisk.write.average","8/20/2026 2:34:20 AM","20","5","5","KBps","scsi0:0","n/a","0"
"WIN-DEMO-APP03","virtualdisk.write.average","8/20/2026 2:34:40 AM","20","5","5","KBps","scsi0:0","n/a","0"
"WIN-DEMO-APP03","virtualdisk.write.average","8/20/2026 2:35:00 AM","20","2","2","KBps","scsi0:0","n/a","0"
"WIN-DEMO-APP03","virtualdisk.write.average","8/20/2026 2:35:20 AM","20","6","6","KBps","scsi0:0","n/a","0"
"WIN-DEMO-APP03","virtualdisk.write.average","8/20/2026 2:35:40 AM","20","1","1","KBps","scsi0:0","n/a","0"
"WIN-DEMO-APP03","virtualdisk.write.average","8/20/2026 2:36:00 AM","20","4","4","KBps","scsi0:0","n/a","0"
"WIN-DEMO-APP03","virtualdisk.write.average","8/20/2026 2:36:20 AM","20","2","2","KBps","scsi0:0","n/a","0"
"WIN-DEMO-APP03","virtualdisk.write.average","8/20/2026 2:36:40 AM","20","4","4","KBps","scsi0:0","n/a","0"
"WIN-DEMO-APP03","virtualdisk.write.average","8/20/2026 2:37:00 AM","20","2","2","KBps","scsi0:0","n/a","0"
"WIN-DEMO-APP03","virtualdisk.write.average","8/20/2026 2:37:20 AM","20","5","5","KBps","scsi0:0","n/a","0"
"WIN-DEMO-APP03","virtualdisk.write.average","8/20/2026 2:37:40 AM","20","5","5","KBps","scsi0:0","n/a","0"
"WIN-DEMO-APP03","virtualdisk.write.average","8/20/2026 2:38:00 AM","20","11","11","KBps","scsi0:0","n/a","0"
"WIN-DEMO-APP03","virtualdisk.write.average","8/20/2026 2:38:20 AM","20","11","11","KBps","scsi0:0","n/a","0"
"WIN-DEMO-APP03","virtualdisk.write.average","8/20/2026 2:38:40 AM","20","4","4","KBps","scsi0:0","n/a","0"
"WIN-DEMO-APP03","virtualdisk.write.average","8/20/2026 2:39:00 AM","20","4","4","KBps","scsi0:0","n/a","0"
"WIN-DEMO-APP03","virtualdisk.write.average","8/20/2026 2:39:20 AM","20","1","1","KBps","scsi0:0","n/a","0"
"WIN-DEMO-APP03","virtualdisk.write.average","8/20/2026 2:39:40 AM","20","7","7","KBps","scsi0:0","n/a","0"
"WIN-DEMO-APP03","virtualdisk.write.average","8/20/2026 2:40:00 AM","20","3","3","KBps","scsi0:0","n/a","0"
"WIN-DEMO-APP03","virtualdisk.write.average","8/20/2026 2:40:20 AM","20","2","2","KBps","scsi0:0","n/a","0"
"WIN-DEMO-APP03","virtualdisk.write.average","8/20/2026 2:40:40 AM","20","0","0","KBps","scsi0:0","n/a","0"
"WIN-DEMO-APP03","virtualdisk.write.average","8/20/2026 2:41:00 AM","20","5","5","KBps","scsi0:0","n/a","0"
"WIN-DEMO-APP03","virtualdisk.write.average","8/20/2026 2:41:20 AM","20","4","4","KBps","scsi0:0","n/a","0"
"WIN-DEMO-APP03","virtualdisk.write.average","8/20/2026 2:41:40 AM","20","2","2","KBps","scsi0:0","n/a","0"
"WIN-DEMO-APP03","virtualdisk.write.average","8/20/2026 2:42:00 AM","20","3","3","KBps","scsi0:0","n/a","0"
"WIN-DEMO-APP03","virtualdisk.write.average","8/20/2026 2:42:20 AM","20","1","1","KBps","scsi0:0","n/a","0"
"WIN-DEMO-APP03","virtualdisk.write.average","8/20/2026 2:42:40 AM","20","4","4","KBps","scsi0:0","n/a","0"
"WIN-DEMO-APP03","virtualdisk.write.average","8/20/2026 2:43:00 AM","20","4","4","KBps","scsi0:0","n/a","0"
"WIN-DEMO-APP03","virtualdisk.write.average","8/20/2026 2:43:20 AM","20","4","4","KBps","scsi0:0","n/a","0"
"WIN-DEMO-APP03","virtualdisk.write.average","8/20/2026 2:43:40 AM","20","1","1","KBps","scsi0:0","n/a","0"
"WIN-DEMO-APP03","virtualdisk.write.average","8/20/2026 2:44:00 AM","20","3","3","KBps","scsi0:0","n/a","0"
"WIN-DEMO-APP03","virtualdisk.write.average","8/20/2026 2:44:20 AM","20","11","11","KBps","scsi0:0","n/a","0"
"WIN-DEMO-APP03","virtualdisk.write.average","8/20/2026 2:44:40 AM","20","0","0","KBps","scsi0:0","n/a","0"
"WIN-DEMO-APP03","virtualdisk.write.average","8/20/2026 2:45:00 AM","20","4","4","KBps","scsi0:0","n/a","0"
"WIN-DEMO-APP03","virtualdisk.write.average","8/20/2026 2:45:20 AM","20","2","2","KBps","scsi0:0","n/a","0"
"WIN-DEMO-APP03","virtualdisk.write.average","8/20/2026 2:45:40 AM","20","4","4","KBps","scsi0:0","n/a","0"
"WIN-DEMO-APP03","virtualdisk.write.average","8/20/2026 2:46:00 AM","20","8","8","KBps","scsi0:0","n/a","0"
"WIN-DEMO-APP03","virtualdisk.write.average","8/20/2026 2:46:20 AM","20","1","1","KBps","scsi0:0","n/a","0"
"WIN-DEMO-APP03","virtualdisk.write.average","8/20/2026 2:46:40 AM","20","0","0","KBps","scsi0:0","n/a","0"
"WIN-DEMO-APP03","virtualdisk.write.average","8/20/2026 2:47:00 AM","20","4","4","KBps","scsi0:0","n/a","0"
"WIN-DEMO-APP03","virtualdisk.write.average","8/20/2026 2:47:20 AM","20","17","17","KBps","scsi0:0","n/a","0"
"WIN-DEMO-APP03","virtualdisk.write.average","8/20/2026 2:47:40 AM","20","7","7","KBps","scsi0:0","n/a","0"
"WIN-DEMO-APP03","virtualdisk.write.average","8/20/2026 2:48:00 AM","20","9","9","KBps","scsi0:0","n/a","0"
"WIN-DEMO-APP03","virtualdisk.write.average","8/20/2026 2:48:20 AM","20","0","0","KBps","scsi0:0","n/a","0"
"WIN-DEMO-APP03","virtualdisk.write.average","8/20/2026 2:48:40 AM","20","5","5","KBps","scsi0:0","n/a","0"
"WIN-DEMO-APP03","virtualdisk.write.average","8/20/2026 2:49:00 AM","20","4","4","KBps","scsi0:0","n/a","0"
"WIN-DEMO-APP03","virtualdisk.write.average","8/20/2026 2:49:20 AM","20","0","0","KBps","scsi0:0","n/a","0"
"WIN-DEMO-APP03","virtualdisk.write.average","8/20/2026 2:49:40 AM","20","2","2","KBps","scsi0:0","n/a","0"
"WIN-DEMO-APP03","virtualdisk.write.average","8/20/2026 2:50:00 AM","20","3","3","KBps","scsi0:0","n/a","0"
"WIN-DEMO-APP03","virtualdisk.write.average","8/20/2026 2:50:20 AM","20","6","6","KBps","scsi0:0","n/a","0"
"WIN-DEMO-APP03","virtualdisk.write.average","8/20/2026 2:50:40 AM","20","1","1","KBps","scsi0:0","n/a","0"
"WIN-DEMO-APP03","virtualdisk.write.average","8/20/2026 2:51:00 AM","20","3","3","KBps","scsi0:0","n/a","0"
"WIN-DEMO-APP03","virtualdisk.write.average","8/20/2026 2:51:20 AM","20","2","2","KBps","scsi0:0","n/a","0"
"WIN-DEMO-APP03","virtualdisk.write.average","8/20/2026 2:51:40 AM","20","1","1","KBps","scsi0:0","n/a","0"
"WIN-DEMO-APP03","virtualdisk.write.average","8/20/2026 2:52:00 AM","20","3","3","KBps","scsi0:0","n/a","0"
"WIN-DEMO-APP03","virtualdisk.write.average","8/20/2026 2:52:20 AM","20","8","8","KBps","scsi0:0","n/a","0"
"WIN-DEMO-APP03","virtualdisk.write.average","8/20/2026 2:52:40 AM","20","7","7","KBps","scsi0:0","n/a","0"
"WIN-DEMO-APP03","virtualdisk.write.average","8/20/2026 2:53:00 AM","20","7","7","KBps","scsi0:0","n/a","0"
"WIN-DEMO-APP03","virtualdisk.write.average","8/20/2026 2:53:20 AM","20","4","4","KBps","scsi0:0","n/a","0"
"WIN-DEMO-APP03","virtualdisk.write.average","8/20/2026 2:53:40 AM","20","2","2","KBps","scsi0:0","n/a","0"
"WIN-DEMO-APP03","virtualdisk.write.average","8/20/2026 2:54:00 AM","20","4","4","KBps","scsi0:0","n/a","0"
"WIN-DEMO-APP03","virtualdisk.write.average","8/20/2026 2:54:20 AM","20","0","0","KBps","scsi0:0","n/a","0"
"WIN-DEMO-APP03","virtualdisk.write.average","8/20/2026 2:54:40 AM","20","7","7","KBps","scsi0:0","n/a","0"
"WIN-DEMO-APP03","virtualdisk.write.average","8/20/2026 2:55:00 AM","20","3","3","KBps","scsi0:0","n/a","0"
"WIN-DEMO-APP03","virtualdisk.write.average","8/20/2026 2:55:20 AM","20","7","7","KBps","scsi0:0","n/a","0"
"WIN-DEMO-APP03","virtualdisk.write.average","8/20/2026 2:55:40 AM","20","1","1","KBps","scsi0:0","n/a","0"
"WIN-DEMO-APP03","virtualdisk.write.average","8/20/2026 2:56:00 AM","20","2","2","KBps","scsi0:0","n/a","0"
"WIN-DEMO-APP03","virtualdisk.write.average","8/20/2026 2:56:20 AM","20","2","2","KBps","scsi0:0","n/a","0"
"WIN-DEMO-APP03","virtualdisk.write.average","8/20/2026 2:56:40 AM","20","7","7","KBps","scsi0:0","n/a","0"
"WIN-DEMO-APP03","virtualdisk.write.average","8/20/2026 2:57:00 AM","20","2","2","KBps","scsi0:0","n/a","0"
"WIN-DEMO-APP03","virtualdisk.write.average","8/20/2026 2:57:20 AM","20","1","1","KBps","scsi0:0","n/a","0"
"WIN-DEMO-APP03","virtualdisk.write.average","8/20/2026 2:57:40 AM","20","7","7","KBps","scsi0:0","n/a","0"
"WIN-DEMO-APP03","virtualdisk.write.average","8/20/2026 2:58:00 AM","20","3","3","KBps","scsi0:0","n/a","0"
"WIN-DEMO-APP03","virtualdisk.write.average","8/20/2026 2:58:20 AM","20","6","6","KBps","scsi0:0","n/a","0"
"WIN-DEMO-APP03","virtualdisk.write.average","8/20/2026 2:58:40 AM","20","1","1","KBps","scsi0:0","n/a","0"
"WIN-DEMO-APP03","virtualdisk.write.average","8/20/2026 2:59:00 AM","20","4","4","KBps","scsi0:0","n/a","0"
"WIN-DEMO-APP03","virtualdisk.write.average","8/20/2026 2:59:20 AM","20","1","1","KBps","scsi0:0","n/a","0"
"WIN-DEMO-APP03","virtualdisk.write.average","8/20/2026 2:59:40 AM","20","16","16","KBps","scsi0:0","n/a","0"
"WIN-DEMO-APP03","virtualdisk.write.average","8/20/2026 3:00:00 AM","20","6","6","KBps","scsi0:0","n/a","0"
"WIN-DEMO-APP03","virtualdisk.write.average","8/20/2026 3:00:20 AM","20","5","5","KBps","scsi0:0","n/a","0"
"WIN-DEMO-APP03","virtualdisk.write.average","8/20/2026 3:00:40 AM","20","1","1","KBps","scsi0:0","n/a","0"
"WIN-DEMO-APP03","virtualdisk.write.average","8/20/2026 3:01:00 AM","20","4","4","KBps","scsi0:0","n/a","0"
"WIN-DEMO-APP03","virtualdisk.write.average","8/20/2026 3:01:20 AM","20","5","5","KBps","scsi0:0","n/a","0"
"WIN-DEMO-APP03","virtualdisk.write.average","8/20/2026 3:01:40 AM","20","1","1","KBps","scsi0:0","n/a","0"
"WIN-DEMO-APP03","virtualdisk.write.average","8/20/2026 3:02:00 AM","20","4","4","KBps","scsi0:0","n/a","0"
"WIN-DEMO-APP03","virtualdisk.write.average","8/20/2026 3:02:20 AM","20","6","6","KBps","scsi0:0","n/a","0"
"WIN-DEMO-APP03","virtualdisk.write.average","8/20/2026 3:02:40 AM","20","10","10","KBps","scsi0:0","n/a","0"
"WIN-DEMO-APP03","virtualdisk.write.average","8/20/2026 3:03:00 AM","20","5","5","KBps","scsi0:0","n/a","0"
"WIN-DEMO-APP03","virtualdisk.write.average","8/20/2026 3:03:20 AM","20","4","4","KBps","scsi0:0","n/a","0"
"WIN-DEMO-APP03","virtualdisk.write.average","8/20/2026 3:03:40 AM","20","3","3","KBps","scsi0:0","n/a","0"
"WIN-DEMO-APP03","virtualdisk.write.average","8/20/2026 3:04:00 AM","20","3","3","KBps","scsi0:0","n/a","0"
"WIN-DEMO-APP03","virtualdisk.write.average","8/20/2026 3:04:20 AM","20","1","1","KBps","scsi0:0","n/a","0"
"WIN-DEMO-APP03","virtualdisk.write.average","8/20/2026 3:04:40 AM","20","6","6","KBps","scsi0:0","n/a","0"
"WIN-DEMO-APP03","virtualdisk.write.average","8/20/2026 3:05:00 AM","20","3","3","KBps","scsi0:0","n/a","0"
"WIN-DEMO-APP03","virtualdisk.write.average","8/20/2026 3:05:20 AM","20","4","4","KBps","scsi0:0","n/a","0"
"WIN-DEMO-APP03","virtualdisk.write.average","8/20/2026 3:05:40 AM","20","3","3","KBps","scsi0:0","n/a","0"
"WIN-DEMO-APP03","virtualdisk.write.average","8/20/2026 3:06:00 AM","20","2","2","KBps","scsi0:0","n/a","0"
"WIN-DEMO-APP03","virtualdisk.write.average","8/20/2026 3:06:20 AM","20","1","1","KBps","scsi0:0","n/a","0"
"WIN-DEMO-APP03","virtualdisk.write.average","8/20/2026 3:06:40 AM","20","0","0","KBps","scsi0:0","n/a","0"
"WIN-DEMO-APP03","virtualdisk.write.average","8/20/2026 3:07:00 AM","20","7","7","KBps","scsi0:0","n/a","0"
"WIN-DEMO-APP03","virtualdisk.write.average","8/20/2026 3:07:20 AM","20","5","5","KBps","scsi0:0","n/a","0"
"WIN-DEMO-APP03","virtualdisk.write.average","8/20/2026 3:07:40 AM","20","7","7","KBps","scsi0:0","n/a","0"
"WIN-DEMO-APP03","virtualdisk.write.average","8/20/2026 3:08:00 AM","20","13","13","KBps","scsi0:0","n/a","0"
"WIN-DEMO-APP03","virtualdisk.write.average","8/20/2026 3:08:20 AM","20","13","13","KBps","scsi0:0","n/a","0"
"WIN-DEMO-APP03","virtualdisk.write.average","8/20/2026 3:08:40 AM","20","1","1","KBps","scsi0:0","n/a","0"
"WIN-DEMO-APP03","virtualdisk.write.average","8/20/2026 3:09:00 AM","20","9","9","KBps","scsi0:0","n/a","0"
"WIN-DEMO-APP03","virtualdisk.write.average","8/20/2026 3:09:20 AM","20","10","10","KBps","scsi0:0","n/a","0"
"WIN-DEMO-APP03","virtualdisk.write.average","8/20/2026 3:09:40 AM","20","12","12","KBps","scsi0:0","n/a","0"
"WIN-DEMO-APP03","virtualdisk.write.average","8/20/2026 3:10:00 AM","20","3","3","KBps","scsi0:0","n/a","0"
"WIN-DEMO-APP03","virtualdisk.write.average","8/20/2026 3:10:20 AM","20","2","2","KBps","scsi0:0","n/a","0"
"WIN-DEMO-APP03","virtualdisk.write.average","8/20/2026 3:10:40 AM","20","3","3","KBps","scsi0:0","n/a","0"
"WIN-DEMO-APP03","virtualdisk.write.average","8/20/2026 3:11:00 AM","20","3","3","KBps","scsi0:0","n/a","0"
"WIN-DEMO-APP03","virtualdisk.write.average","8/20/2026 3:11:20 AM","20","5","5","KBps","scsi0:0","n/a","0"
"WIN-DEMO-APP03","virtualdisk.write.average","8/20/2026 3:11:40 AM","20","1","1","KBps","scsi0:0","n/a","0"
"WIN-DEMO-APP03","virtualdisk.write.average","8/20/2026 3:12:00 AM","20","3","3","KBps","scsi0:0","n/a","0"
"WIN-DEMO-APP03","virtualdisk.write.average","8/20/2026 3:12:20 AM","20","2","2","KBps","scsi0:0","n/a","0"
"WIN-DEMO-APP03","virtualdisk.write.average","8/20/2026 3:12:40 AM","20","5","5","KBps","scsi0:0","n/a","0"
"WIN-DEMO-APP03","virtualdisk.write.average","8/20/2026 3:13:00 AM","20","5","5","KBps","scsi0:0","n/a","0"
"WIN-DEMO-APP03","virtualdisk.write.average","8/20/2026 3:13:20 AM","20","4","4","KBps","scsi0:0","n/a","0"
"WIN-DEMO-APP03","virtualdisk.write.average","8/20/2026 3:13:40 AM","20","5","5","KBps","scsi0:0","n/a","0"
"WIN-DEMO-APP03","virtualdisk.write.average","8/20/2026 3:14:00 AM","20","3","3","KBps","scsi0:0","n/a","0"
"WIN-DEMO-APP03","virtualdisk.write.average","8/20/2026 3:14:20 AM","20","1","1","KBps","scsi0:0","n/a","0"
"WIN-DEMO-APP03","virtualdisk.write.average","8/20/2026 3:14:40 AM","20","17","17","KBps","scsi0:0","n/a","0"
"WIN-DEMO-APP03","virtualdisk.write.average","8/20/2026 3:15:00 AM","20","2","2","KBps","scsi0:0","n/a","0"
"WIN-DEMO-APP03","virtualdisk.write.average","8/20/2026 3:15:20 AM","20","2","2","KBps","scsi0:0","n/a","0"
"WIN-DEMO-APP03","virtualdisk.write.average","8/20/2026 3:15:40 AM","20","1","1","KBps","scsi0:0","n/a","0"
"WIN-DEMO-APP03","virtualdisk.write.average","8/20/2026 3:16:00 AM","20","4","4","KBps","scsi0:0","n/a","0"
"WIN-DEMO-APP03","virtualdisk.write.average","8/20/2026 3:16:20 AM","20","4","4","KBps","scsi0:0","n/a","0"
"WIN-DEMO-APP03","virtualdisk.write.average","8/20/2026 3:16:40 AM","20","1","1","KBps","scsi0:0","n/a","0"
"WIN-DEMO-APP03","virtualdisk.write.average","8/20/2026 3:17:00 AM","20","2","2","KBps","scsi0:0","n/a","0"
"WIN-DEMO-APP03","virtualdisk.write.average","8/20/2026 3:17:20 AM","20","2","2","KBps","scsi0:0","n/a","0"
"WIN-DEMO-APP03","virtualdisk.write.average","8/20/2026 3:17:40 AM","20","3","3","KBps","scsi0:0","n/a","0"
"WIN-DEMO-APP03","virtualdisk.write.average","8/20/2026 3:18:00 AM","20","5","5","KBps","scsi0:0","n/a","0"
"WIN-DEMO-APP03","virtualdisk.write.average","8/20/2026 3:18:20 AM","20","7","7","KBps","scsi0:0","n/a","0"
"WIN-DEMO-APP03","virtualdisk.write.average","8/20/2026 3:18:40 AM","20","5","5","KBps","scsi0:0","n/a","0"
"WIN-DEMO-APP03","virtualdisk.write.average","8/20/2026 3:19:00 AM","20","3","3","KBps","scsi0:0","n/a","0"
"WIN-DEMO-APP03","virtualdisk.write.average","8/20/2026 3:19:20 AM","20","1","1","KBps","scsi0:0","n/a","0"
"WIN-DEMO-APP03","virtualdisk.write.average","8/20/2026 3:19:40 AM","20","5","5","KBps","scsi0:0","n/a","0"
"WIN-DEMO-APP03","virtualdisk.write.average","8/20/2026 3:20:00 AM","20","3","3","KBps","scsi0:0","n/a","0"
"WIN-DEMO-APP03","virtualdisk.write.average","8/20/2026 3:20:20 AM","20","3","3","KBps","scsi0:0","n/a","0"
"WIN-DEMO-APP03","virtualdisk.write.average","8/20/2026 3:20:40 AM","20","4","4","KBps","scsi0:0","n/a","0"
"WIN-DEMO-APP03","virtualdisk.write.average","8/20/2026 3:21:00 AM","20","2","2","KBps","scsi0:0","n/a","0"
"WIN-DEMO-APP03","virtualdisk.write.average","8/20/2026 3:21:20 AM","20","2","2","KBps","scsi0:0","n/a","0"
"WIN-DEMO-APP03","virtualdisk.write.average","8/20/2026 3:21:40 AM","20","5","5","KBps","scsi0:0","n/a","0"
"WIN-DEMO-APP03","virtualdisk.write.average","8/20/2026 3:22:00 AM","20","3","3","KBps","scsi0:0","n/a","0"
"WIN-DEMO-APP03","virtualdisk.write.average","8/20/2026 3:22:20 AM","20","8","8","KBps","scsi0:0","n/a","0"
"WIN-DEMO-APP03","virtualdisk.write.average","8/20/2026 3:22:40 AM","20","14","14","KBps","scsi0:0","n/a","0"
"WIN-DEMO-APP03","virtualdisk.write.average","8/20/2026 3:23:00 AM","20","8","8","KBps","scsi0:0","n/a","0"
"WIN-DEMO-APP03","virtualdisk.write.average","8/20/2026 3:23:20 AM","20","9","9","KBps","scsi0:0","n/a","0"
"WIN-DEMO-APP03","virtualdisk.write.average","8/20/2026 3:23:40 AM","20","4","4","KBps","scsi0:0","n/a","0"
"WIN-DEMO-APP03","virtualdisk.write.average","8/20/2026 3:24:00 AM","20","2","2","KBps","scsi0:0","n/a","0"
"WIN-DEMO-APP03","virtualdisk.write.average","8/20/2026 3:24:20 AM","20","1","1","KBps","scsi0:0","n/a","0"
"WIN-DEMO-APP03","virtualdisk.write.average","8/20/2026 3:24:40 AM","20","6","6","KBps","scsi0:0","n/a","0"
"WIN-DEMO-APP03","virtualdisk.write.average","8/20/2026 3:25:00 AM","20","2","2","KBps","scsi0:0","n/a","0"
"WIN-DEMO-APP03","virtualdisk.write.average","8/20/2026 3:25:20 AM","20","3","3","KBps","scsi0:0","n/a","0"
"WIN-DEMO-APP03","virtualdisk.write.average","8/20/2026 3:25:40 AM","20","4","4","KBps","scsi0:0","n/a","0"
"WIN-DEMO-APP03","virtualdisk.write.average","8/20/2026 3:26:00 AM","20","3","3","KBps","scsi0:0","n/a","0"
"WIN-DEMO-APP03","virtualdisk.write.average","8/20/2026 3:26:20 AM","20","0","0","KBps","scsi0:0","n/a","0"
"WIN-DEMO-APP03","virtualdisk.write.average","8/20/2026 3:26:40 AM","20","2","2","KBps","scsi0:0","n/a","0"
"WIN-DEMO-APP03","virtualdisk.write.average","8/20/2026 3:27:00 AM","20","4","4","KBps","scsi0:0","n/a","0"
"WIN-DEMO-APP03","virtualdisk.write.average","8/20/2026 3:27:20 AM","20","2","2","KBps","scsi0:0","n/a","0"
"WIN-DEMO-APP03","virtualdisk.write.average","8/20/2026 3:27:40 AM","20","4","4","KBps","scsi0:0","n/a","0"
"WIN-DEMO-APP03","virtualdisk.write.average","8/20/2026 3:28:00 AM","20","8","8","KBps","scsi0:0","n/a","0"
"WIN-DEMO-APP03","virtualdisk.write.average","8/20/2026 3:28:20 AM","20","2","2","KBps","scsi0:0","n/a","0"
"WIN-DEMO-APP03","virtualdisk.write.average","8/20/2026 3:28:40 AM","20","1","1","KBps","scsi0:0","n/a","0"
"WIN-DEMO-APP03","virtualdisk.write.average","8/20/2026 3:29:00 AM","20","4","4","KBps","scsi0:0","n/a","0"
"WIN-DEMO-APP03","virtualdisk.write.average","8/20/2026 3:29:20 AM","20","2","2","KBps","scsi0:0","n/a","0"
"WIN-DEMO-APP03","virtualdisk.write.average","8/20/2026 3:29:40 AM","20","16","16","KBps","scsi0:0","n/a","0"
"WIN-DEMO-APP03","virtualdisk.write.average","8/20/2026 3:30:00 AM","20","7","7","KBps","scsi0:0","n/a","0"
"WIN-DEMO-APP03","virtualdisk.write.average","8/20/2026 2:30:20 AM","20","0","0","KBps","scsi0:1","n/a","0"
"WIN-DEMO-APP03","virtualdisk.write.average","8/20/2026 2:30:40 AM","20","0","0","KBps","scsi0:1","n/a","0"
"WIN-DEMO-APP03","virtualdisk.write.average","8/20/2026 2:31:00 AM","20","0","0","KBps","scsi0:1","n/a","0"
"WIN-DEMO-APP03","virtualdisk.write.average","8/20/2026 2:31:20 AM","20","0","0","KBps","scsi0:1","n/a","0"
"WIN-DEMO-APP03","virtualdisk.write.average","8/20/2026 2:31:40 AM","20","0","0","KBps","scsi0:1","n/a","0"
"WIN-DEMO-APP03","virtualdisk.write.average","8/20/2026 2:32:00 AM","20","0","0","KBps","scsi0:1","n/a","0"
"WIN-DEMO-APP03","virtualdisk.write.average","8/20/2026 2:32:20 AM","20","0","0","KBps","scsi0:1","n/a","0"
"WIN-DEMO-APP03","virtualdisk.write.average","8/20/2026 2:32:40 AM","20","0","0","KBps","scsi0:1","n/a","0"
"WIN-DEMO-APP03","virtualdisk.write.average","8/20/2026 2:33:00 AM","20","0","0","KBps","scsi0:1","n/a","0"
"WIN-DEMO-APP03","virtualdisk.write.average","8/20/2026 2:33:20 AM","20","0","0","KBps","scsi0:1","n/a","0"
"WIN-DEMO-APP03","virtualdisk.write.average","8/20/2026 2:33:40 AM","20","0","0","KBps","scsi0:1","n/a","0"
"WIN-DEMO-APP03","virtualdisk.write.average","8/20/2026 2:34:00 AM","20","0","0","KBps","scsi0:1","n/a","0"
"WIN-DEMO-APP03","virtualdisk.write.average","8/20/2026 2:34:20 AM","20","0","0","KBps","scsi0:1","n/a","0"
"WIN-DEMO-APP03","virtualdisk.write.average","8/20/2026 2:34:40 AM","20","0","0","KBps","scsi0:1","n/a","0"
"WIN-DEMO-APP03","virtualdisk.write.average","8/20/2026 2:35:00 AM","20","0","0","KBps","scsi0:1","n/a","0"
"WIN-DEMO-APP03","virtualdisk.write.average","8/20/2026 2:35:20 AM","20","0","0","KBps","scsi0:1","n/a","0"
"WIN-DEMO-APP03","virtualdisk.write.average","8/20/2026 2:35:40 AM","20","0","0","KBps","scsi0:1","n/a","0"
"WIN-DEMO-APP03","virtualdisk.write.average","8/20/2026 2:36:00 AM","20","0","0","KBps","scsi0:1","n/a","0"
"WIN-DEMO-APP03","virtualdisk.write.average","8/20/2026 2:36:20 AM","20","0","0","KBps","scsi0:1","n/a","0"
"WIN-DEMO-APP03","virtualdisk.write.average","8/20/2026 2:36:40 AM","20","0","0","KBps","scsi0:1","n/a","0"
"WIN-DEMO-APP03","virtualdisk.write.average","8/20/2026 2:37:00 AM","20","0","0","KBps","scsi0:1","n/a","0"
"WIN-DEMO-APP03","virtualdisk.write.average","8/20/2026 2:37:20 AM","20","0","0","KBps","scsi0:1","n/a","0"
"WIN-DEMO-APP03","virtualdisk.write.average","8/20/2026 2:37:40 AM","20","0","0","KBps","scsi0:1","n/a","0"
"WIN-DEMO-APP03","virtualdisk.write.average","8/20/2026 2:38:00 AM","20","0","0","KBps","scsi0:1","n/a","0"
"WIN-DEMO-APP03","virtualdisk.write.average","8/20/2026 2:38:20 AM","20","0","0","KBps","scsi0:1","n/a","0"
"WIN-DEMO-APP03","virtualdisk.write.average","8/20/2026 2:38:40 AM","20","0","0","KBps","scsi0:1","n/a","0"
"WIN-DEMO-APP03","virtualdisk.write.average","8/20/2026 2:39:00 AM","20","0","0","KBps","scsi0:1","n/a","0"
"WIN-DEMO-APP03","virtualdisk.write.average","8/20/2026 2:39:20 AM","20","0","0","KBps","scsi0:1","n/a","0"
"WIN-DEMO-APP03","virtualdisk.write.average","8/20/2026 2:39:40 AM","20","0","0","KBps","scsi0:1","n/a","0"
"WIN-DEMO-APP03","virtualdisk.write.average","8/20/2026 2:40:00 AM","20","0","0","KBps","scsi0:1","n/a","0"
"WIN-DEMO-APP03","virtualdisk.write.average","8/20/2026 2:40:20 AM","20","0","0","KBps","scsi0:1","n/a","0"
"WIN-DEMO-APP03","virtualdisk.write.average","8/20/2026 2:40:40 AM","20","0","0","KBps","scsi0:1","n/a","0"
"WIN-DEMO-APP03","virtualdisk.write.average","8/20/2026 2:41:00 AM","20","0","0","KBps","scsi0:1","n/a","0"
"WIN-DEMO-APP03","virtualdisk.write.average","8/20/2026 2:41:20 AM","20","0","0","KBps","scsi0:1","n/a","0"
"WIN-DEMO-APP03","virtualdisk.write.average","8/20/2026 2:41:40 AM","20","0","0","KBps","scsi0:1","n/a","0"
"WIN-DEMO-APP03","virtualdisk.write.average","8/20/2026 2:42:00 AM","20","0","0","KBps","scsi0:1","n/a","0"
"WIN-DEMO-APP03","virtualdisk.write.average","8/20/2026 2:42:20 AM","20","0","0","KBps","scsi0:1","n/a","0"
"WIN-DEMO-APP03","virtualdisk.write.average","8/20/2026 2:42:40 AM","20","0","0","KBps","scsi0:1","n/a","0"
"WIN-DEMO-APP03","virtualdisk.write.average","8/20/2026 2:43:00 AM","20","0","0","KBps","scsi0:1","n/a","0"
"WIN-DEMO-APP03","virtualdisk.write.average","8/20/2026 2:43:20 AM","20","0","0","KBps","scsi0:1","n/a","0"
"WIN-DEMO-APP03","virtualdisk.write.average","8/20/2026 2:43:40 AM","20","0","0","KBps","scsi0:1","n/a","0"
"WIN-DEMO-APP03","virtualdisk.write.average","8/20/2026 2:44:00 AM","20","0","0","KBps","scsi0:1","n/a","0"
"WIN-DEMO-APP03","virtualdisk.write.average","8/20/2026 2:44:20 AM","20","0","0","KBps","scsi0:1","n/a","0"
"WIN-DEMO-APP03","virtualdisk.write.average","8/20/2026 2:44:40 AM","20","0","0","KBps","scsi0:1","n/a","0"
"WIN-DEMO-APP03","virtualdisk.write.average","8/20/2026 2:45:00 AM","20","0","0","KBps","scsi0:1","n/a","0"
"WIN-DEMO-APP03","virtualdisk.write.average","8/20/2026 2:45:20 AM","20","0","0","KBps","scsi0:1","n/a","0"
"WIN-DEMO-APP03","virtualdisk.write.average","8/20/2026 2:45:40 AM","20","0","0","KBps","scsi0:1","n/a","0"
"WIN-DEMO-APP03","virtualdisk.write.average","8/20/2026 2:46:00 AM","20","0","0","KBps","scsi0:1","n/a","0"
"WIN-DEMO-APP03","virtualdisk.write.average","8/20/2026 2:46:20 AM","20","0","0","KBps","scsi0:1","n/a","0"
"WIN-DEMO-APP03","virtualdisk.write.average","8/20/2026 2:46:40 AM","20","0","0","KBps","scsi0:1","n/a","0"
"WIN-DEMO-APP03","virtualdisk.write.average","8/20/2026 2:47:00 AM","20","0","0","KBps","scsi0:1","n/a","0"
"WIN-DEMO-APP03","virtualdisk.write.average","8/20/2026 2:47:20 AM","20","0","0","KBps","scsi0:1","n/a","0"
"WIN-DEMO-APP03","virtualdisk.write.average","8/20/2026 2:47:40 AM","20","0","0","KBps","scsi0:1","n/a","0"
"WIN-DEMO-APP03","virtualdisk.write.average","8/20/2026 2:48:00 AM","20","0","0","KBps","scsi0:1","n/a","0"
"WIN-DEMO-APP03","virtualdisk.write.average","8/20/2026 2:48:20 AM","20","0","0","KBps","scsi0:1","n/a","0"
"WIN-DEMO-APP03","virtualdisk.write.average","8/20/2026 2:48:40 AM","20","0","0","KBps","scsi0:1","n/a","0"
"WIN-DEMO-APP03","virtualdisk.write.average","8/20/2026 2:49:00 AM","20","0","0","KBps","scsi0:1","n/a","0"
"WIN-DEMO-APP03","virtualdisk.write.average","8/20/2026 2:49:20 AM","20","0","0","KBps","scsi0:1","n/a","0"
"WIN-DEMO-APP03","virtualdisk.write.average","8/20/2026 2:49:40 AM","20","0","0","KBps","scsi0:1","n/a","0"
"WIN-DEMO-APP03","virtualdisk.write.average","8/20/2026 2:50:00 AM","20","0","0","KBps","scsi0:1","n/a","0"
"WIN-DEMO-APP03","virtualdisk.write.average","8/20/2026 2:50:20 AM","20","0","0","KBps","scsi0:1","n/a","0"
"WIN-DEMO-APP03","virtualdisk.write.average","8/20/2026 2:50:40 AM","20","0","0","KBps","scsi0:1","n/a","0"
"WIN-DEMO-APP03","virtualdisk.write.average","8/20/2026 2:51:00 AM","20","0","0","KBps","scsi0:1","n/a","0"
"WIN-DEMO-APP03","virtualdisk.write.average","8/20/2026 2:51:20 AM","20","0","0","KBps","scsi0:1","n/a","0"
"WIN-DEMO-APP03","virtualdisk.write.average","8/20/2026 2:51:40 AM","20","0","0","KBps","scsi0:1","n/a","0"
"WIN-DEMO-APP03","virtualdisk.write.average","8/20/2026 2:52:00 AM","20","0","0","KBps","scsi0:1","n/a","0"
"WIN-DEMO-APP03","virtualdisk.write.average","8/20/2026 2:52:20 AM","20","0","0","KBps","scsi0:1","n/a","0"
"WIN-DEMO-APP03","virtualdisk.write.average","8/20/2026 2:52:40 AM","20","0","0","KBps","scsi0:1","n/a","0"
"WIN-DEMO-APP03","virtualdisk.write.average","8/20/2026 2:53:00 AM","20","0","0","KBps","scsi0:1","n/a","0"
"WIN-DEMO-APP03","virtualdisk.write.average","8/20/2026 2:53:20 AM","20","0","0","KBps","scsi0:1","n/a","0"
"WIN-DEMO-APP03","virtualdisk.write.average","8/20/2026 2:53:40 AM","20","0","0","KBps","scsi0:1","n/a","0"
"WIN-DEMO-APP03","virtualdisk.write.average","8/20/2026 2:54:00 AM","20","0","0","KBps","scsi0:1","n/a","0"
"WIN-DEMO-APP03","virtualdisk.write.average","8/20/2026 2:54:20 AM","20","0","0","KBps","scsi0:1","n/a","0"
"WIN-DEMO-APP03","virtualdisk.write.average","8/20/2026 2:54:40 AM","20","0","0","KBps","scsi0:1","n/a","0"
"WIN-DEMO-APP03","virtualdisk.write.average","8/20/2026 2:55:00 AM","20","0","0","KBps","scsi0:1","n/a","0"
"WIN-DEMO-APP03","virtualdisk.write.average","8/20/2026 2:55:20 AM","20","0","0","KBps","scsi0:1","n/a","0"
"WIN-DEMO-APP03","virtualdisk.write.average","8/20/2026 2:55:40 AM","20","0","0","KBps","scsi0:1","n/a","0"
"WIN-DEMO-APP03","virtualdisk.write.average","8/20/2026 2:56:00 AM","20","0","0","KBps","scsi0:1","n/a","0"
"WIN-DEMO-APP03","virtualdisk.write.average","8/20/2026 2:56:20 AM","20","0","0","KBps","scsi0:1","n/a","0"
"WIN-DEMO-APP03","virtualdisk.write.average","8/20/2026 2:56:40 AM","20","0","0","KBps","scsi0:1","n/a","0"
"WIN-DEMO-APP03","virtualdisk.write.average","8/20/2026 2:57:00 AM","20","0","0","KBps","scsi0:1","n/a","0"
"WIN-DEMO-APP03","virtualdisk.write.average","8/20/2026 2:57:20 AM","20","0","0","KBps","scsi0:1","n/a","0"
"WIN-DEMO-APP03","virtualdisk.write.average","8/20/2026 2:57:40 AM","20","0","0","KBps","scsi0:1","n/a","0"
"WIN-DEMO-APP03","virtualdisk.write.average","8/20/2026 2:58:00 AM","20","0","0","KBps","scsi0:1","n/a","0"
"WIN-DEMO-APP03","virtualdisk.write.average","8/20/2026 2:58:20 AM","20","0","0","KBps","scsi0:1","n/a","0"
"WIN-DEMO-APP03","virtualdisk.write.average","8/20/2026 2:58:40 AM","20","0","0","KBps","scsi0:1","n/a","0"
"WIN-DEMO-APP03","virtualdisk.write.average","8/20/2026 2:59:00 AM","20","0","0","KBps","scsi0:1","n/a","0"
"WIN-DEMO-APP03","virtualdisk.write.average","8/20/2026 2:59:20 AM","20","0","0","KBps","scsi0:1","n/a","0"
"WIN-DEMO-APP03","virtualdisk.write.average","8/20/2026 2:59:40 AM","20","0","0","KBps","scsi0:1","n/a","0"
"WIN-DEMO-APP03","virtualdisk.write.average","8/20/2026 3:00:00 AM","20","0","0","KBps","scsi0:1","n/a","0"
"WIN-DEMO-APP03","virtualdisk.write.average","8/20/2026 3:00:20 AM","20","0","0","KBps","scsi0:1","n/a","0"
"WIN-DEMO-APP03","virtualdisk.write.average","8/20/2026 3:00:40 AM","20","0","0","KBps","scsi0:1","n/a","0"
"WIN-DEMO-APP03","virtualdisk.write.average","8/20/2026 3:01:00 AM","20","0","0","KBps","scsi0:1","n/a","0"
"WIN-DEMO-APP03","virtualdisk.write.average","8/20/2026 3:01:20 AM","20","0","0","KBps","scsi0:1","n/a","0"
"WIN-DEMO-APP03","virtualdisk.write.average","8/20/2026 3:01:40 AM","20","0","0","KBps","scsi0:1","n/a","0"
"WIN-DEMO-APP03","virtualdisk.write.average","8/20/2026 3:02:00 AM","20","0","0","KBps","scsi0:1","n/a","0"
"WIN-DEMO-APP03","virtualdisk.write.average","8/20/2026 3:02:20 AM","20","0","0","KBps","scsi0:1","n/a","0"
"WIN-DEMO-APP03","virtualdisk.write.average","8/20/2026 3:02:40 AM","20","0","0","KBps","scsi0:1","n/a","0"
"WIN-DEMO-APP03","virtualdisk.write.average","8/20/2026 3:03:00 AM","20","0","0","KBps","scsi0:1","n/a","0"
"WIN-DEMO-APP03","virtualdisk.write.average","8/20/2026 3:03:20 AM","20","0","0","KBps","scsi0:1","n/a","0"
"WIN-DEMO-APP03","virtualdisk.write.average","8/20/2026 3:03:40 AM","20","0","0","KBps","scsi0:1","n/a","0"
"WIN-DEMO-APP03","virtualdisk.write.average","8/20/2026 3:04:00 AM","20","0","0","KBps","scsi0:1","n/a","0"
"WIN-DEMO-APP03","virtualdisk.write.average","8/20/2026 3:04:20 AM","20","0","0","KBps","scsi0:1","n/a","0"
"WIN-DEMO-APP03","virtualdisk.write.average","8/20/2026 3:04:40 AM","20","0","0","KBps","scsi0:1","n/a","0"
"WIN-DEMO-APP03","virtualdisk.write.average","8/20/2026 3:05:00 AM","20","0","0","KBps","scsi0:1","n/a","0"
"WIN-DEMO-APP03","virtualdisk.write.average","8/20/2026 3:05:20 AM","20","0","0","KBps","scsi0:1","n/a","0"
"WIN-DEMO-APP03","virtualdisk.write.average","8/20/2026 3:05:40 AM","20","0","0","KBps","scsi0:1","n/a","0"
"WIN-DEMO-APP03","virtualdisk.write.average","8/20/2026 3:06:00 AM","20","0","0","KBps","scsi0:1","n/a","0"
"WIN-DEMO-APP03","virtualdisk.write.average","8/20/2026 3:06:20 AM","20","0","0","KBps","scsi0:1","n/a","0"
"WIN-DEMO-APP03","virtualdisk.write.average","8/20/2026 3:06:40 AM","20","0","0","KBps","scsi0:1","n/a","0"
"WIN-DEMO-APP03","virtualdisk.write.average","8/20/2026 3:07:00 AM","20","0","0","KBps","scsi0:1","n/a","0"
"WIN-DEMO-APP03","virtualdisk.write.average","8/20/2026 3:07:20 AM","20","0","0","KBps","scsi0:1","n/a","0"
"WIN-DEMO-APP03","virtualdisk.write.average","8/20/2026 3:07:40 AM","20","0","0","KBps","scsi0:1","n/a","0"
"WIN-DEMO-APP03","virtualdisk.write.average","8/20/2026 3:08:00 AM","20","0","0","KBps","scsi0:1","n/a","0"
"WIN-DEMO-APP03","virtualdisk.write.average","8/20/2026 3:08:20 AM","20","0","0","KBps","scsi0:1","n/a","0"
"WIN-DEMO-APP03","virtualdisk.write.average","8/20/2026 3:08:40 AM","20","0","0","KBps","scsi0:1","n/a","0"
"WIN-DEMO-APP03","virtualdisk.write.average","8/20/2026 3:09:00 AM","20","0","0","KBps","scsi0:1","n/a","0"
"WIN-DEMO-APP03","virtualdisk.write.average","8/20/2026 3:09:20 AM","20","0","0","KBps","scsi0:1","n/a","0"
"WIN-DEMO-APP03","virtualdisk.write.average","8/20/2026 3:09:40 AM","20","0","0","KBps","scsi0:1","n/a","0"
"WIN-DEMO-APP03","virtualdisk.write.average","8/20/2026 3:10:00 AM","20","0","0","KBps","scsi0:1","n/a","0"
"WIN-DEMO-APP03","virtualdisk.write.average","8/20/2026 3:10:20 AM","20","0","0","KBps","scsi0:1","n/a","0"
"WIN-DEMO-APP03","virtualdisk.write.average","8/20/2026 3:10:40 AM","20","0","0","KBps","scsi0:1","n/a","0"
"WIN-DEMO-APP03","virtualdisk.write.average","8/20/2026 3:11:00 AM","20","0","0","KBps","scsi0:1","n/a","0"
"WIN-DEMO-APP03","virtualdisk.write.average","8/20/2026 3:11:20 AM","20","0","0","KBps","scsi0:1","n/a","0"
"WIN-DEMO-APP03","virtualdisk.write.average","8/20/2026 3:11:40 AM","20","0","0","KBps","scsi0:1","n/a","0"
"WIN-DEMO-APP03","virtualdisk.write.average","8/20/2026 3:12:00 AM","20","0","0","KBps","scsi0:1","n/a","0"
"WIN-DEMO-APP03","virtualdisk.write.average","8/20/2026 3:12:20 AM","20","0","0","KBps","scsi0:1","n/a","0"
"WIN-DEMO-APP03","virtualdisk.write.average","8/20/2026 3:12:40 AM","20","0","0","KBps","scsi0:1","n/a","0"
"WIN-DEMO-APP03","virtualdisk.write.average","8/20/2026 3:13:00 AM","20","0","0","KBps","scsi0:1","n/a","0"
"WIN-DEMO-APP03","virtualdisk.write.average","8/20/2026 3:13:20 AM","20","0","0","KBps","scsi0:1","n/a","0"
"WIN-DEMO-APP03","virtualdisk.write.average","8/20/2026 3:13:40 AM","20","0","0","KBps","scsi0:1","n/a","0"
"WIN-DEMO-APP03","virtualdisk.write.average","8/20/2026 3:14:00 AM","20","0","0","KBps","scsi0:1","n/a","0"
"WIN-DEMO-APP03","virtualdisk.write.average","8/20/2026 3:14:20 AM","20","0","0","KBps","scsi0:1","n/a","0"
"WIN-DEMO-APP03","virtualdisk.write.average","8/20/2026 3:14:40 AM","20","0","0","KBps","scsi0:1","n/a","0"
"WIN-DEMO-APP03","virtualdisk.write.average","8/20/2026 3:15:00 AM","20","0","0","KBps","scsi0:1","n/a","0"
"WIN-DEMO-APP03","virtualdisk.write.average","8/20/2026 3:15:20 AM","20","0","0","KBps","scsi0:1","n/a","0"
"WIN-DEMO-APP03","virtualdisk.write.average","8/20/2026 3:15:40 AM","20","0","0","KBps","scsi0:1","n/a","0"
"WIN-DEMO-APP03","virtualdisk.write.average","8/20/2026 3:16:00 AM","20","0","0","KBps","scsi0:1","n/a","0"
"WIN-DEMO-APP03","virtualdisk.write.average","8/20/2026 3:16:20 AM","20","0","0","KBps","scsi0:1","n/a","0"
"WIN-DEMO-APP03","virtualdisk.write.average","8/20/2026 3:16:40 AM","20","0","0","KBps","scsi0:1","n/a","0"
"WIN-DEMO-APP03","virtualdisk.write.average","8/20/2026 3:17:00 AM","20","0","0","KBps","scsi0:1","n/a","0"
"WIN-DEMO-APP03","virtualdisk.write.average","8/20/2026 3:17:20 AM","20","0","0","KBps","scsi0:1","n/a","0"
"WIN-DEMO-APP03","virtualdisk.write.average","8/20/2026 3:17:40 AM","20","0","0","KBps","scsi0:1","n/a","0"
"WIN-DEMO-APP03","virtualdisk.write.average","8/20/2026 3:18:00 AM","20","0","0","KBps","scsi0:1","n/a","0"
"WIN-DEMO-APP03","virtualdisk.write.average","8/20/2026 3:18:20 AM","20","0","0","KBps","scsi0:1","n/a","0"
"WIN-DEMO-APP03","virtualdisk.write.average","8/20/2026 3:18:40 AM","20","0","0","KBps","scsi0:1","n/a","0"
"WIN-DEMO-APP03","virtualdisk.write.average","8/20/2026 3:19:00 AM","20","0","0","KBps","scsi0:1","n/a","0"
"WIN-DEMO-APP03","virtualdisk.write.average","8/20/2026 3:19:20 AM","20","0","0","KBps","scsi0:1","n/a","0"
"WIN-DEMO-APP03","virtualdisk.write.average","8/20/2026 3:19:40 AM","20","0","0","KBps","scsi0:1","n/a","0"
"WIN-DEMO-APP03","virtualdisk.write.average","8/20/2026 3:20:00 AM","20","0","0","KBps","scsi0:1","n/a","0"
"WIN-DEMO-APP03","virtualdisk.write.average","8/20/2026 3:20:20 AM","20","0","0","KBps","scsi0:1","n/a","0"
"WIN-DEMO-APP03","virtualdisk.write.average","8/20/2026 3:20:40 AM","20","0","0","KBps","scsi0:1","n/a","0"
"WIN-DEMO-APP03","virtualdisk.write.average","8/20/2026 3:21:00 AM","20","0","0","KBps","scsi0:1","n/a","0"
"WIN-DEMO-APP03","virtualdisk.write.average","8/20/2026 3:21:20 AM","20","0","0","KBps","scsi0:1","n/a","0"
"WIN-DEMO-APP03","virtualdisk.write.average","8/20/2026 3:21:40 AM","20","0","0","KBps","scsi0:1","n/a","0"
"WIN-DEMO-APP03","virtualdisk.write.average","8/20/2026 3:22:00 AM","20","0","0","KBps","scsi0:1","n/a","0"
"WIN-DEMO-APP03","virtualdisk.write.average","8/20/2026 3:22:20 AM","20","0","0","KBps","scsi0:1","n/a","0"
"WIN-DEMO-APP03","virtualdisk.write.average","8/20/2026 3:22:40 AM","20","0","0","KBps","scsi0:1","n/a","0"
"WIN-DEMO-APP03","virtualdisk.write.average","8/20/2026 3:23:00 AM","20","0","0","KBps","scsi0:1","n/a","0"
"WIN-DEMO-APP03","virtualdisk.write.average","8/20/2026 3:23:20 AM","20","0","0","KBps","scsi0:1","n/a","0"
"WIN-DEMO-APP03","virtualdisk.write.average","8/20/2026 3:23:40 AM","20","0","0","KBps","scsi0:1","n/a","0"
"WIN-DEMO-APP03","virtualdisk.write.average","8/20/2026 3:24:00 AM","20","0","0","KBps","scsi0:1","n/a","0"
"WIN-DEMO-APP03","virtualdisk.write.average","8/20/2026 3:24:20 AM","20","0","0","KBps","scsi0:1","n/a","0"
"WIN-DEMO-APP03","virtualdisk.write.average","8/20/2026 3:24:40 AM","20","0","0","KBps","scsi0:1","n/a","0"
"WIN-DEMO-APP03","virtualdisk.write.average","8/20/2026 3:25:00 AM","20","0","0","KBps","scsi0:1","n/a","0"
"WIN-DEMO-APP03","virtualdisk.write.average","8/20/2026 3:25:20 AM","20","0","0","KBps","scsi0:1","n/a","0"
"WIN-DEMO-APP03","virtualdisk.write.average","8/20/2026 3:25:40 AM","20","0","0","KBps","scsi0:1","n/a","0"
"WIN-DEMO-APP03","virtualdisk.write.average","8/20/2026 3:26:00 AM","20","0","0","KBps","scsi0:1","n/a","0"
"WIN-DEMO-APP03","virtualdisk.write.average","8/20/2026 3:26:20 AM","20","0","0","KBps","scsi0:1","n/a","0"
"WIN-DEMO-APP03","virtualdisk.write.average","8/20/2026 3:26:40 AM","20","0","0","KBps","scsi0:1","n/a","0"
"WIN-DEMO-APP03","virtualdisk.write.average","8/20/2026 3:27:00 AM","20","0","0","KBps","scsi0:1","n/a","0"
"WIN-DEMO-APP03","virtualdisk.write.average","8/20/2026 3:27:20 AM","20","0","0","KBps","scsi0:1","n/a","0"
"WIN-DEMO-APP03","virtualdisk.write.average","8/20/2026 3:27:40 AM","20","0","0","KBps","scsi0:1","n/a","0"
"WIN-DEMO-APP03","virtualdisk.write.average","8/20/2026 3:28:00 AM","20","0","0","KBps","scsi0:1","n/a","0"
"WIN-DEMO-APP03","virtualdisk.write.average","8/20/2026 3:28:20 AM","20","0","0","KBps","scsi0:1","n/a","0"
"WIN-DEMO-APP03","virtualdisk.write.average","8/20/2026 3:28:40 AM","20","0","0","KBps","scsi0:1","n/a","0"
"WIN-DEMO-APP03","virtualdisk.write.average","8/20/2026 3:29:00 AM","20","0","0","KBps","scsi0:1","n/a","0"
"WIN-DEMO-APP03","virtualdisk.write.average","8/20/2026 3:29:20 AM","20","0","0","KBps","scsi0:1","n/a","0"
"WIN-DEMO-APP03","virtualdisk.write.average","8/20/2026 3:29:40 AM","20","0","0","KBps","scsi0:1","n/a","0"
"WIN-DEMO-APP03","virtualdisk.write.average","8/20/2026 3:30:00 AM","20","0","0","KBps","scsi0:1","n/a","0"
