"VMName","MetricId","TimestampUtc","SampleIntervalSeconds","RawValue","ConvertedValue","Unit","Disk instance","SegmentLevel","SegmentIntervalMinutes"
"Test","cpu.ready.summation","8/20/2026 4:06:00 AM","20","29","1.45","millisecond","","n/a","0"
"Test","cpu.ready.summation","8/20/2026 4:06:20 AM","20","14","0.7","millisecond","","n/a","0"
"Test","cpu.ready.summation","8/20/2026 4:06:40 AM","20","22","1.1","millisecond","","n/a","0"
"Test","cpu.ready.summation","8/20/2026 4:07:00 AM","20","49","2.45","millisecond","","n/a","0"
"Test","cpu.ready.summation","8/20/2026 4:07:20 AM","20","32","1.6","millisecond","","n/a","0"
"Test","cpu.ready.summation","8/20/2026 4:07:40 AM","20","55","2.75","millisecond","","n/a","0"
"Test","cpu.ready.summation","8/20/2026 4:08:00 AM","20","72","3.6","millisecond","","n/a","0"
"Test","cpu.ready.summation","8/20/2026 4:08:20 AM","20","111","5.55","millisecond","","n/a","0"
"Test","cpu.ready.summation","8/20/2026 4:08:40 AM","20","77","3.85","millisecond","","n/a","0"
"Test","cpu.ready.summation","8/20/2026 4:09:00 AM","20","83","4.15","millisecond","","n/a","0"
"Test","cpu.ready.summation","8/20/2026 4:09:20 AM","20","64","3.2","millisecond","","n/a","0"
"Test","cpu.ready.summation","8/20/2026 4:09:40 AM","20","62","3.1","millisecond","","n/a","0"
"Test","cpu.ready.summation","8/20/2026 4:10:00 AM","20","64","3.2","millisecond","","n/a","0"
"Test","cpu.ready.summation","8/20/2026 4:10:20 AM","20","63","3.15","millisecond","","n/a","0"
"Test","cpu.ready.summation","8/20/2026 4:10:40 AM","20","70","3.5","millisecond","","n/a","0"
"Test","cpu.ready.summation","8/20/2026 4:11:00 AM","20","79","3.95","millisecond","","n/a","0"
"Test","cpu.ready.summation","8/20/2026 4:11:20 AM","20","69","3.45","millisecond","","n/a","0"
"Test","cpu.ready.summation","8/20/2026 4:11:40 AM","20","65","3.25","millisecond","","n/a","0"
"Test","cpu.ready.summation","8/20/2026 4:12:00 AM","20","63","3.15","millisecond","","n/a","0"
"Test","cpu.ready.summation","8/20/2026 4:12:20 AM","20","65","3.25","millisecond","","n/a","0"
"Test","cpu.ready.summation","8/20/2026 4:12:40 AM","20","67","3.35","millisecond","","n/a","0"
"Test","cpu.ready.summation","8/20/2026 4:13:00 AM","20","66","3.3","millisecond","","n/a","0"
"Test","cpu.ready.summation","8/20/2026 4:13:20 AM","20","71","3.55","millisecond","","n/a","0"
"Test","cpu.ready.summation","8/20/2026 4:13:40 AM","20","68","3.4","millisecond","","n/a","0"
"Test","cpu.ready.summation","8/20/2026 4:14:00 AM","20","81","4.05","millisecond","","n/a","0"
"Test","cpu.ready.summation","8/20/2026 4:14:20 AM","20","98","4.9","millisecond","","n/a","0"
"Test","cpu.ready.summation","8/20/2026 4:14:40 AM","20","53","2.65","millisecond","","n/a","0"
"Test","cpu.ready.summation","8/20/2026 4:15:00 AM","20","69","3.45","millisecond","","n/a","0"
"Test","cpu.ready.summation","8/20/2026 4:15:20 AM","20","63","3.15","millisecond","","n/a","0"
"Test","cpu.ready.summation","8/20/2026 4:15:40 AM","20","69","3.45","millisecond","","n/a","0"
"Test","cpu.ready.summation","8/20/2026 4:16:00 AM","20","57","2.85","millisecond","","n/a","0"
"Test","cpu.ready.summation","8/20/2026 4:16:20 AM","20","82","4.1","millisecond","","n/a","0"
"Test","cpu.ready.summation","8/20/2026 4:16:40 AM","20","64","3.2","millisecond","","n/a","0"
"Test","cpu.ready.summation","8/20/2026 4:17:00 AM","20","77","3.85","millisecond","","n/a","0"
"Test","cpu.ready.summation","8/20/2026 4:17:20 AM","20","68","3.4","millisecond","","n/a","0"
"Test","cpu.ready.summation","8/20/2026 4:17:40 AM","20","76","3.8","millisecond","","n/a","0"
"Test","cpu.ready.summation","8/20/2026 4:18:00 AM","20","61","3.05","millisecond","","n/a","0"
"Test","cpu.ready.summation","8/20/2026 4:18:20 AM","20","38","1.9","millisecond","","n/a","0"
"Test","cpu.ready.summation","8/20/2026 4:18:40 AM","20","55","2.75","millisecond","","n/a","0"
"Test","cpu.ready.summation","8/20/2026 4:19:00 AM","20","34","1.7","millisecond","","n/a","0"
"Test","cpu.ready.summation","8/20/2026 4:19:20 AM","20","107","5.35","millisecond","","n/a","0"
"Test","cpu.ready.summation","8/20/2026 4:19:40 AM","20","93","4.65","millisecond","","n/a","0"
"Test","cpu.ready.summation","8/20/2026 4:20:00 AM","20","77","3.85","millisecond","","n/a","0"
"Test","cpu.ready.summation","8/20/2026 4:20:20 AM","20","59","2.95","millisecond","","n/a","0"
"Test","cpu.ready.summation","8/20/2026 4:20:40 AM","20","92","4.6","millisecond","","n/a","0"
"Test","cpu.ready.summation","8/20/2026 4:21:00 AM","20","76","3.8","millisecond","","n/a","0"
"Test","cpu.ready.summation","8/20/2026 4:21:20 AM","20","95","4.75","millisecond","","n/a","0"
"Test","cpu.ready.summation","8/20/2026 4:21:40 AM","20","83","4.15","millisecond","","n/a","0"
"Test","cpu.ready.summation","8/20/2026 4:22:00 AM","20","83","4.15","millisecond","","n/a","0"
"Test","cpu.ready.summation","8/20/2026 4:22:20 AM","20","78","3.9","millisecond","","n/a","0"
"Test","cpu.ready.summation","8/20/2026 4:22:40 AM","20","68","3.4","millisecond","","n/a","0"
"Test","cpu.ready.summation","8/20/2026 4:23:00 AM","20","100","5","millisecond","","n/a","0"
"Test","cpu.ready.summation","8/20/2026 4:23:20 AM","20","78","3.9","millisecond","","n/a","0"
"Test","cpu.ready.summation","8/20/2026 4:23:40 AM","20","88","4.4","millisecond","","n/a","0"
"Test","cpu.ready.summation","8/20/2026 4:24:00 AM","20","64","3.2","millisecond","","n/a","0"
"Test","cpu.ready.summation","8/20/2026 4:24:20 AM","20","82","4.1","millisecond","","n/a","0"
"Test","cpu.ready.summation","8/20/2026 4:24:40 AM","20","54","2.7","millisecond","","n/a","0"
"Test","cpu.ready.summation","8/20/2026 4:25:00 AM","20","53","2.65","millisecond","","n/a","0"
"Test","cpu.ready.summation","8/20/2026 4:25:20 AM","20","52","2.6","millisecond","","n/a","0"
"Test","cpu.ready.summation","8/20/2026 4:25:40 AM","20","52","2.6","millisecond","","n/a","0"
"Test","cpu.ready.summation","8/20/2026 4:26:00 AM","20","51","2.55","millisecond","","n/a","0"
"Test","cpu.ready.summation","8/20/2026 4:26:20 AM","20","61","3.05","millisecond","","n/a","0"
"Test","cpu.ready.summation","8/20/2026 4:26:40 AM","20","102","5.1","millisecond","","n/a","0"
"Test","cpu.ready.summation","8/20/2026 4:27:00 AM","20","52","2.6","millisecond","","n/a","0"
"Test","cpu.ready.summation","8/20/2026 4:27:20 AM","20","27","1.35","millisecond","","n/a","0"
"Test","cpu.ready.summation","8/20/2026 4:27:40 AM","20","26","1.3","millisecond","","n/a","0"
"Test","cpu.ready.summation","8/20/2026 4:28:00 AM","20","65","3.25","millisecond","","n/a","0"
"Test","cpu.ready.summation","8/20/2026 4:28:20 AM","20","89","4.45","millisecond","","n/a","0"
"Test","cpu.ready.summation","8/20/2026 4:28:40 AM","20","65","3.25","millisecond","","n/a","0"
"Test","cpu.ready.summation","8/20/2026 4:29:00 AM","20","66","3.3","millisecond","","n/a","0"
"Test","cpu.ready.summation","8/20/2026 4:29:20 AM","20","71","3.55","millisecond","","n/a","0"
"Test","cpu.ready.summation","8/20/2026 4:29:40 AM","20","76","3.8","millisecond","","n/a","0"
"Test","cpu.ready.summation","8/20/2026 4:30:00 AM","20","157","7.85","millisecond","","n/a","0"
"Test","cpu.ready.summation","8/20/2026 4:30:20 AM","20","125","6.25","millisecond","","n/a","0"
"Test","cpu.ready.summation","8/20/2026 4:30:40 AM","20","73","3.65","millisecond","","n/a","0"
"Test","cpu.ready.summation","8/20/2026 4:31:00 AM","20","69","3.45","millisecond","","n/a","0"
"Test","cpu.ready.summation","8/20/2026 4:31:20 AM","20","94","4.7","millisecond","","n/a","0"
"Test","cpu.ready.summation","8/20/2026 4:31:40 AM","20","72","3.6","millisecond","","n/a","0"
"Test","cpu.ready.summation","8/20/2026 4:32:00 AM","20","77","3.85","millisecond","","n/a","0"
"Test","cpu.ready.summation","8/20/2026 4:32:20 AM","20","88","4.4","millisecond","","n/a","0"
"Test","cpu.ready.summation","8/20/2026 4:32:40 AM","20","74","3.7","millisecond","","n/a","0"
"Test","cpu.ready.summation","8/20/2026 4:33:00 AM","20","55","2.75","millisecond","","n/a","0"
"Test","cpu.ready.summation","8/20/2026 4:33:20 AM","20","56","2.8","millisecond","","n/a","0"
"Test","cpu.ready.summation","8/20/2026 4:33:40 AM","20","76","3.8","millisecond","","n/a","0"
"Test","cpu.ready.summation","8/20/2026 4:34:00 AM","20","76","3.8","millisecond","","n/a","0"
"Test","cpu.ready.summation","8/20/2026 4:34:20 AM","20","80","4","millisecond","","n/a","0"
"Test","cpu.ready.summation","8/20/2026 4:34:40 AM","20","74","3.7","millisecond","","n/a","0"
"Test","cpu.ready.summation","8/20/2026 4:35:00 AM","20","75","3.75","millisecond","","n/a","0"
"Test","cpu.ready.summation","8/20/2026 4:35:20 AM","20","65","3.25","millisecond","","n/a","0"
"Test","cpu.ready.summation","8/20/2026 4:35:40 AM","20","71","3.55","millisecond","","n/a","0"
"Test","cpu.ready.summation","8/20/2026 4:36:00 AM","20","65","3.25","millisecond","","n/a","0"
"Test","cpu.ready.summation","8/20/2026 4:36:20 AM","20","119","5.95","millisecond","","n/a","0"
"Test","cpu.ready.summation","8/20/2026 4:36:40 AM","20","111","5.55","millisecond","","n/a","0"
"Test","cpu.ready.summation","8/20/2026 4:37:00 AM","20","112","5.6","millisecond","","n/a","0"
"Test","cpu.ready.summation","8/20/2026 4:37:20 AM","20","89","4.45","millisecond","","n/a","0"
"Test","cpu.ready.summation","8/20/2026 4:37:40 AM","20","86","4.3","millisecond","","n/a","0"
"Test","cpu.ready.summation","8/20/2026 4:38:00 AM","20","90","4.5","millisecond","","n/a","0"
"Test","cpu.ready.summation","8/20/2026 4:38:20 AM","20","53","2.65","millisecond","","n/a","0"
"Test","cpu.ready.summation","8/20/2026 4:38:40 AM","20","93","4.65","millisecond","","n/a","0"
"Test","cpu.ready.summation","8/20/2026 4:39:00 AM","20","77","3.85","millisecond","","n/a","0"
"Test","cpu.ready.summation","8/20/2026 4:39:20 AM","20","153","7.65","millisecond","","n/a","0"
"Test","cpu.ready.summation","8/20/2026 4:39:40 AM","20","140","7","millisecond","","n/a","0"
"Test","cpu.ready.summation","8/20/2026 4:40:00 AM","20","100","5","millisecond","","n/a","0"
"Test","cpu.ready.summation","8/20/2026 4:40:20 AM","20","105","5.25","millisecond","","n/a","0"
"Test","cpu.ready.summation","8/20/2026 4:40:40 AM","20","122","6.1","millisecond","","n/a","0"
"Test","cpu.ready.summation","8/20/2026 4:41:00 AM","20","112","5.6","millisecond","","n/a","0"
"Test","cpu.ready.summation","8/20/2026 4:41:20 AM","20","44","2.2","millisecond","","n/a","0"
"Test","cpu.ready.summation","8/20/2026 4:41:40 AM","20","71","3.55","millisecond","","n/a","0"
"Test","cpu.ready.summation","8/20/2026 4:42:00 AM","20","60","3","millisecond","","n/a","0"
"Test","cpu.ready.summation","8/20/2026 4:42:20 AM","20","87","4.35","millisecond","","n/a","0"
"Test","cpu.ready.summation","8/20/2026 4:42:40 AM","20","38","1.9","millisecond","","n/a","0"
"Test","cpu.ready.summation","8/20/2026 4:43:00 AM","20","123","6.15","millisecond","","n/a","0"
"Test","cpu.ready.summation","8/20/2026 4:43:20 AM","20","118","5.9","millisecond","","n/a","0"
"Test","cpu.ready.summation","8/20/2026 4:43:40 AM","20","107","5.35","millisecond","","n/a","0"
"Test","cpu.ready.summation","8/20/2026 4:44:00 AM","20","87","4.35","millisecond","","n/a","0"
"Test","cpu.ready.summation","8/20/2026 4:44:20 AM","20","66","3.3","millisecond","","n/a","0"
"Test","cpu.ready.summation","8/20/2026 4:44:40 AM","20","72","3.6","millisecond","","n/a","0"
"Test","cpu.ready.summation","8/20/2026 4:45:00 AM","20","80","4","millisecond","","n/a","0"
"Test","cpu.ready.summation","8/20/2026 4:45:20 AM","20","73","3.65","millisecond","","n/a","0"
"Test","cpu.ready.summation","8/20/2026 4:45:40 AM","20","75","3.75","millisecond","","n/a","0"
"Test","cpu.ready.summation","8/20/2026 4:46:00 AM","20","70","3.5","millisecond","","n/a","0"
"Test","cpu.ready.summation","8/20/2026 4:46:20 AM","20","141","7.05","millisecond","","n/a","0"
"Test","cpu.ready.summation","8/20/2026 4:46:40 AM","20","38","1.9","millisecond","","n/a","0"
"Test","cpu.ready.summation","8/20/2026 4:47:00 AM","20","35","1.75","millisecond","","n/a","0"
"Test","cpu.ready.summation","8/20/2026 4:47:20 AM","20","32","1.6","millisecond","","n/a","0"
"Test","cpu.ready.summation","8/20/2026 4:47:40 AM","20","102","5.1","millisecond","","n/a","0"
"Test","cpu.ready.summation","8/20/2026 4:48:00 AM","20","34","1.7","millisecond","","n/a","0"
"Test","cpu.ready.summation","8/20/2026 4:48:20 AM","20","104","5.2","millisecond","","n/a","0"
"Test","cpu.ready.summation","8/20/2026 4:48:40 AM","20","80","4","millisecond","","n/a","0"
"Test","cpu.ready.summation","8/20/2026 4:49:00 AM","20","94","4.7","millisecond","","n/a","0"
"Test","cpu.ready.summation","8/20/2026 4:49:20 AM","20","97","4.85","millisecond","","n/a","0"
"Test","cpu.ready.summation","8/20/2026 4:49:40 AM","20","49","2.45","millisecond","","n/a","0"
"Test","cpu.ready.summation","8/20/2026 4:50:00 AM","20","74","3.7","millisecond","","n/a","0"
"Test","cpu.ready.summation","8/20/2026 4:50:20 AM","20","81","4.05","millisecond","","n/a","0"
"Test","cpu.ready.summation","8/20/2026 4:50:40 AM","20","89","4.45","millisecond","","n/a","0"
"Test","cpu.ready.summation","8/20/2026 4:51:00 AM","20","84","4.2","millisecond","","n/a","0"
"Test","cpu.ready.summation","8/20/2026 4:51:20 AM","20","102","5.1","millisecond","","n/a","0"
"Test","cpu.ready.summation","8/20/2026 4:51:40 AM","20","98","4.9","millisecond","","n/a","0"
"Test","cpu.ready.summation","8/20/2026 4:52:00 AM","20","86","4.3","millisecond","","n/a","0"
"Test","cpu.ready.summation","8/20/2026 4:52:20 AM","20","84","4.2","millisecond","","n/a","0"
"Test","cpu.ready.summation","8/20/2026 4:52:40 AM","20","91","4.55","millisecond","","n/a","0"
"Test","cpu.ready.summation","8/20/2026 4:53:00 AM","20","117","5.85","millisecond","","n/a","0"
"Test","cpu.ready.summation","8/20/2026 4:53:20 AM","20","115","5.75","millisecond","","n/a","0"
"Test","cpu.ready.summation","8/20/2026 4:53:40 AM","20","111","5.55","millisecond","","n/a","0"
"Test","cpu.ready.summation","8/20/2026 4:54:00 AM","20","81","4.05","millisecond","","n/a","0"
"Test","cpu.ready.summation","8/20/2026 4:54:20 AM","20","58","2.9","millisecond","","n/a","0"
"Test","cpu.ready.summation","8/20/2026 4:54:40 AM","20","71","3.55","millisecond","","n/a","0"
"Test","cpu.ready.summation","8/20/2026 4:55:00 AM","20","64","3.2","millisecond","","n/a","0"
"Test","cpu.ready.summation","8/20/2026 4:55:20 AM","20","58","2.9","millisecond","","n/a","0"
"Test","cpu.ready.summation","8/20/2026 4:55:40 AM","20","60","3","millisecond","","n/a","0"
"Test","cpu.ready.summation","8/20/2026 4:56:00 AM","20","60","3","millisecond","","n/a","0"
"Test","cpu.ready.summation","8/20/2026 4:56:20 AM","20","66","3.3","millisecond","","n/a","0"
"Test","cpu.ready.summation","8/20/2026 4:56:40 AM","20","73","3.65","millisecond","","n/a","0"
"Test","cpu.ready.summation","8/20/2026 4:57:00 AM","20","84","4.2","millisecond","","n/a","0"
"Test","cpu.ready.summation","8/20/2026 4:57:20 AM","20","100","5","millisecond","","n/a","0"
"Test","cpu.ready.summation","8/20/2026 4:57:40 AM","20","93","4.65","millisecond","","n/a","0"
"Test","cpu.ready.summation","8/20/2026 4:58:00 AM","20","78","3.9","millisecond","","n/a","0"
"Test","cpu.ready.summation","8/20/2026 4:58:20 AM","20","82","4.1","millisecond","","n/a","0"
"Test","cpu.ready.summation","8/20/2026 4:58:40 AM","20","90","4.5","millisecond","","n/a","0"
"Test","cpu.ready.summation","8/20/2026 4:59:00 AM","20","111","5.55","millisecond","","n/a","0"
"Test","cpu.ready.summation","8/20/2026 4:59:20 AM","20","105","5.25","millisecond","","n/a","0"
"Test","cpu.ready.summation","8/20/2026 4:59:40 AM","20","107","5.35","millisecond","","n/a","0"
"Test","cpu.ready.summation","8/20/2026 5:00:00 AM","20","86","4.3","millisecond","","n/a","0"
"Test","cpu.ready.summation","8/20/2026 5:00:20 AM","20","125","6.25","millisecond","","n/a","0"
"Test","cpu.ready.summation","8/20/2026 5:00:40 AM","20","109","5.45","millisecond","","n/a","0"
"Test","cpu.ready.summation","8/20/2026 5:01:00 AM","20","82","4.1","millisecond","","n/a","0"
"Test","cpu.ready.summation","8/20/2026 5:01:20 AM","20","70","3.5","millisecond","","n/a","0"
"Test","cpu.ready.summation","8/20/2026 5:01:40 AM","20","103","5.15","millisecond","","n/a","0"
"Test","cpu.ready.summation","8/20/2026 5:02:00 AM","20","60","3","millisecond","","n/a","0"
"Test","cpu.ready.summation","8/20/2026 5:02:20 AM","20","79","3.95","millisecond","","n/a","0"
"Test","cpu.ready.summation","8/20/2026 5:02:40 AM","20","66","3.3","millisecond","","n/a","0"
"Test","cpu.ready.summation","8/20/2026 5:03:00 AM","20","96","4.8","millisecond","","n/a","0"
"Test","cpu.ready.summation","8/20/2026 5:03:20 AM","20","80","4","millisecond","","n/a","0"
"Test","cpu.ready.summation","8/20/2026 5:03:40 AM","20","120","6","millisecond","","n/a","0"
"Test","cpu.ready.summation","8/20/2026 5:04:00 AM","20","105","5.25","millisecond","","n/a","0"
"Test","cpu.ready.summation","8/20/2026 5:04:20 AM","20","86","4.3","millisecond","","n/a","0"
"Test","cpu.ready.summation","8/20/2026 5:04:40 AM","20","109","5.45","millisecond","","n/a","0"
"Test","cpu.ready.summation","8/20/2026 5:05:00 AM","20","105","5.25","millisecond","","n/a","0"
"Test","cpu.ready.summation","8/20/2026 5:05:20 AM","20","109","5.45","millisecond","","n/a","0"
"Test","cpu.ready.summation","8/20/2026 5:05:40 AM","20","92","4.6","millisecond","","n/a","0"
"Test","cpu.usage.average","8/20/2026 4:06:00 AM","20","0.529999971389771","0.529999971389771","%","","n/a","0"
"Test","cpu.usage.average","8/20/2026 4:06:20 AM","20","0.370000004768372","0.370000004768372","%","","n/a","0"
"Test","cpu.usage.average","8/20/2026 4:06:40 AM","20","0.660000026226044","0.660000026226044","%","","n/a","0"
"Test","cpu.usage.average","8/20/2026 4:07:00 AM","20","0.449999988079071","0.449999988079071","%","","n/a","0"
"Test","cpu.usage.average","8/20/2026 4:07:20 AM","20","0.629999995231628","0.629999995231628","%","","n/a","0"
"Test","cpu.usage.average","8/20/2026 4:07:40 AM","20","0.419999986886978","0.419999986886978","%","","n/a","0"
"Test","cpu.usage.average","8/20/2026 4:08:00 AM","20","0.479999989271164","0.479999989271164","%","","n/a","0"
"Test","cpu.usage.average","8/20/2026 4:08:20 AM","20","0.980000019073486","0.980000019073486","%","","n/a","0"
"Test","cpu.usage.average","8/20/2026 4:08:40 AM","20","0.430000007152557","0.430000007152557","%","","n/a","0"
"Test","cpu.usage.average","8/20/2026 4:09:00 AM","20","0.469999998807907","0.469999998807907","%","","n/a","0"
"Test","cpu.usage.average","8/20/2026 4:09:20 AM","20","0.400000005960464","0.400000005960464","%","","n/a","0"
"Test","cpu.usage.average","8/20/2026 4:09:40 AM","20","0.300000011920929","0.300000011920929","%","","n/a","0"
"Test","cpu.usage.average","8/20/2026 4:10:00 AM","20","0.519999980926514","0.519999980926514","%","","n/a","0"
"Test","cpu.usage.average","8/20/2026 4:10:20 AM","20","0.449999988079071","0.449999988079071","%","","n/a","0"
"Test","cpu.usage.average","8/20/2026 4:10:40 AM","20","0.469999998807907","0.469999998807907","%","","n/a","0"
"Test","cpu.usage.average","8/20/2026 4:11:00 AM","20","0.400000005960464","0.400000005960464","%","","n/a","0"
"Test","cpu.usage.average","8/20/2026 4:11:20 AM","20","0.469999998807907","0.469999998807907","%","","n/a","0"
"Test","cpu.usage.average","8/20/2026 4:11:40 AM","20","0.490000009536743","0.490000009536743","%","","n/a","0"
"Test","cpu.usage.average","8/20/2026 4:12:00 AM","20","0.400000005960464","0.400000005960464","%","","n/a","0"
"Test","cpu.usage.average","8/20/2026 4:12:20 AM","20","0.469999998807907","0.469999998807907","%","","n/a","0"
"Test","cpu.usage.average","8/20/2026 4:12:40 AM","20","0.419999986886978","0.419999986886978","%","","n/a","0"
"Test","cpu.usage.average","8/20/2026 4:13:00 AM","20","0.449999988079071","0.449999988079071","%","","n/a","0"
"Test","cpu.usage.average","8/20/2026 4:13:20 AM","20","0.46000000834465","0.46000000834465","%","","n/a","0"
"Test","cpu.usage.average","8/20/2026 4:13:40 AM","20","0.509999990463257","0.509999990463257","%","","n/a","0"
"Test","cpu.usage.average","8/20/2026 4:14:00 AM","20","0.519999980926514","0.519999980926514","%","","n/a","0"
"Test","cpu.usage.average","8/20/2026 4:14:20 AM","20","0.46000000834465","0.46000000834465","%","","n/a","0"
"Test","cpu.usage.average","8/20/2026 4:14:40 AM","20","0.5","0.5","%","","n/a","0"
"Test","cpu.usage.average","8/20/2026 4:15:00 AM","20","0.370000004768372","0.370000004768372","%","","n/a","0"
"Test","cpu.usage.average","8/20/2026 4:15:20 AM","20","0.449999988079071","0.449999988079071","%","","n/a","0"
"Test","cpu.usage.average","8/20/2026 4:15:40 AM","20","0.400000005960464","0.400000005960464","%","","n/a","0"
"Test","cpu.usage.average","8/20/2026 4:16:00 AM","20","0.400000005960464","0.400000005960464","%","","n/a","0"
"Test","cpu.usage.average","8/20/2026 4:16:20 AM","20","0.319999992847443","0.319999992847443","%","","n/a","0"
"Test","cpu.usage.average","8/20/2026 4:16:40 AM","20","0.589999973773956","0.589999973773956","%","","n/a","0"
"Test","cpu.usage.average","8/20/2026 4:17:00 AM","20","0.349999994039536","0.349999994039536","%","","n/a","0"
"Test","cpu.usage.average","8/20/2026 4:17:20 AM","20","0.639999985694885","0.639999985694885","%","","n/a","0"
"Test","cpu.usage.average","8/20/2026 4:17:40 AM","20","0.370000004768372","0.370000004768372","%","","n/a","0"
"Test","cpu.usage.average","8/20/2026 4:18:00 AM","20","0.469999998807907","0.469999998807907","%","","n/a","0"
"Test","cpu.usage.average","8/20/2026 4:18:20 AM","20","0.46000000834465","0.46000000834465","%","","n/a","0"
"Test","cpu.usage.average","8/20/2026 4:18:40 AM","20","0.400000005960464","0.400000005960464","%","","n/a","0"
"Test","cpu.usage.average","8/20/2026 4:19:00 AM","20","0.400000005960464","0.400000005960464","%","","n/a","0"
"Test","cpu.usage.average","8/20/2026 4:19:20 AM","20","0.5","0.5","%","","n/a","0"
"Test","cpu.usage.average","8/20/2026 4:19:40 AM","20","0.529999971389771","0.529999971389771","%","","n/a","0"
"Test","cpu.usage.average","8/20/2026 4:20:00 AM","20","0.419999986886978","0.419999986886978","%","","n/a","0"
"Test","cpu.usage.average","8/20/2026 4:20:20 AM","20","0.360000014305115","0.360000014305115","%","","n/a","0"
"Test","cpu.usage.average","8/20/2026 4:20:40 AM","20","0.449999988079071","0.449999988079071","%","","n/a","0"
"Test","cpu.usage.average","8/20/2026 4:21:00 AM","20","0.519999980926514","0.519999980926514","%","","n/a","0"
"Test","cpu.usage.average","8/20/2026 4:21:20 AM","20","0.519999980926514","0.519999980926514","%","","n/a","0"
"Test","cpu.usage.average","8/20/2026 4:21:40 AM","20","0.449999988079071","0.449999988079071","%","","n/a","0"
"Test","cpu.usage.average","8/20/2026 4:22:00 AM","20","0.5","0.5","%","","n/a","0"
"Test","cpu.usage.average","8/20/2026 4:22:20 AM","20","0.569999992847443","0.569999992847443","%","","n/a","0"
"Test","cpu.usage.average","8/20/2026 4:22:40 AM","20","0.479999989271164","0.479999989271164","%","","n/a","0"
"Test","cpu.usage.average","8/20/2026 4:23:00 AM","20","0.540000021457672","0.540000021457672","%","","n/a","0"
"Test","cpu.usage.average","8/20/2026 4:23:20 AM","20","0.550000011920929","0.550000011920929","%","","n/a","0"
"Test","cpu.usage.average","8/20/2026 4:23:40 AM","20","0.569999992847443","0.569999992847443","%","","n/a","0"
"Test","cpu.usage.average","8/20/2026 4:24:00 AM","20","0.449999988079071","0.449999988079071","%","","n/a","0"
"Test","cpu.usage.average","8/20/2026 4:24:20 AM","20","0.469999998807907","0.469999998807907","%","","n/a","0"
"Test","cpu.usage.average","8/20/2026 4:24:40 AM","20","0.439999997615814","0.439999997615814","%","","n/a","0"
"Test","cpu.usage.average","8/20/2026 4:25:00 AM","20","0.400000005960464","0.400000005960464","%","","n/a","0"
"Test","cpu.usage.average","8/20/2026 4:25:20 AM","20","0.419999986886978","0.419999986886978","%","","n/a","0"
"Test","cpu.usage.average","8/20/2026 4:25:40 AM","20","0.349999994039536","0.349999994039536","%","","n/a","0"
"Test","cpu.usage.average","8/20/2026 4:26:00 AM","20","0.370000004768372","0.370000004768372","%","","n/a","0"
"Test","cpu.usage.average","8/20/2026 4:26:20 AM","20","0.46000000834465","0.46000000834465","%","","n/a","0"
"Test","cpu.usage.average","8/20/2026 4:26:40 AM","20","0.569999992847443","0.569999992847443","%","","n/a","0"
"Test","cpu.usage.average","8/20/2026 4:27:00 AM","20","0.370000004768372","0.370000004768372","%","","n/a","0"
"Test","cpu.usage.average","8/20/2026 4:27:20 AM","20","0.449999988079071","0.449999988079071","%","","n/a","0"
"Test","cpu.usage.average","8/20/2026 4:27:40 AM","20","0.419999986886978","0.419999986886978","%","","n/a","0"
"Test","cpu.usage.average","8/20/2026 4:28:00 AM","20","0.449999988079071","0.449999988079071","%","","n/a","0"
"Test","cpu.usage.average","8/20/2026 4:28:20 AM","20","0.509999990463257","0.509999990463257","%","","n/a","0"
"Test","cpu.usage.average","8/20/2026 4:28:40 AM","20","0.540000021457672","0.540000021457672","%","","n/a","0"
"Test","cpu.usage.average","8/20/2026 4:29:00 AM","20","0.419999986886978","0.419999986886978","%","","n/a","0"
"Test","cpu.usage.average","8/20/2026 4:29:20 AM","20","0.419999986886978","0.419999986886978","%","","n/a","0"
"Test","cpu.usage.average","8/20/2026 4:29:40 AM","20","0.509999990463257","0.509999990463257","%","","n/a","0"
"Test","cpu.usage.average","8/20/2026 4:30:00 AM","20","0.419999986886978","0.419999986886978","%","","n/a","0"
"Test","cpu.usage.average","8/20/2026 4:30:20 AM","20","0.509999990463257","0.509999990463257","%","","n/a","0"
"Test","cpu.usage.average","8/20/2026 4:30:40 AM","20","0.370000004768372","0.370000004768372","%","","n/a","0"
"Test","cpu.usage.average","8/20/2026 4:31:00 AM","20","0.469999998807907","0.469999998807907","%","","n/a","0"
"Test","cpu.usage.average","8/20/2026 4:31:20 AM","20","0.449999988079071","0.449999988079071","%","","n/a","0"
"Test","cpu.usage.average","8/20/2026 4:31:40 AM","20","0.5","0.5","%","","n/a","0"
"Test","cpu.usage.average","8/20/2026 4:32:00 AM","20","0.400000005960464","0.400000005960464","%","","n/a","0"
"Test","cpu.usage.average","8/20/2026 4:32:20 AM","20","0.579999983310699","0.579999983310699","%","","n/a","0"
"Test","cpu.usage.average","8/20/2026 4:32:40 AM","20","0.46000000834465","0.46000000834465","%","","n/a","0"
"Test","cpu.usage.average","8/20/2026 4:33:00 AM","20","0.419999986886978","0.419999986886978","%","","n/a","0"
"Test","cpu.usage.average","8/20/2026 4:33:20 AM","20","0.699999988079071","0.699999988079071","%","","n/a","0"
"Test","cpu.usage.average","8/20/2026 4:33:40 AM","20","0.400000005960464","0.400000005960464","%","","n/a","0"
"Test","cpu.usage.average","8/20/2026 4:34:00 AM","20","0.400000005960464","0.400000005960464","%","","n/a","0"
"Test","cpu.usage.average","8/20/2026 4:34:20 AM","20","0.479999989271164","0.479999989271164","%","","n/a","0"
"Test","cpu.usage.average","8/20/2026 4:34:40 AM","20","0.5","0.5","%","","n/a","0"
"Test","cpu.usage.average","8/20/2026 4:35:00 AM","20","0.419999986886978","0.419999986886978","%","","n/a","0"
"Test","cpu.usage.average","8/20/2026 4:35:20 AM","20","0.479999989271164","0.479999989271164","%","","n/a","0"
"Test","cpu.usage.average","8/20/2026 4:35:40 AM","20","0.579999983310699","0.579999983310699","%","","n/a","0"
"Test","cpu.usage.average","8/20/2026 4:36:00 AM","20","8.92000007629395","8.92000007629395","%","","n/a","0"
"Test","cpu.usage.average","8/20/2026 4:36:20 AM","20","0.479999989271164","0.479999989271164","%","","n/a","0"
"Test","cpu.usage.average","8/20/2026 4:36:40 AM","20","0.589999973773956","0.589999973773956","%","","n/a","0"
"Test","cpu.usage.average","8/20/2026 4:37:00 AM","20","1.02999997138977","1.02999997138977","%","","n/a","0"
"Test","cpu.usage.average","8/20/2026 4:37:20 AM","20","0.610000014305115","0.610000014305115","%","","n/a","0"
"Test","cpu.usage.average","8/20/2026 4:37:40 AM","20","0.529999971389771","0.529999971389771","%","","n/a","0"
"Test","cpu.usage.average","8/20/2026 4:38:00 AM","20","0.469999998807907","0.469999998807907","%","","n/a","0"
"Test","cpu.usage.average","8/20/2026 4:38:20 AM","20","0.819999992847443","0.819999992847443","%","","n/a","0"
"Test","cpu.usage.average","8/20/2026 4:38:40 AM","20","0.540000021457672","0.540000021457672","%","","n/a","0"
"Test","cpu.usage.average","8/20/2026 4:39:00 AM","20","0.540000021457672","0.540000021457672","%","","n/a","0"
"Test","cpu.usage.average","8/20/2026 4:39:20 AM","20","0.579999983310699","0.579999983310699","%","","n/a","0"
"Test","cpu.usage.average","8/20/2026 4:39:40 AM","20","0.469999998807907","0.469999998807907","%","","n/a","0"
"Test","cpu.usage.average","8/20/2026 4:40:00 AM","20","0.370000004768372","0.370000004768372","%","","n/a","0"
"Test","cpu.usage.average","8/20/2026 4:40:20 AM","20","0.469999998807907","0.469999998807907","%","","n/a","0"
"Test","cpu.usage.average","8/20/2026 4:40:40 AM","20","0.449999988079071","0.449999988079071","%","","n/a","0"
"Test","cpu.usage.average","8/20/2026 4:41:00 AM","20","0.349999994039536","0.349999994039536","%","","n/a","0"
"Test","cpu.usage.average","8/20/2026 4:41:20 AM","20","0.439999997615814","0.439999997615814","%","","n/a","0"
"Test","cpu.usage.average","8/20/2026 4:41:40 AM","20","0.699999988079071","0.699999988079071","%","","n/a","0"
"Test","cpu.usage.average","8/20/2026 4:42:00 AM","20","0.400000005960464","0.400000005960464","%","","n/a","0"
"Test","cpu.usage.average","8/20/2026 4:42:20 AM","20","0.479999989271164","0.479999989271164","%","","n/a","0"
"Test","cpu.usage.average","8/20/2026 4:42:40 AM","20","0.430000007152557","0.430000007152557","%","","n/a","0"
"Test","cpu.usage.average","8/20/2026 4:43:00 AM","20","0.400000005960464","0.400000005960464","%","","n/a","0"
"Test","cpu.usage.average","8/20/2026 4:43:20 AM","20","0.540000021457672","0.540000021457672","%","","n/a","0"
"Test","cpu.usage.average","8/20/2026 4:43:40 AM","20","0.540000021457672","0.540000021457672","%","","n/a","0"
"Test","cpu.usage.average","8/20/2026 4:44:00 AM","20","0.379999995231628","0.379999995231628","%","","n/a","0"
"Test","cpu.usage.average","8/20/2026 4:44:20 AM","20","0.409999996423721","0.409999996423721","%","","n/a","0"
"Test","cpu.usage.average","8/20/2026 4:44:40 AM","20","0.670000016689301","0.670000016689301","%","","n/a","0"
"Test","cpu.usage.average","8/20/2026 4:45:00 AM","20","0.479999989271164","0.479999989271164","%","","n/a","0"
"Test","cpu.usage.average","8/20/2026 4:45:20 AM","20","0.400000005960464","0.400000005960464","%","","n/a","0"
"Test","cpu.usage.average","8/20/2026 4:45:40 AM","20","0.509999990463257","0.509999990463257","%","","n/a","0"
"Test","cpu.usage.average","8/20/2026 4:46:00 AM","20","0.419999986886978","0.419999986886978","%","","n/a","0"
"Test","cpu.usage.average","8/20/2026 4:46:20 AM","20","0.529999971389771","0.529999971389771","%","","n/a","0"
"Test","cpu.usage.average","8/20/2026 4:46:40 AM","20","0.600000023841858","0.600000023841858","%","","n/a","0"
"Test","cpu.usage.average","8/20/2026 4:47:00 AM","20","0.419999986886978","0.419999986886978","%","","n/a","0"
"Test","cpu.usage.average","8/20/2026 4:47:20 AM","20","0.560000002384186","0.560000002384186","%","","n/a","0"
"Test","cpu.usage.average","8/20/2026 4:47:40 AM","20","0.349999994039536","0.349999994039536","%","","n/a","0"
"Test","cpu.usage.average","8/20/2026 4:48:00 AM","20","0.400000005960464","0.400000005960464","%","","n/a","0"
"Test","cpu.usage.average","8/20/2026 4:48:20 AM","20","0.519999980926514","0.519999980926514","%","","n/a","0"
"Test","cpu.usage.average","8/20/2026 4:48:40 AM","20","0.550000011920929","0.550000011920929","%","","n/a","0"
"Test","cpu.usage.average","8/20/2026 4:49:00 AM","20","0.449999988079071","0.449999988079071","%","","n/a","0"
"Test","cpu.usage.average","8/20/2026 4:49:20 AM","20","0.469999998807907","0.469999998807907","%","","n/a","0"
"Test","cpu.usage.average","8/20/2026 4:49:40 AM","20","0.540000021457672","0.540000021457672","%","","n/a","0"
"Test","cpu.usage.average","8/20/2026 4:50:00 AM","20","0.400000005960464","0.400000005960464","%","","n/a","0"
"Test","cpu.usage.average","8/20/2026 4:50:20 AM","20","0.430000007152557","0.430000007152557","%","","n/a","0"
"Test","cpu.usage.average","8/20/2026 4:50:40 AM","20","0.370000004768372","0.370000004768372","%","","n/a","0"
"Test","cpu.usage.average","8/20/2026 4:51:00 AM","20","0.449999988079071","0.449999988079071","%","","n/a","0"
"Test","cpu.usage.average","8/20/2026 4:51:20 AM","20","0.469999998807907","0.469999998807907","%","","n/a","0"
"Test","cpu.usage.average","8/20/2026 4:51:40 AM","20","0.529999971389771","0.529999971389771","%","","n/a","0"
"Test","cpu.usage.average","8/20/2026 4:52:00 AM","20","0.370000004768372","0.370000004768372","%","","n/a","0"
"Test","cpu.usage.average","8/20/2026 4:52:20 AM","20","0.469999998807907","0.469999998807907","%","","n/a","0"
"Test","cpu.usage.average","8/20/2026 4:52:40 AM","20","0.550000011920929","0.550000011920929","%","","n/a","0"
"Test","cpu.usage.average","8/20/2026 4:53:00 AM","20","0.400000005960464","0.400000005960464","%","","n/a","0"
"Test","cpu.usage.average","8/20/2026 4:53:20 AM","20","0.490000009536743","0.490000009536743","%","","n/a","0"
"Test","cpu.usage.average","8/20/2026 4:53:40 AM","20","0.610000014305115","0.610000014305115","%","","n/a","0"
"Test","cpu.usage.average","8/20/2026 4:54:00 AM","20","0.419999986886978","0.419999986886978","%","","n/a","0"
"Test","cpu.usage.average","8/20/2026 4:54:20 AM","20","0.46000000834465","0.46000000834465","%","","n/a","0"
"Test","cpu.usage.average","8/20/2026 4:54:40 AM","20","0.400000005960464","0.400000005960464","%","","n/a","0"
"Test","cpu.usage.average","8/20/2026 4:55:00 AM","20","0.400000005960464","0.400000005960464","%","","n/a","0"
"Test","cpu.usage.average","8/20/2026 4:55:20 AM","20","0.490000009536743","0.490000009536743","%","","n/a","0"
"Test","cpu.usage.average","8/20/2026 4:55:40 AM","20","0.449999988079071","0.449999988079071","%","","n/a","0"
"Test","cpu.usage.average","8/20/2026 4:56:00 AM","20","0.479999989271164","0.479999989271164","%","","n/a","0"
"Test","cpu.usage.average","8/20/2026 4:56:20 AM","20","0.419999986886978","0.419999986886978","%","","n/a","0"
"Test","cpu.usage.average","8/20/2026 4:56:40 AM","20","0.529999971389771","0.529999971389771","%","","n/a","0"
"Test","cpu.usage.average","8/20/2026 4:57:00 AM","20","0.300000011920929","0.300000011920929","%","","n/a","0"
"Test","cpu.usage.average","8/20/2026 4:57:20 AM","20","0.579999983310699","0.579999983310699","%","","n/a","0"
"Test","cpu.usage.average","8/20/2026 4:57:40 AM","20","0.469999998807907","0.469999998807907","%","","n/a","0"
"Test","cpu.usage.average","8/20/2026 4:58:00 AM","20","0.400000005960464","0.400000005960464","%","","n/a","0"
"Test","cpu.usage.average","8/20/2026 4:58:20 AM","20","0.419999986886978","0.419999986886978","%","","n/a","0"
"Test","cpu.usage.average","8/20/2026 4:58:40 AM","20","0.579999983310699","0.579999983310699","%","","n/a","0"
"Test","cpu.usage.average","8/20/2026 4:59:00 AM","20","0.400000005960464","0.400000005960464","%","","n/a","0"
"Test","cpu.usage.average","8/20/2026 4:59:20 AM","20","0.46000000834465","0.46000000834465","%","","n/a","0"
"Test","cpu.usage.average","8/20/2026 4:59:40 AM","20","0.419999986886978","0.419999986886978","%","","n/a","0"
"Test","cpu.usage.average","8/20/2026 5:00:00 AM","20","0.469999998807907","0.469999998807907","%","","n/a","0"
"Test","cpu.usage.average","8/20/2026 5:00:20 AM","20","0.629999995231628","0.629999995231628","%","","n/a","0"
"Test","cpu.usage.average","8/20/2026 5:00:40 AM","20","0.409999996423721","0.409999996423721","%","","n/a","0"
"Test","cpu.usage.average","8/20/2026 5:01:00 AM","20","0.400000005960464","0.400000005960464","%","","n/a","0"
"Test","cpu.usage.average","8/20/2026 5:01:20 AM","20","0.550000011920929","0.550000011920929","%","","n/a","0"
"Test","cpu.usage.average","8/20/2026 5:01:40 AM","20","0.5","0.5","%","","n/a","0"
"Test","cpu.usage.average","8/20/2026 5:02:00 AM","20","0.370000004768372","0.370000004768372","%","","n/a","0"
"Test","cpu.usage.average","8/20/2026 5:02:20 AM","20","0.479999989271164","0.479999989271164","%","","n/a","0"
"Test","cpu.usage.average","8/20/2026 5:02:40 AM","20","0.409999996423721","0.409999996423721","%","","n/a","0"
"Test","cpu.usage.average","8/20/2026 5:03:00 AM","20","0.479999989271164","0.479999989271164","%","","n/a","0"
"Test","cpu.usage.average","8/20/2026 5:03:20 AM","20","0.479999989271164","0.479999989271164","%","","n/a","0"
"Test","cpu.usage.average","8/20/2026 5:03:40 AM","20","0.550000011920929","0.550000011920929","%","","n/a","0"
"Test","cpu.usage.average","8/20/2026 5:04:00 AM","20","0.419999986886978","0.419999986886978","%","","n/a","0"
"Test","cpu.usage.average","8/20/2026 5:04:20 AM","20","0.5","0.5","%","","n/a","0"
"Test","cpu.usage.average","8/20/2026 5:04:40 AM","20","0.529999971389771","0.529999971389771","%","","n/a","0"
"Test","cpu.usage.average","8/20/2026 5:05:00 AM","20","0.400000005960464","0.400000005960464","%","","n/a","0"
"Test","cpu.usage.average","8/20/2026 5:05:20 AM","20","0.509999990463257","0.509999990463257","%","","n/a","0"
"Test","cpu.usage.average","8/20/2026 5:05:40 AM","20","0.46000000834465","0.46000000834465","%","","n/a","0"
"Test","mem.consumed.average","8/20/2026 4:06:00 AM","20","4194204","4194204","KB","","n/a","0"
"Test","mem.consumed.average","8/20/2026 4:06:20 AM","20","4194204","4194204","KB","","n/a","0"
"Test","mem.consumed.average","8/20/2026 4:06:40 AM","20","4194204","4194204","KB","","n/a","0"
"Test","mem.consumed.average","8/20/2026 4:07:00 AM","20","4194204","4194204","KB","","n/a","0"
"Test","mem.consumed.average","8/20/2026 4:07:20 AM","20","4194204","4194204","KB","","n/a","0"
"Test","mem.consumed.average","8/20/2026 4:07:40 AM","20","4194204","4194204","KB","","n/a","0"
"Test","mem.consumed.average","8/20/2026 4:08:00 AM","20","4194204","4194204","KB","","n/a","0"
"Test","mem.consumed.average","8/20/2026 4:08:20 AM","20","4194204","4194204","KB","","n/a","0"
"Test","mem.consumed.average","8/20/2026 4:08:40 AM","20","4194204","4194204","KB","","n/a","0"
"Test","mem.consumed.average","8/20/2026 4:09:00 AM","20","4194204","4194204","KB","","n/a","0"
"Test","mem.consumed.average","8/20/2026 4:09:20 AM","20","4194204","4194204","KB","","n/a","0"
"Test","mem.consumed.average","8/20/2026 4:09:40 AM","20","4194204","4194204","KB","","n/a","0"
"Test","mem.consumed.average","8/20/2026 4:10:00 AM","20","4194204","4194204","KB","","n/a","0"
"Test","mem.consumed.average","8/20/2026 4:10:20 AM","20","4194204","4194204","KB","","n/a","0"
"Test","mem.consumed.average","8/20/2026 4:10:40 AM","20","4194204","4194204","KB","","n/a","0"
"Test","mem.consumed.average","8/20/2026 4:11:00 AM","20","4194204","4194204","KB","","n/a","0"
"Test","mem.consumed.average","8/20/2026 4:11:20 AM","20","4194204","4194204","KB","","n/a","0"
"Test","mem.consumed.average","8/20/2026 4:11:40 AM","20","4194204","4194204","KB","","n/a","0"
"Test","mem.consumed.average","8/20/2026 4:12:00 AM","20","4194204","4194204","KB","","n/a","0"
"Test","mem.consumed.average","8/20/2026 4:12:20 AM","20","4194204","4194204","KB","","n/a","0"
"Test","mem.consumed.average","8/20/2026 4:12:40 AM","20","4194204","4194204","KB","","n/a","0"
"Test","mem.consumed.average","8/20/2026 4:13:00 AM","20","4194204","4194204","KB","","n/a","0"
"Test","mem.consumed.average","8/20/2026 4:13:20 AM","20","4194204","4194204","KB","","n/a","0"
"Test","mem.consumed.average","8/20/2026 4:13:40 AM","20","4194204","4194204","KB","","n/a","0"
"Test","mem.consumed.average","8/20/2026 4:14:00 AM","20","4194204","4194204","KB","","n/a","0"
"Test","mem.consumed.average","8/20/2026 4:14:20 AM","20","4194204","4194204","KB","","n/a","0"
"Test","mem.consumed.average","8/20/2026 4:14:40 AM","20","4194204","4194204","KB","","n/a","0"
"Test","mem.consumed.average","8/20/2026 4:15:00 AM","20","4194204","4194204","KB","","n/a","0"
"Test","mem.consumed.average","8/20/2026 4:15:20 AM","20","4194204","4194204","KB","","n/a","0"
"Test","mem.consumed.average","8/20/2026 4:15:40 AM","20","4194204","4194204","KB","","n/a","0"
"Test","mem.consumed.average","8/20/2026 4:16:00 AM","20","4194204","4194204","KB","","n/a","0"
"Test","mem.consumed.average","8/20/2026 4:16:20 AM","20","4194204","4194204","KB","","n/a","0"
"Test","mem.consumed.average","8/20/2026 4:16:40 AM","20","4194204","4194204","KB","","n/a","0"
"Test","mem.consumed.average","8/20/2026 4:17:00 AM","20","4194204","4194204","KB","","n/a","0"
"Test","mem.consumed.average","8/20/2026 4:17:20 AM","20","4194204","4194204","KB","","n/a","0"
"Test","mem.consumed.average","8/20/2026 4:17:40 AM","20","4194204","4194204","KB","","n/a","0"
"Test","mem.consumed.average","8/20/2026 4:18:00 AM","20","4194204","4194204","KB","","n/a","0"
"Test","mem.consumed.average","8/20/2026 4:18:20 AM","20","4194204","4194204","KB","","n/a","0"
"Test","mem.consumed.average","8/20/2026 4:18:40 AM","20","4194204","4194204","KB","","n/a","0"
"Test","mem.consumed.average","8/20/2026 4:19:00 AM","20","4194204","4194204","KB","","n/a","0"
"Test","mem.consumed.average","8/20/2026 4:19:20 AM","20","4194204","4194204","KB","","n/a","0"
"Test","mem.consumed.average","8/20/2026 4:19:40 AM","20","4194204","4194204","KB","","n/a","0"
"Test","mem.consumed.average","8/20/2026 4:20:00 AM","20","4194204","4194204","KB","","n/a","0"
"Test","mem.consumed.average","8/20/2026 4:20:20 AM","20","4194204","4194204","KB","","n/a","0"
"Test","mem.consumed.average","8/20/2026 4:20:40 AM","20","4194204","4194204","KB","","n/a","0"
"Test","mem.consumed.average","8/20/2026 4:21:00 AM","20","4194204","4194204","KB","","n/a","0"
"Test","mem.consumed.average","8/20/2026 4:21:20 AM","20","4194204","4194204","KB","","n/a","0"
"Test","mem.consumed.average","8/20/2026 4:21:40 AM","20","4194204","4194204","KB","","n/a","0"
"Test","mem.consumed.average","8/20/2026 4:22:00 AM","20","4194204","4194204","KB","","n/a","0"
"Test","mem.consumed.average","8/20/2026 4:22:20 AM","20","4194204","4194204","KB","","n/a","0"
"Test","mem.consumed.average","8/20/2026 4:22:40 AM","20","4194204","4194204","KB","","n/a","0"
"Test","mem.consumed.average","8/20/2026 4:23:00 AM","20","4194204","4194204","KB","","n/a","0"
"Test","mem.consumed.average","8/20/2026 4:23:20 AM","20","4194204","4194204","KB","","n/a","0"
"Test","mem.consumed.average","8/20/2026 4:23:40 AM","20","4194204","4194204","KB","","n/a","0"
"Test","mem.consumed.average","8/20/2026 4:24:00 AM","20","4194204","4194204","KB","","n/a","0"
"Test","mem.consumed.average","8/20/2026 4:24:20 AM","20","4194204","4194204","KB","","n/a","0"
"Test","mem.consumed.average","8/20/2026 4:24:40 AM","20","4194204","4194204","KB","","n/a","0"
"Test","mem.consumed.average","8/20/2026 4:25:00 AM","20","4194204","4194204","KB","","n/a","0"
"Test","mem.consumed.average","8/20/2026 4:25:20 AM","20","4194204","4194204","KB","","n/a","0"
"Test","mem.consumed.average","8/20/2026 4:25:40 AM","20","4194204","4194204","KB","","n/a","0"
"Test","mem.consumed.average","8/20/2026 4:26:00 AM","20","4194204","4194204","KB","","n/a","0"
"Test","mem.consumed.average","8/20/2026 4:26:20 AM","20","4194204","4194204","KB","","n/a","0"
"Test","mem.consumed.average","8/20/2026 4:26:40 AM","20","4194204","4194204","KB","","n/a","0"
"Test","mem.consumed.average","8/20/2026 4:27:00 AM","20","4194204","4194204","KB","","n/a","0"
"Test","mem.consumed.average","8/20/2026 4:27:20 AM","20","4194204","4194204","KB","","n/a","0"
"Test","mem.consumed.average","8/20/2026 4:27:40 AM","20","4194204","4194204","KB","","n/a","0"
"Test","mem.consumed.average","8/20/2026 4:28:00 AM","20","4194204","4194204","KB","","n/a","0"
"Test","mem.consumed.average","8/20/2026 4:28:20 AM","20","4194204","4194204","KB","","n/a","0"
"Test","mem.consumed.average","8/20/2026 4:28:40 AM","20","4194204","4194204","KB","","n/a","0"
"Test","mem.consumed.average","8/20/2026 4:29:00 AM","20","4194204","4194204","KB","","n/a","0"
"Test","mem.consumed.average","8/20/2026 4:29:20 AM","20","4194204","4194204","KB","","n/a","0"
"Test","mem.consumed.average","8/20/2026 4:29:40 AM","20","4194204","4194204","KB","","n/a","0"
"Test","mem.consumed.average","8/20/2026 4:30:00 AM","20","4194204","4194204","KB","","n/a","0"
"Test","mem.consumed.average","8/20/2026 4:30:20 AM","20","4194204","4194204","KB","","n/a","0"
"Test","mem.consumed.average","8/20/2026 4:30:40 AM","20","4194204","4194204","KB","","n/a","0"
"Test","mem.consumed.average","8/20/2026 4:31:00 AM","20","4194204","4194204","KB","","n/a","0"
"Test","mem.consumed.average","8/20/2026 4:31:20 AM","20","4194204","4194204","KB","","n/a","0"
"Test","mem.consumed.average","8/20/2026 4:31:40 AM","20","4194204","4194204","KB","","n/a","0"
"Test","mem.consumed.average","8/20/2026 4:32:00 AM","20","4194204","4194204","KB","","n/a","0"
"Test","mem.consumed.average","8/20/2026 4:32:20 AM","20","4194204","4194204","KB","","n/a","0"
"Test","mem.consumed.average","8/20/2026 4:32:40 AM","20","4194204","4194204","KB","","n/a","0"
"Test","mem.consumed.average","8/20/2026 4:33:00 AM","20","4194204","4194204","KB","","n/a","0"
"Test","mem.consumed.average","8/20/2026 4:33:20 AM","20","4194204","4194204","KB","","n/a","0"
"Test","mem.consumed.average","8/20/2026 4:33:40 AM","20","4194204","4194204","KB","","n/a","0"
"Test","mem.consumed.average","8/20/2026 4:34:00 AM","20","4194204","4194204","KB","","n/a","0"
"Test","mem.consumed.average","8/20/2026 4:34:20 AM","20","4194204","4194204","KB","","n/a","0"
"Test","mem.consumed.average","8/20/2026 4:34:40 AM","20","4194204","4194204","KB","","n/a","0"
"Test","mem.consumed.average","8/20/2026 4:35:00 AM","20","4194204","4194204","KB","","n/a","0"
"Test","mem.consumed.average","8/20/2026 4:35:20 AM","20","4194204","4194204","KB","","n/a","0"
"Test","mem.consumed.average","8/20/2026 4:35:40 AM","20","4194204","4194204","KB","","n/a","0"
"Test","mem.consumed.average","8/20/2026 4:36:00 AM","20","4194204","4194204","KB","","n/a","0"
"Test","mem.consumed.average","8/20/2026 4:36:20 AM","20","4194204","4194204","KB","","n/a","0"
"Test","mem.consumed.average","8/20/2026 4:36:40 AM","20","4194204","4194204","KB","","n/a","0"
"Test","mem.consumed.average","8/20/2026 4:37:00 AM","20","4194204","4194204","KB","","n/a","0"
"Test","mem.consumed.average","8/20/2026 4:37:20 AM","20","4194204","4194204","KB","","n/a","0"
"Test","mem.consumed.average","8/20/2026 4:37:40 AM","20","4194204","4194204","KB","","n/a","0"
"Test","mem.consumed.average","8/20/2026 4:38:00 AM","20","4194204","4194204","KB","","n/a","0"
"Test","mem.consumed.average","8/20/2026 4:38:20 AM","20","4194204","4194204","KB","","n/a","0"
"Test","mem.consumed.average","8/20/2026 4:38:40 AM","20","4194204","4194204","KB","","n/a","0"
"Test","mem.consumed.average","8/20/2026 4:39:00 AM","20","4194204","4194204","KB","","n/a","0"
"Test","mem.consumed.average","8/20/2026 4:39:20 AM","20","4194204","4194204","KB","","n/a","0"
"Test","mem.consumed.average","8/20/2026 4:39:40 AM","20","4194204","4194204","KB","","n/a","0"
"Test","mem.consumed.average","8/20/2026 4:40:00 AM","20","4194204","4194204","KB","","n/a","0"
"Test","mem.consumed.average","8/20/2026 4:40:20 AM","20","4194204","4194204","KB","","n/a","0"
"Test","mem.consumed.average","8/20/2026 4:40:40 AM","20","4194204","4194204","KB","","n/a","0"
"Test","mem.consumed.average","8/20/2026 4:41:00 AM","20","4194204","4194204","KB","","n/a","0"
"Test","mem.consumed.average","8/20/2026 4:41:20 AM","20","4194204","4194204","KB","","n/a","0"
"Test","mem.consumed.average","8/20/2026 4:41:40 AM","20","4194204","4194204","KB","","n/a","0"
"Test","mem.consumed.average","8/20/2026 4:42:00 AM","20","4194204","4194204","KB","","n/a","0"
"Test","mem.consumed.average","8/20/2026 4:42:20 AM","20","4194204","4194204","KB","","n/a","0"
"Test","mem.consumed.average","8/20/2026 4:42:40 AM","20","4194204","4194204","KB","","n/a","0"
"Test","mem.consumed.average","8/20/2026 4:43:00 AM","20","4194204","4194204","KB","","n/a","0"
"Test","mem.consumed.average","8/20/2026 4:43:20 AM","20","4194204","4194204","KB","","n/a","0"
"Test","mem.consumed.average","8/20/2026 4:43:40 AM","20","4194204","4194204","KB","","n/a","0"
"Test","mem.consumed.average","8/20/2026 4:44:00 AM","20","4194204","4194204","KB","","n/a","0"
"Test","mem.consumed.average","8/20/2026 4:44:20 AM","20","4194204","4194204","KB","","n/a","0"
"Test","mem.consumed.average","8/20/2026 4:44:40 AM","20","4194204","4194204","KB","","n/a","0"
"Test","mem.consumed.average","8/20/2026 4:45:00 AM","20","4194204","4194204","KB","","n/a","0"
"Test","mem.consumed.average","8/20/2026 4:45:20 AM","20","4194204","4194204","KB","","n/a","0"
"Test","mem.consumed.average","8/20/2026 4:45:40 AM","20","4194204","4194204","KB","","n/a","0"
"Test","mem.consumed.average","8/20/2026 4:46:00 AM","20","4194204","4194204","KB","","n/a","0"
"Test","mem.consumed.average","8/20/2026 4:46:20 AM","20","4194204","4194204","KB","","n/a","0"
"Test","mem.consumed.average","8/20/2026 4:46:40 AM","20","4194204","4194204","KB","","n/a","0"
"Test","mem.consumed.average","8/20/2026 4:47:00 AM","20","4194204","4194204","KB","","n/a","0"
"Test","mem.consumed.average","8/20/2026 4:47:20 AM","20","4194204","4194204","KB","","n/a","0"
"Test","mem.consumed.average","8/20/2026 4:47:40 AM","20","4194204","4194204","KB","","n/a","0"
"Test","mem.consumed.average","8/20/2026 4:48:00 AM","20","4194204","4194204","KB","","n/a","0"
"Test","mem.consumed.average","8/20/2026 4:48:20 AM","20","4194204","4194204","KB","","n/a","0"
"Test","mem.consumed.average","8/20/2026 4:48:40 AM","20","4194204","4194204","KB","","n/a","0"
"Test","mem.consumed.average","8/20/2026 4:49:00 AM","20","4194204","4194204","KB","","n/a","0"
"Test","mem.consumed.average","8/20/2026 4:49:20 AM","20","4194204","4194204","KB","","n/a","0"
"Test","mem.consumed.average","8/20/2026 4:49:40 AM","20","4194204","4194204","KB","","n/a","0"
"Test","mem.consumed.average","8/20/2026 4:50:00 AM","20","4194204","4194204","KB","","n/a","0"
"Test","mem.consumed.average","8/20/2026 4:50:20 AM","20","4194204","4194204","KB","","n/a","0"
"Test","mem.consumed.average","8/20/2026 4:50:40 AM","20","4194204","4194204","KB","","n/a","0"
"Test","mem.consumed.average","8/20/2026 4:51:00 AM","20","4194204","4194204","KB","","n/a","0"
"Test","mem.consumed.average","8/20/2026 4:51:20 AM","20","4194204","4194204","KB","","n/a","0"
"Test","mem.consumed.average","8/20/2026 4:51:40 AM","20","4194204","4194204","KB","","n/a","0"
"Test","mem.consumed.average","8/20/2026 4:52:00 AM","20","4194204","4194204","KB","","n/a","0"
"Test","mem.consumed.average","8/20/2026 4:52:20 AM","20","4194204","4194204","KB","","n/a","0"
"Test","mem.consumed.average","8/20/2026 4:52:40 AM","20","4194204","4194204","KB","","n/a","0"
"Test","mem.consumed.average","8/20/2026 4:53:00 AM","20","4194204","4194204","KB","","n/a","0"
"Test","mem.consumed.average","8/20/2026 4:53:20 AM","20","4194204","4194204","KB","","n/a","0"
"Test","mem.consumed.average","8/20/2026 4:53:40 AM","20","4194204","4194204","KB","","n/a","0"
"Test","mem.consumed.average","8/20/2026 4:54:00 AM","20","4194204","4194204","KB","","n/a","0"
"Test","mem.consumed.average","8/20/2026 4:54:20 AM","20","4194204","4194204","KB","","n/a","0"
"Test","mem.consumed.average","8/20/2026 4:54:40 AM","20","4194204","4194204","KB","","n/a","0"
"Test","mem.consumed.average","8/20/2026 4:55:00 AM","20","4194204","4194204","KB","","n/a","0"
"Test","mem.consumed.average","8/20/2026 4:55:20 AM","20","4194204","4194204","KB","","n/a","0"
"Test","mem.consumed.average","8/20/2026 4:55:40 AM","20","4194204","4194204","KB","","n/a","0"
"Test","mem.consumed.average","8/20/2026 4:56:00 AM","20","4194204","4194204","KB","","n/a","0"
"Test","mem.consumed.average","8/20/2026 4:56:20 AM","20","4194204","4194204","KB","","n/a","0"
"Test","mem.consumed.average","8/20/2026 4:56:40 AM","20","4194204","4194204","KB","","n/a","0"
"Test","mem.consumed.average","8/20/2026 4:57:00 AM","20","4194204","4194204","KB","","n/a","0"
"Test","mem.consumed.average","8/20/2026 4:57:20 AM","20","4194204","4194204","KB","","n/a","0"
"Test","mem.consumed.average","8/20/2026 4:57:40 AM","20","4194204","4194204","KB","","n/a","0"
"Test","mem.consumed.average","8/20/2026 4:58:00 AM","20","4194204","4194204","KB","","n/a","0"
"Test","mem.consumed.average","8/20/2026 4:58:20 AM","20","4194204","4194204","KB","","n/a","0"
"Test","mem.consumed.average","8/20/2026 4:58:40 AM","20","4194204","4194204","KB","","n/a","0"
"Test","mem.consumed.average","8/20/2026 4:59:00 AM","20","4194204","4194204","KB","","n/a","0"
"Test","mem.consumed.average","8/20/2026 4:59:20 AM","20","4194204","4194204","KB","","n/a","0"
"Test","mem.consumed.average","8/20/2026 4:59:40 AM","20","4194204","4194204","KB","","n/a","0"
"Test","mem.consumed.average","8/20/2026 5:00:00 AM","20","4194204","4194204","KB","","n/a","0"
"Test","mem.consumed.average","8/20/2026 5:00:20 AM","20","4194204","4194204","KB","","n/a","0"
"Test","mem.consumed.average","8/20/2026 5:00:40 AM","20","4194204","4194204","KB","","n/a","0"
"Test","mem.consumed.average","8/20/2026 5:01:00 AM","20","4194204","4194204","KB","","n/a","0"
"Test","mem.consumed.average","8/20/2026 5:01:20 AM","20","4194204","4194204","KB","","n/a","0"
"Test","mem.consumed.average","8/20/2026 5:01:40 AM","20","4194204","4194204","KB","","n/a","0"
"Test","mem.consumed.average","8/20/2026 5:02:00 AM","20","4194204","4194204","KB","","n/a","0"
"Test","mem.consumed.average","8/20/2026 5:02:20 AM","20","4194204","4194204","KB","","n/a","0"
"Test","mem.consumed.average","8/20/2026 5:02:40 AM","20","4194204","4194204","KB","","n/a","0"
"Test","mem.consumed.average","8/20/2026 5:03:00 AM","20","4194204","4194204","KB","","n/a","0"
"Test","mem.consumed.average","8/20/2026 5:03:20 AM","20","4194204","4194204","KB","","n/a","0"
"Test","mem.consumed.average","8/20/2026 5:03:40 AM","20","4194204","4194204","KB","","n/a","0"
"Test","mem.consumed.average","8/20/2026 5:04:00 AM","20","4194204","4194204","KB","","n/a","0"
"Test","mem.consumed.average","8/20/2026 5:04:20 AM","20","4194204","4194204","KB","","n/a","0"
"Test","mem.consumed.average","8/20/2026 5:04:40 AM","20","4194204","4194204","KB","","n/a","0"
"Test","mem.consumed.average","8/20/2026 5:05:00 AM","20","4194204","4194204","KB","","n/a","0"
"Test","mem.consumed.average","8/20/2026 5:05:20 AM","20","4194204","4194204","KB","","n/a","0"
"Test","mem.consumed.average","8/20/2026 5:05:40 AM","20","4194204","4194204","KB","","n/a","0"
"Test","mem.usage.average","8/20/2026 4:06:00 AM","20","2.99000000953674","2.99000000953674","%","","n/a","0"
"Test","mem.usage.average","8/20/2026 4:06:20 AM","20","2.99000000953674","2.99000000953674","%","","n/a","0"
"Test","mem.usage.average","8/20/2026 4:06:40 AM","20","2.99000000953674","2.99000000953674","%","","n/a","0"
"Test","mem.usage.average","8/20/2026 4:07:00 AM","20","2.99000000953674","2.99000000953674","%","","n/a","0"
"Test","mem.usage.average","8/20/2026 4:07:20 AM","20","2.99000000953674","2.99000000953674","%","","n/a","0"
"Test","mem.usage.average","8/20/2026 4:07:40 AM","20","2.99000000953674","2.99000000953674","%","","n/a","0"
"Test","mem.usage.average","8/20/2026 4:08:00 AM","20","3.99000000953674","3.99000000953674","%","","n/a","0"
"Test","mem.usage.average","8/20/2026 4:08:20 AM","20","3.99000000953674","3.99000000953674","%","","n/a","0"
"Test","mem.usage.average","8/20/2026 4:08:40 AM","20","3.99000000953674","3.99000000953674","%","","n/a","0"
"Test","mem.usage.average","8/20/2026 4:09:00 AM","20","3.99000000953674","3.99000000953674","%","","n/a","0"
"Test","mem.usage.average","8/20/2026 4:09:20 AM","20","3.99000000953674","3.99000000953674","%","","n/a","0"
"Test","mem.usage.average","8/20/2026 4:09:40 AM","20","3.99000000953674","3.99000000953674","%","","n/a","0"
"Test","mem.usage.average","8/20/2026 4:10:00 AM","20","3.99000000953674","3.99000000953674","%","","n/a","0"
"Test","mem.usage.average","8/20/2026 4:10:20 AM","20","3.99000000953674","3.99000000953674","%","","n/a","0"
"Test","mem.usage.average","8/20/2026 4:10:40 AM","20","3.99000000953674","3.99000000953674","%","","n/a","0"
"Test","mem.usage.average","8/20/2026 4:11:00 AM","20","3.99000000953674","3.99000000953674","%","","n/a","0"
"Test","mem.usage.average","8/20/2026 4:11:20 AM","20","7.98999977111816","7.98999977111816","%","","n/a","0"
"Test","mem.usage.average","8/20/2026 4:11:40 AM","20","7.98999977111816","7.98999977111816","%","","n/a","0"
"Test","mem.usage.average","8/20/2026 4:12:00 AM","20","7.98999977111816","7.98999977111816","%","","n/a","0"
"Test","mem.usage.average","8/20/2026 4:12:20 AM","20","6.98999977111816","6.98999977111816","%","","n/a","0"
"Test","mem.usage.average","8/20/2026 4:12:40 AM","20","6.98999977111816","6.98999977111816","%","","n/a","0"
"Test","mem.usage.average","8/20/2026 4:13:00 AM","20","6.98999977111816","6.98999977111816","%","","n/a","0"
"Test","mem.usage.average","8/20/2026 4:13:20 AM","20","3.99000000953674","3.99000000953674","%","","n/a","0"
"Test","mem.usage.average","8/20/2026 4:13:40 AM","20","3.99000000953674","3.99000000953674","%","","n/a","0"
"Test","mem.usage.average","8/20/2026 4:14:00 AM","20","3.99000000953674","3.99000000953674","%","","n/a","0"
"Test","mem.usage.average","8/20/2026 4:14:20 AM","20","3.99000000953674","3.99000000953674","%","","n/a","0"
"Test","mem.usage.average","8/20/2026 4:14:40 AM","20","3.99000000953674","3.99000000953674","%","","n/a","0"
"Test","mem.usage.average","8/20/2026 4:15:00 AM","20","3.99000000953674","3.99000000953674","%","","n/a","0"
"Test","mem.usage.average","8/20/2026 4:15:20 AM","20","3.99000000953674","3.99000000953674","%","","n/a","0"
"Test","mem.usage.average","8/20/2026 4:15:40 AM","20","3.99000000953674","3.99000000953674","%","","n/a","0"
"Test","mem.usage.average","8/20/2026 4:16:00 AM","20","3.99000000953674","3.99000000953674","%","","n/a","0"
"Test","mem.usage.average","8/20/2026 4:16:20 AM","20","2.99000000953674","2.99000000953674","%","","n/a","0"
"Test","mem.usage.average","8/20/2026 4:16:40 AM","20","2.99000000953674","2.99000000953674","%","","n/a","0"
"Test","mem.usage.average","8/20/2026 4:17:00 AM","20","2.99000000953674","2.99000000953674","%","","n/a","0"
"Test","mem.usage.average","8/20/2026 4:17:20 AM","20","1.99000000953674","1.99000000953674","%","","n/a","0"
"Test","mem.usage.average","8/20/2026 4:17:40 AM","20","1.99000000953674","1.99000000953674","%","","n/a","0"
"Test","mem.usage.average","8/20/2026 4:18:00 AM","20","1.99000000953674","1.99000000953674","%","","n/a","0"
"Test","mem.usage.average","8/20/2026 4:18:20 AM","20","3.99000000953674","3.99000000953674","%","","n/a","0"
"Test","mem.usage.average","8/20/2026 4:18:40 AM","20","3.99000000953674","3.99000000953674","%","","n/a","0"
"Test","mem.usage.average","8/20/2026 4:19:00 AM","20","3.99000000953674","3.99000000953674","%","","n/a","0"
"Test","mem.usage.average","8/20/2026 4:19:20 AM","20","3.99000000953674","3.99000000953674","%","","n/a","0"
"Test","mem.usage.average","8/20/2026 4:19:40 AM","20","3.99000000953674","3.99000000953674","%","","n/a","0"
"Test","mem.usage.average","8/20/2026 4:20:00 AM","20","3.99000000953674","3.99000000953674","%","","n/a","0"
"Test","mem.usage.average","8/20/2026 4:20:20 AM","20","1.99000000953674","1.99000000953674","%","","n/a","0"
"Test","mem.usage.average","8/20/2026 4:20:40 AM","20","1.99000000953674","1.99000000953674","%","","n/a","0"
"Test","mem.usage.average","8/20/2026 4:21:00 AM","20","1.99000000953674","1.99000000953674","%","","n/a","0"
"Test","mem.usage.average","8/20/2026 4:21:20 AM","20","1.99000000953674","1.99000000953674","%","","n/a","0"
"Test","mem.usage.average","8/20/2026 4:21:40 AM","20","1.99000000953674","1.99000000953674","%","","n/a","0"
"Test","mem.usage.average","8/20/2026 4:22:00 AM","20","1.99000000953674","1.99000000953674","%","","n/a","0"
"Test","mem.usage.average","8/20/2026 4:22:20 AM","20","0.990000009536743","0.990000009536743","%","","n/a","0"
"Test","mem.usage.average","8/20/2026 4:22:40 AM","20","0.990000009536743","0.990000009536743","%","","n/a","0"
"Test","mem.usage.average","8/20/2026 4:23:00 AM","20","0.990000009536743","0.990000009536743","%","","n/a","0"
"Test","mem.usage.average","8/20/2026 4:23:20 AM","20","3.99000000953674","3.99000000953674","%","","n/a","0"
"Test","mem.usage.average","8/20/2026 4:23:40 AM","20","3.99000000953674","3.99000000953674","%","","n/a","0"
"Test","mem.usage.average","8/20/2026 4:24:00 AM","20","3.99000000953674","3.99000000953674","%","","n/a","0"
"Test","mem.usage.average","8/20/2026 4:24:20 AM","20","3.99000000953674","3.99000000953674","%","","n/a","0"
"Test","mem.usage.average","8/20/2026 4:24:40 AM","20","3.99000000953674","3.99000000953674","%","","n/a","0"
"Test","mem.usage.average","8/20/2026 4:25:00 AM","20","3.99000000953674","3.99000000953674","%","","n/a","0"
"Test","mem.usage.average","8/20/2026 4:25:20 AM","20","1.99000000953674","1.99000000953674","%","","n/a","0"
"Test","mem.usage.average","8/20/2026 4:25:40 AM","20","2.99000000953674","2.99000000953674","%","","n/a","0"
"Test","mem.usage.average","8/20/2026 4:26:00 AM","20","2.99000000953674","2.99000000953674","%","","n/a","0"
"Test","mem.usage.average","8/20/2026 4:26:20 AM","20","2.99000000953674","2.99000000953674","%","","n/a","0"
"Test","mem.usage.average","8/20/2026 4:26:40 AM","20","2.99000000953674","2.99000000953674","%","","n/a","0"
"Test","mem.usage.average","8/20/2026 4:27:00 AM","20","2.99000000953674","2.99000000953674","%","","n/a","0"
"Test","mem.usage.average","8/20/2026 4:27:20 AM","20","4.98999977111816","4.98999977111816","%","","n/a","0"
"Test","mem.usage.average","8/20/2026 4:27:40 AM","20","4.98999977111816","4.98999977111816","%","","n/a","0"
"Test","mem.usage.average","8/20/2026 4:28:00 AM","20","4.98999977111816","4.98999977111816","%","","n/a","0"
"Test","mem.usage.average","8/20/2026 4:28:20 AM","20","4.98999977111816","4.98999977111816","%","","n/a","0"
"Test","mem.usage.average","8/20/2026 4:28:40 AM","20","4.98999977111816","4.98999977111816","%","","n/a","0"
"Test","mem.usage.average","8/20/2026 4:29:00 AM","20","4.98999977111816","4.98999977111816","%","","n/a","0"
"Test","mem.usage.average","8/20/2026 4:29:20 AM","20","3.99000000953674","3.99000000953674","%","","n/a","0"
"Test","mem.usage.average","8/20/2026 4:29:40 AM","20","3.99000000953674","3.99000000953674","%","","n/a","0"
"Test","mem.usage.average","8/20/2026 4:30:00 AM","20","3.99000000953674","3.99000000953674","%","","n/a","0"
"Test","mem.usage.average","8/20/2026 4:30:20 AM","20","3.99000000953674","3.99000000953674","%","","n/a","0"
"Test","mem.usage.average","8/20/2026 4:30:40 AM","20","3.99000000953674","3.99000000953674","%","","n/a","0"
"Test","mem.usage.average","8/20/2026 4:31:00 AM","20","3.99000000953674","3.99000000953674","%","","n/a","0"
"Test","mem.usage.average","8/20/2026 4:31:20 AM","20","5.98999977111816","5.98999977111816","%","","n/a","0"
"Test","mem.usage.average","8/20/2026 4:31:40 AM","20","5.98999977111816","5.98999977111816","%","","n/a","0"
"Test","mem.usage.average","8/20/2026 4:32:00 AM","20","5.98999977111816","5.98999977111816","%","","n/a","0"
"Test","mem.usage.average","8/20/2026 4:32:20 AM","20","3.99000000953674","3.99000000953674","%","","n/a","0"
"Test","mem.usage.average","8/20/2026 4:32:40 AM","20","3.99000000953674","3.99000000953674","%","","n/a","0"
"Test","mem.usage.average","8/20/2026 4:33:00 AM","20","3.99000000953674","3.99000000953674","%","","n/a","0"
"Test","mem.usage.average","8/20/2026 4:33:20 AM","20","1.99000000953674","1.99000000953674","%","","n/a","0"
"Test","mem.usage.average","8/20/2026 4:33:40 AM","20","1.99000000953674","1.99000000953674","%","","n/a","0"
"Test","mem.usage.average","8/20/2026 4:34:00 AM","20","1.99000000953674","1.99000000953674","%","","n/a","0"
"Test","mem.usage.average","8/20/2026 4:34:20 AM","20","1.99000000953674","1.99000000953674","%","","n/a","0"
"Test","mem.usage.average","8/20/2026 4:34:40 AM","20","1.99000000953674","1.99000000953674","%","","n/a","0"
"Test","mem.usage.average","8/20/2026 4:35:00 AM","20","1.99000000953674","1.99000000953674","%","","n/a","0"
"Test","mem.usage.average","8/20/2026 4:35:20 AM","20","2.99000000953674","2.99000000953674","%","","n/a","0"
"Test","mem.usage.average","8/20/2026 4:35:40 AM","20","2.99000000953674","2.99000000953674","%","","n/a","0"
"Test","mem.usage.average","8/20/2026 4:36:00 AM","20","8.98999977111816","8.98999977111816","%","","n/a","0"
"Test","mem.usage.average","8/20/2026 4:36:20 AM","20","8.98999977111816","8.98999977111816","%","","n/a","0"
"Test","mem.usage.average","8/20/2026 4:36:40 AM","20","8.98999977111816","8.98999977111816","%","","n/a","0"
"Test","mem.usage.average","8/20/2026 4:37:00 AM","20","9.98999977111816","9.98999977111816","%","","n/a","0"
"Test","mem.usage.average","8/20/2026 4:37:20 AM","20","13.9899997711182","13.9899997711182","%","","n/a","0"
"Test","mem.usage.average","8/20/2026 4:37:40 AM","20","13.9899997711182","13.9899997711182","%","","n/a","0"
"Test","mem.usage.average","8/20/2026 4:38:00 AM","20","13.9899997711182","13.9899997711182","%","","n/a","0"
"Test","mem.usage.average","8/20/2026 4:38:20 AM","20","18.9899997711182","18.9899997711182","%","","n/a","0"
"Test","mem.usage.average","8/20/2026 4:38:40 AM","20","18.9899997711182","18.9899997711182","%","","n/a","0"
"Test","mem.usage.average","8/20/2026 4:39:00 AM","20","18.9899997711182","18.9899997711182","%","","n/a","0"
"Test","mem.usage.average","8/20/2026 4:39:20 AM","20","22.9899997711182","22.9899997711182","%","","n/a","0"
"Test","mem.usage.average","8/20/2026 4:39:40 AM","20","22.9899997711182","22.9899997711182","%","","n/a","0"
"Test","mem.usage.average","8/20/2026 4:40:00 AM","20","22.9899997711182","22.9899997711182","%","","n/a","0"
"Test","mem.usage.average","8/20/2026 4:40:20 AM","20","14.9899997711182","14.9899997711182","%","","n/a","0"
"Test","mem.usage.average","8/20/2026 4:40:40 AM","20","14.9899997711182","14.9899997711182","%","","n/a","0"
"Test","mem.usage.average","8/20/2026 4:41:00 AM","20","14.9899997711182","14.9899997711182","%","","n/a","0"
"Test","mem.usage.average","8/20/2026 4:41:20 AM","20","9.98999977111816","9.98999977111816","%","","n/a","0"
"Test","mem.usage.average","8/20/2026 4:41:40 AM","20","9.98999977111816","9.98999977111816","%","","n/a","0"
"Test","mem.usage.average","8/20/2026 4:42:00 AM","20","9.98999977111816","9.98999977111816","%","","n/a","0"
"Test","mem.usage.average","8/20/2026 4:42:20 AM","20","7.98999977111816","7.98999977111816","%","","n/a","0"
"Test","mem.usage.average","8/20/2026 4:42:40 AM","20","7.98999977111816","7.98999977111816","%","","n/a","0"
"Test","mem.usage.average","8/20/2026 4:43:00 AM","20","7.98999977111816","7.98999977111816","%","","n/a","0"
"Test","mem.usage.average","8/20/2026 4:43:20 AM","20","5.98999977111816","5.98999977111816","%","","n/a","0"
"Test","mem.usage.average","8/20/2026 4:43:40 AM","20","5.98999977111816","5.98999977111816","%","","n/a","0"
"Test","mem.usage.average","8/20/2026 4:44:00 AM","20","5.98999977111816","5.98999977111816","%","","n/a","0"
"Test","mem.usage.average","8/20/2026 4:44:20 AM","20","3.99000000953674","3.99000000953674","%","","n/a","0"
"Test","mem.usage.average","8/20/2026 4:44:40 AM","20","3.99000000953674","3.99000000953674","%","","n/a","0"
"Test","mem.usage.average","8/20/2026 4:45:00 AM","20","3.99000000953674","3.99000000953674","%","","n/a","0"
"Test","mem.usage.average","8/20/2026 4:45:20 AM","20","2.99000000953674","2.99000000953674","%","","n/a","0"
"Test","mem.usage.average","8/20/2026 4:45:40 AM","20","2.99000000953674","2.99000000953674","%","","n/a","0"
"Test","mem.usage.average","8/20/2026 4:46:00 AM","20","2.99000000953674","2.99000000953674","%","","n/a","0"
"Test","mem.usage.average","8/20/2026 4:46:20 AM","20","3.99000000953674","3.99000000953674","%","","n/a","0"
"Test","mem.usage.average","8/20/2026 4:46:40 AM","20","3.99000000953674","3.99000000953674","%","","n/a","0"
"Test","mem.usage.average","8/20/2026 4:47:00 AM","20","3.99000000953674","3.99000000953674","%","","n/a","0"
"Test","mem.usage.average","8/20/2026 4:47:20 AM","20","3.99000000953674","3.99000000953674","%","","n/a","0"
"Test","mem.usage.average","8/20/2026 4:47:40 AM","20","3.99000000953674","3.99000000953674","%","","n/a","0"
"Test","mem.usage.average","8/20/2026 4:48:00 AM","20","3.99000000953674","3.99000000953674","%","","n/a","0"
"Test","mem.usage.average","8/20/2026 4:48:20 AM","20","1.99000000953674","1.99000000953674","%","","n/a","0"
"Test","mem.usage.average","8/20/2026 4:48:40 AM","20","3.99000000953674","3.99000000953674","%","","n/a","0"
"Test","mem.usage.average","8/20/2026 4:49:00 AM","20","3.99000000953674","3.99000000953674","%","","n/a","0"
"Test","mem.usage.average","8/20/2026 4:49:20 AM","20","3.99000000953674","3.99000000953674","%","","n/a","0"
"Test","mem.usage.average","8/20/2026 4:49:40 AM","20","3.99000000953674","3.99000000953674","%","","n/a","0"
"Test","mem.usage.average","8/20/2026 4:50:00 AM","20","3.99000000953674","3.99000000953674","%","","n/a","0"
"Test","mem.usage.average","8/20/2026 4:50:20 AM","20","2.99000000953674","2.99000000953674","%","","n/a","0"
"Test","mem.usage.average","8/20/2026 4:50:40 AM","20","2.99000000953674","2.99000000953674","%","","n/a","0"
"Test","mem.usage.average","8/20/2026 4:51:00 AM","20","2.99000000953674","2.99000000953674","%","","n/a","0"
"Test","mem.usage.average","8/20/2026 4:51:20 AM","20","2.99000000953674","2.99000000953674","%","","n/a","0"
"Test","mem.usage.average","8/20/2026 4:51:40 AM","20","2.99000000953674","2.99000000953674","%","","n/a","0"
"Test","mem.usage.average","8/20/2026 4:52:00 AM","20","2.99000000953674","2.99000000953674","%","","n/a","0"
"Test","mem.usage.average","8/20/2026 4:52:20 AM","20","5.98999977111816","5.98999977111816","%","","n/a","0"
"Test","mem.usage.average","8/20/2026 4:52:40 AM","20","5.98999977111816","5.98999977111816","%","","n/a","0"
"Test","mem.usage.average","8/20/2026 4:53:00 AM","20","5.98999977111816","5.98999977111816","%","","n/a","0"
"Test","mem.usage.average","8/20/2026 4:53:20 AM","20","2.99000000953674","2.99000000953674","%","","n/a","0"
"Test","mem.usage.average","8/20/2026 4:53:40 AM","20","2.99000000953674","2.99000000953674","%","","n/a","0"
"Test","mem.usage.average","8/20/2026 4:54:00 AM","20","2.99000000953674","2.99000000953674","%","","n/a","0"
"Test","mem.usage.average","8/20/2026 4:54:20 AM","20","5.98999977111816","5.98999977111816","%","","n/a","0"
"Test","mem.usage.average","8/20/2026 4:54:40 AM","20","5.98999977111816","5.98999977111816","%","","n/a","0"
"Test","mem.usage.average","8/20/2026 4:55:00 AM","20","5.98999977111816","5.98999977111816","%","","n/a","0"
"Test","mem.usage.average","8/20/2026 4:55:20 AM","20","1.99000000953674","1.99000000953674","%","","n/a","0"
"Test","mem.usage.average","8/20/2026 4:55:40 AM","20","1.99000000953674","1.99000000953674","%","","n/a","0"
"Test","mem.usage.average","8/20/2026 4:56:00 AM","20","1.99000000953674","1.99000000953674","%","","n/a","0"
"Test","mem.usage.average","8/20/2026 4:56:20 AM","20","2.99000000953674","2.99000000953674","%","","n/a","0"
"Test","mem.usage.average","8/20/2026 4:56:40 AM","20","2.99000000953674","2.99000000953674","%","","n/a","0"
"Test","mem.usage.average","8/20/2026 4:57:00 AM","20","2.99000000953674","2.99000000953674","%","","n/a","0"
"Test","mem.usage.average","8/20/2026 4:57:20 AM","20","3.99000000953674","3.99000000953674","%","","n/a","0"
"Test","mem.usage.average","8/20/2026 4:57:40 AM","20","3.99000000953674","3.99000000953674","%","","n/a","0"
"Test","mem.usage.average","8/20/2026 4:58:00 AM","20","3.99000000953674","3.99000000953674","%","","n/a","0"
"Test","mem.usage.average","8/20/2026 4:58:20 AM","20","3.99000000953674","3.99000000953674","%","","n/a","0"
"Test","mem.usage.average","8/20/2026 4:58:40 AM","20","3.99000000953674","3.99000000953674","%","","n/a","0"
"Test","mem.usage.average","8/20/2026 4:59:00 AM","20","3.99000000953674","3.99000000953674","%","","n/a","0"
"Test","mem.usage.average","8/20/2026 4:59:20 AM","20","4.98999977111816","4.98999977111816","%","","n/a","0"
"Test","mem.usage.average","8/20/2026 4:59:40 AM","20","4.98999977111816","4.98999977111816","%","","n/a","0"
"Test","mem.usage.average","8/20/2026 5:00:00 AM","20","4.98999977111816","4.98999977111816","%","","n/a","0"
"Test","mem.usage.average","8/20/2026 5:00:20 AM","20","4.98999977111816","4.98999977111816","%","","n/a","0"
"Test","mem.usage.average","8/20/2026 5:00:40 AM","20","4.98999977111816","4.98999977111816","%","","n/a","0"
"Test","mem.usage.average","8/20/2026 5:01:00 AM","20","4.98999977111816","4.98999977111816","%","","n/a","0"
"Test","mem.usage.average","8/20/2026 5:01:20 AM","20","4.98999977111816","4.98999977111816","%","","n/a","0"
"Test","mem.usage.average","8/20/2026 5:01:40 AM","20","4.98999977111816","4.98999977111816","%","","n/a","0"
"Test","mem.usage.average","8/20/2026 5:02:00 AM","20","4.98999977111816","4.98999977111816","%","","n/a","0"
"Test","mem.usage.average","8/20/2026 5:02:20 AM","20","4.98999977111816","4.98999977111816","%","","n/a","0"
"Test","mem.usage.average","8/20/2026 5:02:40 AM","20","4.98999977111816","4.98999977111816","%","","n/a","0"
"Test","mem.usage.average","8/20/2026 5:03:00 AM","20","4.98999977111816","4.98999977111816","%","","n/a","0"
"Test","mem.usage.average","8/20/2026 5:03:20 AM","20","1.99000000953674","1.99000000953674","%","","n/a","0"
"Test","mem.usage.average","8/20/2026 5:03:40 AM","20","1.99000000953674","1.99000000953674","%","","n/a","0"
"Test","mem.usage.average","8/20/2026 5:04:00 AM","20","1.99000000953674","1.99000000953674","%","","n/a","0"
"Test","mem.usage.average","8/20/2026 5:04:20 AM","20","1.99000000953674","1.99000000953674","%","","n/a","0"
"Test","mem.usage.average","8/20/2026 5:04:40 AM","20","1.99000000953674","1.99000000953674","%","","n/a","0"
"Test","mem.usage.average","8/20/2026 5:05:00 AM","20","1.99000000953674","1.99000000953674","%","","n/a","0"
"Test","mem.usage.average","8/20/2026 5:05:20 AM","20","1.99000000953674","1.99000000953674","%","","n/a","0"
"Test","mem.usage.average","8/20/2026 5:05:40 AM","20","1.99000000953674","1.99000000953674","%","","n/a","0"
"Test","mem.vmmemctl.average","8/20/2026 4:06:00 AM","20","0","0","KB","","n/a","0"
"Test","mem.vmmemctl.average","8/20/2026 4:06:20 AM","20","0","0","KB","","n/a","0"
"Test","mem.vmmemctl.average","8/20/2026 4:06:40 AM","20","0","0","KB","","n/a","0"
"Test","mem.vmmemctl.average","8/20/2026 4:07:00 AM","20","0","0","KB","","n/a","0"
"Test","mem.vmmemctl.average","8/20/2026 4:07:20 AM","20","0","0","KB","","n/a","0"
"Test","mem.vmmemctl.average","8/20/2026 4:07:40 AM","20","0","0","KB","","n/a","0"
"Test","mem.vmmemctl.average","8/20/2026 4:08:00 AM","20","0","0","KB","","n/a","0"
"Test","mem.vmmemctl.average","8/20/2026 4:08:20 AM","20","0","0","KB","","n/a","0"
"Test","mem.vmmemctl.average","8/20/2026 4:08:40 AM","20","0","0","KB","","n/a","0"
"Test","mem.vmmemctl.average","8/20/2026 4:09:00 AM","20","0","0","KB","","n/a","0"
"Test","mem.vmmemctl.average","8/20/2026 4:09:20 AM","20","0","0","KB","","n/a","0"
"Test","mem.vmmemctl.average","8/20/2026 4:09:40 AM","20","0","0","KB","","n/a","0"
"Test","mem.vmmemctl.average","8/20/2026 4:10:00 AM","20","0","0","KB","","n/a","0"
"Test","mem.vmmemctl.average","8/20/2026 4:10:20 AM","20","0","0","KB","","n/a","0"
"Test","mem.vmmemctl.average","8/20/2026 4:10:40 AM","20","0","0","KB","","n/a","0"
"Test","mem.vmmemctl.average","8/20/2026 4:11:00 AM","20","0","0","KB","","n/a","0"
"Test","mem.vmmemctl.average","8/20/2026 4:11:20 AM","20","0","0","KB","","n/a","0"
"Test","mem.vmmemctl.average","8/20/2026 4:11:40 AM","20","0","0","KB","","n/a","0"
"Test","mem.vmmemctl.average","8/20/2026 4:12:00 AM","20","0","0","KB","","n/a","0"
"Test","mem.vmmemctl.average","8/20/2026 4:12:20 AM","20","0","0","KB","","n/a","0"
"Test","mem.vmmemctl.average","8/20/2026 4:12:40 AM","20","0","0","KB","","n/a","0"
"Test","mem.vmmemctl.average","8/20/2026 4:13:00 AM","20","0","0","KB","","n/a","0"
"Test","mem.vmmemctl.average","8/20/2026 4:13:20 AM","20","0","0","KB","","n/a","0"
"Test","mem.vmmemctl.average","8/20/2026 4:13:40 AM","20","0","0","KB","","n/a","0"
"Test","mem.vmmemctl.average","8/20/2026 4:14:00 AM","20","0","0","KB","","n/a","0"
"Test","mem.vmmemctl.average","8/20/2026 4:14:20 AM","20","0","0","KB","","n/a","0"
"Test","mem.vmmemctl.average","8/20/2026 4:14:40 AM","20","0","0","KB","","n/a","0"
"Test","mem.vmmemctl.average","8/20/2026 4:15:00 AM","20","0","0","KB","","n/a","0"
"Test","mem.vmmemctl.average","8/20/2026 4:15:20 AM","20","0","0","KB","","n/a","0"
"Test","mem.vmmemctl.average","8/20/2026 4:15:40 AM","20","0","0","KB","","n/a","0"
"Test","mem.vmmemctl.average","8/20/2026 4:16:00 AM","20","0","0","KB","","n/a","0"
"Test","mem.vmmemctl.average","8/20/2026 4:16:20 AM","20","0","0","KB","","n/a","0"
"Test","mem.vmmemctl.average","8/20/2026 4:16:40 AM","20","0","0","KB","","n/a","0"
"Test","mem.vmmemctl.average","8/20/2026 4:17:00 AM","20","0","0","KB","","n/a","0"
"Test","mem.vmmemctl.average","8/20/2026 4:17:20 AM","20","0","0","KB","","n/a","0"
"Test","mem.vmmemctl.average","8/20/2026 4:17:40 AM","20","0","0","KB","","n/a","0"
"Test","mem.vmmemctl.average","8/20/2026 4:18:00 AM","20","0","0","KB","","n/a","0"
"Test","mem.vmmemctl.average","8/20/2026 4:18:20 AM","20","0","0","KB","","n/a","0"
"Test","mem.vmmemctl.average","8/20/2026 4:18:40 AM","20","0","0","KB","","n/a","0"
"Test","mem.vmmemctl.average","8/20/2026 4:19:00 AM","20","0","0","KB","","n/a","0"
"Test","mem.vmmemctl.average","8/20/2026 4:19:20 AM","20","0","0","KB","","n/a","0"
"Test","mem.vmmemctl.average","8/20/2026 4:19:40 AM","20","0","0","KB","","n/a","0"
"Test","mem.vmmemctl.average","8/20/2026 4:20:00 AM","20","0","0","KB","","n/a","0"
"Test","mem.vmmemctl.average","8/20/2026 4:20:20 AM","20","0","0","KB","","n/a","0"
"Test","mem.vmmemctl.average","8/20/2026 4:20:40 AM","20","0","0","KB","","n/a","0"
"Test","mem.vmmemctl.average","8/20/2026 4:21:00 AM","20","0","0","KB","","n/a","0"
"Test","mem.vmmemctl.average","8/20/2026 4:21:20 AM","20","0","0","KB","","n/a","0"
"Test","mem.vmmemctl.average","8/20/2026 4:21:40 AM","20","0","0","KB","","n/a","0"
"Test","mem.vmmemctl.average","8/20/2026 4:22:00 AM","20","0","0","KB","","n/a","0"
"Test","mem.vmmemctl.average","8/20/2026 4:22:20 AM","20","0","0","KB","","n/a","0"
"Test","mem.vmmemctl.average","8/20/2026 4:22:40 AM","20","0","0","KB","","n/a","0"
"Test","mem.vmmemctl.average","8/20/2026 4:23:00 AM","20","0","0","KB","","n/a","0"
"Test","mem.vmmemctl.average","8/20/2026 4:23:20 AM","20","0","0","KB","","n/a","0"
"Test","mem.vmmemctl.average","8/20/2026 4:23:40 AM","20","0","0","KB","","n/a","0"
"Test","mem.vmmemctl.average","8/20/2026 4:24:00 AM","20","0","0","KB","","n/a","0"
"Test","mem.vmmemctl.average","8/20/2026 4:24:20 AM","20","0","0","KB","","n/a","0"
"Test","mem.vmmemctl.average","8/20/2026 4:24:40 AM","20","0","0","KB","","n/a","0"
"Test","mem.vmmemctl.average","8/20/2026 4:25:00 AM","20","0","0","KB","","n/a","0"
"Test","mem.vmmemctl.average","8/20/2026 4:25:20 AM","20","0","0","KB","","n/a","0"
"Test","mem.vmmemctl.average","8/20/2026 4:25:40 AM","20","0","0","KB","","n/a","0"
"Test","mem.vmmemctl.average","8/20/2026 4:26:00 AM","20","0","0","KB","","n/a","0"
"Test","mem.vmmemctl.average","8/20/2026 4:26:20 AM","20","0","0","KB","","n/a","0"
"Test","mem.vmmemctl.average","8/20/2026 4:26:40 AM","20","0","0","KB","","n/a","0"
"Test","mem.vmmemctl.average","8/20/2026 4:27:00 AM","20","0","0","KB","","n/a","0"
"Test","mem.vmmemctl.average","8/20/2026 4:27:20 AM","20","0","0","KB","","n/a","0"
"Test","mem.vmmemctl.average","8/20/2026 4:27:40 AM","20","0","0","KB","","n/a","0"
"Test","mem.vmmemctl.average","8/20/2026 4:28:00 AM","20","0","0","KB","","n/a","0"
"Test","mem.vmmemctl.average","8/20/2026 4:28:20 AM","20","0","0","KB","","n/a","0"
"Test","mem.vmmemctl.average","8/20/2026 4:28:40 AM","20","0","0","KB","","n/a","0"
"Test","mem.vmmemctl.average","8/20/2026 4:29:00 AM","20","0","0","KB","","n/a","0"
"Test","mem.vmmemctl.average","8/20/2026 4:29:20 AM","20","0","0","KB","","n/a","0"
"Test","mem.vmmemctl.average","8/20/2026 4:29:40 AM","20","0","0","KB","","n/a","0"
"Test","mem.vmmemctl.average","8/20/2026 4:30:00 AM","20","0","0","KB","","n/a","0"
"Test","mem.vmmemctl.average","8/20/2026 4:30:20 AM","20","0","0","KB","","n/a","0"
"Test","mem.vmmemctl.average","8/20/2026 4:30:40 AM","20","0","0","KB","","n/a","0"
"Test","mem.vmmemctl.average","8/20/2026 4:31:00 AM","20","0","0","KB","","n/a","0"
"Test","mem.vmmemctl.average","8/20/2026 4:31:20 AM","20","0","0","KB","","n/a","0"
"Test","mem.vmmemctl.average","8/20/2026 4:31:40 AM","20","0","0","KB","","n/a","0"
"Test","mem.vmmemctl.average","8/20/2026 4:32:00 AM","20","0","0","KB","","n/a","0"
"Test","mem.vmmemctl.average","8/20/2026 4:32:20 AM","20","0","0","KB","","n/a","0"
"Test","mem.vmmemctl.average","8/20/2026 4:32:40 AM","20","0","0","KB","","n/a","0"
"Test","mem.vmmemctl.average","8/20/2026 4:33:00 AM","20","0","0","KB","","n/a","0"
"Test","mem.vmmemctl.average","8/20/2026 4:33:20 AM","20","0","0","KB","","n/a","0"
"Test","mem.vmmemctl.average","8/20/2026 4:33:40 AM","20","0","0","KB","","n/a","0"
"Test","mem.vmmemctl.average","8/20/2026 4:34:00 AM","20","0","0","KB","","n/a","0"
"Test","mem.vmmemctl.average","8/20/2026 4:34:20 AM","20","0","0","KB","","n/a","0"
"Test","mem.vmmemctl.average","8/20/2026 4:34:40 AM","20","0","0","KB","","n/a","0"
"Test","mem.vmmemctl.average","8/20/2026 4:35:00 AM","20","0","0","KB","","n/a","0"
"Test","mem.vmmemctl.average","8/20/2026 4:35:20 AM","20","0","0","KB","","n/a","0"
"Test","mem.vmmemctl.average","8/20/2026 4:35:40 AM","20","0","0","KB","","n/a","0"
"Test","mem.vmmemctl.average","8/20/2026 4:36:00 AM","20","0","0","KB","","n/a","0"
"Test","mem.vmmemctl.average","8/20/2026 4:36:20 AM","20","0","0","KB","","n/a","0"
"Test","mem.vmmemctl.average","8/20/2026 4:36:40 AM","20","0","0","KB","","n/a","0"
"Test","mem.vmmemctl.average","8/20/2026 4:37:00 AM","20","0","0","KB","","n/a","0"
"Test","mem.vmmemctl.average","8/20/2026 4:37:20 AM","20","0","0","KB","","n/a","0"
"Test","mem.vmmemctl.average","8/20/2026 4:37:40 AM","20","0","0","KB","","n/a","0"
"Test","mem.vmmemctl.average","8/20/2026 4:38:00 AM","20","0","0","KB","","n/a","0"
"Test","mem.vmmemctl.average","8/20/2026 4:38:20 AM","20","0","0","KB","","n/a","0"
"Test","mem.vmmemctl.average","8/20/2026 4:38:40 AM","20","0","0","KB","","n/a","0"
"Test","mem.vmmemctl.average","8/20/2026 4:39:00 AM","20","0","0","KB","","n/a","0"
"Test","mem.vmmemctl.average","8/20/2026 4:39:20 AM","20","0","0","KB","","n/a","0"
"Test","mem.vmmemctl.average","8/20/2026 4:39:40 AM","20","0","0","KB","","n/a","0"
"Test","mem.vmmemctl.average","8/20/2026 4:40:00 AM","20","0","0","KB","","n/a","0"
"Test","mem.vmmemctl.average","8/20/2026 4:40:20 AM","20","0","0","KB","","n/a","0"
"Test","mem.vmmemctl.average","8/20/2026 4:40:40 AM","20","0","0","KB","","n/a","0"
"Test","mem.vmmemctl.average","8/20/2026 4:41:00 AM","20","0","0","KB","","n/a","0"
"Test","mem.vmmemctl.average","8/20/2026 4:41:20 AM","20","0","0","KB","","n/a","0"
"Test","mem.vmmemctl.average","8/20/2026 4:41:40 AM","20","0","0","KB","","n/a","0"
"Test","mem.vmmemctl.average","8/20/2026 4:42:00 AM","20","0","0","KB","","n/a","0"
"Test","mem.vmmemctl.average","8/20/2026 4:42:20 AM","20","0","0","KB","","n/a","0"
"Test","mem.vmmemctl.average","8/20/2026 4:42:40 AM","20","0","0","KB","","n/a","0"
"Test","mem.vmmemctl.average","8/20/2026 4:43:00 AM","20","0","0","KB","","n/a","0"
"Test","mem.vmmemctl.average","8/20/2026 4:43:20 AM","20","0","0","KB","","n/a","0"
"Test","mem.vmmemctl.average","8/20/2026 4:43:40 AM","20","0","0","KB","","n/a","0"
"Test","mem.vmmemctl.average","8/20/2026 4:44:00 AM","20","0","0","KB","","n/a","0"
"Test","mem.vmmemctl.average","8/20/2026 4:44:20 AM","20","0","0","KB","","n/a","0"
"Test","mem.vmmemctl.average","8/20/2026 4:44:40 AM","20","0","0","KB","","n/a","0"
"Test","mem.vmmemctl.average","8/20/2026 4:45:00 AM","20","0","0","KB","","n/a","0"
"Test","mem.vmmemctl.average","8/20/2026 4:45:20 AM","20","0","0","KB","","n/a","0"
"Test","mem.vmmemctl.average","8/20/2026 4:45:40 AM","20","0","0","KB","","n/a","0"
"Test","mem.vmmemctl.average","8/20/2026 4:46:00 AM","20","0","0","KB","","n/a","0"
"Test","mem.vmmemctl.average","8/20/2026 4:46:20 AM","20","0","0","KB","","n/a","0"
"Test","mem.vmmemctl.average","8/20/2026 4:46:40 AM","20","0","0","KB","","n/a","0"
"Test","mem.vmmemctl.average","8/20/2026 4:47:00 AM","20","0","0","KB","","n/a","0"
"Test","mem.vmmemctl.average","8/20/2026 4:47:20 AM","20","0","0","KB","","n/a","0"
"Test","mem.vmmemctl.average","8/20/2026 4:47:40 AM","20","0","0","KB","","n/a","0"
"Test","mem.vmmemctl.average","8/20/2026 4:48:00 AM","20","0","0","KB","","n/a","0"
"Test","mem.vmmemctl.average","8/20/2026 4:48:20 AM","20","0","0","KB","","n/a","0"
"Test","mem.vmmemctl.average","8/20/2026 4:48:40 AM","20","0","0","KB","","n/a","0"
"Test","mem.vmmemctl.average","8/20/2026 4:49:00 AM","20","0","0","KB","","n/a","0"
"Test","mem.vmmemctl.average","8/20/2026 4:49:20 AM","20","0","0","KB","","n/a","0"
"Test","mem.vmmemctl.average","8/20/2026 4:49:40 AM","20","0","0","KB","","n/a","0"
"Test","mem.vmmemctl.average","8/20/2026 4:50:00 AM","20","0","0","KB","","n/a","0"
"Test","mem.vmmemctl.average","8/20/2026 4:50:20 AM","20","0","0","KB","","n/a","0"
"Test","mem.vmmemctl.average","8/20/2026 4:50:40 AM","20","0","0","KB","","n/a","0"
"Test","mem.vmmemctl.average","8/20/2026 4:51:00 AM","20","0","0","KB","","n/a","0"
"Test","mem.vmmemctl.average","8/20/2026 4:51:20 AM","20","0","0","KB","","n/a","0"
"Test","mem.vmmemctl.average","8/20/2026 4:51:40 AM","20","0","0","KB","","n/a","0"
"Test","mem.vmmemctl.average","8/20/2026 4:52:00 AM","20","0","0","KB","","n/a","0"
"Test","mem.vmmemctl.average","8/20/2026 4:52:20 AM","20","0","0","KB","","n/a","0"
"Test","mem.vmmemctl.average","8/20/2026 4:52:40 AM","20","0","0","KB","","n/a","0"
"Test","mem.vmmemctl.average","8/20/2026 4:53:00 AM","20","0","0","KB","","n/a","0"
"Test","mem.vmmemctl.average","8/20/2026 4:53:20 AM","20","0","0","KB","","n/a","0"
"Test","mem.vmmemctl.average","8/20/2026 4:53:40 AM","20","0","0","KB","","n/a","0"
"Test","mem.vmmemctl.average","8/20/2026 4:54:00 AM","20","0","0","KB","","n/a","0"
"Test","mem.vmmemctl.average","8/20/2026 4:54:20 AM","20","0","0","KB","","n/a","0"
"Test","mem.vmmemctl.average","8/20/2026 4:54:40 AM","20","0","0","KB","","n/a","0"
"Test","mem.vmmemctl.average","8/20/2026 4:55:00 AM","20","0","0","KB","","n/a","0"
"Test","mem.vmmemctl.average","8/20/2026 4:55:20 AM","20","0","0","KB","","n/a","0"
"Test","mem.vmmemctl.average","8/20/2026 4:55:40 AM","20","0","0","KB","","n/a","0"
"Test","mem.vmmemctl.average","8/20/2026 4:56:00 AM","20","0","0","KB","","n/a","0"
"Test","mem.vmmemctl.average","8/20/2026 4:56:20 AM","20","0","0","KB","","n/a","0"
"Test","mem.vmmemctl.average","8/20/2026 4:56:40 AM","20","0","0","KB","","n/a","0"
"Test","mem.vmmemctl.average","8/20/2026 4:57:00 AM","20","0","0","KB","","n/a","0"
"Test","mem.vmmemctl.average","8/20/2026 4:57:20 AM","20","0","0","KB","","n/a","0"
"Test","mem.vmmemctl.average","8/20/2026 4:57:40 AM","20","0","0","KB","","n/a","0"
"Test","mem.vmmemctl.average","8/20/2026 4:58:00 AM","20","0","0","KB","","n/a","0"
"Test","mem.vmmemctl.average","8/20/2026 4:58:20 AM","20","0","0","KB","","n/a","0"
"Test","mem.vmmemctl.average","8/20/2026 4:58:40 AM","20","0","0","KB","","n/a","0"
"Test","mem.vmmemctl.average","8/20/2026 4:59:00 AM","20","0","0","KB","","n/a","0"
"Test","mem.vmmemctl.average","8/20/2026 4:59:20 AM","20","0","0","KB","","n/a","0"
"Test","mem.vmmemctl.average","8/20/2026 4:59:40 AM","20","0","0","KB","","n/a","0"
"Test","mem.vmmemctl.average","8/20/2026 5:00:00 AM","20","0","0","KB","","n/a","0"
"Test","mem.vmmemctl.average","8/20/2026 5:00:20 AM","20","0","0","KB","","n/a","0"
"Test","mem.vmmemctl.average","8/20/2026 5:00:40 AM","20","0","0","KB","","n/a","0"
"Test","mem.vmmemctl.average","8/20/2026 5:01:00 AM","20","0","0","KB","","n/a","0"
"Test","mem.vmmemctl.average","8/20/2026 5:01:20 AM","20","0","0","KB","","n/a","0"
"Test","mem.vmmemctl.average","8/20/2026 5:01:40 AM","20","0","0","KB","","n/a","0"
"Test","mem.vmmemctl.average","8/20/2026 5:02:00 AM","20","0","0","KB","","n/a","0"
"Test","mem.vmmemctl.average","8/20/2026 5:02:20 AM","20","0","0","KB","","n/a","0"
"Test","mem.vmmemctl.average","8/20/2026 5:02:40 AM","20","0","0","KB","","n/a","0"
"Test","mem.vmmemctl.average","8/20/2026 5:03:00 AM","20","0","0","KB","","n/a","0"
"Test","mem.vmmemctl.average","8/20/2026 5:03:20 AM","20","0","0","KB","","n/a","0"
"Test","mem.vmmemctl.average","8/20/2026 5:03:40 AM","20","0","0","KB","","n/a","0"
"Test","mem.vmmemctl.average","8/20/2026 5:04:00 AM","20","0","0","KB","","n/a","0"
"Test","mem.vmmemctl.average","8/20/2026 5:04:20 AM","20","0","0","KB","","n/a","0"
"Test","mem.vmmemctl.average","8/20/2026 5:04:40 AM","20","0","0","KB","","n/a","0"
"Test","mem.vmmemctl.average","8/20/2026 5:05:00 AM","20","0","0","KB","","n/a","0"
"Test","mem.vmmemctl.average","8/20/2026 5:05:20 AM","20","0","0","KB","","n/a","0"
"Test","mem.vmmemctl.average","8/20/2026 5:05:40 AM","20","0","0","KB","","n/a","0"
"Test","net.received.average","8/20/2026 4:06:00 AM","20","0","0","KBps","","n/a","0"
"Test","net.received.average","8/20/2026 4:06:20 AM","20","0","0","KBps","","n/a","0"
"Test","net.received.average","8/20/2026 4:06:40 AM","20","0","0","KBps","","n/a","0"
"Test","net.received.average","8/20/2026 4:07:00 AM","20","0","0","KBps","","n/a","0"
"Test","net.received.average","8/20/2026 4:07:20 AM","20","0","0","KBps","","n/a","0"
"Test","net.received.average","8/20/2026 4:07:40 AM","20","0","0","KBps","","n/a","0"
"Test","net.received.average","8/20/2026 4:08:00 AM","20","1","1","KBps","","n/a","0"
"Test","net.received.average","8/20/2026 4:08:20 AM","20","0","0","KBps","","n/a","0"
"Test","net.received.average","8/20/2026 4:08:40 AM","20","0","0","KBps","","n/a","0"
"Test","net.received.average","8/20/2026 4:09:00 AM","20","0","0","KBps","","n/a","0"
"Test","net.received.average","8/20/2026 4:09:20 AM","20","0","0","KBps","","n/a","0"
"Test","net.received.average","8/20/2026 4:09:40 AM","20","0","0","KBps","","n/a","0"
"Test","net.received.average","8/20/2026 4:10:00 AM","20","0","0","KBps","","n/a","0"
"Test","net.received.average","8/20/2026 4:10:20 AM","20","0","0","KBps","","n/a","0"
"Test","net.received.average","8/20/2026 4:10:40 AM","20","0","0","KBps","","n/a","0"
"Test","net.received.average","8/20/2026 4:11:00 AM","20","0","0","KBps","","n/a","0"
"Test","net.received.average","8/20/2026 4:11:20 AM","20","0","0","KBps","","n/a","0"
"Test","net.received.average","8/20/2026 4:11:40 AM","20","0","0","KBps","","n/a","0"
"Test","net.received.average","8/20/2026 4:12:00 AM","20","0","0","KBps","","n/a","0"
"Test","net.received.average","8/20/2026 4:12:20 AM","20","0","0","KBps","","n/a","0"
"Test","net.received.average","8/20/2026 4:12:40 AM","20","0","0","KBps","","n/a","0"
"Test","net.received.average","8/20/2026 4:13:00 AM","20","0","0","KBps","","n/a","0"
"Test","net.received.average","8/20/2026 4:13:20 AM","20","0","0","KBps","","n/a","0"
"Test","net.received.average","8/20/2026 4:13:40 AM","20","0","0","KBps","","n/a","0"
"Test","net.received.average","8/20/2026 4:14:00 AM","20","0","0","KBps","","n/a","0"
"Test","net.received.average","8/20/2026 4:14:20 AM","20","0","0","KBps","","n/a","0"
"Test","net.received.average","8/20/2026 4:14:40 AM","20","0","0","KBps","","n/a","0"
"Test","net.received.average","8/20/2026 4:15:00 AM","20","0","0","KBps","","n/a","0"
"Test","net.received.average","8/20/2026 4:15:20 AM","20","0","0","KBps","","n/a","0"
"Test","net.received.average","8/20/2026 4:15:40 AM","20","0","0","KBps","","n/a","0"
"Test","net.received.average","8/20/2026 4:16:00 AM","20","0","0","KBps","","n/a","0"
"Test","net.received.average","8/20/2026 4:16:20 AM","20","0","0","KBps","","n/a","0"
"Test","net.received.average","8/20/2026 4:16:40 AM","20","0","0","KBps","","n/a","0"
"Test","net.received.average","8/20/2026 4:17:00 AM","20","0","0","KBps","","n/a","0"
"Test","net.received.average","8/20/2026 4:17:20 AM","20","0","0","KBps","","n/a","0"
"Test","net.received.average","8/20/2026 4:17:40 AM","20","0","0","KBps","","n/a","0"
"Test","net.received.average","8/20/2026 4:18:00 AM","20","0","0","KBps","","n/a","0"
"Test","net.received.average","8/20/2026 4:18:20 AM","20","0","0","KBps","","n/a","0"
"Test","net.received.average","8/20/2026 4:18:40 AM","20","0","0","KBps","","n/a","0"
"Test","net.received.average","8/20/2026 4:19:00 AM","20","0","0","KBps","","n/a","0"
"Test","net.received.average","8/20/2026 4:19:20 AM","20","0","0","KBps","","n/a","0"
"Test","net.received.average","8/20/2026 4:19:40 AM","20","0","0","KBps","","n/a","0"
"Test","net.received.average","8/20/2026 4:20:00 AM","20","0","0","KBps","","n/a","0"
"Test","net.received.average","8/20/2026 4:20:20 AM","20","0","0","KBps","","n/a","0"
"Test","net.received.average","8/20/2026 4:20:40 AM","20","0","0","KBps","","n/a","0"
"Test","net.received.average","8/20/2026 4:21:00 AM","20","0","0","KBps","","n/a","0"
"Test","net.received.average","8/20/2026 4:21:20 AM","20","0","0","KBps","","n/a","0"
"Test","net.received.average","8/20/2026 4:21:40 AM","20","0","0","KBps","","n/a","0"
"Test","net.received.average","8/20/2026 4:22:00 AM","20","0","0","KBps","","n/a","0"
"Test","net.received.average","8/20/2026 4:22:20 AM","20","0","0","KBps","","n/a","0"
"Test","net.received.average","8/20/2026 4:22:40 AM","20","0","0","KBps","","n/a","0"
"Test","net.received.average","8/20/2026 4:23:00 AM","20","0","0","KBps","","n/a","0"
"Test","net.received.average","8/20/2026 4:23:20 AM","20","0","0","KBps","","n/a","0"
"Test","net.received.average","8/20/2026 4:23:40 AM","20","0","0","KBps","","n/a","0"
"Test","net.received.average","8/20/2026 4:24:00 AM","20","0","0","KBps","","n/a","0"
"Test","net.received.average","8/20/2026 4:24:20 AM","20","0","0","KBps","","n/a","0"
"Test","net.received.average","8/20/2026 4:24:40 AM","20","0","0","KBps","","n/a","0"
"Test","net.received.average","8/20/2026 4:25:00 AM","20","0","0","KBps","","n/a","0"
"Test","net.received.average","8/20/2026 4:25:20 AM","20","0","0","KBps","","n/a","0"
"Test","net.received.average","8/20/2026 4:25:40 AM","20","0","0","KBps","","n/a","0"
"Test","net.received.average","8/20/2026 4:26:00 AM","20","0","0","KBps","","n/a","0"
"Test","net.received.average","8/20/2026 4:26:20 AM","20","0","0","KBps","","n/a","0"
"Test","net.received.average","8/20/2026 4:26:40 AM","20","0","0","KBps","","n/a","0"
"Test","net.received.average","8/20/2026 4:27:00 AM","20","0","0","KBps","","n/a","0"
"Test","net.received.average","8/20/2026 4:27:20 AM","20","0","0","KBps","","n/a","0"
"Test","net.received.average","8/20/2026 4:27:40 AM","20","0","0","KBps","","n/a","0"
"Test","net.received.average","8/20/2026 4:28:00 AM","20","0","0","KBps","","n/a","0"
"Test","net.received.average","8/20/2026 4:28:20 AM","20","0","0","KBps","","n/a","0"
"Test","net.received.average","8/20/2026 4:28:40 AM","20","0","0","KBps","","n/a","0"
"Test","net.received.average","8/20/2026 4:29:00 AM","20","0","0","KBps","","n/a","0"
"Test","net.received.average","8/20/2026 4:29:20 AM","20","0","0","KBps","","n/a","0"
"Test","net.received.average","8/20/2026 4:29:40 AM","20","0","0","KBps","","n/a","0"
"Test","net.received.average","8/20/2026 4:30:00 AM","20","0","0","KBps","","n/a","0"
"Test","net.received.average","8/20/2026 4:30:20 AM","20","0","0","KBps","","n/a","0"
"Test","net.received.average","8/20/2026 4:30:40 AM","20","0","0","KBps","","n/a","0"
"Test","net.received.average","8/20/2026 4:31:00 AM","20","0","0","KBps","","n/a","0"
"Test","net.received.average","8/20/2026 4:31:20 AM","20","0","0","KBps","","n/a","0"
"Test","net.received.average","8/20/2026 4:31:40 AM","20","0","0","KBps","","n/a","0"
"Test","net.received.average","8/20/2026 4:32:00 AM","20","0","0","KBps","","n/a","0"
"Test","net.received.average","8/20/2026 4:32:20 AM","20","0","0","KBps","","n/a","0"
"Test","net.received.average","8/20/2026 4:32:40 AM","20","0","0","KBps","","n/a","0"
"Test","net.received.average","8/20/2026 4:33:00 AM","20","0","0","KBps","","n/a","0"
"Test","net.received.average","8/20/2026 4:33:20 AM","20","0","0","KBps","","n/a","0"
"Test","net.received.average","8/20/2026 4:33:40 AM","20","0","0","KBps","","n/a","0"
"Test","net.received.average","8/20/2026 4:34:00 AM","20","0","0","KBps","","n/a","0"
"Test","net.received.average","8/20/2026 4:34:20 AM","20","0","0","KBps","","n/a","0"
"Test","net.received.average","8/20/2026 4:34:40 AM","20","0","0","KBps","","n/a","0"
"Test","net.received.average","8/20/2026 4:35:00 AM","20","0","0","KBps","","n/a","0"
"Test","net.received.average","8/20/2026 4:35:20 AM","20","0","0","KBps","","n/a","0"
"Test","net.received.average","8/20/2026 4:35:40 AM","20","0","0","KBps","","n/a","0"
"Test","net.received.average","8/20/2026 4:36:00 AM","20","5","5","KBps","","n/a","0"
"Test","net.received.average","8/20/2026 4:36:20 AM","20","0","0","KBps","","n/a","0"
"Test","net.received.average","8/20/2026 4:36:40 AM","20","0","0","KBps","","n/a","0"
"Test","net.received.average","8/20/2026 4:37:00 AM","20","0","0","KBps","","n/a","0"
"Test","net.received.average","8/20/2026 4:37:20 AM","20","0","0","KBps","","n/a","0"
"Test","net.received.average","8/20/2026 4:37:40 AM","20","0","0","KBps","","n/a","0"
"Test","net.received.average","8/20/2026 4:38:00 AM","20","0","0","KBps","","n/a","0"
"Test","net.received.average","8/20/2026 4:38:20 AM","20","0","0","KBps","","n/a","0"
"Test","net.received.average","8/20/2026 4:38:40 AM","20","0","0","KBps","","n/a","0"
"Test","net.received.average","8/20/2026 4:39:00 AM","20","0","0","KBps","","n/a","0"
"Test","net.received.average","8/20/2026 4:39:20 AM","20","0","0","KBps","","n/a","0"
"Test","net.received.average","8/20/2026 4:39:40 AM","20","0","0","KBps","","n/a","0"
"Test","net.received.average","8/20/2026 4:40:00 AM","20","0","0","KBps","","n/a","0"
"Test","net.received.average","8/20/2026 4:40:20 AM","20","0","0","KBps","","n/a","0"
"Test","net.received.average","8/20/2026 4:40:40 AM","20","0","0","KBps","","n/a","0"
"Test","net.received.average","8/20/2026 4:41:00 AM","20","0","0","KBps","","n/a","0"
"Test","net.received.average","8/20/2026 4:41:20 AM","20","0","0","KBps","","n/a","0"
"Test","net.received.average","8/20/2026 4:41:40 AM","20","0","0","KBps","","n/a","0"
"Test","net.received.average","8/20/2026 4:42:00 AM","20","0","0","KBps","","n/a","0"
"Test","net.received.average","8/20/2026 4:42:20 AM","20","0","0","KBps","","n/a","0"
"Test","net.received.average","8/20/2026 4:42:40 AM","20","0","0","KBps","","n/a","0"
"Test","net.received.average","8/20/2026 4:43:00 AM","20","0","0","KBps","","n/a","0"
"Test","net.received.average","8/20/2026 4:43:20 AM","20","0","0","KBps","","n/a","0"
"Test","net.received.average","8/20/2026 4:43:40 AM","20","0","0","KBps","","n/a","0"
"Test","net.received.average","8/20/2026 4:44:00 AM","20","0","0","KBps","","n/a","0"
"Test","net.received.average","8/20/2026 4:44:20 AM","20","0","0","KBps","","n/a","0"
"Test","net.received.average","8/20/2026 4:44:40 AM","20","0","0","KBps","","n/a","0"
"Test","net.received.average","8/20/2026 4:45:00 AM","20","0","0","KBps","","n/a","0"
"Test","net.received.average","8/20/2026 4:45:20 AM","20","0","0","KBps","","n/a","0"
"Test","net.received.average","8/20/2026 4:45:40 AM","20","0","0","KBps","","n/a","0"
"Test","net.received.average","8/20/2026 4:46:00 AM","20","0","0","KBps","","n/a","0"
"Test","net.received.average","8/20/2026 4:46:20 AM","20","0","0","KBps","","n/a","0"
"Test","net.received.average","8/20/2026 4:46:40 AM","20","0","0","KBps","","n/a","0"
"Test","net.received.average","8/20/2026 4:47:00 AM","20","0","0","KBps","","n/a","0"
"Test","net.received.average","8/20/2026 4:47:20 AM","20","0","0","KBps","","n/a","0"
"Test","net.received.average","8/20/2026 4:47:40 AM","20","0","0","KBps","","n/a","0"
"Test","net.received.average","8/20/2026 4:48:00 AM","20","0","0","KBps","","n/a","0"
"Test","net.received.average","8/20/2026 4:48:20 AM","20","0","0","KBps","","n/a","0"
"Test","net.received.average","8/20/2026 4:48:40 AM","20","0","0","KBps","","n/a","0"
"Test","net.received.average","8/20/2026 4:49:00 AM","20","0","0","KBps","","n/a","0"
"Test","net.received.average","8/20/2026 4:49:20 AM","20","0","0","KBps","","n/a","0"
"Test","net.received.average","8/20/2026 4:49:40 AM","20","0","0","KBps","","n/a","0"
"Test","net.received.average","8/20/2026 4:50:00 AM","20","0","0","KBps","","n/a","0"
"Test","net.received.average","8/20/2026 4:50:20 AM","20","0","0","KBps","","n/a","0"
"Test","net.received.average","8/20/2026 4:50:40 AM","20","0","0","KBps","","n/a","0"
"Test","net.received.average","8/20/2026 4:51:00 AM","20","0","0","KBps","","n/a","0"
"Test","net.received.average","8/20/2026 4:51:20 AM","20","0","0","KBps","","n/a","0"
"Test","net.received.average","8/20/2026 4:51:40 AM","20","0","0","KBps","","n/a","0"
"Test","net.received.average","8/20/2026 4:52:00 AM","20","0","0","KBps","","n/a","0"
"Test","net.received.average","8/20/2026 4:52:20 AM","20","0","0","KBps","","n/a","0"
"Test","net.received.average","8/20/2026 4:52:40 AM","20","0","0","KBps","","n/a","0"
"Test","net.received.average","8/20/2026 4:53:00 AM","20","0","0","KBps","","n/a","0"
"Test","net.received.average","8/20/2026 4:53:20 AM","20","0","0","KBps","","n/a","0"
"Test","net.received.average","8/20/2026 4:53:40 AM","20","0","0","KBps","","n/a","0"
"Test","net.received.average","8/20/2026 4:54:00 AM","20","0","0","KBps","","n/a","0"
"Test","net.received.average","8/20/2026 4:54:20 AM","20","0","0","KBps","","n/a","0"
"Test","net.received.average","8/20/2026 4:54:40 AM","20","0","0","KBps","","n/a","0"
"Test","net.received.average","8/20/2026 4:55:00 AM","20","0","0","KBps","","n/a","0"
"Test","net.received.average","8/20/2026 4:55:20 AM","20","0","0","KBps","","n/a","0"
"Test","net.received.average","8/20/2026 4:55:40 AM","20","0","0","KBps","","n/a","0"
"Test","net.received.average","8/20/2026 4:56:00 AM","20","0","0","KBps","","n/a","0"
"Test","net.received.average","8/20/2026 4:56:20 AM","20","0","0","KBps","","n/a","0"
"Test","net.received.average","8/20/2026 4:56:40 AM","20","0","0","KBps","","n/a","0"
"Test","net.received.average","8/20/2026 4:57:00 AM","20","0","0","KBps","","n/a","0"
"Test","net.received.average","8/20/2026 4:57:20 AM","20","0","0","KBps","","n/a","0"
"Test","net.received.average","8/20/2026 4:57:40 AM","20","0","0","KBps","","n/a","0"
"Test","net.received.average","8/20/2026 4:58:00 AM","20","0","0","KBps","","n/a","0"
"Test","net.received.average","8/20/2026 4:58:20 AM","20","0","0","KBps","","n/a","0"
"Test","net.received.average","8/20/2026 4:58:40 AM","20","0","0","KBps","","n/a","0"
"Test","net.received.average","8/20/2026 4:59:00 AM","20","0","0","KBps","","n/a","0"
"Test","net.received.average","8/20/2026 4:59:20 AM","20","0","0","KBps","","n/a","0"
"Test","net.received.average","8/20/2026 4:59:40 AM","20","0","0","KBps","","n/a","0"
"Test","net.received.average","8/20/2026 5:00:00 AM","20","1","1","KBps","","n/a","0"
"Test","net.received.average","8/20/2026 5:00:20 AM","20","0","0","KBps","","n/a","0"
"Test","net.received.average","8/20/2026 5:00:40 AM","20","0","0","KBps","","n/a","0"
"Test","net.received.average","8/20/2026 5:01:00 AM","20","0","0","KBps","","n/a","0"
"Test","net.received.average","8/20/2026 5:01:20 AM","20","0","0","KBps","","n/a","0"
"Test","net.received.average","8/20/2026 5:01:40 AM","20","0","0","KBps","","n/a","0"
"Test","net.received.average","8/20/2026 5:02:00 AM","20","0","0","KBps","","n/a","0"
"Test","net.received.average","8/20/2026 5:02:20 AM","20","0","0","KBps","","n/a","0"
"Test","net.received.average","8/20/2026 5:02:40 AM","20","0","0","KBps","","n/a","0"
"Test","net.received.average","8/20/2026 5:03:00 AM","20","0","0","KBps","","n/a","0"
"Test","net.received.average","8/20/2026 5:03:20 AM","20","0","0","KBps","","n/a","0"
"Test","net.received.average","8/20/2026 5:03:40 AM","20","0","0","KBps","","n/a","0"
"Test","net.received.average","8/20/2026 5:04:00 AM","20","0","0","KBps","","n/a","0"
"Test","net.received.average","8/20/2026 5:04:20 AM","20","0","0","KBps","","n/a","0"
"Test","net.received.average","8/20/2026 5:04:40 AM","20","0","0","KBps","","n/a","0"
"Test","net.received.average","8/20/2026 5:05:00 AM","20","0","0","KBps","","n/a","0"
"Test","net.received.average","8/20/2026 5:05:20 AM","20","0","0","KBps","","n/a","0"
"Test","net.received.average","8/20/2026 5:05:40 AM","20","0","0","KBps","","n/a","0"
"Test","net.transmitted.average","8/20/2026 4:06:00 AM","20","0","0","KBps","","n/a","0"
"Test","net.transmitted.average","8/20/2026 4:06:20 AM","20","0","0","KBps","","n/a","0"
"Test","net.transmitted.average","8/20/2026 4:06:40 AM","20","0","0","KBps","","n/a","0"
"Test","net.transmitted.average","8/20/2026 4:07:00 AM","20","0","0","KBps","","n/a","0"
"Test","net.transmitted.average","8/20/2026 4:07:20 AM","20","0","0","KBps","","n/a","0"
"Test","net.transmitted.average","8/20/2026 4:07:40 AM","20","0","0","KBps","","n/a","0"
"Test","net.transmitted.average","8/20/2026 4:08:00 AM","20","0","0","KBps","","n/a","0"
"Test","net.transmitted.average","8/20/2026 4:08:20 AM","20","0","0","KBps","","n/a","0"
"Test","net.transmitted.average","8/20/2026 4:08:40 AM","20","0","0","KBps","","n/a","0"
"Test","net.transmitted.average","8/20/2026 4:09:00 AM","20","0","0","KBps","","n/a","0"
"Test","net.transmitted.average","8/20/2026 4:09:20 AM","20","0","0","KBps","","n/a","0"
"Test","net.transmitted.average","8/20/2026 4:09:40 AM","20","0","0","KBps","","n/a","0"
"Test","net.transmitted.average","8/20/2026 4:10:00 AM","20","0","0","KBps","","n/a","0"
"Test","net.transmitted.average","8/20/2026 4:10:20 AM","20","0","0","KBps","","n/a","0"
"Test","net.transmitted.average","8/20/2026 4:10:40 AM","20","0","0","KBps","","n/a","0"
"Test","net.transmitted.average","8/20/2026 4:11:00 AM","20","0","0","KBps","","n/a","0"
"Test","net.transmitted.average","8/20/2026 4:11:20 AM","20","0","0","KBps","","n/a","0"
"Test","net.transmitted.average","8/20/2026 4:11:40 AM","20","0","0","KBps","","n/a","0"
"Test","net.transmitted.average","8/20/2026 4:12:00 AM","20","0","0","KBps","","n/a","0"
"Test","net.transmitted.average","8/20/2026 4:12:20 AM","20","0","0","KBps","","n/a","0"
"Test","net.transmitted.average","8/20/2026 4:12:40 AM","20","0","0","KBps","","n/a","0"
"Test","net.transmitted.average","8/20/2026 4:13:00 AM","20","0","0","KBps","","n/a","0"
"Test","net.transmitted.average","8/20/2026 4:13:20 AM","20","0","0","KBps","","n/a","0"
"Test","net.transmitted.average","8/20/2026 4:13:40 AM","20","0","0","KBps","","n/a","0"
"Test","net.transmitted.average","8/20/2026 4:14:00 AM","20","0","0","KBps","","n/a","0"
"Test","net.transmitted.average","8/20/2026 4:14:20 AM","20","0","0","KBps","","n/a","0"
"Test","net.transmitted.average","8/20/2026 4:14:40 AM","20","0","0","KBps","","n/a","0"
"Test","net.transmitted.average","8/20/2026 4:15:00 AM","20","0","0","KBps","","n/a","0"
"Test","net.transmitted.average","8/20/2026 4:15:20 AM","20","0","0","KBps","","n/a","0"
"Test","net.transmitted.average","8/20/2026 4:15:40 AM","20","0","0","KBps","","n/a","0"
"Test","net.transmitted.average","8/20/2026 4:16:00 AM","20","0","0","KBps","","n/a","0"
"Test","net.transmitted.average","8/20/2026 4:16:20 AM","20","0","0","KBps","","n/a","0"
"Test","net.transmitted.average","8/20/2026 4:16:40 AM","20","0","0","KBps","","n/a","0"
"Test","net.transmitted.average","8/20/2026 4:17:00 AM","20","0","0","KBps","","n/a","0"
"Test","net.transmitted.average","8/20/2026 4:17:20 AM","20","0","0","KBps","","n/a","0"
"Test","net.transmitted.average","8/20/2026 4:17:40 AM","20","0","0","KBps","","n/a","0"
"Test","net.transmitted.average","8/20/2026 4:18:00 AM","20","0","0","KBps","","n/a","0"
"Test","net.transmitted.average","8/20/2026 4:18:20 AM","20","0","0","KBps","","n/a","0"
"Test","net.transmitted.average","8/20/2026 4:18:40 AM","20","0","0","KBps","","n/a","0"
"Test","net.transmitted.average","8/20/2026 4:19:00 AM","20","0","0","KBps","","n/a","0"
"Test","net.transmitted.average","8/20/2026 4:19:20 AM","20","0","0","KBps","","n/a","0"
"Test","net.transmitted.average","8/20/2026 4:19:40 AM","20","0","0","KBps","","n/a","0"
"Test","net.transmitted.average","8/20/2026 4:20:00 AM","20","0","0","KBps","","n/a","0"
"Test","net.transmitted.average","8/20/2026 4:20:20 AM","20","0","0","KBps","","n/a","0"
"Test","net.transmitted.average","8/20/2026 4:20:40 AM","20","0","0","KBps","","n/a","0"
"Test","net.transmitted.average","8/20/2026 4:21:00 AM","20","0","0","KBps","","n/a","0"
"Test","net.transmitted.average","8/20/2026 4:21:20 AM","20","0","0","KBps","","n/a","0"
"Test","net.transmitted.average","8/20/2026 4:21:40 AM","20","0","0","KBps","","n/a","0"
"Test","net.transmitted.average","8/20/2026 4:22:00 AM","20","0","0","KBps","","n/a","0"
"Test","net.transmitted.average","8/20/2026 4:22:20 AM","20","0","0","KBps","","n/a","0"
"Test","net.transmitted.average","8/20/2026 4:22:40 AM","20","0","0","KBps","","n/a","0"
"Test","net.transmitted.average","8/20/2026 4:23:00 AM","20","0","0","KBps","","n/a","0"
"Test","net.transmitted.average","8/20/2026 4:23:20 AM","20","0","0","KBps","","n/a","0"
"Test","net.transmitted.average","8/20/2026 4:23:40 AM","20","0","0","KBps","","n/a","0"
"Test","net.transmitted.average","8/20/2026 4:24:00 AM","20","0","0","KBps","","n/a","0"
"Test","net.transmitted.average","8/20/2026 4:24:20 AM","20","0","0","KBps","","n/a","0"
"Test","net.transmitted.average","8/20/2026 4:24:40 AM","20","0","0","KBps","","n/a","0"
"Test","net.transmitted.average","8/20/2026 4:25:00 AM","20","0","0","KBps","","n/a","0"
"Test","net.transmitted.average","8/20/2026 4:25:20 AM","20","0","0","KBps","","n/a","0"
"Test","net.transmitted.average","8/20/2026 4:25:40 AM","20","0","0","KBps","","n/a","0"
"Test","net.transmitted.average","8/20/2026 4:26:00 AM","20","0","0","KBps","","n/a","0"
"Test","net.transmitted.average","8/20/2026 4:26:20 AM","20","0","0","KBps","","n/a","0"
"Test","net.transmitted.average","8/20/2026 4:26:40 AM","20","0","0","KBps","","n/a","0"
"Test","net.transmitted.average","8/20/2026 4:27:00 AM","20","0","0","KBps","","n/a","0"
"Test","net.transmitted.average","8/20/2026 4:27:20 AM","20","0","0","KBps","","n/a","0"
"Test","net.transmitted.average","8/20/2026 4:27:40 AM","20","0","0","KBps","","n/a","0"
"Test","net.transmitted.average","8/20/2026 4:28:00 AM","20","0","0","KBps","","n/a","0"
"Test","net.transmitted.average","8/20/2026 4:28:20 AM","20","0","0","KBps","","n/a","0"
"Test","net.transmitted.average","8/20/2026 4:28:40 AM","20","0","0","KBps","","n/a","0"
"Test","net.transmitted.average","8/20/2026 4:29:00 AM","20","0","0","KBps","","n/a","0"
"Test","net.transmitted.average","8/20/2026 4:29:20 AM","20","0","0","KBps","","n/a","0"
"Test","net.transmitted.average","8/20/2026 4:29:40 AM","20","0","0","KBps","","n/a","0"
"Test","net.transmitted.average","8/20/2026 4:30:00 AM","20","0","0","KBps","","n/a","0"
"Test","net.transmitted.average","8/20/2026 4:30:20 AM","20","0","0","KBps","","n/a","0"
"Test","net.transmitted.average","8/20/2026 4:30:40 AM","20","0","0","KBps","","n/a","0"
"Test","net.transmitted.average","8/20/2026 4:31:00 AM","20","0","0","KBps","","n/a","0"
"Test","net.transmitted.average","8/20/2026 4:31:20 AM","20","0","0","KBps","","n/a","0"
"Test","net.transmitted.average","8/20/2026 4:31:40 AM","20","0","0","KBps","","n/a","0"
"Test","net.transmitted.average","8/20/2026 4:32:00 AM","20","0","0","KBps","","n/a","0"
"Test","net.transmitted.average","8/20/2026 4:32:20 AM","20","0","0","KBps","","n/a","0"
"Test","net.transmitted.average","8/20/2026 4:32:40 AM","20","0","0","KBps","","n/a","0"
"Test","net.transmitted.average","8/20/2026 4:33:00 AM","20","0","0","KBps","","n/a","0"
"Test","net.transmitted.average","8/20/2026 4:33:20 AM","20","0","0","KBps","","n/a","0"
"Test","net.transmitted.average","8/20/2026 4:33:40 AM","20","0","0","KBps","","n/a","0"
"Test","net.transmitted.average","8/20/2026 4:34:00 AM","20","0","0","KBps","","n/a","0"
"Test","net.transmitted.average","8/20/2026 4:34:20 AM","20","0","0","KBps","","n/a","0"
"Test","net.transmitted.average","8/20/2026 4:34:40 AM","20","0","0","KBps","","n/a","0"
"Test","net.transmitted.average","8/20/2026 4:35:00 AM","20","0","0","KBps","","n/a","0"
"Test","net.transmitted.average","8/20/2026 4:35:20 AM","20","0","0","KBps","","n/a","0"
"Test","net.transmitted.average","8/20/2026 4:35:40 AM","20","0","0","KBps","","n/a","0"
"Test","net.transmitted.average","8/20/2026 4:36:00 AM","20","32","32","KBps","","n/a","0"
"Test","net.transmitted.average","8/20/2026 4:36:20 AM","20","0","0","KBps","","n/a","0"
"Test","net.transmitted.average","8/20/2026 4:36:40 AM","20","0","0","KBps","","n/a","0"
"Test","net.transmitted.average","8/20/2026 4:37:00 AM","20","0","0","KBps","","n/a","0"
"Test","net.transmitted.average","8/20/2026 4:37:20 AM","20","0","0","KBps","","n/a","0"
"Test","net.transmitted.average","8/20/2026 4:37:40 AM","20","0","0","KBps","","n/a","0"
"Test","net.transmitted.average","8/20/2026 4:38:00 AM","20","0","0","KBps","","n/a","0"
"Test","net.transmitted.average","8/20/2026 4:38:20 AM","20","0","0","KBps","","n/a","0"
"Test","net.transmitted.average","8/20/2026 4:38:40 AM","20","0","0","KBps","","n/a","0"
"Test","net.transmitted.average","8/20/2026 4:39:00 AM","20","0","0","KBps","","n/a","0"
"Test","net.transmitted.average","8/20/2026 4:39:20 AM","20","0","0","KBps","","n/a","0"
"Test","net.transmitted.average","8/20/2026 4:39:40 AM","20","0","0","KBps","","n/a","0"
"Test","net.transmitted.average","8/20/2026 4:40:00 AM","20","0","0","KBps","","n/a","0"
"Test","net.transmitted.average","8/20/2026 4:40:20 AM","20","0","0","KBps","","n/a","0"
"Test","net.transmitted.average","8/20/2026 4:40:40 AM","20","0","0","KBps","","n/a","0"
"Test","net.transmitted.average","8/20/2026 4:41:00 AM","20","0","0","KBps","","n/a","0"
"Test","net.transmitted.average","8/20/2026 4:41:20 AM","20","0","0","KBps","","n/a","0"
"Test","net.transmitted.average","8/20/2026 4:41:40 AM","20","0","0","KBps","","n/a","0"
"Test","net.transmitted.average","8/20/2026 4:42:00 AM","20","0","0","KBps","","n/a","0"
"Test","net.transmitted.average","8/20/2026 4:42:20 AM","20","0","0","KBps","","n/a","0"
"Test","net.transmitted.average","8/20/2026 4:42:40 AM","20","0","0","KBps","","n/a","0"
"Test","net.transmitted.average","8/20/2026 4:43:00 AM","20","0","0","KBps","","n/a","0"
"Test","net.transmitted.average","8/20/2026 4:43:20 AM","20","0","0","KBps","","n/a","0"
"Test","net.transmitted.average","8/20/2026 4:43:40 AM","20","0","0","KBps","","n/a","0"
"Test","net.transmitted.average","8/20/2026 4:44:00 AM","20","0","0","KBps","","n/a","0"
"Test","net.transmitted.average","8/20/2026 4:44:20 AM","20","0","0","KBps","","n/a","0"
"Test","net.transmitted.average","8/20/2026 4:44:40 AM","20","0","0","KBps","","n/a","0"
"Test","net.transmitted.average","8/20/2026 4:45:00 AM","20","0","0","KBps","","n/a","0"
"Test","net.transmitted.average","8/20/2026 4:45:20 AM","20","0","0","KBps","","n/a","0"
"Test","net.transmitted.average","8/20/2026 4:45:40 AM","20","0","0","KBps","","n/a","0"
"Test","net.transmitted.average","8/20/2026 4:46:00 AM","20","0","0","KBps","","n/a","0"
"Test","net.transmitted.average","8/20/2026 4:46:20 AM","20","0","0","KBps","","n/a","0"
"Test","net.transmitted.average","8/20/2026 4:46:40 AM","20","0","0","KBps","","n/a","0"
"Test","net.transmitted.average","8/20/2026 4:47:00 AM","20","0","0","KBps","","n/a","0"
"Test","net.transmitted.average","8/20/2026 4:47:20 AM","20","0","0","KBps","","n/a","0"
"Test","net.transmitted.average","8/20/2026 4:47:40 AM","20","0","0","KBps","","n/a","0"
"Test","net.transmitted.average","8/20/2026 4:48:00 AM","20","0","0","KBps","","n/a","0"
"Test","net.transmitted.average","8/20/2026 4:48:20 AM","20","0","0","KBps","","n/a","0"
"Test","net.transmitted.average","8/20/2026 4:48:40 AM","20","0","0","KBps","","n/a","0"
"Test","net.transmitted.average","8/20/2026 4:49:00 AM","20","0","0","KBps","","n/a","0"
"Test","net.transmitted.average","8/20/2026 4:49:20 AM","20","0","0","KBps","","n/a","0"
"Test","net.transmitted.average","8/20/2026 4:49:40 AM","20","0","0","KBps","","n/a","0"
"Test","net.transmitted.average","8/20/2026 4:50:00 AM","20","0","0","KBps","","n/a","0"
"Test","net.transmitted.average","8/20/2026 4:50:20 AM","20","0","0","KBps","","n/a","0"
"Test","net.transmitted.average","8/20/2026 4:50:40 AM","20","0","0","KBps","","n/a","0"
"Test","net.transmitted.average","8/20/2026 4:51:00 AM","20","0","0","KBps","","n/a","0"
"Test","net.transmitted.average","8/20/2026 4:51:20 AM","20","0","0","KBps","","n/a","0"
"Test","net.transmitted.average","8/20/2026 4:51:40 AM","20","0","0","KBps","","n/a","0"
"Test","net.transmitted.average","8/20/2026 4:52:00 AM","20","0","0","KBps","","n/a","0"
"Test","net.transmitted.average","8/20/2026 4:52:20 AM","20","0","0","KBps","","n/a","0"
"Test","net.transmitted.average","8/20/2026 4:52:40 AM","20","0","0","KBps","","n/a","0"
"Test","net.transmitted.average","8/20/2026 4:53:00 AM","20","0","0","KBps","","n/a","0"
"Test","net.transmitted.average","8/20/2026 4:53:20 AM","20","0","0","KBps","","n/a","0"
"Test","net.transmitted.average","8/20/2026 4:53:40 AM","20","0","0","KBps","","n/a","0"
"Test","net.transmitted.average","8/20/2026 4:54:00 AM","20","0","0","KBps","","n/a","0"
"Test","net.transmitted.average","8/20/2026 4:54:20 AM","20","0","0","KBps","","n/a","0"
"Test","net.transmitted.average","8/20/2026 4:54:40 AM","20","0","0","KBps","","n/a","0"
"Test","net.transmitted.average","8/20/2026 4:55:00 AM","20","0","0","KBps","","n/a","0"
"Test","net.transmitted.average","8/20/2026 4:55:20 AM","20","0","0","KBps","","n/a","0"
"Test","net.transmitted.average","8/20/2026 4:55:40 AM","20","0","0","KBps","","n/a","0"
"Test","net.transmitted.average","8/20/2026 4:56:00 AM","20","0","0","KBps","","n/a","0"
"Test","net.transmitted.average","8/20/2026 4:56:20 AM","20","0","0","KBps","","n/a","0"
"Test","net.transmitted.average","8/20/2026 4:56:40 AM","20","0","0","KBps","","n/a","0"
"Test","net.transmitted.average","8/20/2026 4:57:00 AM","20","0","0","KBps","","n/a","0"
"Test","net.transmitted.average","8/20/2026 4:57:20 AM","20","0","0","KBps","","n/a","0"
"Test","net.transmitted.average","8/20/2026 4:57:40 AM","20","0","0","KBps","","n/a","0"
"Test","net.transmitted.average","8/20/2026 4:58:00 AM","20","0","0","KBps","","n/a","0"
"Test","net.transmitted.average","8/20/2026 4:58:20 AM","20","0","0","KBps","","n/a","0"
"Test","net.transmitted.average","8/20/2026 4:58:40 AM","20","0","0","KBps","","n/a","0"
"Test","net.transmitted.average","8/20/2026 4:59:00 AM","20","0","0","KBps","","n/a","0"
"Test","net.transmitted.average","8/20/2026 4:59:20 AM","20","0","0","KBps","","n/a","0"
"Test","net.transmitted.average","8/20/2026 4:59:40 AM","20","0","0","KBps","","n/a","0"
"Test","net.transmitted.average","8/20/2026 5:00:00 AM","20","0","0","KBps","","n/a","0"
"Test","net.transmitted.average","8/20/2026 5:00:20 AM","20","0","0","KBps","","n/a","0"
"Test","net.transmitted.average","8/20/2026 5:00:40 AM","20","0","0","KBps","","n/a","0"
"Test","net.transmitted.average","8/20/2026 5:01:00 AM","20","0","0","KBps","","n/a","0"
"Test","net.transmitted.average","8/20/2026 5:01:20 AM","20","0","0","KBps","","n/a","0"
"Test","net.transmitted.average","8/20/2026 5:01:40 AM","20","0","0","KBps","","n/a","0"
"Test","net.transmitted.average","8/20/2026 5:02:00 AM","20","0","0","KBps","","n/a","0"
"Test","net.transmitted.average","8/20/2026 5:02:20 AM","20","0","0","KBps","","n/a","0"
"Test","net.transmitted.average","8/20/2026 5:02:40 AM","20","0","0","KBps","","n/a","0"
"Test","net.transmitted.average","8/20/2026 5:03:00 AM","20","0","0","KBps","","n/a","0"
"Test","net.transmitted.average","8/20/2026 5:03:20 AM","20","0","0","KBps","","n/a","0"
"Test","net.transmitted.average","8/20/2026 5:03:40 AM","20","0","0","KBps","","n/a","0"
"Test","net.transmitted.average","8/20/2026 5:04:00 AM","20","0","0","KBps","","n/a","0"
"Test","net.transmitted.average","8/20/2026 5:04:20 AM","20","0","0","KBps","","n/a","0"
"Test","net.transmitted.average","8/20/2026 5:04:40 AM","20","0","0","KBps","","n/a","0"
"Test","net.transmitted.average","8/20/2026 5:05:00 AM","20","0","0","KBps","","n/a","0"
"Test","net.transmitted.average","8/20/2026 5:05:20 AM","20","0","0","KBps","","n/a","0"
"Test","net.transmitted.average","8/20/2026 5:05:40 AM","20","0","0","KBps","","n/a","0"
"Test","virtualdisk.numberreadaveraged.average","8/20/2026 4:06:00 AM","20","0","0","number","scsi0:0","n/a","0"
"Test","virtualdisk.numberreadaveraged.average","8/20/2026 4:06:20 AM","20","0","0","number","scsi0:0","n/a","0"
"Test","virtualdisk.numberreadaveraged.average","8/20/2026 4:06:40 AM","20","0","0","number","scsi0:0","n/a","0"
"Test","virtualdisk.numberreadaveraged.average","8/20/2026 4:07:00 AM","20","0","0","number","scsi0:0","n/a","0"
"Test","virtualdisk.numberreadaveraged.average","8/20/2026 4:07:20 AM","20","0","0","number","scsi0:0","n/a","0"
"Test","virtualdisk.numberreadaveraged.average","8/20/2026 4:07:40 AM","20","0","0","number","scsi0:0","n/a","0"
"Test","virtualdisk.numberreadaveraged.average","8/20/2026 4:08:00 AM","20","0","0","number","scsi0:0","n/a","0"
"Test","virtualdisk.numberreadaveraged.average","8/20/2026 4:08:20 AM","20","0","0","number","scsi0:0","n/a","0"
"Test","virtualdisk.numberreadaveraged.average","8/20/2026 4:08:40 AM","20","0","0","number","scsi0:0","n/a","0"
"Test","virtualdisk.numberreadaveraged.average","8/20/2026 4:09:00 AM","20","0","0","number","scsi0:0","n/a","0"
"Test","virtualdisk.numberreadaveraged.average","8/20/2026 4:09:20 AM","20","0","0","number","scsi0:0","n/a","0"
"Test","virtualdisk.numberreadaveraged.average","8/20/2026 4:09:40 AM","20","0","0","number","scsi0:0","n/a","0"
"Test","virtualdisk.numberreadaveraged.average","8/20/2026 4:10:00 AM","20","0","0","number","scsi0:0","n/a","0"
"Test","virtualdisk.numberreadaveraged.average","8/20/2026 4:10:20 AM","20","0","0","number","scsi0:0","n/a","0"
"Test","virtualdisk.numberreadaveraged.average","8/20/2026 4:10:40 AM","20","0","0","number","scsi0:0","n/a","0"
"Test","virtualdisk.numberreadaveraged.average","8/20/2026 4:11:00 AM","20","0","0","number","scsi0:0","n/a","0"
"Test","virtualdisk.numberreadaveraged.average","8/20/2026 4:11:20 AM","20","0","0","number","scsi0:0","n/a","0"
"Test","virtualdisk.numberreadaveraged.average","8/20/2026 4:11:40 AM","20","0","0","number","scsi0:0","n/a","0"
"Test","virtualdisk.numberreadaveraged.average","8/20/2026 4:12:00 AM","20","0","0","number","scsi0:0","n/a","0"
"Test","virtualdisk.numberreadaveraged.average","8/20/2026 4:12:20 AM","20","0","0","number","scsi0:0","n/a","0"
"Test","virtualdisk.numberreadaveraged.average","8/20/2026 4:12:40 AM","20","0","0","number","scsi0:0","n/a","0"
"Test","virtualdisk.numberreadaveraged.average","8/20/2026 4:13:00 AM","20","0","0","number","scsi0:0","n/a","0"
"Test","virtualdisk.numberreadaveraged.average","8/20/2026 4:13:20 AM","20","0","0","number","scsi0:0","n/a","0"
"Test","virtualdisk.numberreadaveraged.average","8/20/2026 4:13:40 AM","20","0","0","number","scsi0:0","n/a","0"
"Test","virtualdisk.numberreadaveraged.average","8/20/2026 4:14:00 AM","20","0","0","number","scsi0:0","n/a","0"
"Test","virtualdisk.numberreadaveraged.average","8/20/2026 4:14:20 AM","20","0","0","number","scsi0:0","n/a","0"
"Test","virtualdisk.numberreadaveraged.average","8/20/2026 4:14:40 AM","20","0","0","number","scsi0:0","n/a","0"
"Test","virtualdisk.numberreadaveraged.average","8/20/2026 4:15:00 AM","20","0","0","number","scsi0:0","n/a","0"
"Test","virtualdisk.numberreadaveraged.average","8/20/2026 4:15:20 AM","20","0","0","number","scsi0:0","n/a","0"
"Test","virtualdisk.numberreadaveraged.average","8/20/2026 4:15:40 AM","20","0","0","number","scsi0:0","n/a","0"
"Test","virtualdisk.numberreadaveraged.average","8/20/2026 4:16:00 AM","20","0","0","number","scsi0:0","n/a","0"
"Test","virtualdisk.numberreadaveraged.average","8/20/2026 4:16:20 AM","20","0","0","number","scsi0:0","n/a","0"
"Test","virtualdisk.numberreadaveraged.average","8/20/2026 4:16:40 AM","20","0","0","number","scsi0:0","n/a","0"
"Test","virtualdisk.numberreadaveraged.average","8/20/2026 4:17:00 AM","20","0","0","number","scsi0:0","n/a","0"
"Test","virtualdisk.numberreadaveraged.average","8/20/2026 4:17:20 AM","20","0","0","number","scsi0:0","n/a","0"
"Test","virtualdisk.numberreadaveraged.average","8/20/2026 4:17:40 AM","20","0","0","number","scsi0:0","n/a","0"
"Test","virtualdisk.numberreadaveraged.average","8/20/2026 4:18:00 AM","20","0","0","number","scsi0:0","n/a","0"
"Test","virtualdisk.numberreadaveraged.average","8/20/2026 4:18:20 AM","20","0","0","number","scsi0:0","n/a","0"
"Test","virtualdisk.numberreadaveraged.average","8/20/2026 4:18:40 AM","20","0","0","number","scsi0:0","n/a","0"
"Test","virtualdisk.numberreadaveraged.average","8/20/2026 4:19:00 AM","20","0","0","number","scsi0:0","n/a","0"
"Test","virtualdisk.numberreadaveraged.average","8/20/2026 4:19:20 AM","20","0","0","number","scsi0:0","n/a","0"
"Test","virtualdisk.numberreadaveraged.average","8/20/2026 4:19:40 AM","20","0","0","number","scsi0:0","n/a","0"
"Test","virtualdisk.numberreadaveraged.average","8/20/2026 4:20:00 AM","20","0","0","number","scsi0:0","n/a","0"
"Test","virtualdisk.numberreadaveraged.average","8/20/2026 4:20:20 AM","20","0","0","number","scsi0:0","n/a","0"
"Test","virtualdisk.numberreadaveraged.average","8/20/2026 4:20:40 AM","20","1","1","number","scsi0:0","n/a","0"
"Test","virtualdisk.numberreadaveraged.average","8/20/2026 4:21:00 AM","20","0","0","number","scsi0:0","n/a","0"
"Test","virtualdisk.numberreadaveraged.average","8/20/2026 4:21:20 AM","20","0","0","number","scsi0:0","n/a","0"
"Test","virtualdisk.numberreadaveraged.average","8/20/2026 4:21:40 AM","20","0","0","number","scsi0:0","n/a","0"
"Test","virtualdisk.numberreadaveraged.average","8/20/2026 4:22:00 AM","20","0","0","number","scsi0:0","n/a","0"
"Test","virtualdisk.numberreadaveraged.average","8/20/2026 4:22:20 AM","20","0","0","number","scsi0:0","n/a","0"
"Test","virtualdisk.numberreadaveraged.average","8/20/2026 4:22:40 AM","20","0","0","number","scsi0:0","n/a","0"
"Test","virtualdisk.numberreadaveraged.average","8/20/2026 4:23:00 AM","20","0","0","number","scsi0:0","n/a","0"
"Test","virtualdisk.numberreadaveraged.average","8/20/2026 4:23:20 AM","20","0","0","number","scsi0:0","n/a","0"
"Test","virtualdisk.numberreadaveraged.average","8/20/2026 4:23:40 AM","20","0","0","number","scsi0:0","n/a","0"
"Test","virtualdisk.numberreadaveraged.average","8/20/2026 4:24:00 AM","20","0","0","number","scsi0:0","n/a","0"
"Test","virtualdisk.numberreadaveraged.average","8/20/2026 4:24:20 AM","20","0","0","number","scsi0:0","n/a","0"
"Test","virtualdisk.numberreadaveraged.average","8/20/2026 4:24:40 AM","20","0","0","number","scsi0:0","n/a","0"
"Test","virtualdisk.numberreadaveraged.average","8/20/2026 4:25:00 AM","20","0","0","number","scsi0:0","n/a","0"
"Test","virtualdisk.numberreadaveraged.average","8/20/2026 4:25:20 AM","20","0","0","number","scsi0:0","n/a","0"
"Test","virtualdisk.numberreadaveraged.average","8/20/2026 4:25:40 AM","20","1","1","number","scsi0:0","n/a","0"
"Test","virtualdisk.numberreadaveraged.average","8/20/2026 4:26:00 AM","20","0","0","number","scsi0:0","n/a","0"
"Test","virtualdisk.numberreadaveraged.average","8/20/2026 4:26:20 AM","20","0","0","number","scsi0:0","n/a","0"
"Test","virtualdisk.numberreadaveraged.average","8/20/2026 4:26:40 AM","20","0","0","number","scsi0:0","n/a","0"
"Test","virtualdisk.numberreadaveraged.average","8/20/2026 4:27:00 AM","20","0","0","number","scsi0:0","n/a","0"
"Test","virtualdisk.numberreadaveraged.average","8/20/2026 4:27:20 AM","20","0","0","number","scsi0:0","n/a","0"
"Test","virtualdisk.numberreadaveraged.average","8/20/2026 4:27:40 AM","20","0","0","number","scsi0:0","n/a","0"
"Test","virtualdisk.numberreadaveraged.average","8/20/2026 4:28:00 AM","20","0","0","number","scsi0:0","n/a","0"
"Test","virtualdisk.numberreadaveraged.average","8/20/2026 4:28:20 AM","20","0","0","number","scsi0:0","n/a","0"
"Test","virtualdisk.numberreadaveraged.average","8/20/2026 4:28:40 AM","20","0","0","number","scsi0:0","n/a","0"
"Test","virtualdisk.numberreadaveraged.average","8/20/2026 4:29:00 AM","20","0","0","number","scsi0:0","n/a","0"
"Test","virtualdisk.numberreadaveraged.average","8/20/2026 4:29:20 AM","20","0","0","number","scsi0:0","n/a","0"
"Test","virtualdisk.numberreadaveraged.average","8/20/2026 4:29:40 AM","20","0","0","number","scsi0:0","n/a","0"
"Test","virtualdisk.numberreadaveraged.average","8/20/2026 4:30:00 AM","20","0","0","number","scsi0:0","n/a","0"
"Test","virtualdisk.numberreadaveraged.average","8/20/2026 4:30:20 AM","20","0","0","number","scsi0:0","n/a","0"
"Test","virtualdisk.numberreadaveraged.average","8/20/2026 4:30:40 AM","20","0","0","number","scsi0:0","n/a","0"
"Test","virtualdisk.numberreadaveraged.average","8/20/2026 4:31:00 AM","20","0","0","number","scsi0:0","n/a","0"
"Test","virtualdisk.numberreadaveraged.average","8/20/2026 4:31:20 AM","20","0","0","number","scsi0:0","n/a","0"
"Test","virtualdisk.numberreadaveraged.average","8/20/2026 4:31:40 AM","20","0","0","number","scsi0:0","n/a","0"
"Test","virtualdisk.numberreadaveraged.average","8/20/2026 4:32:00 AM","20","0","0","number","scsi0:0","n/a","0"
"Test","virtualdisk.numberreadaveraged.average","8/20/2026 4:32:20 AM","20","0","0","number","scsi0:0","n/a","0"
"Test","virtualdisk.numberreadaveraged.average","8/20/2026 4:32:40 AM","20","0","0","number","scsi0:0","n/a","0"
"Test","virtualdisk.numberreadaveraged.average","8/20/2026 4:33:00 AM","20","0","0","number","scsi0:0","n/a","0"
"Test","virtualdisk.numberreadaveraged.average","8/20/2026 4:33:20 AM","20","0","0","number","scsi0:0","n/a","0"
"Test","virtualdisk.numberreadaveraged.average","8/20/2026 4:33:40 AM","20","0","0","number","scsi0:0","n/a","0"
"Test","virtualdisk.numberreadaveraged.average","8/20/2026 4:34:00 AM","20","0","0","number","scsi0:0","n/a","0"
"Test","virtualdisk.numberreadaveraged.average","8/20/2026 4:34:20 AM","20","0","0","number","scsi0:0","n/a","0"
"Test","virtualdisk.numberreadaveraged.average","8/20/2026 4:34:40 AM","20","0","0","number","scsi0:0","n/a","0"
"Test","virtualdisk.numberreadaveraged.average","8/20/2026 4:35:00 AM","20","0","0","number","scsi0:0","n/a","0"
"Test","virtualdisk.numberreadaveraged.average","8/20/2026 4:35:20 AM","20","0","0","number","scsi0:0","n/a","0"
"Test","virtualdisk.numberreadaveraged.average","8/20/2026 4:35:40 AM","20","0","0","number","scsi0:0","n/a","0"
"Test","virtualdisk.numberreadaveraged.average","8/20/2026 4:36:00 AM","20","0","0","number","scsi0:0","n/a","0"
"Test","virtualdisk.numberreadaveraged.average","8/20/2026 4:36:20 AM","20","0","0","number","scsi0:0","n/a","0"
"Test","virtualdisk.numberreadaveraged.average","8/20/2026 4:36:40 AM","20","0","0","number","scsi0:0","n/a","0"
"Test","virtualdisk.numberreadaveraged.average","8/20/2026 4:37:00 AM","20","0","0","number","scsi0:0","n/a","0"
"Test","virtualdisk.numberreadaveraged.average","8/20/2026 4:37:20 AM","20","0","0","number","scsi0:0","n/a","0"
"Test","virtualdisk.numberreadaveraged.average","8/20/2026 4:37:40 AM","20","0","0","number","scsi0:0","n/a","0"
"Test","virtualdisk.numberreadaveraged.average","8/20/2026 4:38:00 AM","20","0","0","number","scsi0:0","n/a","0"
"Test","virtualdisk.numberreadaveraged.average","8/20/2026 4:38:20 AM","20","0","0","number","scsi0:0","n/a","0"
"Test","virtualdisk.numberreadaveraged.average","8/20/2026 4:38:40 AM","20","0","0","number","scsi0:0","n/a","0"
"Test","virtualdisk.numberreadaveraged.average","8/20/2026 4:39:00 AM","20","0","0","number","scsi0:0","n/a","0"
"Test","virtualdisk.numberreadaveraged.average","8/20/2026 4:39:20 AM","20","0","0","number","scsi0:0","n/a","0"
"Test","virtualdisk.numberreadaveraged.average","8/20/2026 4:39:40 AM","20","0","0","number","scsi0:0","n/a","0"
"Test","virtualdisk.numberreadaveraged.average","8/20/2026 4:40:00 AM","20","0","0","number","scsi0:0","n/a","0"
"Test","virtualdisk.numberreadaveraged.average","8/20/2026 4:40:20 AM","20","0","0","number","scsi0:0","n/a","0"
"Test","virtualdisk.numberreadaveraged.average","8/20/2026 4:40:40 AM","20","0","0","number","scsi0:0","n/a","0"
"Test","virtualdisk.numberreadaveraged.average","8/20/2026 4:41:00 AM","20","0","0","number","scsi0:0","n/a","0"
"Test","virtualdisk.numberreadaveraged.average","8/20/2026 4:41:20 AM","20","0","0","number","scsi0:0","n/a","0"
"Test","virtualdisk.numberreadaveraged.average","8/20/2026 4:41:40 AM","20","0","0","number","scsi0:0","n/a","0"
"Test","virtualdisk.numberreadaveraged.average","8/20/2026 4:42:00 AM","20","0","0","number","scsi0:0","n/a","0"
"Test","virtualdisk.numberreadaveraged.average","8/20/2026 4:42:20 AM","20","0","0","number","scsi0:0","n/a","0"
"Test","virtualdisk.numberreadaveraged.average","8/20/2026 4:42:40 AM","20","0","0","number","scsi0:0","n/a","0"
"Test","virtualdisk.numberreadaveraged.average","8/20/2026 4:43:00 AM","20","0","0","number","scsi0:0","n/a","0"
"Test","virtualdisk.numberreadaveraged.average","8/20/2026 4:43:20 AM","20","0","0","number","scsi0:0","n/a","0"
"Test","virtualdisk.numberreadaveraged.average","8/20/2026 4:43:40 AM","20","0","0","number","scsi0:0","n/a","0"
"Test","virtualdisk.numberreadaveraged.average","8/20/2026 4:44:00 AM","20","0","0","number","scsi0:0","n/a","0"
"Test","virtualdisk.numberreadaveraged.average","8/20/2026 4:44:20 AM","20","0","0","number","scsi0:0","n/a","0"
"Test","virtualdisk.numberreadaveraged.average","8/20/2026 4:44:40 AM","20","0","0","number","scsi0:0","n/a","0"
"Test","virtualdisk.numberreadaveraged.average","8/20/2026 4:45:00 AM","20","0","0","number","scsi0:0","n/a","0"
"Test","virtualdisk.numberreadaveraged.average","8/20/2026 4:45:20 AM","20","0","0","number","scsi0:0","n/a","0"
"Test","virtualdisk.numberreadaveraged.average","8/20/2026 4:45:40 AM","20","0","0","number","scsi0:0","n/a","0"
"Test","virtualdisk.numberreadaveraged.average","8/20/2026 4:46:00 AM","20","0","0","number","scsi0:0","n/a","0"
"Test","virtualdisk.numberreadaveraged.average","8/20/2026 4:46:20 AM","20","0","0","number","scsi0:0","n/a","0"
"Test","virtualdisk.numberreadaveraged.average","8/20/2026 4:46:40 AM","20","0","0","number","scsi0:0","n/a","0"
"Test","virtualdisk.numberreadaveraged.average","8/20/2026 4:47:00 AM","20","0","0","number","scsi0:0","n/a","0"
"Test","virtualdisk.numberreadaveraged.average","8/20/2026 4:47:20 AM","20","0","0","number","scsi0:0","n/a","0"
"Test","virtualdisk.numberreadaveraged.average","8/20/2026 4:47:40 AM","20","0","0","number","scsi0:0","n/a","0"
"Test","virtualdisk.numberreadaveraged.average","8/20/2026 4:48:00 AM","20","0","0","number","scsi0:0","n/a","0"
"Test","virtualdisk.numberreadaveraged.average","8/20/2026 4:48:20 AM","20","0","0","number","scsi0:0","n/a","0"
"Test","virtualdisk.numberreadaveraged.average","8/20/2026 4:48:40 AM","20","0","0","number","scsi0:0","n/a","0"
"Test","virtualdisk.numberreadaveraged.average","8/20/2026 4:49:00 AM","20","0","0","number","scsi0:0","n/a","0"
"Test","virtualdisk.numberreadaveraged.average","8/20/2026 4:49:20 AM","20","0","0","number","scsi0:0","n/a","0"
"Test","virtualdisk.numberreadaveraged.average","8/20/2026 4:49:40 AM","20","0","0","number","scsi0:0","n/a","0"
"Test","virtualdisk.numberreadaveraged.average","8/20/2026 4:50:00 AM","20","0","0","number","scsi0:0","n/a","0"
"Test","virtualdisk.numberreadaveraged.average","8/20/2026 4:50:20 AM","20","0","0","number","scsi0:0","n/a","0"
"Test","virtualdisk.numberreadaveraged.average","8/20/2026 4:50:40 AM","20","0","0","number","scsi0:0","n/a","0"
"Test","virtualdisk.numberreadaveraged.average","8/20/2026 4:51:00 AM","20","0","0","number","scsi0:0","n/a","0"
"Test","virtualdisk.numberreadaveraged.average","8/20/2026 4:51:20 AM","20","0","0","number","scsi0:0","n/a","0"
"Test","virtualdisk.numberreadaveraged.average","8/20/2026 4:51:40 AM","20","0","0","number","scsi0:0","n/a","0"
"Test","virtualdisk.numberreadaveraged.average","8/20/2026 4:52:00 AM","20","0","0","number","scsi0:0","n/a","0"
"Test","virtualdisk.numberreadaveraged.average","8/20/2026 4:52:20 AM","20","0","0","number","scsi0:0","n/a","0"
"Test","virtualdisk.numberreadaveraged.average","8/20/2026 4:52:40 AM","20","0","0","number","scsi0:0","n/a","0"
"Test","virtualdisk.numberreadaveraged.average","8/20/2026 4:53:00 AM","20","0","0","number","scsi0:0","n/a","0"
"Test","virtualdisk.numberreadaveraged.average","8/20/2026 4:53:20 AM","20","0","0","number","scsi0:0","n/a","0"
"Test","virtualdisk.numberreadaveraged.average","8/20/2026 4:53:40 AM","20","0","0","number","scsi0:0","n/a","0"
"Test","virtualdisk.numberreadaveraged.average","8/20/2026 4:54:00 AM","20","0","0","number","scsi0:0","n/a","0"
"Test","virtualdisk.numberreadaveraged.average","8/20/2026 4:54:20 AM","20","0","0","number","scsi0:0","n/a","0"
"Test","virtualdisk.numberreadaveraged.average","8/20/2026 4:54:40 AM","20","0","0","number","scsi0:0","n/a","0"
"Test","virtualdisk.numberreadaveraged.average","8/20/2026 4:55:00 AM","20","0","0","number","scsi0:0","n/a","0"
"Test","virtualdisk.numberreadaveraged.average","8/20/2026 4:55:20 AM","20","0","0","number","scsi0:0","n/a","0"
"Test","virtualdisk.numberreadaveraged.average","8/20/2026 4:55:40 AM","20","0","0","number","scsi0:0","n/a","0"
"Test","virtualdisk.numberreadaveraged.average","8/20/2026 4:56:00 AM","20","0","0","number","scsi0:0","n/a","0"
"Test","virtualdisk.numberreadaveraged.average","8/20/2026 4:56:20 AM","20","0","0","number","scsi0:0","n/a","0"
"Test","virtualdisk.numberreadaveraged.average","8/20/2026 4:56:40 AM","20","0","0","number","scsi0:0","n/a","0"
"Test","virtualdisk.numberreadaveraged.average","8/20/2026 4:57:00 AM","20","0","0","number","scsi0:0","n/a","0"
"Test","virtualdisk.numberreadaveraged.average","8/20/2026 4:57:20 AM","20","0","0","number","scsi0:0","n/a","0"
"Test","virtualdisk.numberreadaveraged.average","8/20/2026 4:57:40 AM","20","0","0","number","scsi0:0","n/a","0"
"Test","virtualdisk.numberreadaveraged.average","8/20/2026 4:58:00 AM","20","0","0","number","scsi0:0","n/a","0"
"Test","virtualdisk.numberreadaveraged.average","8/20/2026 4:58:20 AM","20","0","0","number","scsi0:0","n/a","0"
"Test","virtualdisk.numberreadaveraged.average","8/20/2026 4:58:40 AM","20","0","0","number","scsi0:0","n/a","0"
"Test","virtualdisk.numberreadaveraged.average","8/20/2026 4:59:00 AM","20","0","0","number","scsi0:0","n/a","0"
"Test","virtualdisk.numberreadaveraged.average","8/20/2026 4:59:20 AM","20","0","0","number","scsi0:0","n/a","0"
"Test","virtualdisk.numberreadaveraged.average","8/20/2026 4:59:40 AM","20","0","0","number","scsi0:0","n/a","0"
"Test","virtualdisk.numberreadaveraged.average","8/20/2026 5:00:00 AM","20","0","0","number","scsi0:0","n/a","0"
"Test","virtualdisk.numberreadaveraged.average","8/20/2026 5:00:20 AM","20","0","0","number","scsi0:0","n/a","0"
"Test","virtualdisk.numberreadaveraged.average","8/20/2026 5:00:40 AM","20","0","0","number","scsi0:0","n/a","0"
"Test","virtualdisk.numberreadaveraged.average","8/20/2026 5:01:00 AM","20","0","0","number","scsi0:0","n/a","0"
"Test","virtualdisk.numberreadaveraged.average","8/20/2026 5:01:20 AM","20","0","0","number","scsi0:0","n/a","0"
"Test","virtualdisk.numberreadaveraged.average","8/20/2026 5:01:40 AM","20","0","0","number","scsi0:0","n/a","0"
"Test","virtualdisk.numberreadaveraged.average","8/20/2026 5:02:00 AM","20","0","0","number","scsi0:0","n/a","0"
"Test","virtualdisk.numberreadaveraged.average","8/20/2026 5:02:20 AM","20","0","0","number","scsi0:0","n/a","0"
"Test","virtualdisk.numberreadaveraged.average","8/20/2026 5:02:40 AM","20","0","0","number","scsi0:0","n/a","0"
"Test","virtualdisk.numberreadaveraged.average","8/20/2026 5:03:00 AM","20","0","0","number","scsi0:0","n/a","0"
"Test","virtualdisk.numberreadaveraged.average","8/20/2026 5:03:20 AM","20","0","0","number","scsi0:0","n/a","0"
"Test","virtualdisk.numberreadaveraged.average","8/20/2026 5:03:40 AM","20","0","0","number","scsi0:0","n/a","0"
"Test","virtualdisk.numberreadaveraged.average","8/20/2026 5:04:00 AM","20","0","0","number","scsi0:0","n/a","0"
"Test","virtualdisk.numberreadaveraged.average","8/20/2026 5:04:20 AM","20","0","0","number","scsi0:0","n/a","0"
"Test","virtualdisk.numberreadaveraged.average","8/20/2026 5:04:40 AM","20","0","0","number","scsi0:0","n/a","0"
"Test","virtualdisk.numberreadaveraged.average","8/20/2026 5:05:00 AM","20","0","0","number","scsi0:0","n/a","0"
"Test","virtualdisk.numberreadaveraged.average","8/20/2026 5:05:20 AM","20","0","0","number","scsi0:0","n/a","0"
"Test","virtualdisk.numberreadaveraged.average","8/20/2026 5:05:40 AM","20","1","1","number","scsi0:0","n/a","0"
"Test","virtualdisk.numberwriteaveraged.average","8/20/2026 4:06:00 AM","20","0","0","number","scsi0:0","n/a","0"
"Test","virtualdisk.numberwriteaveraged.average","8/20/2026 4:06:20 AM","20","0","0","number","scsi0:0","n/a","0"
"Test","virtualdisk.numberwriteaveraged.average","8/20/2026 4:06:40 AM","20","1","1","number","scsi0:0","n/a","0"
"Test","virtualdisk.numberwriteaveraged.average","8/20/2026 4:07:00 AM","20","1","1","number","scsi0:0","n/a","0"
"Test","virtualdisk.numberwriteaveraged.average","8/20/2026 4:07:20 AM","20","1","1","number","scsi0:0","n/a","0"
"Test","virtualdisk.numberwriteaveraged.average","8/20/2026 4:07:40 AM","20","0","0","number","scsi0:0","n/a","0"
"Test","virtualdisk.numberwriteaveraged.average","8/20/2026 4:08:00 AM","20","1","1","number","scsi0:0","n/a","0"
"Test","virtualdisk.numberwriteaveraged.average","8/20/2026 4:08:20 AM","20","1","1","number","scsi0:0","n/a","0"
"Test","virtualdisk.numberwriteaveraged.average","8/20/2026 4:08:40 AM","20","1","1","number","scsi0:0","n/a","0"
"Test","virtualdisk.numberwriteaveraged.average","8/20/2026 4:09:00 AM","20","1","1","number","scsi0:0","n/a","0"
"Test","virtualdisk.numberwriteaveraged.average","8/20/2026 4:09:20 AM","20","1","1","number","scsi0:0","n/a","0"
"Test","virtualdisk.numberwriteaveraged.average","8/20/2026 4:09:40 AM","20","0","0","number","scsi0:0","n/a","0"
"Test","virtualdisk.numberwriteaveraged.average","8/20/2026 4:10:00 AM","20","1","1","number","scsi0:0","n/a","0"
"Test","virtualdisk.numberwriteaveraged.average","8/20/2026 4:10:20 AM","20","0","0","number","scsi0:0","n/a","0"
"Test","virtualdisk.numberwriteaveraged.average","8/20/2026 4:10:40 AM","20","2","2","number","scsi0:0","n/a","0"
"Test","virtualdisk.numberwriteaveraged.average","8/20/2026 4:11:00 AM","20","1","1","number","scsi0:0","n/a","0"
"Test","virtualdisk.numberwriteaveraged.average","8/20/2026 4:11:20 AM","20","0","0","number","scsi0:0","n/a","0"
"Test","virtualdisk.numberwriteaveraged.average","8/20/2026 4:11:40 AM","20","1","1","number","scsi0:0","n/a","0"
"Test","virtualdisk.numberwriteaveraged.average","8/20/2026 4:12:00 AM","20","1","1","number","scsi0:0","n/a","0"
"Test","virtualdisk.numberwriteaveraged.average","8/20/2026 4:12:20 AM","20","1","1","number","scsi0:0","n/a","0"
"Test","virtualdisk.numberwriteaveraged.average","8/20/2026 4:12:40 AM","20","0","0","number","scsi0:0","n/a","0"
"Test","virtualdisk.numberwriteaveraged.average","8/20/2026 4:13:00 AM","20","0","0","number","scsi0:0","n/a","0"
"Test","virtualdisk.numberwriteaveraged.average","8/20/2026 4:13:20 AM","20","1","1","number","scsi0:0","n/a","0"
"Test","virtualdisk.numberwriteaveraged.average","8/20/2026 4:13:40 AM","20","1","1","number","scsi0:0","n/a","0"
"Test","virtualdisk.numberwriteaveraged.average","8/20/2026 4:14:00 AM","20","0","0","number","scsi0:0","n/a","0"
"Test","virtualdisk.numberwriteaveraged.average","8/20/2026 4:14:20 AM","20","0","0","number","scsi0:0","n/a","0"
"Test","virtualdisk.numberwriteaveraged.average","8/20/2026 4:14:40 AM","20","1","1","number","scsi0:0","n/a","0"
"Test","virtualdisk.numberwriteaveraged.average","8/20/2026 4:15:00 AM","20","0","0","number","scsi0:0","n/a","0"
"Test","virtualdisk.numberwriteaveraged.average","8/20/2026 4:15:20 AM","20","0","0","number","scsi0:0","n/a","0"
"Test","virtualdisk.numberwriteaveraged.average","8/20/2026 4:15:40 AM","20","0","0","number","scsi0:0","n/a","0"
"Test","virtualdisk.numberwriteaveraged.average","8/20/2026 4:16:00 AM","20","0","0","number","scsi0:0","n/a","0"
"Test","virtualdisk.numberwriteaveraged.average","8/20/2026 4:16:20 AM","20","0","0","number","scsi0:0","n/a","0"
"Test","virtualdisk.numberwriteaveraged.average","8/20/2026 4:16:40 AM","20","1","1","number","scsi0:0","n/a","0"
"Test","virtualdisk.numberwriteaveraged.average","8/20/2026 4:17:00 AM","20","0","0","number","scsi0:0","n/a","0"
"Test","virtualdisk.numberwriteaveraged.average","8/20/2026 4:17:20 AM","20","1","1","number","scsi0:0","n/a","0"
"Test","virtualdisk.numberwriteaveraged.average","8/20/2026 4:17:40 AM","20","0","0","number","scsi0:0","n/a","0"
"Test","virtualdisk.numberwriteaveraged.average","8/20/2026 4:18:00 AM","20","0","0","number","scsi0:0","n/a","0"
"Test","virtualdisk.numberwriteaveraged.average","8/20/2026 4:18:20 AM","20","0","0","number","scsi0:0","n/a","0"
"Test","virtualdisk.numberwriteaveraged.average","8/20/2026 4:18:40 AM","20","2","2","number","scsi0:0","n/a","0"
"Test","virtualdisk.numberwriteaveraged.average","8/20/2026 4:19:00 AM","20","0","0","number","scsi0:0","n/a","0"
"Test","virtualdisk.numberwriteaveraged.average","8/20/2026 4:19:20 AM","20","0","0","number","scsi0:0","n/a","0"
"Test","virtualdisk.numberwriteaveraged.average","8/20/2026 4:19:40 AM","20","0","0","number","scsi0:0","n/a","0"
"Test","virtualdisk.numberwriteaveraged.average","8/20/2026 4:20:00 AM","20","0","0","number","scsi0:0","n/a","0"
"Test","virtualdisk.numberwriteaveraged.average","8/20/2026 4:20:20 AM","20","0","0","number","scsi0:0","n/a","0"
"Test","virtualdisk.numberwriteaveraged.average","8/20/2026 4:20:40 AM","20","1","1","number","scsi0:0","n/a","0"
"Test","virtualdisk.numberwriteaveraged.average","8/20/2026 4:21:00 AM","20","0","0","number","scsi0:0","n/a","0"
"Test","virtualdisk.numberwriteaveraged.average","8/20/2026 4:21:20 AM","20","0","0","number","scsi0:0","n/a","0"
"Test","virtualdisk.numberwriteaveraged.average","8/20/2026 4:21:40 AM","20","1","1","number","scsi0:0","n/a","0"
"Test","virtualdisk.numberwriteaveraged.average","8/20/2026 4:22:00 AM","20","0","0","number","scsi0:0","n/a","0"
"Test","virtualdisk.numberwriteaveraged.average","8/20/2026 4:22:20 AM","20","1","1","number","scsi0:0","n/a","0"
"Test","virtualdisk.numberwriteaveraged.average","8/20/2026 4:22:40 AM","20","1","1","number","scsi0:0","n/a","0"
"Test","virtualdisk.numberwriteaveraged.average","8/20/2026 4:23:00 AM","20","1","1","number","scsi0:0","n/a","0"
"Test","virtualdisk.numberwriteaveraged.average","8/20/2026 4:23:20 AM","20","1","1","number","scsi0:0","n/a","0"
"Test","virtualdisk.numberwriteaveraged.average","8/20/2026 4:23:40 AM","20","2","2","number","scsi0:0","n/a","0"
"Test","virtualdisk.numberwriteaveraged.average","8/20/2026 4:24:00 AM","20","0","0","number","scsi0:0","n/a","0"
"Test","virtualdisk.numberwriteaveraged.average","8/20/2026 4:24:20 AM","20","0","0","number","scsi0:0","n/a","0"
"Test","virtualdisk.numberwriteaveraged.average","8/20/2026 4:24:40 AM","20","1","1","number","scsi0:0","n/a","0"
"Test","virtualdisk.numberwriteaveraged.average","8/20/2026 4:25:00 AM","20","0","0","number","scsi0:0","n/a","0"
"Test","virtualdisk.numberwriteaveraged.average","8/20/2026 4:25:20 AM","20","0","0","number","scsi0:0","n/a","0"
"Test","virtualdisk.numberwriteaveraged.average","8/20/2026 4:25:40 AM","20","1","1","number","scsi0:0","n/a","0"
"Test","virtualdisk.numberwriteaveraged.average","8/20/2026 4:26:00 AM","20","0","0","number","scsi0:0","n/a","0"
"Test","virtualdisk.numberwriteaveraged.average","8/20/2026 4:26:20 AM","20","0","0","number","scsi0:0","n/a","0"
"Test","virtualdisk.numberwriteaveraged.average","8/20/2026 4:26:40 AM","20","1","1","number","scsi0:0","n/a","0"
"Test","virtualdisk.numberwriteaveraged.average","8/20/2026 4:27:00 AM","20","0","0","number","scsi0:0","n/a","0"
"Test","virtualdisk.numberwriteaveraged.average","8/20/2026 4:27:20 AM","20","1","1","number","scsi0:0","n/a","0"
"Test","virtualdisk.numberwriteaveraged.average","8/20/2026 4:27:40 AM","20","0","0","number","scsi0:0","n/a","0"
"Test","virtualdisk.numberwriteaveraged.average","8/20/2026 4:28:00 AM","20","0","0","number","scsi0:0","n/a","0"
"Test","virtualdisk.numberwriteaveraged.average","8/20/2026 4:28:20 AM","20","0","0","number","scsi0:0","n/a","0"
"Test","virtualdisk.numberwriteaveraged.average","8/20/2026 4:28:40 AM","20","1","1","number","scsi0:0","n/a","0"
"Test","virtualdisk.numberwriteaveraged.average","8/20/2026 4:29:00 AM","20","0","0","number","scsi0:0","n/a","0"
"Test","virtualdisk.numberwriteaveraged.average","8/20/2026 4:29:20 AM","20","0","0","number","scsi0:0","n/a","0"
"Test","virtualdisk.numberwriteaveraged.average","8/20/2026 4:29:40 AM","20","1","1","number","scsi0:0","n/a","0"
"Test","virtualdisk.numberwriteaveraged.average","8/20/2026 4:30:00 AM","20","0","0","number","scsi0:0","n/a","0"
"Test","virtualdisk.numberwriteaveraged.average","8/20/2026 4:30:20 AM","20","0","0","number","scsi0:0","n/a","0"
"Test","virtualdisk.numberwriteaveraged.average","8/20/2026 4:30:40 AM","20","0","0","number","scsi0:0","n/a","0"
"Test","virtualdisk.numberwriteaveraged.average","8/20/2026 4:31:00 AM","20","0","0","number","scsi0:0","n/a","0"
"Test","virtualdisk.numberwriteaveraged.average","8/20/2026 4:31:20 AM","20","0","0","number","scsi0:0","n/a","0"
"Test","virtualdisk.numberwriteaveraged.average","8/20/2026 4:31:40 AM","20","1","1","number","scsi0:0","n/a","0"
"Test","virtualdisk.numberwriteaveraged.average","8/20/2026 4:32:00 AM","20","0","0","number","scsi0:0","n/a","0"
"Test","virtualdisk.numberwriteaveraged.average","8/20/2026 4:32:20 AM","20","0","0","number","scsi0:0","n/a","0"
"Test","virtualdisk.numberwriteaveraged.average","8/20/2026 4:32:40 AM","20","0","0","number","scsi0:0","n/a","0"
"Test","virtualdisk.numberwriteaveraged.average","8/20/2026 4:33:00 AM","20","0","0","number","scsi0:0","n/a","0"
"Test","virtualdisk.numberwriteaveraged.average","8/20/2026 4:33:20 AM","20","0","0","number","scsi0:0","n/a","0"
"Test","virtualdisk.numberwriteaveraged.average","8/20/2026 4:33:40 AM","20","2","2","number","scsi0:0","n/a","0"
"Test","virtualdisk.numberwriteaveraged.average","8/20/2026 4:34:00 AM","20","1","1","number","scsi0:0","n/a","0"
"Test","virtualdisk.numberwriteaveraged.average","8/20/2026 4:34:20 AM","20","0","0","number","scsi0:0","n/a","0"
"Test","virtualdisk.numberwriteaveraged.average","8/20/2026 4:34:40 AM","20","1","1","number","scsi0:0","n/a","0"
"Test","virtualdisk.numberwriteaveraged.average","8/20/2026 4:35:00 AM","20","0","0","number","scsi0:0","n/a","0"
"Test","virtualdisk.numberwriteaveraged.average","8/20/2026 4:35:20 AM","20","0","0","number","scsi0:0","n/a","0"
"Test","virtualdisk.numberwriteaveraged.average","8/20/2026 4:35:40 AM","20","1","1","number","scsi0:0","n/a","0"
"Test","virtualdisk.numberwriteaveraged.average","8/20/2026 4:36:00 AM","20","1","1","number","scsi0:0","n/a","0"
"Test","virtualdisk.numberwriteaveraged.average","8/20/2026 4:36:20 AM","20","1","1","number","scsi0:0","n/a","0"
"Test","virtualdisk.numberwriteaveraged.average","8/20/2026 4:36:40 AM","20","1","1","number","scsi0:0","n/a","0"
"Test","virtualdisk.numberwriteaveraged.average","8/20/2026 4:37:00 AM","20","1","1","number","scsi0:0","n/a","0"
"Test","virtualdisk.numberwriteaveraged.average","8/20/2026 4:37:20 AM","20","1","1","number","scsi0:0","n/a","0"
"Test","virtualdisk.numberwriteaveraged.average","8/20/2026 4:37:40 AM","20","0","0","number","scsi0:0","n/a","0"
"Test","virtualdisk.numberwriteaveraged.average","8/20/2026 4:38:00 AM","20","1","1","number","scsi0:0","n/a","0"
"Test","virtualdisk.numberwriteaveraged.average","8/20/2026 4:38:20 AM","20","0","0","number","scsi0:0","n/a","0"
"Test","virtualdisk.numberwriteaveraged.average","8/20/2026 4:38:40 AM","20","2","2","number","scsi0:0","n/a","0"
"Test","virtualdisk.numberwriteaveraged.average","8/20/2026 4:39:00 AM","20","1","1","number","scsi0:0","n/a","0"
"Test","virtualdisk.numberwriteaveraged.average","8/20/2026 4:39:20 AM","20","1","1","number","scsi0:0","n/a","0"
"Test","virtualdisk.numberwriteaveraged.average","8/20/2026 4:39:40 AM","20","0","0","number","scsi0:0","n/a","0"
"Test","virtualdisk.numberwriteaveraged.average","8/20/2026 4:40:00 AM","20","0","0","number","scsi0:0","n/a","0"
"Test","virtualdisk.numberwriteaveraged.average","8/20/2026 4:40:20 AM","20","1","1","number","scsi0:0","n/a","0"
"Test","virtualdisk.numberwriteaveraged.average","8/20/2026 4:40:40 AM","20","0","0","number","scsi0:0","n/a","0"
"Test","virtualdisk.numberwriteaveraged.average","8/20/2026 4:41:00 AM","20","0","0","number","scsi0:0","n/a","0"
"Test","virtualdisk.numberwriteaveraged.average","8/20/2026 4:41:20 AM","20","0","0","number","scsi0:0","n/a","0"
"Test","virtualdisk.numberwriteaveraged.average","8/20/2026 4:41:40 AM","20","1","1","number","scsi0:0","n/a","0"
"Test","virtualdisk.numberwriteaveraged.average","8/20/2026 4:42:00 AM","20","1","1","number","scsi0:0","n/a","0"
"Test","virtualdisk.numberwriteaveraged.average","8/20/2026 4:42:20 AM","20","0","0","number","scsi0:0","n/a","0"
"Test","virtualdisk.numberwriteaveraged.average","8/20/2026 4:42:40 AM","20","0","0","number","scsi0:0","n/a","0"
"Test","virtualdisk.numberwriteaveraged.average","8/20/2026 4:43:00 AM","20","0","0","number","scsi0:0","n/a","0"
"Test","virtualdisk.numberwriteaveraged.average","8/20/2026 4:43:20 AM","20","0","0","number","scsi0:0","n/a","0"
"Test","virtualdisk.numberwriteaveraged.average","8/20/2026 4:43:40 AM","20","2","2","number","scsi0:0","n/a","0"
"Test","virtualdisk.numberwriteaveraged.average","8/20/2026 4:44:00 AM","20","0","0","number","scsi0:0","n/a","0"
"Test","virtualdisk.numberwriteaveraged.average","8/20/2026 4:44:20 AM","20","0","0","number","scsi0:0","n/a","0"
"Test","virtualdisk.numberwriteaveraged.average","8/20/2026 4:44:40 AM","20","1","1","number","scsi0:0","n/a","0"
"Test","virtualdisk.numberwriteaveraged.average","8/20/2026 4:45:00 AM","20","1","1","number","scsi0:0","n/a","0"
"Test","virtualdisk.numberwriteaveraged.average","8/20/2026 4:45:20 AM","20","0","0","number","scsi0:0","n/a","0"
"Test","virtualdisk.numberwriteaveraged.average","8/20/2026 4:45:40 AM","20","0","0","number","scsi0:0","n/a","0"
"Test","virtualdisk.numberwriteaveraged.average","8/20/2026 4:46:00 AM","20","0","0","number","scsi0:0","n/a","0"
"Test","virtualdisk.numberwriteaveraged.average","8/20/2026 4:46:20 AM","20","1","1","number","scsi0:0","n/a","0"
"Test","virtualdisk.numberwriteaveraged.average","8/20/2026 4:46:40 AM","20","1","1","number","scsi0:0","n/a","0"
"Test","virtualdisk.numberwriteaveraged.average","8/20/2026 4:47:00 AM","20","0","0","number","scsi0:0","n/a","0"
"Test","virtualdisk.numberwriteaveraged.average","8/20/2026 4:47:20 AM","20","1","1","number","scsi0:0","n/a","0"
"Test","virtualdisk.numberwriteaveraged.average","8/20/2026 4:47:40 AM","20","0","0","number","scsi0:0","n/a","0"
"Test","virtualdisk.numberwriteaveraged.average","8/20/2026 4:48:00 AM","20","1","1","number","scsi0:0","n/a","0"
"Test","virtualdisk.numberwriteaveraged.average","8/20/2026 4:48:20 AM","20","0","0","number","scsi0:0","n/a","0"
"Test","virtualdisk.numberwriteaveraged.average","8/20/2026 4:48:40 AM","20","2","2","number","scsi0:0","n/a","0"
"Test","virtualdisk.numberwriteaveraged.average","8/20/2026 4:49:00 AM","20","1","1","number","scsi0:0","n/a","0"
"Test","virtualdisk.numberwriteaveraged.average","8/20/2026 4:49:20 AM","20","0","0","number","scsi0:0","n/a","0"
"Test","virtualdisk.numberwriteaveraged.average","8/20/2026 4:49:40 AM","20","0","0","number","scsi0:0","n/a","0"
"Test","virtualdisk.numberwriteaveraged.average","8/20/2026 4:50:00 AM","20","0","0","number","scsi0:0","n/a","0"
"Test","virtualdisk.numberwriteaveraged.average","8/20/2026 4:50:20 AM","20","0","0","number","scsi0:0","n/a","0"
"Test","virtualdisk.numberwriteaveraged.average","8/20/2026 4:50:40 AM","20","0","0","number","scsi0:0","n/a","0"
"Test","virtualdisk.numberwriteaveraged.average","8/20/2026 4:51:00 AM","20","0","0","number","scsi0:0","n/a","0"
"Test","virtualdisk.numberwriteaveraged.average","8/20/2026 4:51:20 AM","20","0","0","number","scsi0:0","n/a","0"
"Test","virtualdisk.numberwriteaveraged.average","8/20/2026 4:51:40 AM","20","1","1","number","scsi0:0","n/a","0"
"Test","virtualdisk.numberwriteaveraged.average","8/20/2026 4:52:00 AM","20","0","0","number","scsi0:0","n/a","0"
"Test","virtualdisk.numberwriteaveraged.average","8/20/2026 4:52:20 AM","20","0","0","number","scsi0:0","n/a","0"
"Test","virtualdisk.numberwriteaveraged.average","8/20/2026 4:52:40 AM","20","2","2","number","scsi0:0","n/a","0"
"Test","virtualdisk.numberwriteaveraged.average","8/20/2026 4:53:00 AM","20","1","1","number","scsi0:0","n/a","0"
"Test","virtualdisk.numberwriteaveraged.average","8/20/2026 4:53:20 AM","20","0","0","number","scsi0:0","n/a","0"
"Test","virtualdisk.numberwriteaveraged.average","8/20/2026 4:53:40 AM","20","2","2","number","scsi0:0","n/a","0"
"Test","virtualdisk.numberwriteaveraged.average","8/20/2026 4:54:00 AM","20","0","0","number","scsi0:0","n/a","0"
"Test","virtualdisk.numberwriteaveraged.average","8/20/2026 4:54:20 AM","20","0","0","number","scsi0:0","n/a","0"
"Test","virtualdisk.numberwriteaveraged.average","8/20/2026 4:54:40 AM","20","0","0","number","scsi0:0","n/a","0"
"Test","virtualdisk.numberwriteaveraged.average","8/20/2026 4:55:00 AM","20","0","0","number","scsi0:0","n/a","0"
"Test","virtualdisk.numberwriteaveraged.average","8/20/2026 4:55:20 AM","20","0","0","number","scsi0:0","n/a","0"
"Test","virtualdisk.numberwriteaveraged.average","8/20/2026 4:55:40 AM","20","0","0","number","scsi0:0","n/a","0"
"Test","virtualdisk.numberwriteaveraged.average","8/20/2026 4:56:00 AM","20","0","0","number","scsi0:0","n/a","0"
"Test","virtualdisk.numberwriteaveraged.average","8/20/2026 4:56:20 AM","20","0","0","number","scsi0:0","n/a","0"
"Test","virtualdisk.numberwriteaveraged.average","8/20/2026 4:56:40 AM","20","1","1","number","scsi0:0","n/a","0"
"Test","virtualdisk.numberwriteaveraged.average","8/20/2026 4:57:00 AM","20","0","0","number","scsi0:0","n/a","0"
"Test","virtualdisk.numberwriteaveraged.average","8/20/2026 4:57:20 AM","20","1","1","number","scsi0:0","n/a","0"
"Test","virtualdisk.numberwriteaveraged.average","8/20/2026 4:57:40 AM","20","0","0","number","scsi0:0","n/a","0"
"Test","virtualdisk.numberwriteaveraged.average","8/20/2026 4:58:00 AM","20","0","0","number","scsi0:0","n/a","0"
"Test","virtualdisk.numberwriteaveraged.average","8/20/2026 4:58:20 AM","20","0","0","number","scsi0:0","n/a","0"
"Test","virtualdisk.numberwriteaveraged.average","8/20/2026 4:58:40 AM","20","2","2","number","scsi0:0","n/a","0"
"Test","virtualdisk.numberwriteaveraged.average","8/20/2026 4:59:00 AM","20","0","0","number","scsi0:0","n/a","0"
"Test","virtualdisk.numberwriteaveraged.average","8/20/2026 4:59:20 AM","20","0","0","number","scsi0:0","n/a","0"
"Test","virtualdisk.numberwriteaveraged.average","8/20/2026 4:59:40 AM","20","0","0","number","scsi0:0","n/a","0"
"Test","virtualdisk.numberwriteaveraged.average","8/20/2026 5:00:00 AM","20","0","0","number","scsi0:0","n/a","0"
"Test","virtualdisk.numberwriteaveraged.average","8/20/2026 5:00:20 AM","20","0","0","number","scsi0:0","n/a","0"
"Test","virtualdisk.numberwriteaveraged.average","8/20/2026 5:00:40 AM","20","2","2","number","scsi0:0","n/a","0"
"Test","virtualdisk.numberwriteaveraged.average","8/20/2026 5:01:00 AM","20","0","0","number","scsi0:0","n/a","0"
"Test","virtualdisk.numberwriteaveraged.average","8/20/2026 5:01:20 AM","20","0","0","number","scsi0:0","n/a","0"
"Test","virtualdisk.numberwriteaveraged.average","8/20/2026 5:01:40 AM","20","1","1","number","scsi0:0","n/a","0"
"Test","virtualdisk.numberwriteaveraged.average","8/20/2026 5:02:00 AM","20","0","0","number","scsi0:0","n/a","0"
"Test","virtualdisk.numberwriteaveraged.average","8/20/2026 5:02:20 AM","20","0","0","number","scsi0:0","n/a","0"
"Test","virtualdisk.numberwriteaveraged.average","8/20/2026 5:02:40 AM","20","1","1","number","scsi0:0","n/a","0"
"Test","virtualdisk.numberwriteaveraged.average","8/20/2026 5:03:00 AM","20","1","1","number","scsi0:0","n/a","0"
"Test","virtualdisk.numberwriteaveraged.average","8/20/2026 5:03:20 AM","20","0","0","number","scsi0:0","n/a","0"
"Test","virtualdisk.numberwriteaveraged.average","8/20/2026 5:03:40 AM","20","2","2","number","scsi0:0","n/a","0"
"Test","virtualdisk.numberwriteaveraged.average","8/20/2026 5:04:00 AM","20","0","0","number","scsi0:0","n/a","0"
"Test","virtualdisk.numberwriteaveraged.average","8/20/2026 5:04:20 AM","20","0","0","number","scsi0:0","n/a","0"
"Test","virtualdisk.numberwriteaveraged.average","8/20/2026 5:04:40 AM","20","1","1","number","scsi0:0","n/a","0"
"Test","virtualdisk.numberwriteaveraged.average","8/20/2026 5:05:00 AM","20","0","0","number","scsi0:0","n/a","0"
"Test","virtualdisk.numberwriteaveraged.average","8/20/2026 5:05:20 AM","20","0","0","number","scsi0:0","n/a","0"
"Test","virtualdisk.numberwriteaveraged.average","8/20/2026 5:05:40 AM","20","0","0","number","scsi0:0","n/a","0"
"Test","virtualdisk.read.average","8/20/2026 4:06:00 AM","20","0","0","KBps","scsi0:0","n/a","0"
"Test","virtualdisk.read.average","8/20/2026 4:06:20 AM","20","0","0","KBps","scsi0:0","n/a","0"
"Test","virtualdisk.read.average","8/20/2026 4:06:40 AM","20","1","1","KBps","scsi0:0","n/a","0"
"Test","virtualdisk.read.average","8/20/2026 4:07:00 AM","20","0","0","KBps","scsi0:0","n/a","0"
"Test","virtualdisk.read.average","8/20/2026 4:07:20 AM","20","1","1","KBps","scsi0:0","n/a","0"
"Test","virtualdisk.read.average","8/20/2026 4:07:40 AM","20","0","0","KBps","scsi0:0","n/a","0"
"Test","virtualdisk.read.average","8/20/2026 4:08:00 AM","20","0","0","KBps","scsi0:0","n/a","0"
"Test","virtualdisk.read.average","8/20/2026 4:08:20 AM","20","4","4","KBps","scsi0:0","n/a","0"
"Test","virtualdisk.read.average","8/20/2026 4:08:40 AM","20","0","0","KBps","scsi0:0","n/a","0"
"Test","virtualdisk.read.average","8/20/2026 4:09:00 AM","20","0","0","KBps","scsi0:0","n/a","0"
"Test","virtualdisk.read.average","8/20/2026 4:09:20 AM","20","0","0","KBps","scsi0:0","n/a","0"
"Test","virtualdisk.read.average","8/20/2026 4:09:40 AM","20","0","0","KBps","scsi0:0","n/a","0"
"Test","virtualdisk.read.average","8/20/2026 4:10:00 AM","20","0","0","KBps","scsi0:0","n/a","0"
"Test","virtualdisk.read.average","8/20/2026 4:10:20 AM","20","0","0","KBps","scsi0:0","n/a","0"
"Test","virtualdisk.read.average","8/20/2026 4:10:40 AM","20","5","5","KBps","scsi0:0","n/a","0"
"Test","virtualdisk.read.average","8/20/2026 4:11:00 AM","20","0","0","KBps","scsi0:0","n/a","0"
"Test","virtualdisk.read.average","8/20/2026 4:11:20 AM","20","0","0","KBps","scsi0:0","n/a","0"
"Test","virtualdisk.read.average","8/20/2026 4:11:40 AM","20","0","0","KBps","scsi0:0","n/a","0"
"Test","virtualdisk.read.average","8/20/2026 4:12:00 AM","20","0","0","KBps","scsi0:0","n/a","0"
"Test","virtualdisk.read.average","8/20/2026 4:12:20 AM","20","2","2","KBps","scsi0:0","n/a","0"
"Test","virtualdisk.read.average","8/20/2026 4:12:40 AM","20","0","0","KBps","scsi0:0","n/a","0"
"Test","virtualdisk.read.average","8/20/2026 4:13:00 AM","20","0","0","KBps","scsi0:0","n/a","0"
"Test","virtualdisk.read.average","8/20/2026 4:13:20 AM","20","0","0","KBps","scsi0:0","n/a","0"
"Test","virtualdisk.read.average","8/20/2026 4:13:40 AM","20","0","0","KBps","scsi0:0","n/a","0"
"Test","virtualdisk.read.average","8/20/2026 4:14:00 AM","20","0","0","KBps","scsi0:0","n/a","0"
"Test","virtualdisk.read.average","8/20/2026 4:14:20 AM","20","0","0","KBps","scsi0:0","n/a","0"
"Test","virtualdisk.read.average","8/20/2026 4:14:40 AM","20","0","0","KBps","scsi0:0","n/a","0"
"Test","virtualdisk.read.average","8/20/2026 4:15:00 AM","20","0","0","KBps","scsi0:0","n/a","0"
"Test","virtualdisk.read.average","8/20/2026 4:15:20 AM","20","0","0","KBps","scsi0:0","n/a","0"
"Test","virtualdisk.read.average","8/20/2026 4:15:40 AM","20","1","1","KBps","scsi0:0","n/a","0"
"Test","virtualdisk.read.average","8/20/2026 4:16:00 AM","20","0","0","KBps","scsi0:0","n/a","0"
"Test","virtualdisk.read.average","8/20/2026 4:16:20 AM","20","0","0","KBps","scsi0:0","n/a","0"
"Test","virtualdisk.read.average","8/20/2026 4:16:40 AM","20","0","0","KBps","scsi0:0","n/a","0"
"Test","virtualdisk.read.average","8/20/2026 4:17:00 AM","20","0","0","KBps","scsi0:0","n/a","0"
"Test","virtualdisk.read.average","8/20/2026 4:17:20 AM","20","0","0","KBps","scsi0:0","n/a","0"
"Test","virtualdisk.read.average","8/20/2026 4:17:40 AM","20","0","0","KBps","scsi0:0","n/a","0"
"Test","virtualdisk.read.average","8/20/2026 4:18:00 AM","20","0","0","KBps","scsi0:0","n/a","0"
"Test","virtualdisk.read.average","8/20/2026 4:18:20 AM","20","0","0","KBps","scsi0:0","n/a","0"
"Test","virtualdisk.read.average","8/20/2026 4:18:40 AM","20","0","0","KBps","scsi0:0","n/a","0"
"Test","virtualdisk.read.average","8/20/2026 4:19:00 AM","20","0","0","KBps","scsi0:0","n/a","0"
"Test","virtualdisk.read.average","8/20/2026 4:19:20 AM","20","0","0","KBps","scsi0:0","n/a","0"
"Test","virtualdisk.read.average","8/20/2026 4:19:40 AM","20","0","0","KBps","scsi0:0","n/a","0"
"Test","virtualdisk.read.average","8/20/2026 4:20:00 AM","20","0","0","KBps","scsi0:0","n/a","0"
"Test","virtualdisk.read.average","8/20/2026 4:20:20 AM","20","0","0","KBps","scsi0:0","n/a","0"
"Test","virtualdisk.read.average","8/20/2026 4:20:40 AM","20","8","8","KBps","scsi0:0","n/a","0"
"Test","virtualdisk.read.average","8/20/2026 4:21:00 AM","20","0","0","KBps","scsi0:0","n/a","0"
"Test","virtualdisk.read.average","8/20/2026 4:21:20 AM","20","0","0","KBps","scsi0:0","n/a","0"
"Test","virtualdisk.read.average","8/20/2026 4:21:40 AM","20","0","0","KBps","scsi0:0","n/a","0"
"Test","virtualdisk.read.average","8/20/2026 4:22:00 AM","20","0","0","KBps","scsi0:0","n/a","0"
"Test","virtualdisk.read.average","8/20/2026 4:22:20 AM","20","6","6","KBps","scsi0:0","n/a","0"
"Test","virtualdisk.read.average","8/20/2026 4:22:40 AM","20","0","0","KBps","scsi0:0","n/a","0"
"Test","virtualdisk.read.average","8/20/2026 4:23:00 AM","20","6","6","KBps","scsi0:0","n/a","0"
"Test","virtualdisk.read.average","8/20/2026 4:23:20 AM","20","2","2","KBps","scsi0:0","n/a","0"
"Test","virtualdisk.read.average","8/20/2026 4:23:40 AM","20","0","0","KBps","scsi0:0","n/a","0"
"Test","virtualdisk.read.average","8/20/2026 4:24:00 AM","20","0","0","KBps","scsi0:0","n/a","0"
"Test","virtualdisk.read.average","8/20/2026 4:24:20 AM","20","0","0","KBps","scsi0:0","n/a","0"
"Test","virtualdisk.read.average","8/20/2026 4:24:40 AM","20","0","0","KBps","scsi0:0","n/a","0"
"Test","virtualdisk.read.average","8/20/2026 4:25:00 AM","20","0","0","KBps","scsi0:0","n/a","0"
"Test","virtualdisk.read.average","8/20/2026 4:25:20 AM","20","1","1","KBps","scsi0:0","n/a","0"
"Test","virtualdisk.read.average","8/20/2026 4:25:40 AM","20","8","8","KBps","scsi0:0","n/a","0"
"Test","virtualdisk.read.average","8/20/2026 4:26:00 AM","20","0","0","KBps","scsi0:0","n/a","0"
"Test","virtualdisk.read.average","8/20/2026 4:26:20 AM","20","0","0","KBps","scsi0:0","n/a","0"
"Test","virtualdisk.read.average","8/20/2026 4:26:40 AM","20","0","0","KBps","scsi0:0","n/a","0"
"Test","virtualdisk.read.average","8/20/2026 4:27:00 AM","20","0","0","KBps","scsi0:0","n/a","0"
"Test","virtualdisk.read.average","8/20/2026 4:27:20 AM","20","0","0","KBps","scsi0:0","n/a","0"
"Test","virtualdisk.read.average","8/20/2026 4:27:40 AM","20","0","0","KBps","scsi0:0","n/a","0"
"Test","virtualdisk.read.average","8/20/2026 4:28:00 AM","20","0","0","KBps","scsi0:0","n/a","0"
"Test","virtualdisk.read.average","8/20/2026 4:28:20 AM","20","0","0","KBps","scsi0:0","n/a","0"
"Test","virtualdisk.read.average","8/20/2026 4:28:40 AM","20","0","0","KBps","scsi0:0","n/a","0"
"Test","virtualdisk.read.average","8/20/2026 4:29:00 AM","20","0","0","KBps","scsi0:0","n/a","0"
"Test","virtualdisk.read.average","8/20/2026 4:29:20 AM","20","1","1","KBps","scsi0:0","n/a","0"
"Test","virtualdisk.read.average","8/20/2026 4:29:40 AM","20","0","0","KBps","scsi0:0","n/a","0"
"Test","virtualdisk.read.average","8/20/2026 4:30:00 AM","20","0","0","KBps","scsi0:0","n/a","0"
"Test","virtualdisk.read.average","8/20/2026 4:30:20 AM","20","0","0","KBps","scsi0:0","n/a","0"
"Test","virtualdisk.read.average","8/20/2026 4:30:40 AM","20","1","1","KBps","scsi0:0","n/a","0"
"Test","virtualdisk.read.average","8/20/2026 4:31:00 AM","20","0","0","KBps","scsi0:0","n/a","0"
"Test","virtualdisk.read.average","8/20/2026 4:31:20 AM","20","0","0","KBps","scsi0:0","n/a","0"
"Test","virtualdisk.read.average","8/20/2026 4:31:40 AM","20","0","0","KBps","scsi0:0","n/a","0"
"Test","virtualdisk.read.average","8/20/2026 4:32:00 AM","20","0","0","KBps","scsi0:0","n/a","0"
"Test","virtualdisk.read.average","8/20/2026 4:32:20 AM","20","0","0","KBps","scsi0:0","n/a","0"
"Test","virtualdisk.read.average","8/20/2026 4:32:40 AM","20","0","0","KBps","scsi0:0","n/a","0"
"Test","virtualdisk.read.average","8/20/2026 4:33:00 AM","20","0","0","KBps","scsi0:0","n/a","0"
"Test","virtualdisk.read.average","8/20/2026 4:33:20 AM","20","0","0","KBps","scsi0:0","n/a","0"
"Test","virtualdisk.read.average","8/20/2026 4:33:40 AM","20","0","0","KBps","scsi0:0","n/a","0"
"Test","virtualdisk.read.average","8/20/2026 4:34:00 AM","20","0","0","KBps","scsi0:0","n/a","0"
"Test","virtualdisk.read.average","8/20/2026 4:34:20 AM","20","0","0","KBps","scsi0:0","n/a","0"
"Test","virtualdisk.read.average","8/20/2026 4:34:40 AM","20","0","0","KBps","scsi0:0","n/a","0"
"Test","virtualdisk.read.average","8/20/2026 4:35:00 AM","20","0","0","KBps","scsi0:0","n/a","0"
"Test","virtualdisk.read.average","8/20/2026 4:35:20 AM","20","0","0","KBps","scsi0:0","n/a","0"
"Test","virtualdisk.read.average","8/20/2026 4:35:40 AM","20","1","1","KBps","scsi0:0","n/a","0"
"Test","virtualdisk.read.average","8/20/2026 4:36:00 AM","20","0","0","KBps","scsi0:0","n/a","0"
"Test","virtualdisk.read.average","8/20/2026 4:36:20 AM","20","0","0","KBps","scsi0:0","n/a","0"
"Test","virtualdisk.read.average","8/20/2026 4:36:40 AM","20","0","0","KBps","scsi0:0","n/a","0"
"Test","virtualdisk.read.average","8/20/2026 4:37:00 AM","20","0","0","KBps","scsi0:0","n/a","0"
"Test","virtualdisk.read.average","8/20/2026 4:37:20 AM","20","0","0","KBps","scsi0:0","n/a","0"
"Test","virtualdisk.read.average","8/20/2026 4:37:40 AM","20","0","0","KBps","scsi0:0","n/a","0"
"Test","virtualdisk.read.average","8/20/2026 4:38:00 AM","20","0","0","KBps","scsi0:0","n/a","0"
"Test","virtualdisk.read.average","8/20/2026 4:38:20 AM","20","0","0","KBps","scsi0:0","n/a","0"
"Test","virtualdisk.read.average","8/20/2026 4:38:40 AM","20","0","0","KBps","scsi0:0","n/a","0"
"Test","virtualdisk.read.average","8/20/2026 4:39:00 AM","20","0","0","KBps","scsi0:0","n/a","0"
"Test","virtualdisk.read.average","8/20/2026 4:39:20 AM","20","0","0","KBps","scsi0:0","n/a","0"
"Test","virtualdisk.read.average","8/20/2026 4:39:40 AM","20","0","0","KBps","scsi0:0","n/a","0"
"Test","virtualdisk.read.average","8/20/2026 4:40:00 AM","20","0","0","KBps","scsi0:0","n/a","0"
"Test","virtualdisk.read.average","8/20/2026 4:40:20 AM","20","0","0","KBps","scsi0:0","n/a","0"
"Test","virtualdisk.read.average","8/20/2026 4:40:40 AM","20","0","0","KBps","scsi0:0","n/a","0"
"Test","virtualdisk.read.average","8/20/2026 4:41:00 AM","20","0","0","KBps","scsi0:0","n/a","0"
"Test","virtualdisk.read.average","8/20/2026 4:41:20 AM","20","0","0","KBps","scsi0:0","n/a","0"
"Test","virtualdisk.read.average","8/20/2026 4:41:40 AM","20","0","0","KBps","scsi0:0","n/a","0"
"Test","virtualdisk.read.average","8/20/2026 4:42:00 AM","20","0","0","KBps","scsi0:0","n/a","0"
"Test","virtualdisk.read.average","8/20/2026 4:42:20 AM","20","0","0","KBps","scsi0:0","n/a","0"
"Test","virtualdisk.read.average","8/20/2026 4:42:40 AM","20","0","0","KBps","scsi0:0","n/a","0"
"Test","virtualdisk.read.average","8/20/2026 4:43:00 AM","20","0","0","KBps","scsi0:0","n/a","0"
"Test","virtualdisk.read.average","8/20/2026 4:43:20 AM","20","0","0","KBps","scsi0:0","n/a","0"
"Test","virtualdisk.read.average","8/20/2026 4:43:40 AM","20","0","0","KBps","scsi0:0","n/a","0"
"Test","virtualdisk.read.average","8/20/2026 4:44:00 AM","20","0","0","KBps","scsi0:0","n/a","0"
"Test","virtualdisk.read.average","8/20/2026 4:44:20 AM","20","0","0","KBps","scsi0:0","n/a","0"
"Test","virtualdisk.read.average","8/20/2026 4:44:40 AM","20","0","0","KBps","scsi0:0","n/a","0"
"Test","virtualdisk.read.average","8/20/2026 4:45:00 AM","20","0","0","KBps","scsi0:0","n/a","0"
"Test","virtualdisk.read.average","8/20/2026 4:45:20 AM","20","1","1","KBps","scsi0:0","n/a","0"
"Test","virtualdisk.read.average","8/20/2026 4:45:40 AM","20","0","0","KBps","scsi0:0","n/a","0"
"Test","virtualdisk.read.average","8/20/2026 4:46:00 AM","20","0","0","KBps","scsi0:0","n/a","0"
"Test","virtualdisk.read.average","8/20/2026 4:46:20 AM","20","0","0","KBps","scsi0:0","n/a","0"
"Test","virtualdisk.read.average","8/20/2026 4:46:40 AM","20","0","0","KBps","scsi0:0","n/a","0"
"Test","virtualdisk.read.average","8/20/2026 4:47:00 AM","20","0","0","KBps","scsi0:0","n/a","0"
"Test","virtualdisk.read.average","8/20/2026 4:47:20 AM","20","0","0","KBps","scsi0:0","n/a","0"
"Test","virtualdisk.read.average","8/20/2026 4:47:40 AM","20","0","0","KBps","scsi0:0","n/a","0"
"Test","virtualdisk.read.average","8/20/2026 4:48:00 AM","20","0","0","KBps","scsi0:0","n/a","0"
"Test","virtualdisk.read.average","8/20/2026 4:48:20 AM","20","0","0","KBps","scsi0:0","n/a","0"
"Test","virtualdisk.read.average","8/20/2026 4:48:40 AM","20","0","0","KBps","scsi0:0","n/a","0"
"Test","virtualdisk.read.average","8/20/2026 4:49:00 AM","20","0","0","KBps","scsi0:0","n/a","0"
"Test","virtualdisk.read.average","8/20/2026 4:49:20 AM","20","0","0","KBps","scsi0:0","n/a","0"
"Test","virtualdisk.read.average","8/20/2026 4:49:40 AM","20","0","0","KBps","scsi0:0","n/a","0"
"Test","virtualdisk.read.average","8/20/2026 4:50:00 AM","20","0","0","KBps","scsi0:0","n/a","0"
"Test","virtualdisk.read.average","8/20/2026 4:50:20 AM","20","0","0","KBps","scsi0:0","n/a","0"
"Test","virtualdisk.read.average","8/20/2026 4:50:40 AM","20","7","7","KBps","scsi0:0","n/a","0"
"Test","virtualdisk.read.average","8/20/2026 4:51:00 AM","20","0","0","KBps","scsi0:0","n/a","0"
"Test","virtualdisk.read.average","8/20/2026 4:51:20 AM","20","2","2","KBps","scsi0:0","n/a","0"
"Test","virtualdisk.read.average","8/20/2026 4:51:40 AM","20","0","0","KBps","scsi0:0","n/a","0"
"Test","virtualdisk.read.average","8/20/2026 4:52:00 AM","20","0","0","KBps","scsi0:0","n/a","0"
"Test","virtualdisk.read.average","8/20/2026 4:52:20 AM","20","0","0","KBps","scsi0:0","n/a","0"
"Test","virtualdisk.read.average","8/20/2026 4:52:40 AM","20","0","0","KBps","scsi0:0","n/a","0"
"Test","virtualdisk.read.average","8/20/2026 4:53:00 AM","20","0","0","KBps","scsi0:0","n/a","0"
"Test","virtualdisk.read.average","8/20/2026 4:53:20 AM","20","0","0","KBps","scsi0:0","n/a","0"
"Test","virtualdisk.read.average","8/20/2026 4:53:40 AM","20","2","2","KBps","scsi0:0","n/a","0"
"Test","virtualdisk.read.average","8/20/2026 4:54:00 AM","20","0","0","KBps","scsi0:0","n/a","0"
"Test","virtualdisk.read.average","8/20/2026 4:54:20 AM","20","0","0","KBps","scsi0:0","n/a","0"
"Test","virtualdisk.read.average","8/20/2026 4:54:40 AM","20","0","0","KBps","scsi0:0","n/a","0"
"Test","virtualdisk.read.average","8/20/2026 4:55:00 AM","20","1","1","KBps","scsi0:0","n/a","0"
"Test","virtualdisk.read.average","8/20/2026 4:55:20 AM","20","0","0","KBps","scsi0:0","n/a","0"
"Test","virtualdisk.read.average","8/20/2026 4:55:40 AM","20","5","5","KBps","scsi0:0","n/a","0"
"Test","virtualdisk.read.average","8/20/2026 4:56:00 AM","20","0","0","KBps","scsi0:0","n/a","0"
"Test","virtualdisk.read.average","8/20/2026 4:56:20 AM","20","0","0","KBps","scsi0:0","n/a","0"
"Test","virtualdisk.read.average","8/20/2026 4:56:40 AM","20","0","0","KBps","scsi0:0","n/a","0"
"Test","virtualdisk.read.average","8/20/2026 4:57:00 AM","20","0","0","KBps","scsi0:0","n/a","0"
"Test","virtualdisk.read.average","8/20/2026 4:57:20 AM","20","1","1","KBps","scsi0:0","n/a","0"
"Test","virtualdisk.read.average","8/20/2026 4:57:40 AM","20","0","0","KBps","scsi0:0","n/a","0"
"Test","virtualdisk.read.average","8/20/2026 4:58:00 AM","20","0","0","KBps","scsi0:0","n/a","0"
"Test","virtualdisk.read.average","8/20/2026 4:58:20 AM","20","0","0","KBps","scsi0:0","n/a","0"
"Test","virtualdisk.read.average","8/20/2026 4:58:40 AM","20","0","0","KBps","scsi0:0","n/a","0"
"Test","virtualdisk.read.average","8/20/2026 4:59:00 AM","20","0","0","KBps","scsi0:0","n/a","0"
"Test","virtualdisk.read.average","8/20/2026 4:59:20 AM","20","1","1","KBps","scsi0:0","n/a","0"
"Test","virtualdisk.read.average","8/20/2026 4:59:40 AM","20","0","0","KBps","scsi0:0","n/a","0"
"Test","virtualdisk.read.average","8/20/2026 5:00:00 AM","20","0","0","KBps","scsi0:0","n/a","0"
"Test","virtualdisk.read.average","8/20/2026 5:00:20 AM","20","0","0","KBps","scsi0:0","n/a","0"
"Test","virtualdisk.read.average","8/20/2026 5:00:40 AM","20","0","0","KBps","scsi0:0","n/a","0"
"Test","virtualdisk.read.average","8/20/2026 5:01:00 AM","20","0","0","KBps","scsi0:0","n/a","0"
"Test","virtualdisk.read.average","8/20/2026 5:01:20 AM","20","0","0","KBps","scsi0:0","n/a","0"
"Test","virtualdisk.read.average","8/20/2026 5:01:40 AM","20","0","0","KBps","scsi0:0","n/a","0"
"Test","virtualdisk.read.average","8/20/2026 5:02:00 AM","20","0","0","KBps","scsi0:0","n/a","0"
"Test","virtualdisk.read.average","8/20/2026 5:02:20 AM","20","0","0","KBps","scsi0:0","n/a","0"
"Test","virtualdisk.read.average","8/20/2026 5:02:40 AM","20","1","1","KBps","scsi0:0","n/a","0"
"Test","virtualdisk.read.average","8/20/2026 5:03:00 AM","20","0","0","KBps","scsi0:0","n/a","0"
"Test","virtualdisk.read.average","8/20/2026 5:03:20 AM","20","0","0","KBps","scsi0:0","n/a","0"
"Test","virtualdisk.read.average","8/20/2026 5:03:40 AM","20","2","2","KBps","scsi0:0","n/a","0"
"Test","virtualdisk.read.average","8/20/2026 5:04:00 AM","20","0","0","KBps","scsi0:0","n/a","0"
"Test","virtualdisk.read.average","8/20/2026 5:04:20 AM","20","0","0","KBps","scsi0:0","n/a","0"
"Test","virtualdisk.read.average","8/20/2026 5:04:40 AM","20","0","0","KBps","scsi0:0","n/a","0"
"Test","virtualdisk.read.average","8/20/2026 5:05:00 AM","20","0","0","KBps","scsi0:0","n/a","0"
"Test","virtualdisk.read.average","8/20/2026 5:05:20 AM","20","0","0","KBps","scsi0:0","n/a","0"
"Test","virtualdisk.read.average","8/20/2026 5:05:40 AM","20","8","8","KBps","scsi0:0","n/a","0"
"Test","virtualdisk.write.average","8/20/2026 4:06:00 AM","20","4","4","KBps","scsi0:0","n/a","0"
"Test","virtualdisk.write.average","8/20/2026 4:06:20 AM","20","4","4","KBps","scsi0:0","n/a","0"
"Test","virtualdisk.write.average","8/20/2026 4:06:40 AM","20","14","14","KBps","scsi0:0","n/a","0"
"Test","virtualdisk.write.average","8/20/2026 4:07:00 AM","20","10","10","KBps","scsi0:0","n/a","0"
"Test","virtualdisk.write.average","8/20/2026 4:07:20 AM","20","9","9","KBps","scsi0:0","n/a","0"
"Test","virtualdisk.write.average","8/20/2026 4:07:40 AM","20","5","5","KBps","scsi0:0","n/a","0"
"Test","virtualdisk.write.average","8/20/2026 4:08:00 AM","20","10","10","KBps","scsi0:0","n/a","0"
"Test","virtualdisk.write.average","8/20/2026 4:08:20 AM","20","11","11","KBps","scsi0:0","n/a","0"
"Test","virtualdisk.write.average","8/20/2026 4:08:40 AM","20","12","12","KBps","scsi0:0","n/a","0"
"Test","virtualdisk.write.average","8/20/2026 4:09:00 AM","20","12","12","KBps","scsi0:0","n/a","0"
"Test","virtualdisk.write.average","8/20/2026 4:09:20 AM","20","9","9","KBps","scsi0:0","n/a","0"
"Test","virtualdisk.write.average","8/20/2026 4:09:40 AM","20","3","3","KBps","scsi0:0","n/a","0"
"Test","virtualdisk.write.average","8/20/2026 4:10:00 AM","20","4","4","KBps","scsi0:0","n/a","0"
"Test","virtualdisk.write.average","8/20/2026 4:10:20 AM","20","2","2","KBps","scsi0:0","n/a","0"
"Test","virtualdisk.write.average","8/20/2026 4:10:40 AM","20","11","11","KBps","scsi0:0","n/a","0"
"Test","virtualdisk.write.average","8/20/2026 4:11:00 AM","20","4","4","KBps","scsi0:0","n/a","0"
"Test","virtualdisk.write.average","8/20/2026 4:11:20 AM","20","0","0","KBps","scsi0:0","n/a","0"
"Test","virtualdisk.write.average","8/20/2026 4:11:40 AM","20","5","5","KBps","scsi0:0","n/a","0"
"Test","virtualdisk.write.average","8/20/2026 4:12:00 AM","20","5","5","KBps","scsi0:0","n/a","0"
"Test","virtualdisk.write.average","8/20/2026 4:12:20 AM","20","6","6","KBps","scsi0:0","n/a","0"
"Test","virtualdisk.write.average","8/20/2026 4:12:40 AM","20","4","4","KBps","scsi0:0","n/a","0"
"Test","virtualdisk.write.average","8/20/2026 4:13:00 AM","20","3","3","KBps","scsi0:0","n/a","0"
"Test","virtualdisk.write.average","8/20/2026 4:13:20 AM","20","7","7","KBps","scsi0:0","n/a","0"
"Test","virtualdisk.write.average","8/20/2026 4:13:40 AM","20","11","11","KBps","scsi0:0","n/a","0"
"Test","virtualdisk.write.average","8/20/2026 4:14:00 AM","20","4","4","KBps","scsi0:0","n/a","0"
"Test","virtualdisk.write.average","8/20/2026 4:14:20 AM","20","3","3","KBps","scsi0:0","n/a","0"
"Test","virtualdisk.write.average","8/20/2026 4:14:40 AM","20","24","24","KBps","scsi0:0","n/a","0"
"Test","virtualdisk.write.average","8/20/2026 4:15:00 AM","20","5","5","KBps","scsi0:0","n/a","0"
"Test","virtualdisk.write.average","8/20/2026 4:15:20 AM","20","3","3","KBps","scsi0:0","n/a","0"
"Test","virtualdisk.write.average","8/20/2026 4:15:40 AM","20","3","3","KBps","scsi0:0","n/a","0"
"Test","virtualdisk.write.average","8/20/2026 4:16:00 AM","20","4","4","KBps","scsi0:0","n/a","0"
"Test","virtualdisk.write.average","8/20/2026 4:16:20 AM","20","0","0","KBps","scsi0:0","n/a","0"
"Test","virtualdisk.write.average","8/20/2026 4:16:40 AM","20","9","9","KBps","scsi0:0","n/a","0"
"Test","virtualdisk.write.average","8/20/2026 4:17:00 AM","20","5","5","KBps","scsi0:0","n/a","0"
"Test","virtualdisk.write.average","8/20/2026 4:17:20 AM","20","6","6","KBps","scsi0:0","n/a","0"
"Test","virtualdisk.write.average","8/20/2026 4:17:40 AM","20","4","4","KBps","scsi0:0","n/a","0"
"Test","virtualdisk.write.average","8/20/2026 4:18:00 AM","20","6","6","KBps","scsi0:0","n/a","0"
"Test","virtualdisk.write.average","8/20/2026 4:18:20 AM","20","3","3","KBps","scsi0:0","n/a","0"
"Test","virtualdisk.write.average","8/20/2026 4:18:40 AM","20","12","12","KBps","scsi0:0","n/a","0"
"Test","virtualdisk.write.average","8/20/2026 4:19:00 AM","20","5","5","KBps","scsi0:0","n/a","0"
"Test","virtualdisk.write.average","8/20/2026 4:19:20 AM","20","2","2","KBps","scsi0:0","n/a","0"
"Test","virtualdisk.write.average","8/20/2026 4:19:40 AM","20","4","4","KBps","scsi0:0","n/a","0"
"Test","virtualdisk.write.average","8/20/2026 4:20:00 AM","20","3","3","KBps","scsi0:0","n/a","0"
"Test","virtualdisk.write.average","8/20/2026 4:20:20 AM","20","1","1","KBps","scsi0:0","n/a","0"
"Test","virtualdisk.write.average","8/20/2026 4:20:40 AM","20","5","5","KBps","scsi0:0","n/a","0"
"Test","virtualdisk.write.average","8/20/2026 4:21:00 AM","20","3","3","KBps","scsi0:0","n/a","0"
"Test","virtualdisk.write.average","8/20/2026 4:21:20 AM","20","2","2","KBps","scsi0:0","n/a","0"
"Test","virtualdisk.write.average","8/20/2026 4:21:40 AM","20","8","8","KBps","scsi0:0","n/a","0"
"Test","virtualdisk.write.average","8/20/2026 4:22:00 AM","20","5","5","KBps","scsi0:0","n/a","0"
"Test","virtualdisk.write.average","8/20/2026 4:22:20 AM","20","6","6","KBps","scsi0:0","n/a","0"
"Test","virtualdisk.write.average","8/20/2026 4:22:40 AM","20","9","9","KBps","scsi0:0","n/a","0"
"Test","virtualdisk.write.average","8/20/2026 4:23:00 AM","20","4","4","KBps","scsi0:0","n/a","0"
"Test","virtualdisk.write.average","8/20/2026 4:23:20 AM","20","5","5","KBps","scsi0:0","n/a","0"
"Test","virtualdisk.write.average","8/20/2026 4:23:40 AM","20","19","19","KBps","scsi0:0","n/a","0"
"Test","virtualdisk.write.average","8/20/2026 4:24:00 AM","20","4","4","KBps","scsi0:0","n/a","0"
"Test","virtualdisk.write.average","8/20/2026 4:24:20 AM","20","0","0","KBps","scsi0:0","n/a","0"
"Test","virtualdisk.write.average","8/20/2026 4:24:40 AM","20","9","9","KBps","scsi0:0","n/a","0"
"Test","virtualdisk.write.average","8/20/2026 4:25:00 AM","20","4","4","KBps","scsi0:0","n/a","0"
"Test","virtualdisk.write.average","8/20/2026 4:25:20 AM","20","2","2","KBps","scsi0:0","n/a","0"
"Test","virtualdisk.write.average","8/20/2026 4:25:40 AM","20","6","6","KBps","scsi0:0","n/a","0"
"Test","virtualdisk.write.average","8/20/2026 4:26:00 AM","20","2","2","KBps","scsi0:0","n/a","0"
"Test","virtualdisk.write.average","8/20/2026 4:26:20 AM","20","2","2","KBps","scsi0:0","n/a","0"
"Test","virtualdisk.write.average","8/20/2026 4:26:40 AM","20","10","10","KBps","scsi0:0","n/a","0"
"Test","virtualdisk.write.average","8/20/2026 4:27:00 AM","20","7","7","KBps","scsi0:0","n/a","0"
"Test","virtualdisk.write.average","8/20/2026 4:27:20 AM","20","7","7","KBps","scsi0:0","n/a","0"
"Test","virtualdisk.write.average","8/20/2026 4:27:40 AM","20","3","3","KBps","scsi0:0","n/a","0"
"Test","virtualdisk.write.average","8/20/2026 4:28:00 AM","20","6","6","KBps","scsi0:0","n/a","0"
"Test","virtualdisk.write.average","8/20/2026 4:28:20 AM","20","2","2","KBps","scsi0:0","n/a","0"
"Test","virtualdisk.write.average","8/20/2026 4:28:40 AM","20","13","13","KBps","scsi0:0","n/a","0"
"Test","virtualdisk.write.average","8/20/2026 4:29:00 AM","20","3","3","KBps","scsi0:0","n/a","0"
"Test","virtualdisk.write.average","8/20/2026 4:29:20 AM","20","1","1","KBps","scsi0:0","n/a","0"
"Test","virtualdisk.write.average","8/20/2026 4:29:40 AM","20","5","5","KBps","scsi0:0","n/a","0"
"Test","virtualdisk.write.average","8/20/2026 4:30:00 AM","20","3","3","KBps","scsi0:0","n/a","0"
"Test","virtualdisk.write.average","8/20/2026 4:30:20 AM","20","3","3","KBps","scsi0:0","n/a","0"
"Test","virtualdisk.write.average","8/20/2026 4:30:40 AM","20","4","4","KBps","scsi0:0","n/a","0"
"Test","virtualdisk.write.average","8/20/2026 4:31:00 AM","20","4","4","KBps","scsi0:0","n/a","0"
"Test","virtualdisk.write.average","8/20/2026 4:31:20 AM","20","1","1","KBps","scsi0:0","n/a","0"
"Test","virtualdisk.write.average","8/20/2026 4:31:40 AM","20","12","12","KBps","scsi0:0","n/a","0"
"Test","virtualdisk.write.average","8/20/2026 4:32:00 AM","20","4","4","KBps","scsi0:0","n/a","0"
"Test","virtualdisk.write.average","8/20/2026 4:32:20 AM","20","3","3","KBps","scsi0:0","n/a","0"
"Test","virtualdisk.write.average","8/20/2026 4:32:40 AM","20","4","4","KBps","scsi0:0","n/a","0"
"Test","virtualdisk.write.average","8/20/2026 4:33:00 AM","20","5","5","KBps","scsi0:0","n/a","0"
"Test","virtualdisk.write.average","8/20/2026 4:33:20 AM","20","1","1","KBps","scsi0:0","n/a","0"
"Test","virtualdisk.write.average","8/20/2026 4:33:40 AM","20","18","18","KBps","scsi0:0","n/a","0"
"Test","virtualdisk.write.average","8/20/2026 4:34:00 AM","20","5","5","KBps","scsi0:0","n/a","0"
"Test","virtualdisk.write.average","8/20/2026 4:34:20 AM","20","2","2","KBps","scsi0:0","n/a","0"
"Test","virtualdisk.write.average","8/20/2026 4:34:40 AM","20","8","8","KBps","scsi0:0","n/a","0"
"Test","virtualdisk.write.average","8/20/2026 4:35:00 AM","20","3","3","KBps","scsi0:0","n/a","0"
"Test","virtualdisk.write.average","8/20/2026 4:35:20 AM","20","3","3","KBps","scsi0:0","n/a","0"
"Test","virtualdisk.write.average","8/20/2026 4:35:40 AM","20","4","4","KBps","scsi0:0","n/a","0"
"Test","virtualdisk.write.average","8/20/2026 4:36:00 AM","20","56","56","KBps","scsi0:0","n/a","0"
"Test","virtualdisk.write.average","8/20/2026 4:36:20 AM","20","20","20","KBps","scsi0:0","n/a","0"
"Test","virtualdisk.write.average","8/20/2026 4:36:40 AM","20","10","10","KBps","scsi0:0","n/a","0"
"Test","virtualdisk.write.average","8/20/2026 4:37:00 AM","20","8","8","KBps","scsi0:0","n/a","0"
"Test","virtualdisk.write.average","8/20/2026 4:37:20 AM","20","8","8","KBps","scsi0:0","n/a","0"
"Test","virtualdisk.write.average","8/20/2026 4:37:40 AM","20","4","4","KBps","scsi0:0","n/a","0"
"Test","virtualdisk.write.average","8/20/2026 4:38:00 AM","20","7","7","KBps","scsi0:0","n/a","0"
"Test","virtualdisk.write.average","8/20/2026 4:38:20 AM","20","7","7","KBps","scsi0:0","n/a","0"
"Test","virtualdisk.write.average","8/20/2026 4:38:40 AM","20","18","18","KBps","scsi0:0","n/a","0"
"Test","virtualdisk.write.average","8/20/2026 4:39:00 AM","20","12","12","KBps","scsi0:0","n/a","0"
"Test","virtualdisk.write.average","8/20/2026 4:39:20 AM","20","8","8","KBps","scsi0:0","n/a","0"
"Test","virtualdisk.write.average","8/20/2026 4:39:40 AM","20","3","3","KBps","scsi0:0","n/a","0"
"Test","virtualdisk.write.average","8/20/2026 4:40:00 AM","20","4","4","KBps","scsi0:0","n/a","0"
"Test","virtualdisk.write.average","8/20/2026 4:40:20 AM","20","4","4","KBps","scsi0:0","n/a","0"
"Test","virtualdisk.write.average","8/20/2026 4:40:40 AM","20","3","3","KBps","scsi0:0","n/a","0"
"Test","virtualdisk.write.average","8/20/2026 4:41:00 AM","20","3","3","KBps","scsi0:0","n/a","0"
"Test","virtualdisk.write.average","8/20/2026 4:41:20 AM","20","2","2","KBps","scsi0:0","n/a","0"
"Test","virtualdisk.write.average","8/20/2026 4:41:40 AM","20","11","11","KBps","scsi0:0","n/a","0"
"Test","virtualdisk.write.average","8/20/2026 4:42:00 AM","20","6","6","KBps","scsi0:0","n/a","0"
"Test","virtualdisk.write.average","8/20/2026 4:42:20 AM","20","2","2","KBps","scsi0:0","n/a","0"
"Test","virtualdisk.write.average","8/20/2026 4:42:40 AM","20","4","4","KBps","scsi0:0","n/a","0"
"Test","virtualdisk.write.average","8/20/2026 4:43:00 AM","20","3","3","KBps","scsi0:0","n/a","0"
"Test","virtualdisk.write.average","8/20/2026 4:43:20 AM","20","1","1","KBps","scsi0:0","n/a","0"
"Test","virtualdisk.write.average","8/20/2026 4:43:40 AM","20","16","16","KBps","scsi0:0","n/a","0"
"Test","virtualdisk.write.average","8/20/2026 4:44:00 AM","20","3","3","KBps","scsi0:0","n/a","0"
"Test","virtualdisk.write.average","8/20/2026 4:44:20 AM","20","2","2","KBps","scsi0:0","n/a","0"
"Test","virtualdisk.write.average","8/20/2026 4:44:40 AM","20","28","28","KBps","scsi0:0","n/a","0"
"Test","virtualdisk.write.average","8/20/2026 4:45:00 AM","20","14","14","KBps","scsi0:0","n/a","0"
"Test","virtualdisk.write.average","8/20/2026 4:45:20 AM","20","2","2","KBps","scsi0:0","n/a","0"
"Test","virtualdisk.write.average","8/20/2026 4:45:40 AM","20","3","3","KBps","scsi0:0","n/a","0"
"Test","virtualdisk.write.average","8/20/2026 4:46:00 AM","20","2","2","KBps","scsi0:0","n/a","0"
"Test","virtualdisk.write.average","8/20/2026 4:46:20 AM","20","17","17","KBps","scsi0:0","n/a","0"
"Test","virtualdisk.write.average","8/20/2026 4:46:40 AM","20","4","4","KBps","scsi0:0","n/a","0"
"Test","virtualdisk.write.average","8/20/2026 4:47:00 AM","20","5","5","KBps","scsi0:0","n/a","0"
"Test","virtualdisk.write.average","8/20/2026 4:47:20 AM","20","7","7","KBps","scsi0:0","n/a","0"
"Test","virtualdisk.write.average","8/20/2026 4:47:40 AM","20","2","2","KBps","scsi0:0","n/a","0"
"Test","virtualdisk.write.average","8/20/2026 4:48:00 AM","20","12","12","KBps","scsi0:0","n/a","0"
"Test","virtualdisk.write.average","8/20/2026 4:48:20 AM","20","2","2","KBps","scsi0:0","n/a","0"
"Test","virtualdisk.write.average","8/20/2026 4:48:40 AM","20","16","16","KBps","scsi0:0","n/a","0"
"Test","virtualdisk.write.average","8/20/2026 4:49:00 AM","20","6","6","KBps","scsi0:0","n/a","0"
"Test","virtualdisk.write.average","8/20/2026 4:49:20 AM","20","2","2","KBps","scsi0:0","n/a","0"
"Test","virtualdisk.write.average","8/20/2026 4:49:40 AM","20","4","4","KBps","scsi0:0","n/a","0"
"Test","virtualdisk.write.average","8/20/2026 4:50:00 AM","20","2","2","KBps","scsi0:0","n/a","0"
"Test","virtualdisk.write.average","8/20/2026 4:50:20 AM","20","3","3","KBps","scsi0:0","n/a","0"
"Test","virtualdisk.write.average","8/20/2026 4:50:40 AM","20","3","3","KBps","scsi0:0","n/a","0"
"Test","virtualdisk.write.average","8/20/2026 4:51:00 AM","20","3","3","KBps","scsi0:0","n/a","0"
"Test","virtualdisk.write.average","8/20/2026 4:51:20 AM","20","3","3","KBps","scsi0:0","n/a","0"
"Test","virtualdisk.write.average","8/20/2026 4:51:40 AM","20","13","13","KBps","scsi0:0","n/a","0"
"Test","virtualdisk.write.average","8/20/2026 4:52:00 AM","20","3","3","KBps","scsi0:0","n/a","0"
"Test","virtualdisk.write.average","8/20/2026 4:52:20 AM","20","4","4","KBps","scsi0:0","n/a","0"
"Test","virtualdisk.write.average","8/20/2026 4:52:40 AM","20","14","14","KBps","scsi0:0","n/a","0"
"Test","virtualdisk.write.average","8/20/2026 4:53:00 AM","20","6","6","KBps","scsi0:0","n/a","0"
"Test","virtualdisk.write.average","8/20/2026 4:53:20 AM","20","3","3","KBps","scsi0:0","n/a","0"
"Test","virtualdisk.write.average","8/20/2026 4:53:40 AM","20","15","15","KBps","scsi0:0","n/a","0"
"Test","virtualdisk.write.average","8/20/2026 4:54:00 AM","20","3","3","KBps","scsi0:0","n/a","0"
"Test","virtualdisk.write.average","8/20/2026 4:54:20 AM","20","2","2","KBps","scsi0:0","n/a","0"
"Test","virtualdisk.write.average","8/20/2026 4:54:40 AM","20","5","5","KBps","scsi0:0","n/a","0"
"Test","virtualdisk.write.average","8/20/2026 4:55:00 AM","20","4","4","KBps","scsi0:0","n/a","0"
"Test","virtualdisk.write.average","8/20/2026 4:55:20 AM","20","4","4","KBps","scsi0:0","n/a","0"
"Test","virtualdisk.write.average","8/20/2026 4:55:40 AM","20","3","3","KBps","scsi0:0","n/a","0"
"Test","virtualdisk.write.average","8/20/2026 4:56:00 AM","20","3","3","KBps","scsi0:0","n/a","0"
"Test","virtualdisk.write.average","8/20/2026 4:56:20 AM","20","4","4","KBps","scsi0:0","n/a","0"
"Test","virtualdisk.write.average","8/20/2026 4:56:40 AM","20","11","11","KBps","scsi0:0","n/a","0"
"Test","virtualdisk.write.average","8/20/2026 4:57:00 AM","20","5","5","KBps","scsi0:0","n/a","0"
"Test","virtualdisk.write.average","8/20/2026 4:57:20 AM","20","9","9","KBps","scsi0:0","n/a","0"
"Test","virtualdisk.write.average","8/20/2026 4:57:40 AM","20","1","1","KBps","scsi0:0","n/a","0"
"Test","virtualdisk.write.average","8/20/2026 4:58:00 AM","20","6","6","KBps","scsi0:0","n/a","0"
"Test","virtualdisk.write.average","8/20/2026 4:58:20 AM","20","2","2","KBps","scsi0:0","n/a","0"
"Test","virtualdisk.write.average","8/20/2026 4:58:40 AM","20","14","14","KBps","scsi0:0","n/a","0"
"Test","virtualdisk.write.average","8/20/2026 4:59:00 AM","20","3","3","KBps","scsi0:0","n/a","0"
"Test","virtualdisk.write.average","8/20/2026 4:59:20 AM","20","4","4","KBps","scsi0:0","n/a","0"
"Test","virtualdisk.write.average","8/20/2026 4:59:40 AM","20","4","4","KBps","scsi0:0","n/a","0"
"Test","virtualdisk.write.average","8/20/2026 5:00:00 AM","20","6","6","KBps","scsi0:0","n/a","0"
"Test","virtualdisk.write.average","8/20/2026 5:00:20 AM","20","3","3","KBps","scsi0:0","n/a","0"
"Test","virtualdisk.write.average","8/20/2026 5:00:40 AM","20","9","9","KBps","scsi0:0","n/a","0"
"Test","virtualdisk.write.average","8/20/2026 5:01:00 AM","20","3","3","KBps","scsi0:0","n/a","0"
"Test","virtualdisk.write.average","8/20/2026 5:01:20 AM","20","3","3","KBps","scsi0:0","n/a","0"
"Test","virtualdisk.write.average","8/20/2026 5:01:40 AM","20","8","8","KBps","scsi0:0","n/a","0"
"Test","virtualdisk.write.average","8/20/2026 5:02:00 AM","20","5","5","KBps","scsi0:0","n/a","0"
"Test","virtualdisk.write.average","8/20/2026 5:02:20 AM","20","2","2","KBps","scsi0:0","n/a","0"
"Test","virtualdisk.write.average","8/20/2026 5:02:40 AM","20","7","7","KBps","scsi0:0","n/a","0"
"Test","virtualdisk.write.average","8/20/2026 5:03:00 AM","20","5","5","KBps","scsi0:0","n/a","0"
"Test","virtualdisk.write.average","8/20/2026 5:03:20 AM","20","3","3","KBps","scsi0:0","n/a","0"
"Test","virtualdisk.write.average","8/20/2026 5:03:40 AM","20","11","11","KBps","scsi0:0","n/a","0"
"Test","virtualdisk.write.average","8/20/2026 5:04:00 AM","20","5","5","KBps","scsi0:0","n/a","0"
"Test","virtualdisk.write.average","8/20/2026 5:04:20 AM","20","1","1","KBps","scsi0:0","n/a","0"
"Test","virtualdisk.write.average","8/20/2026 5:04:40 AM","20","6","6","KBps","scsi0:0","n/a","0"
"Test","virtualdisk.write.average","8/20/2026 5:05:00 AM","20","3","3","KBps","scsi0:0","n/a","0"
"Test","virtualdisk.write.average","8/20/2026 5:05:20 AM","20","3","3","KBps","scsi0:0","n/a","0"
"Test","virtualdisk.write.average","8/20/2026 5:05:40 AM","20","3","3","KBps","scsi0:0","n/a","0"
"WIN-DEMO-APP01","cpu.ready.summation","8/20/2026 4:06:00 AM","20","923","46.15","millisecond","","n/a","0"
"WIN-DEMO-APP01","cpu.ready.summation","8/20/2026 4:06:20 AM","20","946","47.3","millisecond","","n/a","0"
"WIN-DEMO-APP01","cpu.ready.summation","8/20/2026 4:06:40 AM","20","905","45.25","millisecond","","n/a","0"
"WIN-DEMO-APP01","cpu.ready.summation","8/20/2026 4:07:00 AM","20","347","17.35","millisecond","","n/a","0"
"WIN-DEMO-APP01","cpu.ready.summation","8/20/2026 4:07:20 AM","20","418","20.9","millisecond","","n/a","0"
"WIN-DEMO-APP01","cpu.ready.summation","8/20/2026 4:07:40 AM","20","456","22.8","millisecond","","n/a","0"
"WIN-DEMO-APP01","cpu.ready.summation","8/20/2026 4:08:00 AM","20","482","24.1","millisecond","","n/a","0"
"WIN-DEMO-APP01","cpu.ready.summation","8/20/2026 4:08:20 AM","20","395","19.75","millisecond","","n/a","0"
"WIN-DEMO-APP01","cpu.ready.summation","8/20/2026 4:08:40 AM","20","489","24.45","millisecond","","n/a","0"
"WIN-DEMO-APP01","cpu.ready.summation","8/20/2026 4:09:00 AM","20","437","21.85","millisecond","","n/a","0"
"WIN-DEMO-APP01","cpu.ready.summation","8/20/2026 4:09:20 AM","20","1073","53.65","millisecond","","n/a","0"
"WIN-DEMO-APP01","cpu.ready.summation","8/20/2026 4:09:40 AM","20","880","44","millisecond","","n/a","0"
"WIN-DEMO-APP01","cpu.ready.summation","8/20/2026 4:10:00 AM","20","636","31.8","millisecond","","n/a","0"
"WIN-DEMO-APP01","cpu.ready.summation","8/20/2026 4:10:20 AM","20","516","25.8","millisecond","","n/a","0"
"WIN-DEMO-APP01","cpu.ready.summation","8/20/2026 4:10:40 AM","20","194","9.7","millisecond","","n/a","0"
"WIN-DEMO-APP01","cpu.ready.summation","8/20/2026 4:11:00 AM","20","311","15.55","millisecond","","n/a","0"
"WIN-DEMO-APP01","cpu.ready.summation","8/20/2026 4:11:20 AM","20","422","21.1","millisecond","","n/a","0"
"WIN-DEMO-APP01","cpu.ready.summation","8/20/2026 4:11:40 AM","20","594","29.7","millisecond","","n/a","0"
"WIN-DEMO-APP01","cpu.ready.summation","8/20/2026 4:12:00 AM","20","581","29.05","millisecond","","n/a","0"
"WIN-DEMO-APP01","cpu.ready.summation","8/20/2026 4:12:20 AM","20","938","46.9","millisecond","","n/a","0"
"WIN-DEMO-APP01","cpu.ready.summation","8/20/2026 4:12:40 AM","20","733","36.65","millisecond","","n/a","0"
"WIN-DEMO-APP01","cpu.ready.summation","8/20/2026 4:13:00 AM","20","518","25.9","millisecond","","n/a","0"
"WIN-DEMO-APP01","cpu.ready.summation","8/20/2026 4:13:20 AM","20","504","25.2","millisecond","","n/a","0"
"WIN-DEMO-APP01","cpu.ready.summation","8/20/2026 4:13:40 AM","20","681","34.05","millisecond","","n/a","0"
"WIN-DEMO-APP01","cpu.ready.summation","8/20/2026 4:14:00 AM","20","393","19.65","millisecond","","n/a","0"
"WIN-DEMO-APP01","cpu.ready.summation","8/20/2026 4:14:20 AM","20","186","9.3","millisecond","","n/a","0"
"WIN-DEMO-APP01","cpu.ready.summation","8/20/2026 4:14:40 AM","20","223","11.15","millisecond","","n/a","0"
"WIN-DEMO-APP01","cpu.ready.summation","8/20/2026 4:15:00 AM","20","630","31.5","millisecond","","n/a","0"
"WIN-DEMO-APP01","cpu.ready.summation","8/20/2026 4:15:20 AM","20","500","25","millisecond","","n/a","0"
"WIN-DEMO-APP01","cpu.ready.summation","8/20/2026 4:15:40 AM","20","604","30.2","millisecond","","n/a","0"
"WIN-DEMO-APP01","cpu.ready.summation","8/20/2026 4:16:00 AM","20","963","48.15","millisecond","","n/a","0"
"WIN-DEMO-APP01","cpu.ready.summation","8/20/2026 4:16:20 AM","20","543","27.15","millisecond","","n/a","0"
"WIN-DEMO-APP01","cpu.ready.summation","8/20/2026 4:16:40 AM","20","819","40.95","millisecond","","n/a","0"
"WIN-DEMO-APP01","cpu.ready.summation","8/20/2026 4:17:00 AM","20","764","38.2","millisecond","","n/a","0"
"WIN-DEMO-APP01","cpu.ready.summation","8/20/2026 4:17:20 AM","20","563","28.15","millisecond","","n/a","0"
"WIN-DEMO-APP01","cpu.ready.summation","8/20/2026 4:17:40 AM","20","526","26.3","millisecond","","n/a","0"
"WIN-DEMO-APP01","cpu.ready.summation","8/20/2026 4:18:00 AM","20","1081","54.05","millisecond","","n/a","0"
"WIN-DEMO-APP01","cpu.ready.summation","8/20/2026 4:18:20 AM","20","1068","53.4","millisecond","","n/a","0"
"WIN-DEMO-APP01","cpu.ready.summation","8/20/2026 4:18:40 AM","20","849","42.45","millisecond","","n/a","0"
"WIN-DEMO-APP01","cpu.ready.summation","8/20/2026 4:19:00 AM","20","663","33.15","millisecond","","n/a","0"
"WIN-DEMO-APP01","cpu.ready.summation","8/20/2026 4:19:20 AM","20","880","44","millisecond","","n/a","0"
"WIN-DEMO-APP01","cpu.ready.summation","8/20/2026 4:19:40 AM","20","790","39.5","millisecond","","n/a","0"
"WIN-DEMO-APP01","cpu.ready.summation","8/20/2026 4:20:00 AM","20","1085","54.25","millisecond","","n/a","0"
"WIN-DEMO-APP01","cpu.ready.summation","8/20/2026 4:20:20 AM","20","698","34.9","millisecond","","n/a","0"
"WIN-DEMO-APP01","cpu.ready.summation","8/20/2026 4:20:40 AM","20","467","23.35","millisecond","","n/a","0"
"WIN-DEMO-APP01","cpu.ready.summation","8/20/2026 4:21:00 AM","20","207","10.35","millisecond","","n/a","0"
"WIN-DEMO-APP01","cpu.ready.summation","8/20/2026 4:21:20 AM","20","692","34.6","millisecond","","n/a","0"
"WIN-DEMO-APP01","cpu.ready.summation","8/20/2026 4:21:40 AM","20","601","30.05","millisecond","","n/a","0"
"WIN-DEMO-APP01","cpu.ready.summation","8/20/2026 4:22:00 AM","20","553","27.65","millisecond","","n/a","0"
"WIN-DEMO-APP01","cpu.ready.summation","8/20/2026 4:22:20 AM","20","477","23.85","millisecond","","n/a","0"
"WIN-DEMO-APP01","cpu.ready.summation","8/20/2026 4:22:40 AM","20","763","38.15","millisecond","","n/a","0"
"WIN-DEMO-APP01","cpu.ready.summation","8/20/2026 4:23:00 AM","20","594","29.7","millisecond","","n/a","0"
"WIN-DEMO-APP01","cpu.ready.summation","8/20/2026 4:23:20 AM","20","691","34.55","millisecond","","n/a","0"
"WIN-DEMO-APP01","cpu.ready.summation","8/20/2026 4:23:40 AM","20","753","37.65","millisecond","","n/a","0"
"WIN-DEMO-APP01","cpu.ready.summation","8/20/2026 4:24:00 AM","20","775","38.75","millisecond","","n/a","0"
"WIN-DEMO-APP01","cpu.ready.summation","8/20/2026 4:24:20 AM","20","689","34.45","millisecond","","n/a","0"
"WIN-DEMO-APP01","cpu.ready.summation","8/20/2026 4:24:40 AM","20","267","13.35","millisecond","","n/a","0"
"WIN-DEMO-APP01","cpu.ready.summation","8/20/2026 4:25:00 AM","20","212","10.6","millisecond","","n/a","0"
"WIN-DEMO-APP01","cpu.ready.summation","8/20/2026 4:25:20 AM","20","620","31","millisecond","","n/a","0"
"WIN-DEMO-APP01","cpu.ready.summation","8/20/2026 4:25:40 AM","20","614","30.7","millisecond","","n/a","0"
"WIN-DEMO-APP01","cpu.ready.summation","8/20/2026 4:26:00 AM","20","655","32.75","millisecond","","n/a","0"
"WIN-DEMO-APP01","cpu.ready.summation","8/20/2026 4:26:20 AM","20","762","38.1","millisecond","","n/a","0"
"WIN-DEMO-APP01","cpu.ready.summation","8/20/2026 4:26:40 AM","20","440","22","millisecond","","n/a","0"
"WIN-DEMO-APP01","cpu.ready.summation","8/20/2026 4:27:00 AM","20","647","32.35","millisecond","","n/a","0"
"WIN-DEMO-APP01","cpu.ready.summation","8/20/2026 4:27:20 AM","20","632","31.6","millisecond","","n/a","0"
"WIN-DEMO-APP01","cpu.ready.summation","8/20/2026 4:27:40 AM","20","689","34.45","millisecond","","n/a","0"
"WIN-DEMO-APP01","cpu.ready.summation","8/20/2026 4:28:00 AM","20","762","38.1","millisecond","","n/a","0"
"WIN-DEMO-APP01","cpu.ready.summation","8/20/2026 4:28:20 AM","20","967","48.35","millisecond","","n/a","0"
"WIN-DEMO-APP01","cpu.ready.summation","8/20/2026 4:28:40 AM","20","599","29.95","millisecond","","n/a","0"
"WIN-DEMO-APP01","cpu.ready.summation","8/20/2026 4:29:00 AM","20","1061","53.05","millisecond","","n/a","0"
"WIN-DEMO-APP01","cpu.ready.summation","8/20/2026 4:29:20 AM","20","1015","50.75","millisecond","","n/a","0"
"WIN-DEMO-APP01","cpu.ready.summation","8/20/2026 4:29:40 AM","20","720","36","millisecond","","n/a","0"
"WIN-DEMO-APP01","cpu.ready.summation","8/20/2026 4:30:00 AM","20","637","31.85","millisecond","","n/a","0"
"WIN-DEMO-APP01","cpu.ready.summation","8/20/2026 4:30:20 AM","20","586","29.3","millisecond","","n/a","0"
"WIN-DEMO-APP01","cpu.ready.summation","8/20/2026 4:30:40 AM","20","580","29","millisecond","","n/a","0"
"WIN-DEMO-APP01","cpu.ready.summation","8/20/2026 4:31:00 AM","20","900","45","millisecond","","n/a","0"
"WIN-DEMO-APP01","cpu.ready.summation","8/20/2026 4:31:20 AM","20","857","42.85","millisecond","","n/a","0"
"WIN-DEMO-APP01","cpu.ready.summation","8/20/2026 4:31:40 AM","20","544","27.2","millisecond","","n/a","0"
"WIN-DEMO-APP01","cpu.ready.summation","8/20/2026 4:32:00 AM","20","585","29.25","millisecond","","n/a","0"
"WIN-DEMO-APP01","cpu.ready.summation","8/20/2026 4:32:20 AM","20","703","35.15","millisecond","","n/a","0"
"WIN-DEMO-APP01","cpu.ready.summation","8/20/2026 4:32:40 AM","20","352","17.6","millisecond","","n/a","0"
"WIN-DEMO-APP01","cpu.ready.summation","8/20/2026 4:33:00 AM","20","188","9.4","millisecond","","n/a","0"
"WIN-DEMO-APP01","cpu.ready.summation","8/20/2026 4:33:20 AM","20","222","11.1","millisecond","","n/a","0"
"WIN-DEMO-APP01","cpu.ready.summation","8/20/2026 4:33:40 AM","20","752","37.6","millisecond","","n/a","0"
"WIN-DEMO-APP01","cpu.ready.summation","8/20/2026 4:34:00 AM","20","1079","53.95","millisecond","","n/a","0"
"WIN-DEMO-APP01","cpu.ready.summation","8/20/2026 4:34:20 AM","20","629","31.45","millisecond","","n/a","0"
"WIN-DEMO-APP01","cpu.ready.summation","8/20/2026 4:34:40 AM","20","580","29","millisecond","","n/a","0"
"WIN-DEMO-APP01","cpu.ready.summation","8/20/2026 4:35:00 AM","20","529","26.45","millisecond","","n/a","0"
"WIN-DEMO-APP01","cpu.ready.summation","8/20/2026 4:35:20 AM","20","472","23.6","millisecond","","n/a","0"
"WIN-DEMO-APP01","cpu.ready.summation","8/20/2026 4:35:40 AM","20","415","20.75","millisecond","","n/a","0"
"WIN-DEMO-APP01","cpu.ready.summation","8/20/2026 4:36:00 AM","20","253","12.65","millisecond","","n/a","0"
"WIN-DEMO-APP01","cpu.ready.summation","8/20/2026 4:36:20 AM","20","517","25.85","millisecond","","n/a","0"
"WIN-DEMO-APP01","cpu.ready.summation","8/20/2026 4:36:40 AM","20","1034","51.7","millisecond","","n/a","0"
"WIN-DEMO-APP01","cpu.ready.summation","8/20/2026 4:37:00 AM","20","1008","50.4","millisecond","","n/a","0"
"WIN-DEMO-APP01","cpu.ready.summation","8/20/2026 4:37:20 AM","20","183","9.15","millisecond","","n/a","0"
"WIN-DEMO-APP01","cpu.ready.summation","8/20/2026 4:37:40 AM","20","132","6.6","millisecond","","n/a","0"
"WIN-DEMO-APP01","cpu.ready.summation","8/20/2026 4:38:00 AM","20","528","26.4","millisecond","","n/a","0"
"WIN-DEMO-APP01","cpu.ready.summation","8/20/2026 4:38:20 AM","20","341","17.05","millisecond","","n/a","0"
"WIN-DEMO-APP01","cpu.ready.summation","8/20/2026 4:38:40 AM","20","316","15.8","millisecond","","n/a","0"
"WIN-DEMO-APP01","cpu.ready.summation","8/20/2026 4:39:00 AM","20","328","16.4","millisecond","","n/a","0"
"WIN-DEMO-APP01","cpu.ready.summation","8/20/2026 4:39:20 AM","20","708","35.4","millisecond","","n/a","0"
"WIN-DEMO-APP01","cpu.ready.summation","8/20/2026 4:39:40 AM","20","1241","62.05","millisecond","","n/a","0"
"WIN-DEMO-APP01","cpu.ready.summation","8/20/2026 4:40:00 AM","20","1055","52.75","millisecond","","n/a","0"
"WIN-DEMO-APP01","cpu.ready.summation","8/20/2026 4:40:20 AM","20","596","29.8","millisecond","","n/a","0"
"WIN-DEMO-APP01","cpu.ready.summation","8/20/2026 4:40:40 AM","20","581","29.05","millisecond","","n/a","0"
"WIN-DEMO-APP01","cpu.ready.summation","8/20/2026 4:41:00 AM","20","752","37.6","millisecond","","n/a","0"
"WIN-DEMO-APP01","cpu.ready.summation","8/20/2026 4:41:20 AM","20","745","37.25","millisecond","","n/a","0"
"WIN-DEMO-APP01","cpu.ready.summation","8/20/2026 4:41:40 AM","20","384","19.2","millisecond","","n/a","0"
"WIN-DEMO-APP01","cpu.ready.summation","8/20/2026 4:42:00 AM","20","201","10.05","millisecond","","n/a","0"
"WIN-DEMO-APP01","cpu.ready.summation","8/20/2026 4:42:20 AM","20","666","33.3","millisecond","","n/a","0"
"WIN-DEMO-APP01","cpu.ready.summation","8/20/2026 4:42:40 AM","20","1058","52.9","millisecond","","n/a","0"
"WIN-DEMO-APP01","cpu.ready.summation","8/20/2026 4:43:00 AM","20","1029","51.45","millisecond","","n/a","0"
"WIN-DEMO-APP01","cpu.ready.summation","8/20/2026 4:43:20 AM","20","882","44.1","millisecond","","n/a","0"
"WIN-DEMO-APP01","cpu.ready.summation","8/20/2026 4:43:40 AM","20","967","48.35","millisecond","","n/a","0"
"WIN-DEMO-APP01","cpu.ready.summation","8/20/2026 4:44:00 AM","20","799","39.95","millisecond","","n/a","0"
"WIN-DEMO-APP01","cpu.ready.summation","8/20/2026 4:44:20 AM","20","590","29.5","millisecond","","n/a","0"
"WIN-DEMO-APP01","cpu.ready.summation","8/20/2026 4:44:40 AM","20","855","42.75","millisecond","","n/a","0"
"WIN-DEMO-APP01","cpu.ready.summation","8/20/2026 4:45:00 AM","20","1290","64.5","millisecond","","n/a","0"
"WIN-DEMO-APP01","cpu.ready.summation","8/20/2026 4:45:20 AM","20","1104","55.2","millisecond","","n/a","0"
"WIN-DEMO-APP01","cpu.ready.summation","8/20/2026 4:45:40 AM","20","1173","58.65","millisecond","","n/a","0"
"WIN-DEMO-APP01","cpu.ready.summation","8/20/2026 4:46:00 AM","20","744","37.2","millisecond","","n/a","0"
"WIN-DEMO-APP01","cpu.ready.summation","8/20/2026 4:46:20 AM","20","204","10.2","millisecond","","n/a","0"
"WIN-DEMO-APP01","cpu.ready.summation","8/20/2026 4:46:40 AM","20","596","29.8","millisecond","","n/a","0"
"WIN-DEMO-APP01","cpu.ready.summation","8/20/2026 4:47:00 AM","20","738","36.9","millisecond","","n/a","0"
"WIN-DEMO-APP01","cpu.ready.summation","8/20/2026 4:47:20 AM","20","754","37.7","millisecond","","n/a","0"
"WIN-DEMO-APP01","cpu.ready.summation","8/20/2026 4:47:40 AM","20","622","31.1","millisecond","","n/a","0"
"WIN-DEMO-APP01","cpu.ready.summation","8/20/2026 4:48:00 AM","20","1037","51.85","millisecond","","n/a","0"
"WIN-DEMO-APP01","cpu.ready.summation","8/20/2026 4:48:20 AM","20","466","23.3","millisecond","","n/a","0"
"WIN-DEMO-APP01","cpu.ready.summation","8/20/2026 4:48:40 AM","20","155","7.75","millisecond","","n/a","0"
"WIN-DEMO-APP01","cpu.ready.summation","8/20/2026 4:49:00 AM","20","202","10.1","millisecond","","n/a","0"
"WIN-DEMO-APP01","cpu.ready.summation","8/20/2026 4:49:20 AM","20","247","12.35","millisecond","","n/a","0"
"WIN-DEMO-APP01","cpu.ready.summation","8/20/2026 4:49:40 AM","20","635","31.75","millisecond","","n/a","0"
"WIN-DEMO-APP01","cpu.ready.summation","8/20/2026 4:50:00 AM","20","304","15.2","millisecond","","n/a","0"
"WIN-DEMO-APP01","cpu.ready.summation","8/20/2026 4:50:20 AM","20","781","39.05","millisecond","","n/a","0"
"WIN-DEMO-APP01","cpu.ready.summation","8/20/2026 4:50:40 AM","20","1022","51.1","millisecond","","n/a","0"
"WIN-DEMO-APP01","cpu.ready.summation","8/20/2026 4:51:00 AM","20","917","45.85","millisecond","","n/a","0"
"WIN-DEMO-APP01","cpu.ready.summation","8/20/2026 4:51:20 AM","20","690","34.5","millisecond","","n/a","0"
"WIN-DEMO-APP01","cpu.ready.summation","8/20/2026 4:51:40 AM","20","501","25.05","millisecond","","n/a","0"
"WIN-DEMO-APP01","cpu.ready.summation","8/20/2026 4:52:00 AM","20","835","41.75","millisecond","","n/a","0"
"WIN-DEMO-APP01","cpu.ready.summation","8/20/2026 4:52:20 AM","20","526","26.3","millisecond","","n/a","0"
"WIN-DEMO-APP01","cpu.ready.summation","8/20/2026 4:52:40 AM","20","587","29.35","millisecond","","n/a","0"
"WIN-DEMO-APP01","cpu.ready.summation","8/20/2026 4:53:00 AM","20","670","33.5","millisecond","","n/a","0"
"WIN-DEMO-APP01","cpu.ready.summation","8/20/2026 4:53:20 AM","20","315","15.75","millisecond","","n/a","0"
"WIN-DEMO-APP01","cpu.ready.summation","8/20/2026 4:53:40 AM","20","154","7.7","millisecond","","n/a","0"
"WIN-DEMO-APP01","cpu.ready.summation","8/20/2026 4:54:00 AM","20","686","34.3","millisecond","","n/a","0"
"WIN-DEMO-APP01","cpu.ready.summation","8/20/2026 4:54:20 AM","20","700","35","millisecond","","n/a","0"
"WIN-DEMO-APP01","cpu.ready.summation","8/20/2026 4:54:40 AM","20","999","49.95","millisecond","","n/a","0"
"WIN-DEMO-APP01","cpu.ready.summation","8/20/2026 4:55:00 AM","20","279","13.95","millisecond","","n/a","0"
"WIN-DEMO-APP01","cpu.ready.summation","8/20/2026 4:55:20 AM","20","199","9.95","millisecond","","n/a","0"
"WIN-DEMO-APP01","cpu.ready.summation","8/20/2026 4:55:40 AM","20","454","22.7","millisecond","","n/a","0"
"WIN-DEMO-APP01","cpu.ready.summation","8/20/2026 4:56:00 AM","20","1011","50.55","millisecond","","n/a","0"
"WIN-DEMO-APP01","cpu.ready.summation","8/20/2026 4:56:20 AM","20","592","29.6","millisecond","","n/a","0"
"WIN-DEMO-APP01","cpu.ready.summation","8/20/2026 4:56:40 AM","20","605","30.25","millisecond","","n/a","0"
"WIN-DEMO-APP01","cpu.ready.summation","8/20/2026 4:57:00 AM","20","657","32.85","millisecond","","n/a","0"
"WIN-DEMO-APP01","cpu.ready.summation","8/20/2026 4:57:20 AM","20","206","10.3","millisecond","","n/a","0"
"WIN-DEMO-APP01","cpu.ready.summation","8/20/2026 4:57:40 AM","20","618","30.9","millisecond","","n/a","0"
"WIN-DEMO-APP01","cpu.ready.summation","8/20/2026 4:58:00 AM","20","544","27.2","millisecond","","n/a","0"
"WIN-DEMO-APP01","cpu.ready.summation","8/20/2026 4:58:20 AM","20","120","6","millisecond","","n/a","0"
"WIN-DEMO-APP01","cpu.ready.summation","8/20/2026 4:58:40 AM","20","556","27.8","millisecond","","n/a","0"
"WIN-DEMO-APP01","cpu.ready.summation","8/20/2026 4:59:00 AM","20","809","40.45","millisecond","","n/a","0"
"WIN-DEMO-APP01","cpu.ready.summation","8/20/2026 4:59:20 AM","20","958","47.9","millisecond","","n/a","0"
"WIN-DEMO-APP01","cpu.ready.summation","8/20/2026 4:59:40 AM","20","864","43.2","millisecond","","n/a","0"
"WIN-DEMO-APP01","cpu.ready.summation","8/20/2026 5:00:00 AM","20","959","47.95","millisecond","","n/a","0"
"WIN-DEMO-APP01","cpu.ready.summation","8/20/2026 5:00:20 AM","20","648","32.4","millisecond","","n/a","0"
"WIN-DEMO-APP01","cpu.ready.summation","8/20/2026 5:00:40 AM","20","636","31.8","millisecond","","n/a","0"
"WIN-DEMO-APP01","cpu.ready.summation","8/20/2026 5:01:00 AM","20","667","33.35","millisecond","","n/a","0"
"WIN-DEMO-APP01","cpu.ready.summation","8/20/2026 5:01:20 AM","20","983","49.15","millisecond","","n/a","0"
"WIN-DEMO-APP01","cpu.ready.summation","8/20/2026 5:01:40 AM","20","1064","53.2","millisecond","","n/a","0"
"WIN-DEMO-APP01","cpu.ready.summation","8/20/2026 5:02:00 AM","20","568","28.4","millisecond","","n/a","0"
"WIN-DEMO-APP01","cpu.ready.summation","8/20/2026 5:02:20 AM","20","773","38.65","millisecond","","n/a","0"
"WIN-DEMO-APP01","cpu.ready.summation","8/20/2026 5:02:40 AM","20","638","31.9","millisecond","","n/a","0"
"WIN-DEMO-APP01","cpu.ready.summation","8/20/2026 5:03:00 AM","20","658","32.9","millisecond","","n/a","0"
"WIN-DEMO-APP01","cpu.ready.summation","8/20/2026 5:03:20 AM","20","1003","50.15","millisecond","","n/a","0"
"WIN-DEMO-APP01","cpu.ready.summation","8/20/2026 5:03:40 AM","20","999","49.95","millisecond","","n/a","0"
"WIN-DEMO-APP01","cpu.ready.summation","8/20/2026 5:04:00 AM","20","1156","57.8","millisecond","","n/a","0"
"WIN-DEMO-APP01","cpu.ready.summation","8/20/2026 5:04:20 AM","20","1088","54.4","millisecond","","n/a","0"
"WIN-DEMO-APP01","cpu.ready.summation","8/20/2026 5:04:40 AM","20","902","45.1","millisecond","","n/a","0"
"WIN-DEMO-APP01","cpu.ready.summation","8/20/2026 5:05:00 AM","20","728","36.4","millisecond","","n/a","0"
"WIN-DEMO-APP01","cpu.ready.summation","8/20/2026 5:05:20 AM","20","424","21.2","millisecond","","n/a","0"
"WIN-DEMO-APP01","cpu.ready.summation","8/20/2026 5:05:40 AM","20","349","17.45","millisecond","","n/a","0"
"WIN-DEMO-APP01","cpu.usage.average","8/20/2026 4:06:00 AM","20","3.39000010490417","3.39000010490417","%","","n/a","0"
"WIN-DEMO-APP01","cpu.usage.average","8/20/2026 4:06:20 AM","20","3.25999999046326","3.25999999046326","%","","n/a","0"
"WIN-DEMO-APP01","cpu.usage.average","8/20/2026 4:06:40 AM","20","3.45000004768372","3.45000004768372","%","","n/a","0"
"WIN-DEMO-APP01","cpu.usage.average","8/20/2026 4:07:00 AM","20","3","3","%","","n/a","0"
"WIN-DEMO-APP01","cpu.usage.average","8/20/2026 4:07:20 AM","20","3.36999988555908","3.36999988555908","%","","n/a","0"
"WIN-DEMO-APP01","cpu.usage.average","8/20/2026 4:07:40 AM","20","3.5","3.5","%","","n/a","0"
"WIN-DEMO-APP01","cpu.usage.average","8/20/2026 4:08:00 AM","20","3.4300000667572","3.4300000667572","%","","n/a","0"
"WIN-DEMO-APP01","cpu.usage.average","8/20/2026 4:08:20 AM","20","3.15000009536743","3.15000009536743","%","","n/a","0"
"WIN-DEMO-APP01","cpu.usage.average","8/20/2026 4:08:40 AM","20","3.07999992370605","3.07999992370605","%","","n/a","0"
"WIN-DEMO-APP01","cpu.usage.average","8/20/2026 4:09:00 AM","20","3.19000005722046","3.19000005722046","%","","n/a","0"
"WIN-DEMO-APP01","cpu.usage.average","8/20/2026 4:09:20 AM","20","3.23000001907349","3.23000001907349","%","","n/a","0"
"WIN-DEMO-APP01","cpu.usage.average","8/20/2026 4:09:40 AM","20","3.13000011444092","3.13000011444092","%","","n/a","0"
"WIN-DEMO-APP01","cpu.usage.average","8/20/2026 4:10:00 AM","20","3.32999992370605","3.32999992370605","%","","n/a","0"
"WIN-DEMO-APP01","cpu.usage.average","8/20/2026 4:10:20 AM","20","3.33999991416931","3.33999991416931","%","","n/a","0"
"WIN-DEMO-APP01","cpu.usage.average","8/20/2026 4:10:40 AM","20","3.08999991416931","3.08999991416931","%","","n/a","0"
"WIN-DEMO-APP01","cpu.usage.average","8/20/2026 4:11:00 AM","20","3.09999990463257","3.09999990463257","%","","n/a","0"
"WIN-DEMO-APP01","cpu.usage.average","8/20/2026 4:11:20 AM","20","3.02999997138977","3.02999997138977","%","","n/a","0"
"WIN-DEMO-APP01","cpu.usage.average","8/20/2026 4:11:40 AM","20","3.33999991416931","3.33999991416931","%","","n/a","0"
"WIN-DEMO-APP01","cpu.usage.average","8/20/2026 4:12:00 AM","20","3.15000009536743","3.15000009536743","%","","n/a","0"
"WIN-DEMO-APP01","cpu.usage.average","8/20/2026 4:12:20 AM","20","3.33999991416931","3.33999991416931","%","","n/a","0"
"WIN-DEMO-APP01","cpu.usage.average","8/20/2026 4:12:40 AM","20","3.3199999332428","3.3199999332428","%","","n/a","0"
"WIN-DEMO-APP01","cpu.usage.average","8/20/2026 4:13:00 AM","20","3.08999991416931","3.08999991416931","%","","n/a","0"
"WIN-DEMO-APP01","cpu.usage.average","8/20/2026 4:13:20 AM","20","3","3","%","","n/a","0"
"WIN-DEMO-APP01","cpu.usage.average","8/20/2026 4:13:40 AM","20","3.22000002861023","3.22000002861023","%","","n/a","0"
"WIN-DEMO-APP01","cpu.usage.average","8/20/2026 4:14:00 AM","20","3.25","3.25","%","","n/a","0"
"WIN-DEMO-APP01","cpu.usage.average","8/20/2026 4:14:20 AM","20","3.21000003814697","3.21000003814697","%","","n/a","0"
"WIN-DEMO-APP01","cpu.usage.average","8/20/2026 4:14:40 AM","20","3.03999996185303","3.03999996185303","%","","n/a","0"
"WIN-DEMO-APP01","cpu.usage.average","8/20/2026 4:15:00 AM","20","3.35999989509583","3.35999989509583","%","","n/a","0"
"WIN-DEMO-APP01","cpu.usage.average","8/20/2026 4:15:20 AM","20","3.22000002861023","3.22000002861023","%","","n/a","0"
"WIN-DEMO-APP01","cpu.usage.average","8/20/2026 4:15:40 AM","20","3.10999989509583","3.10999989509583","%","","n/a","0"
"WIN-DEMO-APP01","cpu.usage.average","8/20/2026 4:16:00 AM","20","3.23000001907349","3.23000001907349","%","","n/a","0"
"WIN-DEMO-APP01","cpu.usage.average","8/20/2026 4:16:20 AM","20","3.27999997138977","3.27999997138977","%","","n/a","0"
"WIN-DEMO-APP01","cpu.usage.average","8/20/2026 4:16:40 AM","20","3.20000004768372","3.20000004768372","%","","n/a","0"
"WIN-DEMO-APP01","cpu.usage.average","8/20/2026 4:17:00 AM","20","3.08999991416931","3.08999991416931","%","","n/a","0"
"WIN-DEMO-APP01","cpu.usage.average","8/20/2026 4:17:20 AM","20","3.10999989509583","3.10999989509583","%","","n/a","0"
"WIN-DEMO-APP01","cpu.usage.average","8/20/2026 4:17:40 AM","20","3.14000010490417","3.14000010490417","%","","n/a","0"
"WIN-DEMO-APP01","cpu.usage.average","8/20/2026 4:18:00 AM","20","3.44000005722046","3.44000005722046","%","","n/a","0"
"WIN-DEMO-APP01","cpu.usage.average","8/20/2026 4:18:20 AM","20","3.41000008583069","3.41000008583069","%","","n/a","0"
"WIN-DEMO-APP01","cpu.usage.average","8/20/2026 4:18:40 AM","20","3.20000004768372","3.20000004768372","%","","n/a","0"
"WIN-DEMO-APP01","cpu.usage.average","8/20/2026 4:19:00 AM","20","3.20000004768372","3.20000004768372","%","","n/a","0"
"WIN-DEMO-APP01","cpu.usage.average","8/20/2026 4:19:20 AM","20","3.39000010490417","3.39000010490417","%","","n/a","0"
"WIN-DEMO-APP01","cpu.usage.average","8/20/2026 4:19:40 AM","20","3.19000005722046","3.19000005722046","%","","n/a","0"
"WIN-DEMO-APP01","cpu.usage.average","8/20/2026 4:20:00 AM","20","3.46000003814697","3.46000003814697","%","","n/a","0"
"WIN-DEMO-APP01","cpu.usage.average","8/20/2026 4:20:20 AM","20","3.24000000953674","3.24000000953674","%","","n/a","0"
"WIN-DEMO-APP01","cpu.usage.average","8/20/2026 4:20:40 AM","20","3.21000003814697","3.21000003814697","%","","n/a","0"
"WIN-DEMO-APP01","cpu.usage.average","8/20/2026 4:21:00 AM","20","3.3199999332428","3.3199999332428","%","","n/a","0"
"WIN-DEMO-APP01","cpu.usage.average","8/20/2026 4:21:20 AM","20","3.38000011444092","3.38000011444092","%","","n/a","0"
"WIN-DEMO-APP01","cpu.usage.average","8/20/2026 4:21:40 AM","20","3.25","3.25","%","","n/a","0"
"WIN-DEMO-APP01","cpu.usage.average","8/20/2026 4:22:00 AM","20","3.25","3.25","%","","n/a","0"
"WIN-DEMO-APP01","cpu.usage.average","8/20/2026 4:22:20 AM","20","3.32999992370605","3.32999992370605","%","","n/a","0"
"WIN-DEMO-APP01","cpu.usage.average","8/20/2026 4:22:40 AM","20","3.58999991416931","3.58999991416931","%","","n/a","0"
"WIN-DEMO-APP01","cpu.usage.average","8/20/2026 4:23:00 AM","20","3.36999988555908","3.36999988555908","%","","n/a","0"
"WIN-DEMO-APP01","cpu.usage.average","8/20/2026 4:23:20 AM","20","3.35999989509583","3.35999989509583","%","","n/a","0"
"WIN-DEMO-APP01","cpu.usage.average","8/20/2026 4:23:40 AM","20","3.16000008583069","3.16000008583069","%","","n/a","0"
"WIN-DEMO-APP01","cpu.usage.average","8/20/2026 4:24:00 AM","20","3.23000001907349","3.23000001907349","%","","n/a","0"
"WIN-DEMO-APP01","cpu.usage.average","8/20/2026 4:24:20 AM","20","3.38000011444092","3.38000011444092","%","","n/a","0"
"WIN-DEMO-APP01","cpu.usage.average","8/20/2026 4:24:40 AM","20","3.21000003814697","3.21000003814697","%","","n/a","0"
"WIN-DEMO-APP01","cpu.usage.average","8/20/2026 4:25:00 AM","20","3.01999998092651","3.01999998092651","%","","n/a","0"
"WIN-DEMO-APP01","cpu.usage.average","8/20/2026 4:25:20 AM","20","3.14000010490417","3.14000010490417","%","","n/a","0"
"WIN-DEMO-APP01","cpu.usage.average","8/20/2026 4:25:40 AM","20","3.19000005722046","3.19000005722046","%","","n/a","0"
"WIN-DEMO-APP01","cpu.usage.average","8/20/2026 4:26:00 AM","20","3.44000005722046","3.44000005722046","%","","n/a","0"
"WIN-DEMO-APP01","cpu.usage.average","8/20/2026 4:26:20 AM","20","3.17000007629395","3.17000007629395","%","","n/a","0"
"WIN-DEMO-APP01","cpu.usage.average","8/20/2026 4:26:40 AM","20","3.19000005722046","3.19000005722046","%","","n/a","0"
"WIN-DEMO-APP01","cpu.usage.average","8/20/2026 4:27:00 AM","20","3.41000008583069","3.41000008583069","%","","n/a","0"
"WIN-DEMO-APP01","cpu.usage.average","8/20/2026 4:27:20 AM","20","3.24000000953674","3.24000000953674","%","","n/a","0"
"WIN-DEMO-APP01","cpu.usage.average","8/20/2026 4:27:40 AM","20","3.49000000953674","3.49000000953674","%","","n/a","0"
"WIN-DEMO-APP01","cpu.usage.average","8/20/2026 4:28:00 AM","20","3.17000007629395","3.17000007629395","%","","n/a","0"
"WIN-DEMO-APP01","cpu.usage.average","8/20/2026 4:28:20 AM","20","3.22000002861023","3.22000002861023","%","","n/a","0"
"WIN-DEMO-APP01","cpu.usage.average","8/20/2026 4:28:40 AM","20","3.1800000667572","3.1800000667572","%","","n/a","0"
"WIN-DEMO-APP01","cpu.usage.average","8/20/2026 4:29:00 AM","20","3.38000011444092","3.38000011444092","%","","n/a","0"
"WIN-DEMO-APP01","cpu.usage.average","8/20/2026 4:29:20 AM","20","3.39000010490417","3.39000010490417","%","","n/a","0"
"WIN-DEMO-APP01","cpu.usage.average","8/20/2026 4:29:40 AM","20","3.24000000953674","3.24000000953674","%","","n/a","0"
"WIN-DEMO-APP01","cpu.usage.average","8/20/2026 4:30:00 AM","20","3.38000011444092","3.38000011444092","%","","n/a","0"
"WIN-DEMO-APP01","cpu.usage.average","8/20/2026 4:30:20 AM","20","3.11999988555908","3.11999988555908","%","","n/a","0"
"WIN-DEMO-APP01","cpu.usage.average","8/20/2026 4:30:40 AM","20","3.29999995231628","3.29999995231628","%","","n/a","0"
"WIN-DEMO-APP01","cpu.usage.average","8/20/2026 4:31:00 AM","20","3.38000011444092","3.38000011444092","%","","n/a","0"
"WIN-DEMO-APP01","cpu.usage.average","8/20/2026 4:31:20 AM","20","3.30999994277954","3.30999994277954","%","","n/a","0"
"WIN-DEMO-APP01","cpu.usage.average","8/20/2026 4:31:40 AM","20","3.03999996185303","3.03999996185303","%","","n/a","0"
"WIN-DEMO-APP01","cpu.usage.average","8/20/2026 4:32:00 AM","20","3.17000007629395","3.17000007629395","%","","n/a","0"
"WIN-DEMO-APP01","cpu.usage.average","8/20/2026 4:32:20 AM","20","3.25999999046326","3.25999999046326","%","","n/a","0"
"WIN-DEMO-APP01","cpu.usage.average","8/20/2026 4:32:40 AM","20","3.24000000953674","3.24000000953674","%","","n/a","0"
"WIN-DEMO-APP01","cpu.usage.average","8/20/2026 4:33:00 AM","20","3.28999996185303","3.28999996185303","%","","n/a","0"
"WIN-DEMO-APP01","cpu.usage.average","8/20/2026 4:33:20 AM","20","3.26999998092651","3.26999998092651","%","","n/a","0"
"WIN-DEMO-APP01","cpu.usage.average","8/20/2026 4:33:40 AM","20","3.30999994277954","3.30999994277954","%","","n/a","0"
"WIN-DEMO-APP01","cpu.usage.average","8/20/2026 4:34:00 AM","20","3.21000003814697","3.21000003814697","%","","n/a","0"
"WIN-DEMO-APP01","cpu.usage.average","8/20/2026 4:34:20 AM","20","3.41000008583069","3.41000008583069","%","","n/a","0"
"WIN-DEMO-APP01","cpu.usage.average","8/20/2026 4:34:40 AM","20","3.1800000667572","3.1800000667572","%","","n/a","0"
"WIN-DEMO-APP01","cpu.usage.average","8/20/2026 4:35:00 AM","20","3.3199999332428","3.3199999332428","%","","n/a","0"
"WIN-DEMO-APP01","cpu.usage.average","8/20/2026 4:35:20 AM","20","3.22000002861023","3.22000002861023","%","","n/a","0"
"WIN-DEMO-APP01","cpu.usage.average","8/20/2026 4:35:40 AM","20","3.28999996185303","3.28999996185303","%","","n/a","0"
"WIN-DEMO-APP01","cpu.usage.average","8/20/2026 4:36:00 AM","20","8.8100004196167","8.8100004196167","%","","n/a","0"
"WIN-DEMO-APP01","cpu.usage.average","8/20/2026 4:36:20 AM","20","3.30999994277954","3.30999994277954","%","","n/a","0"
"WIN-DEMO-APP01","cpu.usage.average","8/20/2026 4:36:40 AM","20","3.27999997138977","3.27999997138977","%","","n/a","0"
"WIN-DEMO-APP01","cpu.usage.average","8/20/2026 4:37:00 AM","20","3.47000002861023","3.47000002861023","%","","n/a","0"
"WIN-DEMO-APP01","cpu.usage.average","8/20/2026 4:37:20 AM","20","3.39000010490417","3.39000010490417","%","","n/a","0"
"WIN-DEMO-APP01","cpu.usage.average","8/20/2026 4:37:40 AM","20","3.30999994277954","3.30999994277954","%","","n/a","0"
"WIN-DEMO-APP01","cpu.usage.average","8/20/2026 4:38:00 AM","20","3.55999994277954","3.55999994277954","%","","n/a","0"
"WIN-DEMO-APP01","cpu.usage.average","8/20/2026 4:38:20 AM","20","3.23000001907349","3.23000001907349","%","","n/a","0"
"WIN-DEMO-APP01","cpu.usage.average","8/20/2026 4:38:40 AM","20","3.63000011444092","3.63000011444092","%","","n/a","0"
"WIN-DEMO-APP01","cpu.usage.average","8/20/2026 4:39:00 AM","20","3.4300000667572","3.4300000667572","%","","n/a","0"
"WIN-DEMO-APP01","cpu.usage.average","8/20/2026 4:39:20 AM","20","3.5","3.5","%","","n/a","0"
"WIN-DEMO-APP01","cpu.usage.average","8/20/2026 4:39:40 AM","20","3.38000011444092","3.38000011444092","%","","n/a","0"
"WIN-DEMO-APP01","cpu.usage.average","8/20/2026 4:40:00 AM","20","3.63000011444092","3.63000011444092","%","","n/a","0"
"WIN-DEMO-APP01","cpu.usage.average","8/20/2026 4:40:20 AM","20","3.10999989509583","3.10999989509583","%","","n/a","0"
"WIN-DEMO-APP01","cpu.usage.average","8/20/2026 4:40:40 AM","20","3.1800000667572","3.1800000667572","%","","n/a","0"
"WIN-DEMO-APP01","cpu.usage.average","8/20/2026 4:41:00 AM","20","3.22000002861023","3.22000002861023","%","","n/a","0"
"WIN-DEMO-APP01","cpu.usage.average","8/20/2026 4:41:20 AM","20","3.39000010490417","3.39000010490417","%","","n/a","0"
"WIN-DEMO-APP01","cpu.usage.average","8/20/2026 4:41:40 AM","20","3.25999999046326","3.25999999046326","%","","n/a","0"
"WIN-DEMO-APP01","cpu.usage.average","8/20/2026 4:42:00 AM","20","3.09999990463257","3.09999990463257","%","","n/a","0"
"WIN-DEMO-APP01","cpu.usage.average","8/20/2026 4:42:20 AM","20","4.05000019073486","4.05000019073486","%","","n/a","0"
"WIN-DEMO-APP01","cpu.usage.average","8/20/2026 4:42:40 AM","20","3.46000003814697","3.46000003814697","%","","n/a","0"
"WIN-DEMO-APP01","cpu.usage.average","8/20/2026 4:43:00 AM","20","3.28999996185303","3.28999996185303","%","","n/a","0"
"WIN-DEMO-APP01","cpu.usage.average","8/20/2026 4:43:20 AM","20","3.3199999332428","3.3199999332428","%","","n/a","0"
"WIN-DEMO-APP01","cpu.usage.average","8/20/2026 4:43:40 AM","20","3.10999989509583","3.10999989509583","%","","n/a","0"
"WIN-DEMO-APP01","cpu.usage.average","8/20/2026 4:44:00 AM","20","3.29999995231628","3.29999995231628","%","","n/a","0"
"WIN-DEMO-APP01","cpu.usage.average","8/20/2026 4:44:20 AM","20","3.16000008583069","3.16000008583069","%","","n/a","0"
"WIN-DEMO-APP01","cpu.usage.average","8/20/2026 4:44:40 AM","20","3.48000001907349","3.48000001907349","%","","n/a","0"
"WIN-DEMO-APP01","cpu.usage.average","8/20/2026 4:45:00 AM","20","3.5","3.5","%","","n/a","0"
"WIN-DEMO-APP01","cpu.usage.average","8/20/2026 4:45:20 AM","20","3.16000008583069","3.16000008583069","%","","n/a","0"
"WIN-DEMO-APP01","cpu.usage.average","8/20/2026 4:45:40 AM","20","3.27999997138977","3.27999997138977","%","","n/a","0"
"WIN-DEMO-APP01","cpu.usage.average","8/20/2026 4:46:00 AM","20","3.41000008583069","3.41000008583069","%","","n/a","0"
"WIN-DEMO-APP01","cpu.usage.average","8/20/2026 4:46:20 AM","20","4.09000015258789","4.09000015258789","%","","n/a","0"
"WIN-DEMO-APP01","cpu.usage.average","8/20/2026 4:46:40 AM","20","4.05000019073486","4.05000019073486","%","","n/a","0"
"WIN-DEMO-APP01","cpu.usage.average","8/20/2026 4:47:00 AM","20","3.38000011444092","3.38000011444092","%","","n/a","0"
"WIN-DEMO-APP01","cpu.usage.average","8/20/2026 4:47:20 AM","20","3.19000005722046","3.19000005722046","%","","n/a","0"
"WIN-DEMO-APP01","cpu.usage.average","8/20/2026 4:47:40 AM","20","3.26999998092651","3.26999998092651","%","","n/a","0"
"WIN-DEMO-APP01","cpu.usage.average","8/20/2026 4:48:00 AM","20","3.50999999046326","3.50999999046326","%","","n/a","0"
"WIN-DEMO-APP01","cpu.usage.average","8/20/2026 4:48:20 AM","20","3.25999999046326","3.25999999046326","%","","n/a","0"
"WIN-DEMO-APP01","cpu.usage.average","8/20/2026 4:48:40 AM","20","3.27999997138977","3.27999997138977","%","","n/a","0"
"WIN-DEMO-APP01","cpu.usage.average","8/20/2026 4:49:00 AM","20","3.09999990463257","3.09999990463257","%","","n/a","0"
"WIN-DEMO-APP01","cpu.usage.average","8/20/2026 4:49:20 AM","20","3.99000000953674","3.99000000953674","%","","n/a","0"
"WIN-DEMO-APP01","cpu.usage.average","8/20/2026 4:49:40 AM","20","3.14000010490417","3.14000010490417","%","","n/a","0"
"WIN-DEMO-APP01","cpu.usage.average","8/20/2026 4:50:00 AM","20","3.16000008583069","3.16000008583069","%","","n/a","0"
"WIN-DEMO-APP01","cpu.usage.average","8/20/2026 4:50:20 AM","20","3.40000009536743","3.40000009536743","%","","n/a","0"
"WIN-DEMO-APP01","cpu.usage.average","8/20/2026 4:50:40 AM","20","3.47000002861023","3.47000002861023","%","","n/a","0"
"WIN-DEMO-APP01","cpu.usage.average","8/20/2026 4:51:00 AM","20","3.23000001907349","3.23000001907349","%","","n/a","0"
"WIN-DEMO-APP01","cpu.usage.average","8/20/2026 4:51:20 AM","20","3.51999998092651","3.51999998092651","%","","n/a","0"
"WIN-DEMO-APP01","cpu.usage.average","8/20/2026 4:51:40 AM","20","3.16000008583069","3.16000008583069","%","","n/a","0"
"WIN-DEMO-APP01","cpu.usage.average","8/20/2026 4:52:00 AM","20","3.3199999332428","3.3199999332428","%","","n/a","0"
"WIN-DEMO-APP01","cpu.usage.average","8/20/2026 4:52:20 AM","20","3.22000002861023","3.22000002861023","%","","n/a","0"
"WIN-DEMO-APP01","cpu.usage.average","8/20/2026 4:52:40 AM","20","3.27999997138977","3.27999997138977","%","","n/a","0"
"WIN-DEMO-APP01","cpu.usage.average","8/20/2026 4:53:00 AM","20","3.17000007629395","3.17000007629395","%","","n/a","0"
"WIN-DEMO-APP01","cpu.usage.average","8/20/2026 4:53:20 AM","20","3.34999990463257","3.34999990463257","%","","n/a","0"
"WIN-DEMO-APP01","cpu.usage.average","8/20/2026 4:53:40 AM","20","3.16000008583069","3.16000008583069","%","","n/a","0"
"WIN-DEMO-APP01","cpu.usage.average","8/20/2026 4:54:00 AM","20","3.53999996185303","3.53999996185303","%","","n/a","0"
"WIN-DEMO-APP01","cpu.usage.average","8/20/2026 4:54:20 AM","20","3.25","3.25","%","","n/a","0"
"WIN-DEMO-APP01","cpu.usage.average","8/20/2026 4:54:40 AM","20","3.22000002861023","3.22000002861023","%","","n/a","0"
"WIN-DEMO-APP01","cpu.usage.average","8/20/2026 4:55:00 AM","20","3.16000008583069","3.16000008583069","%","","n/a","0"
"WIN-DEMO-APP01","cpu.usage.average","8/20/2026 4:55:20 AM","20","3.34999990463257","3.34999990463257","%","","n/a","0"
"WIN-DEMO-APP01","cpu.usage.average","8/20/2026 4:55:40 AM","20","3.26999998092651","3.26999998092651","%","","n/a","0"
"WIN-DEMO-APP01","cpu.usage.average","8/20/2026 4:56:00 AM","20","3.27999997138977","3.27999997138977","%","","n/a","0"
"WIN-DEMO-APP01","cpu.usage.average","8/20/2026 4:56:20 AM","20","3.49000000953674","3.49000000953674","%","","n/a","0"
"WIN-DEMO-APP01","cpu.usage.average","8/20/2026 4:56:40 AM","20","3.40000009536743","3.40000009536743","%","","n/a","0"
"WIN-DEMO-APP01","cpu.usage.average","8/20/2026 4:57:00 AM","20","4.25","4.25","%","","n/a","0"
"WIN-DEMO-APP01","cpu.usage.average","8/20/2026 4:57:20 AM","20","3.30999994277954","3.30999994277954","%","","n/a","0"
"WIN-DEMO-APP01","cpu.usage.average","8/20/2026 4:57:40 AM","20","3.98000001907349","3.98000001907349","%","","n/a","0"
"WIN-DEMO-APP01","cpu.usage.average","8/20/2026 4:58:00 AM","20","3.21000003814697","3.21000003814697","%","","n/a","0"
"WIN-DEMO-APP01","cpu.usage.average","8/20/2026 4:58:20 AM","20","3.46000003814697","3.46000003814697","%","","n/a","0"
"WIN-DEMO-APP01","cpu.usage.average","8/20/2026 4:58:40 AM","20","3.29999995231628","3.29999995231628","%","","n/a","0"
"WIN-DEMO-APP01","cpu.usage.average","8/20/2026 4:59:00 AM","20","3.1800000667572","3.1800000667572","%","","n/a","0"
"WIN-DEMO-APP01","cpu.usage.average","8/20/2026 4:59:20 AM","20","3.1800000667572","3.1800000667572","%","","n/a","0"
"WIN-DEMO-APP01","cpu.usage.average","8/20/2026 4:59:40 AM","20","3.34999990463257","3.34999990463257","%","","n/a","0"
"WIN-DEMO-APP01","cpu.usage.average","8/20/2026 5:00:00 AM","20","3.25","3.25","%","","n/a","0"
"WIN-DEMO-APP01","cpu.usage.average","8/20/2026 5:00:20 AM","20","3.38000011444092","3.38000011444092","%","","n/a","0"
"WIN-DEMO-APP01","cpu.usage.average","8/20/2026 5:00:40 AM","20","3.1800000667572","3.1800000667572","%","","n/a","0"
"WIN-DEMO-APP01","cpu.usage.average","8/20/2026 5:01:00 AM","20","3.25999999046326","3.25999999046326","%","","n/a","0"
"WIN-DEMO-APP01","cpu.usage.average","8/20/2026 5:01:20 AM","20","3.26999998092651","3.26999998092651","%","","n/a","0"
"WIN-DEMO-APP01","cpu.usage.average","8/20/2026 5:01:40 AM","20","3.28999996185303","3.28999996185303","%","","n/a","0"
"WIN-DEMO-APP01","cpu.usage.average","8/20/2026 5:02:00 AM","20","3.30999994277954","3.30999994277954","%","","n/a","0"
"WIN-DEMO-APP01","cpu.usage.average","8/20/2026 5:02:20 AM","20","3.1800000667572","3.1800000667572","%","","n/a","0"
"WIN-DEMO-APP01","cpu.usage.average","8/20/2026 5:02:40 AM","20","3.25","3.25","%","","n/a","0"
"WIN-DEMO-APP01","cpu.usage.average","8/20/2026 5:03:00 AM","20","3.38000011444092","3.38000011444092","%","","n/a","0"
"WIN-DEMO-APP01","cpu.usage.average","8/20/2026 5:03:20 AM","20","3.47000002861023","3.47000002861023","%","","n/a","0"
"WIN-DEMO-APP01","cpu.usage.average","8/20/2026 5:03:40 AM","20","3.14000010490417","3.14000010490417","%","","n/a","0"
"WIN-DEMO-APP01","cpu.usage.average","8/20/2026 5:04:00 AM","20","3.66000008583069","3.66000008583069","%","","n/a","0"
"WIN-DEMO-APP01","cpu.usage.average","8/20/2026 5:04:20 AM","20","3.33999991416931","3.33999991416931","%","","n/a","0"
"WIN-DEMO-APP01","cpu.usage.average","8/20/2026 5:04:40 AM","20","3.51999998092651","3.51999998092651","%","","n/a","0"
"WIN-DEMO-APP01","cpu.usage.average","8/20/2026 5:05:00 AM","20","3.23000001907349","3.23000001907349","%","","n/a","0"
"WIN-DEMO-APP01","cpu.usage.average","8/20/2026 5:05:20 AM","20","3.19000005722046","3.19000005722046","%","","n/a","0"
"WIN-DEMO-APP01","cpu.usage.average","8/20/2026 5:05:40 AM","20","3.25","3.25","%","","n/a","0"
"WIN-DEMO-APP01","mem.consumed.average","8/20/2026 4:06:00 AM","20","5539824","5539824","KB","","n/a","0"
"WIN-DEMO-APP01","mem.consumed.average","8/20/2026 4:06:20 AM","20","5539824","5539824","KB","","n/a","0"
"WIN-DEMO-APP01","mem.consumed.average","8/20/2026 4:06:40 AM","20","5539824","5539824","KB","","n/a","0"
"WIN-DEMO-APP01","mem.consumed.average","8/20/2026 4:07:00 AM","20","5539824","5539824","KB","","n/a","0"
"WIN-DEMO-APP01","mem.consumed.average","8/20/2026 4:07:20 AM","20","5539824","5539824","KB","","n/a","0"
"WIN-DEMO-APP01","mem.consumed.average","8/20/2026 4:07:40 AM","20","5539824","5539824","KB","","n/a","0"
"WIN-DEMO-APP01","mem.consumed.average","8/20/2026 4:08:00 AM","20","5539824","5539824","KB","","n/a","0"
"WIN-DEMO-APP01","mem.consumed.average","8/20/2026 4:08:20 AM","20","5539824","5539824","KB","","n/a","0"
"WIN-DEMO-APP01","mem.consumed.average","8/20/2026 4:08:40 AM","20","5539824","5539824","KB","","n/a","0"
"WIN-DEMO-APP01","mem.consumed.average","8/20/2026 4:09:00 AM","20","5539824","5539824","KB","","n/a","0"
"WIN-DEMO-APP01","mem.consumed.average","8/20/2026 4:09:20 AM","20","5539824","5539824","KB","","n/a","0"
"WIN-DEMO-APP01","mem.consumed.average","8/20/2026 4:09:40 AM","20","5539824","5539824","KB","","n/a","0"
"WIN-DEMO-APP01","mem.consumed.average","8/20/2026 4:10:00 AM","20","5539824","5539824","KB","","n/a","0"
"WIN-DEMO-APP01","mem.consumed.average","8/20/2026 4:10:20 AM","20","5539824","5539824","KB","","n/a","0"
"WIN-DEMO-APP01","mem.consumed.average","8/20/2026 4:10:40 AM","20","5539824","5539824","KB","","n/a","0"
"WIN-DEMO-APP01","mem.consumed.average","8/20/2026 4:11:00 AM","20","5539824","5539824","KB","","n/a","0"
"WIN-DEMO-APP01","mem.consumed.average","8/20/2026 4:11:20 AM","20","5539824","5539824","KB","","n/a","0"
"WIN-DEMO-APP01","mem.consumed.average","8/20/2026 4:11:40 AM","20","5539824","5539824","KB","","n/a","0"
"WIN-DEMO-APP01","mem.consumed.average","8/20/2026 4:12:00 AM","20","5539824","5539824","KB","","n/a","0"
"WIN-DEMO-APP01","mem.consumed.average","8/20/2026 4:12:20 AM","20","5539824","5539824","KB","","n/a","0"
"WIN-DEMO-APP01","mem.consumed.average","8/20/2026 4:12:40 AM","20","5539824","5539824","KB","","n/a","0"
"WIN-DEMO-APP01","mem.consumed.average","8/20/2026 4:13:00 AM","20","5539824","5539824","KB","","n/a","0"
"WIN-DEMO-APP01","mem.consumed.average","8/20/2026 4:13:20 AM","20","5539824","5539824","KB","","n/a","0"
"WIN-DEMO-APP01","mem.consumed.average","8/20/2026 4:13:40 AM","20","5539824","5539824","KB","","n/a","0"
"WIN-DEMO-APP01","mem.consumed.average","8/20/2026 4:14:00 AM","20","5539824","5539824","KB","","n/a","0"
"WIN-DEMO-APP01","mem.consumed.average","8/20/2026 4:14:20 AM","20","5539824","5539824","KB","","n/a","0"
"WIN-DEMO-APP01","mem.consumed.average","8/20/2026 4:14:40 AM","20","5539824","5539824","KB","","n/a","0"
"WIN-DEMO-APP01","mem.consumed.average","8/20/2026 4:15:00 AM","20","5539824","5539824","KB","","n/a","0"
"WIN-DEMO-APP01","mem.consumed.average","8/20/2026 4:15:20 AM","20","5539824","5539824","KB","","n/a","0"
"WIN-DEMO-APP01","mem.consumed.average","8/20/2026 4:15:40 AM","20","5539824","5539824","KB","","n/a","0"
"WIN-DEMO-APP01","mem.consumed.average","8/20/2026 4:16:00 AM","20","5539824","5539824","KB","","n/a","0"
"WIN-DEMO-APP01","mem.consumed.average","8/20/2026 4:16:20 AM","20","5539824","5539824","KB","","n/a","0"
"WIN-DEMO-APP01","mem.consumed.average","8/20/2026 4:16:40 AM","20","5539824","5539824","KB","","n/a","0"
"WIN-DEMO-APP01","mem.consumed.average","8/20/2026 4:17:00 AM","20","5539824","5539824","KB","","n/a","0"
"WIN-DEMO-APP01","mem.consumed.average","8/20/2026 4:17:20 AM","20","5539824","5539824","KB","","n/a","0"
"WIN-DEMO-APP01","mem.consumed.average","8/20/2026 4:17:40 AM","20","5539824","5539824","KB","","n/a","0"
"WIN-DEMO-APP01","mem.consumed.average","8/20/2026 4:18:00 AM","20","5539824","5539824","KB","","n/a","0"
"WIN-DEMO-APP01","mem.consumed.average","8/20/2026 4:18:20 AM","20","5539824","5539824","KB","","n/a","0"
"WIN-DEMO-APP01","mem.consumed.average","8/20/2026 4:18:40 AM","20","5539824","5539824","KB","","n/a","0"
"WIN-DEMO-APP01","mem.consumed.average","8/20/2026 4:19:00 AM","20","5539824","5539824","KB","","n/a","0"
"WIN-DEMO-APP01","mem.consumed.average","8/20/2026 4:19:20 AM","20","5539824","5539824","KB","","n/a","0"
"WIN-DEMO-APP01","mem.consumed.average","8/20/2026 4:19:40 AM","20","5539824","5539824","KB","","n/a","0"
"WIN-DEMO-APP01","mem.consumed.average","8/20/2026 4:20:00 AM","20","5539824","5539824","KB","","n/a","0"
"WIN-DEMO-APP01","mem.consumed.average","8/20/2026 4:20:20 AM","20","5539824","5539824","KB","","n/a","0"
"WIN-DEMO-APP01","mem.consumed.average","8/20/2026 4:20:40 AM","20","5539824","5539824","KB","","n/a","0"
"WIN-DEMO-APP01","mem.consumed.average","8/20/2026 4:21:00 AM","20","5539824","5539824","KB","","n/a","0"
"WIN-DEMO-APP01","mem.consumed.average","8/20/2026 4:21:20 AM","20","5539824","5539824","KB","","n/a","0"
"WIN-DEMO-APP01","mem.consumed.average","8/20/2026 4:21:40 AM","20","5539824","5539824","KB","","n/a","0"
"WIN-DEMO-APP01","mem.consumed.average","8/20/2026 4:22:00 AM","20","5539824","5539824","KB","","n/a","0"
"WIN-DEMO-APP01","mem.consumed.average","8/20/2026 4:22:20 AM","20","5539824","5539824","KB","","n/a","0"
"WIN-DEMO-APP01","mem.consumed.average","8/20/2026 4:22:40 AM","20","5539824","5539824","KB","","n/a","0"
"WIN-DEMO-APP01","mem.consumed.average","8/20/2026 4:23:00 AM","20","5539824","5539824","KB","","n/a","0"
"WIN-DEMO-APP01","mem.consumed.average","8/20/2026 4:23:20 AM","20","5539824","5539824","KB","","n/a","0"
"WIN-DEMO-APP01","mem.consumed.average","8/20/2026 4:23:40 AM","20","5539824","5539824","KB","","n/a","0"
"WIN-DEMO-APP01","mem.consumed.average","8/20/2026 4:24:00 AM","20","5539824","5539824","KB","","n/a","0"
"WIN-DEMO-APP01","mem.consumed.average","8/20/2026 4:24:20 AM","20","5539824","5539824","KB","","n/a","0"
"WIN-DEMO-APP01","mem.consumed.average","8/20/2026 4:24:40 AM","20","5539824","5539824","KB","","n/a","0"
"WIN-DEMO-APP01","mem.consumed.average","8/20/2026 4:25:00 AM","20","5539824","5539824","KB","","n/a","0"
"WIN-DEMO-APP01","mem.consumed.average","8/20/2026 4:25:20 AM","20","5539824","5539824","KB","","n/a","0"
"WIN-DEMO-APP01","mem.consumed.average","8/20/2026 4:25:40 AM","20","5539824","5539824","KB","","n/a","0"
"WIN-DEMO-APP01","mem.consumed.average","8/20/2026 4:26:00 AM","20","5539824","5539824","KB","","n/a","0"
"WIN-DEMO-APP01","mem.consumed.average","8/20/2026 4:26:20 AM","20","5539824","5539824","KB","","n/a","0"
"WIN-DEMO-APP01","mem.consumed.average","8/20/2026 4:26:40 AM","20","5539824","5539824","KB","","n/a","0"
"WIN-DEMO-APP01","mem.consumed.average","8/20/2026 4:27:00 AM","20","5539824","5539824","KB","","n/a","0"
"WIN-DEMO-APP01","mem.consumed.average","8/20/2026 4:27:20 AM","20","5539824","5539824","KB","","n/a","0"
"WIN-DEMO-APP01","mem.consumed.average","8/20/2026 4:27:40 AM","20","5539824","5539824","KB","","n/a","0"
"WIN-DEMO-APP01","mem.consumed.average","8/20/2026 4:28:00 AM","20","5539824","5539824","KB","","n/a","0"
"WIN-DEMO-APP01","mem.consumed.average","8/20/2026 4:28:20 AM","20","5539824","5539824","KB","","n/a","0"
"WIN-DEMO-APP01","mem.consumed.average","8/20/2026 4:28:40 AM","20","5539824","5539824","KB","","n/a","0"
"WIN-DEMO-APP01","mem.consumed.average","8/20/2026 4:29:00 AM","20","5539824","5539824","KB","","n/a","0"
"WIN-DEMO-APP01","mem.consumed.average","8/20/2026 4:29:20 AM","20","5539824","5539824","KB","","n/a","0"
"WIN-DEMO-APP01","mem.consumed.average","8/20/2026 4:29:40 AM","20","5539824","5539824","KB","","n/a","0"
"WIN-DEMO-APP01","mem.consumed.average","8/20/2026 4:30:00 AM","20","5539824","5539824","KB","","n/a","0"
"WIN-DEMO-APP01","mem.consumed.average","8/20/2026 4:30:20 AM","20","5539824","5539824","KB","","n/a","0"
"WIN-DEMO-APP01","mem.consumed.average","8/20/2026 4:30:40 AM","20","5539824","5539824","KB","","n/a","0"
"WIN-DEMO-APP01","mem.consumed.average","8/20/2026 4:31:00 AM","20","5539824","5539824","KB","","n/a","0"
"WIN-DEMO-APP01","mem.consumed.average","8/20/2026 4:31:20 AM","20","5539824","5539824","KB","","n/a","0"
"WIN-DEMO-APP01","mem.consumed.average","8/20/2026 4:31:40 AM","20","5539824","5539824","KB","","n/a","0"
"WIN-DEMO-APP01","mem.consumed.average","8/20/2026 4:32:00 AM","20","5539824","5539824","KB","","n/a","0"
"WIN-DEMO-APP01","mem.consumed.average","8/20/2026 4:32:20 AM","20","5539824","5539824","KB","","n/a","0"
"WIN-DEMO-APP01","mem.consumed.average","8/20/2026 4:32:40 AM","20","5539824","5539824","KB","","n/a","0"
"WIN-DEMO-APP01","mem.consumed.average","8/20/2026 4:33:00 AM","20","5539824","5539824","KB","","n/a","0"
"WIN-DEMO-APP01","mem.consumed.average","8/20/2026 4:33:20 AM","20","5539824","5539824","KB","","n/a","0"
"WIN-DEMO-APP01","mem.consumed.average","8/20/2026 4:33:40 AM","20","5539824","5539824","KB","","n/a","0"
"WIN-DEMO-APP01","mem.consumed.average","8/20/2026 4:34:00 AM","20","5539824","5539824","KB","","n/a","0"
"WIN-DEMO-APP01","mem.consumed.average","8/20/2026 4:34:20 AM","20","5539824","5539824","KB","","n/a","0"
"WIN-DEMO-APP01","mem.consumed.average","8/20/2026 4:34:40 AM","20","5539824","5539824","KB","","n/a","0"
"WIN-DEMO-APP01","mem.consumed.average","8/20/2026 4:35:00 AM","20","5539824","5539824","KB","","n/a","0"
"WIN-DEMO-APP01","mem.consumed.average","8/20/2026 4:35:20 AM","20","5539824","5539824","KB","","n/a","0"
"WIN-DEMO-APP01","mem.consumed.average","8/20/2026 4:35:40 AM","20","5539824","5539824","KB","","n/a","0"
"WIN-DEMO-APP01","mem.consumed.average","8/20/2026 4:36:00 AM","20","5539824","5539824","KB","","n/a","0"
"WIN-DEMO-APP01","mem.consumed.average","8/20/2026 4:36:20 AM","20","5539824","5539824","KB","","n/a","0"
"WIN-DEMO-APP01","mem.consumed.average","8/20/2026 4:36:40 AM","20","5539824","5539824","KB","","n/a","0"
"WIN-DEMO-APP01","mem.consumed.average","8/20/2026 4:37:00 AM","20","5539824","5539824","KB","","n/a","0"
"WIN-DEMO-APP01","mem.consumed.average","8/20/2026 4:37:20 AM","20","5539824","5539824","KB","","n/a","0"
"WIN-DEMO-APP01","mem.consumed.average","8/20/2026 4:37:40 AM","20","5539824","5539824","KB","","n/a","0"
"WIN-DEMO-APP01","mem.consumed.average","8/20/2026 4:38:00 AM","20","5539824","5539824","KB","","n/a","0"
"WIN-DEMO-APP01","mem.consumed.average","8/20/2026 4:38:20 AM","20","5539824","5539824","KB","","n/a","0"
"WIN-DEMO-APP01","mem.consumed.average","8/20/2026 4:38:40 AM","20","5539824","5539824","KB","","n/a","0"
"WIN-DEMO-APP01","mem.consumed.average","8/20/2026 4:39:00 AM","20","5539824","5539824","KB","","n/a","0"
"WIN-DEMO-APP01","mem.consumed.average","8/20/2026 4:39:20 AM","20","5539824","5539824","KB","","n/a","0"
"WIN-DEMO-APP01","mem.consumed.average","8/20/2026 4:39:40 AM","20","5539824","5539824","KB","","n/a","0"
"WIN-DEMO-APP01","mem.consumed.average","8/20/2026 4:40:00 AM","20","5539824","5539824","KB","","n/a","0"
"WIN-DEMO-APP01","mem.consumed.average","8/20/2026 4:40:20 AM","20","5539824","5539824","KB","","n/a","0"
"WIN-DEMO-APP01","mem.consumed.average","8/20/2026 4:40:40 AM","20","5539824","5539824","KB","","n/a","0"
"WIN-DEMO-APP01","mem.consumed.average","8/20/2026 4:41:00 AM","20","5539824","5539824","KB","","n/a","0"
"WIN-DEMO-APP01","mem.consumed.average","8/20/2026 4:41:20 AM","20","5539824","5539824","KB","","n/a","0"
"WIN-DEMO-APP01","mem.consumed.average","8/20/2026 4:41:40 AM","20","5539824","5539824","KB","","n/a","0"
"WIN-DEMO-APP01","mem.consumed.average","8/20/2026 4:42:00 AM","20","5539824","5539824","KB","","n/a","0"
"WIN-DEMO-APP01","mem.consumed.average","8/20/2026 4:42:20 AM","20","5539824","5539824","KB","","n/a","0"
"WIN-DEMO-APP01","mem.consumed.average","8/20/2026 4:42:40 AM","20","5539824","5539824","KB","","n/a","0"
"WIN-DEMO-APP01","mem.consumed.average","8/20/2026 4:43:00 AM","20","5539824","5539824","KB","","n/a","0"
"WIN-DEMO-APP01","mem.consumed.average","8/20/2026 4:43:20 AM","20","5539824","5539824","KB","","n/a","0"
"WIN-DEMO-APP01","mem.consumed.average","8/20/2026 4:43:40 AM","20","5539824","5539824","KB","","n/a","0"
"WIN-DEMO-APP01","mem.consumed.average","8/20/2026 4:44:00 AM","20","5539824","5539824","KB","","n/a","0"
"WIN-DEMO-APP01","mem.consumed.average","8/20/2026 4:44:20 AM","20","5539824","5539824","KB","","n/a","0"
"WIN-DEMO-APP01","mem.consumed.average","8/20/2026 4:44:40 AM","20","5539824","5539824","KB","","n/a","0"
"WIN-DEMO-APP01","mem.consumed.average","8/20/2026 4:45:00 AM","20","5539824","5539824","KB","","n/a","0"
"WIN-DEMO-APP01","mem.consumed.average","8/20/2026 4:45:20 AM","20","5539824","5539824","KB","","n/a","0"
"WIN-DEMO-APP01","mem.consumed.average","8/20/2026 4:45:40 AM","20","5539824","5539824","KB","","n/a","0"
"WIN-DEMO-APP01","mem.consumed.average","8/20/2026 4:46:00 AM","20","5539824","5539824","KB","","n/a","0"
"WIN-DEMO-APP01","mem.consumed.average","8/20/2026 4:46:20 AM","20","5539824","5539824","KB","","n/a","0"
"WIN-DEMO-APP01","mem.consumed.average","8/20/2026 4:46:40 AM","20","5539824","5539824","KB","","n/a","0"
"WIN-DEMO-APP01","mem.consumed.average","8/20/2026 4:47:00 AM","20","5539824","5539824","KB","","n/a","0"
"WIN-DEMO-APP01","mem.consumed.average","8/20/2026 4:47:20 AM","20","5539824","5539824","KB","","n/a","0"
"WIN-DEMO-APP01","mem.consumed.average","8/20/2026 4:47:40 AM","20","5539824","5539824","KB","","n/a","0"
"WIN-DEMO-APP01","mem.consumed.average","8/20/2026 4:48:00 AM","20","5539824","5539824","KB","","n/a","0"
"WIN-DEMO-APP01","mem.consumed.average","8/20/2026 4:48:20 AM","20","5539824","5539824","KB","","n/a","0"
"WIN-DEMO-APP01","mem.consumed.average","8/20/2026 4:48:40 AM","20","5539824","5539824","KB","","n/a","0"
"WIN-DEMO-APP01","mem.consumed.average","8/20/2026 4:49:00 AM","20","5539824","5539824","KB","","n/a","0"
"WIN-DEMO-APP01","mem.consumed.average","8/20/2026 4:49:20 AM","20","5539824","5539824","KB","","n/a","0"
"WIN-DEMO-APP01","mem.consumed.average","8/20/2026 4:49:40 AM","20","5539824","5539824","KB","","n/a","0"
"WIN-DEMO-APP01","mem.consumed.average","8/20/2026 4:50:00 AM","20","5539824","5539824","KB","","n/a","0"
"WIN-DEMO-APP01","mem.consumed.average","8/20/2026 4:50:20 AM","20","5539824","5539824","KB","","n/a","0"
"WIN-DEMO-APP01","mem.consumed.average","8/20/2026 4:50:40 AM","20","5539824","5539824","KB","","n/a","0"
"WIN-DEMO-APP01","mem.consumed.average","8/20/2026 4:51:00 AM","20","5539824","5539824","KB","","n/a","0"
"WIN-DEMO-APP01","mem.consumed.average","8/20/2026 4:51:20 AM","20","5539824","5539824","KB","","n/a","0"
"WIN-DEMO-APP01","mem.consumed.average","8/20/2026 4:51:40 AM","20","5539824","5539824","KB","","n/a","0"
"WIN-DEMO-APP01","mem.consumed.average","8/20/2026 4:52:00 AM","20","5539824","5539824","KB","","n/a","0"
"WIN-DEMO-APP01","mem.consumed.average","8/20/2026 4:52:20 AM","20","5539824","5539824","KB","","n/a","0"
"WIN-DEMO-APP01","mem.consumed.average","8/20/2026 4:52:40 AM","20","5539824","5539824","KB","","n/a","0"
"WIN-DEMO-APP01","mem.consumed.average","8/20/2026 4:53:00 AM","20","5539824","5539824","KB","","n/a","0"
"WIN-DEMO-APP01","mem.consumed.average","8/20/2026 4:53:20 AM","20","5539824","5539824","KB","","n/a","0"
"WIN-DEMO-APP01","mem.consumed.average","8/20/2026 4:53:40 AM","20","5539824","5539824","KB","","n/a","0"
"WIN-DEMO-APP01","mem.consumed.average","8/20/2026 4:54:00 AM","20","5539824","5539824","KB","","n/a","0"
"WIN-DEMO-APP01","mem.consumed.average","8/20/2026 4:54:20 AM","20","5539824","5539824","KB","","n/a","0"
"WIN-DEMO-APP01","mem.consumed.average","8/20/2026 4:54:40 AM","20","5539824","5539824","KB","","n/a","0"
"WIN-DEMO-APP01","mem.consumed.average","8/20/2026 4:55:00 AM","20","5539824","5539824","KB","","n/a","0"
"WIN-DEMO-APP01","mem.consumed.average","8/20/2026 4:55:20 AM","20","5539824","5539824","KB","","n/a","0"
"WIN-DEMO-APP01","mem.consumed.average","8/20/2026 4:55:40 AM","20","5539824","5539824","KB","","n/a","0"
"WIN-DEMO-APP01","mem.consumed.average","8/20/2026 4:56:00 AM","20","5539824","5539824","KB","","n/a","0"
"WIN-DEMO-APP01","mem.consumed.average","8/20/2026 4:56:20 AM","20","5539824","5539824","KB","","n/a","0"
"WIN-DEMO-APP01","mem.consumed.average","8/20/2026 4:56:40 AM","20","5539824","5539824","KB","","n/a","0"
"WIN-DEMO-APP01","mem.consumed.average","8/20/2026 4:57:00 AM","20","5539824","5539824","KB","","n/a","0"
"WIN-DEMO-APP01","mem.consumed.average","8/20/2026 4:57:20 AM","20","5539824","5539824","KB","","n/a","0"
"WIN-DEMO-APP01","mem.consumed.average","8/20/2026 4:57:40 AM","20","5539824","5539824","KB","","n/a","0"
"WIN-DEMO-APP01","mem.consumed.average","8/20/2026 4:58:00 AM","20","5539824","5539824","KB","","n/a","0"
"WIN-DEMO-APP01","mem.consumed.average","8/20/2026 4:58:20 AM","20","5539824","5539824","KB","","n/a","0"
"WIN-DEMO-APP01","mem.consumed.average","8/20/2026 4:58:40 AM","20","5539824","5539824","KB","","n/a","0"
"WIN-DEMO-APP01","mem.consumed.average","8/20/2026 4:59:00 AM","20","5539824","5539824","KB","","n/a","0"
"WIN-DEMO-APP01","mem.consumed.average","8/20/2026 4:59:20 AM","20","5539824","5539824","KB","","n/a","0"
"WIN-DEMO-APP01","mem.consumed.average","8/20/2026 4:59:40 AM","20","5539824","5539824","KB","","n/a","0"
"WIN-DEMO-APP01","mem.consumed.average","8/20/2026 5:00:00 AM","20","5539824","5539824","KB","","n/a","0"
"WIN-DEMO-APP01","mem.consumed.average","8/20/2026 5:00:20 AM","20","5539824","5539824","KB","","n/a","0"
"WIN-DEMO-APP01","mem.consumed.average","8/20/2026 5:00:40 AM","20","5539824","5539824","KB","","n/a","0"
"WIN-DEMO-APP01","mem.consumed.average","8/20/2026 5:01:00 AM","20","5539824","5539824","KB","","n/a","0"
"WIN-DEMO-APP01","mem.consumed.average","8/20/2026 5:01:20 AM","20","5539824","5539824","KB","","n/a","0"
"WIN-DEMO-APP01","mem.consumed.average","8/20/2026 5:01:40 AM","20","5539824","5539824","KB","","n/a","0"
"WIN-DEMO-APP01","mem.consumed.average","8/20/2026 5:02:00 AM","20","5539824","5539824","KB","","n/a","0"
"WIN-DEMO-APP01","mem.consumed.average","8/20/2026 5:02:20 AM","20","5539824","5539824","KB","","n/a","0"
"WIN-DEMO-APP01","mem.consumed.average","8/20/2026 5:02:40 AM","20","5539824","5539824","KB","","n/a","0"
"WIN-DEMO-APP01","mem.consumed.average","8/20/2026 5:03:00 AM","20","5539824","5539824","KB","","n/a","0"
"WIN-DEMO-APP01","mem.consumed.average","8/20/2026 5:03:20 AM","20","5539824","5539824","KB","","n/a","0"
"WIN-DEMO-APP01","mem.consumed.average","8/20/2026 5:03:40 AM","20","5539824","5539824","KB","","n/a","0"
"WIN-DEMO-APP01","mem.consumed.average","8/20/2026 5:04:00 AM","20","5539824","5539824","KB","","n/a","0"
"WIN-DEMO-APP01","mem.consumed.average","8/20/2026 5:04:20 AM","20","5539824","5539824","KB","","n/a","0"
"WIN-DEMO-APP01","mem.consumed.average","8/20/2026 5:04:40 AM","20","5539824","5539824","KB","","n/a","0"
"WIN-DEMO-APP01","mem.consumed.average","8/20/2026 5:05:00 AM","20","5539824","5539824","KB","","n/a","0"
"WIN-DEMO-APP01","mem.consumed.average","8/20/2026 5:05:20 AM","20","5539824","5539824","KB","","n/a","0"
"WIN-DEMO-APP01","mem.consumed.average","8/20/2026 5:05:40 AM","20","5539824","5539824","KB","","n/a","0"
"WIN-DEMO-APP01","mem.usage.average","8/20/2026 4:06:00 AM","20","1.99000000953674","1.99000000953674","%","","n/a","0"
"WIN-DEMO-APP01","mem.usage.average","8/20/2026 4:06:20 AM","20","1.99000000953674","1.99000000953674","%","","n/a","0"
"WIN-DEMO-APP01","mem.usage.average","8/20/2026 4:06:40 AM","20","1.99000000953674","1.99000000953674","%","","n/a","0"
"WIN-DEMO-APP01","mem.usage.average","8/20/2026 4:07:00 AM","20","1.99000000953674","1.99000000953674","%","","n/a","0"
"WIN-DEMO-APP01","mem.usage.average","8/20/2026 4:07:20 AM","20","1.99000000953674","1.99000000953674","%","","n/a","0"
"WIN-DEMO-APP01","mem.usage.average","8/20/2026 4:07:40 AM","20","0.990000009536743","0.990000009536743","%","","n/a","0"
"WIN-DEMO-APP01","mem.usage.average","8/20/2026 4:08:00 AM","20","0.990000009536743","0.990000009536743","%","","n/a","0"
"WIN-DEMO-APP01","mem.usage.average","8/20/2026 4:08:20 AM","20","1.99000000953674","1.99000000953674","%","","n/a","0"
"WIN-DEMO-APP01","mem.usage.average","8/20/2026 4:08:40 AM","20","1.99000000953674","1.99000000953674","%","","n/a","0"
"WIN-DEMO-APP01","mem.usage.average","8/20/2026 4:09:00 AM","20","1.99000000953674","1.99000000953674","%","","n/a","0"
"WIN-DEMO-APP01","mem.usage.average","8/20/2026 4:09:20 AM","20","1.99000000953674","1.99000000953674","%","","n/a","0"
"WIN-DEMO-APP01","mem.usage.average","8/20/2026 4:09:40 AM","20","1.99000000953674","1.99000000953674","%","","n/a","0"
"WIN-DEMO-APP01","mem.usage.average","8/20/2026 4:10:00 AM","20","3.99000000953674","3.99000000953674","%","","n/a","0"
"WIN-DEMO-APP01","mem.usage.average","8/20/2026 4:10:20 AM","20","3.99000000953674","3.99000000953674","%","","n/a","0"
"WIN-DEMO-APP01","mem.usage.average","8/20/2026 4:10:40 AM","20","3.99000000953674","3.99000000953674","%","","n/a","0"
"WIN-DEMO-APP01","mem.usage.average","8/20/2026 4:11:00 AM","20","3.99000000953674","3.99000000953674","%","","n/a","0"
"WIN-DEMO-APP01","mem.usage.average","8/20/2026 4:11:20 AM","20","3.99000000953674","3.99000000953674","%","","n/a","0"
"WIN-DEMO-APP01","mem.usage.average","8/20/2026 4:11:40 AM","20","3.99000000953674","3.99000000953674","%","","n/a","0"
"WIN-DEMO-APP01","mem.usage.average","8/20/2026 4:12:00 AM","20","2.99000000953674","2.99000000953674","%","","n/a","0"
"WIN-DEMO-APP01","mem.usage.average","8/20/2026 4:12:20 AM","20","2.99000000953674","2.99000000953674","%","","n/a","0"
"WIN-DEMO-APP01","mem.usage.average","8/20/2026 4:12:40 AM","20","2.99000000953674","2.99000000953674","%","","n/a","0"
"WIN-DEMO-APP01","mem.usage.average","8/20/2026 4:13:00 AM","20","3.99000000953674","3.99000000953674","%","","n/a","0"
"WIN-DEMO-APP01","mem.usage.average","8/20/2026 4:13:20 AM","20","3.99000000953674","3.99000000953674","%","","n/a","0"
"WIN-DEMO-APP01","mem.usage.average","8/20/2026 4:13:40 AM","20","3.99000000953674","3.99000000953674","%","","n/a","0"
"WIN-DEMO-APP01","mem.usage.average","8/20/2026 4:14:00 AM","20","3.99000000953674","3.99000000953674","%","","n/a","0"
"WIN-DEMO-APP01","mem.usage.average","8/20/2026 4:14:20 AM","20","3.99000000953674","3.99000000953674","%","","n/a","0"
"WIN-DEMO-APP01","mem.usage.average","8/20/2026 4:14:40 AM","20","3.99000000953674","3.99000000953674","%","","n/a","0"
"WIN-DEMO-APP01","mem.usage.average","8/20/2026 4:15:00 AM","20","1.99000000953674","1.99000000953674","%","","n/a","0"
"WIN-DEMO-APP01","mem.usage.average","8/20/2026 4:15:20 AM","20","1.99000000953674","1.99000000953674","%","","n/a","0"
"WIN-DEMO-APP01","mem.usage.average","8/20/2026 4:15:40 AM","20","1.99000000953674","1.99000000953674","%","","n/a","0"
"WIN-DEMO-APP01","mem.usage.average","8/20/2026 4:16:00 AM","20","1.99000000953674","1.99000000953674","%","","n/a","0"
"WIN-DEMO-APP01","mem.usage.average","8/20/2026 4:16:20 AM","20","1.99000000953674","1.99000000953674","%","","n/a","0"
"WIN-DEMO-APP01","mem.usage.average","8/20/2026 4:16:40 AM","20","1.99000000953674","1.99000000953674","%","","n/a","0"
"WIN-DEMO-APP01","mem.usage.average","8/20/2026 4:17:00 AM","20","3.99000000953674","3.99000000953674","%","","n/a","0"
"WIN-DEMO-APP01","mem.usage.average","8/20/2026 4:17:20 AM","20","3.99000000953674","3.99000000953674","%","","n/a","0"
"WIN-DEMO-APP01","mem.usage.average","8/20/2026 4:17:40 AM","20","3.99000000953674","3.99000000953674","%","","n/a","0"
"WIN-DEMO-APP01","mem.usage.average","8/20/2026 4:18:00 AM","20","1.99000000953674","1.99000000953674","%","","n/a","0"
"WIN-DEMO-APP01","mem.usage.average","8/20/2026 4:18:20 AM","20","1.99000000953674","1.99000000953674","%","","n/a","0"
"WIN-DEMO-APP01","mem.usage.average","8/20/2026 4:18:40 AM","20","1.99000000953674","1.99000000953674","%","","n/a","0"
"WIN-DEMO-APP01","mem.usage.average","8/20/2026 4:19:00 AM","20","2.99000000953674","2.99000000953674","%","","n/a","0"
"WIN-DEMO-APP01","mem.usage.average","8/20/2026 4:19:20 AM","20","2.99000000953674","2.99000000953674","%","","n/a","0"
"WIN-DEMO-APP01","mem.usage.average","8/20/2026 4:19:40 AM","20","2.99000000953674","2.99000000953674","%","","n/a","0"
"WIN-DEMO-APP01","mem.usage.average","8/20/2026 4:20:00 AM","20","1.99000000953674","1.99000000953674","%","","n/a","0"
"WIN-DEMO-APP01","mem.usage.average","8/20/2026 4:20:20 AM","20","1.99000000953674","1.99000000953674","%","","n/a","0"
"WIN-DEMO-APP01","mem.usage.average","8/20/2026 4:20:40 AM","20","1.99000000953674","1.99000000953674","%","","n/a","0"
"WIN-DEMO-APP01","mem.usage.average","8/20/2026 4:21:00 AM","20","2.99000000953674","2.99000000953674","%","","n/a","0"
"WIN-DEMO-APP01","mem.usage.average","8/20/2026 4:21:20 AM","20","2.99000000953674","2.99000000953674","%","","n/a","0"
"WIN-DEMO-APP01","mem.usage.average","8/20/2026 4:21:40 AM","20","2.99000000953674","2.99000000953674","%","","n/a","0"
"WIN-DEMO-APP01","mem.usage.average","8/20/2026 4:22:00 AM","20","2.99000000953674","2.99000000953674","%","","n/a","0"
"WIN-DEMO-APP01","mem.usage.average","8/20/2026 4:22:20 AM","20","2.99000000953674","2.99000000953674","%","","n/a","0"
"WIN-DEMO-APP01","mem.usage.average","8/20/2026 4:22:40 AM","20","2.99000000953674","2.99000000953674","%","","n/a","0"
"WIN-DEMO-APP01","mem.usage.average","8/20/2026 4:23:00 AM","20","2.99000000953674","2.99000000953674","%","","n/a","0"
"WIN-DEMO-APP01","mem.usage.average","8/20/2026 4:23:20 AM","20","2.99000000953674","2.99000000953674","%","","n/a","0"
"WIN-DEMO-APP01","mem.usage.average","8/20/2026 4:23:40 AM","20","2.99000000953674","2.99000000953674","%","","n/a","0"
"WIN-DEMO-APP01","mem.usage.average","8/20/2026 4:24:00 AM","20","2.99000000953674","2.99000000953674","%","","n/a","0"
"WIN-DEMO-APP01","mem.usage.average","8/20/2026 4:24:20 AM","20","2.99000000953674","2.99000000953674","%","","n/a","0"
"WIN-DEMO-APP01","mem.usage.average","8/20/2026 4:24:40 AM","20","2.99000000953674","2.99000000953674","%","","n/a","0"
"WIN-DEMO-APP01","mem.usage.average","8/20/2026 4:25:00 AM","20","0.990000009536743","0.990000009536743","%","","n/a","0"
"WIN-DEMO-APP01","mem.usage.average","8/20/2026 4:25:20 AM","20","0.990000009536743","0.990000009536743","%","","n/a","0"
"WIN-DEMO-APP01","mem.usage.average","8/20/2026 4:25:40 AM","20","0.990000009536743","0.990000009536743","%","","n/a","0"
"WIN-DEMO-APP01","mem.usage.average","8/20/2026 4:26:00 AM","20","0.990000009536743","0.990000009536743","%","","n/a","0"
"WIN-DEMO-APP01","mem.usage.average","8/20/2026 4:26:20 AM","20","0.990000009536743","0.990000009536743","%","","n/a","0"
"WIN-DEMO-APP01","mem.usage.average","8/20/2026 4:26:40 AM","20","0.990000009536743","0.990000009536743","%","","n/a","0"
"WIN-DEMO-APP01","mem.usage.average","8/20/2026 4:27:00 AM","20","0.990000009536743","0.990000009536743","%","","n/a","0"
"WIN-DEMO-APP01","mem.usage.average","8/20/2026 4:27:20 AM","20","0.990000009536743","0.990000009536743","%","","n/a","0"
"WIN-DEMO-APP01","mem.usage.average","8/20/2026 4:27:40 AM","20","0.990000009536743","0.990000009536743","%","","n/a","0"
"WIN-DEMO-APP01","mem.usage.average","8/20/2026 4:28:00 AM","20","0.990000009536743","0.990000009536743","%","","n/a","0"
"WIN-DEMO-APP01","mem.usage.average","8/20/2026 4:28:20 AM","20","0.990000009536743","0.990000009536743","%","","n/a","0"
"WIN-DEMO-APP01","mem.usage.average","8/20/2026 4:28:40 AM","20","0.990000009536743","0.990000009536743","%","","n/a","0"
"WIN-DEMO-APP01","mem.usage.average","8/20/2026 4:29:00 AM","20","1.99000000953674","1.99000000953674","%","","n/a","0"
"WIN-DEMO-APP01","mem.usage.average","8/20/2026 4:29:20 AM","20","1.99000000953674","1.99000000953674","%","","n/a","0"
"WIN-DEMO-APP01","mem.usage.average","8/20/2026 4:29:40 AM","20","1.99000000953674","1.99000000953674","%","","n/a","0"
"WIN-DEMO-APP01","mem.usage.average","8/20/2026 4:30:00 AM","20","1.99000000953674","1.99000000953674","%","","n/a","0"
"WIN-DEMO-APP01","mem.usage.average","8/20/2026 4:30:20 AM","20","1.99000000953674","1.99000000953674","%","","n/a","0"
"WIN-DEMO-APP01","mem.usage.average","8/20/2026 4:30:40 AM","20","1.99000000953674","1.99000000953674","%","","n/a","0"
"WIN-DEMO-APP01","mem.usage.average","8/20/2026 4:31:00 AM","20","1.99000000953674","1.99000000953674","%","","n/a","0"
"WIN-DEMO-APP01","mem.usage.average","8/20/2026 4:31:20 AM","20","1.99000000953674","1.99000000953674","%","","n/a","0"
"WIN-DEMO-APP01","mem.usage.average","8/20/2026 4:31:40 AM","20","1.99000000953674","1.99000000953674","%","","n/a","0"
"WIN-DEMO-APP01","mem.usage.average","8/20/2026 4:32:00 AM","20","1.99000000953674","1.99000000953674","%","","n/a","0"
"WIN-DEMO-APP01","mem.usage.average","8/20/2026 4:32:20 AM","20","1.99000000953674","1.99000000953674","%","","n/a","0"
"WIN-DEMO-APP01","mem.usage.average","8/20/2026 4:32:40 AM","20","1.99000000953674","1.99000000953674","%","","n/a","0"
"WIN-DEMO-APP01","mem.usage.average","8/20/2026 4:33:00 AM","20","1.99000000953674","1.99000000953674","%","","n/a","0"
"WIN-DEMO-APP01","mem.usage.average","8/20/2026 4:33:20 AM","20","2.99000000953674","2.99000000953674","%","","n/a","0"
"WIN-DEMO-APP01","mem.usage.average","8/20/2026 4:33:40 AM","20","3.99000000953674","3.99000000953674","%","","n/a","0"
"WIN-DEMO-APP01","mem.usage.average","8/20/2026 4:34:00 AM","20","3.99000000953674","3.99000000953674","%","","n/a","0"
"WIN-DEMO-APP01","mem.usage.average","8/20/2026 4:34:20 AM","20","3.99000000953674","3.99000000953674","%","","n/a","0"
"WIN-DEMO-APP01","mem.usage.average","8/20/2026 4:34:40 AM","20","3.99000000953674","3.99000000953674","%","","n/a","0"
"WIN-DEMO-APP01","mem.usage.average","8/20/2026 4:35:00 AM","20","2.99000000953674","2.99000000953674","%","","n/a","0"
"WIN-DEMO-APP01","mem.usage.average","8/20/2026 4:35:20 AM","20","2.99000000953674","2.99000000953674","%","","n/a","0"
"WIN-DEMO-APP01","mem.usage.average","8/20/2026 4:35:40 AM","20","2.99000000953674","2.99000000953674","%","","n/a","0"
"WIN-DEMO-APP01","mem.usage.average","8/20/2026 4:36:00 AM","20","11.9899997711182","11.9899997711182","%","","n/a","0"
"WIN-DEMO-APP01","mem.usage.average","8/20/2026 4:36:20 AM","20","11.9899997711182","11.9899997711182","%","","n/a","0"
"WIN-DEMO-APP01","mem.usage.average","8/20/2026 4:36:40 AM","20","11.9899997711182","11.9899997711182","%","","n/a","0"
"WIN-DEMO-APP01","mem.usage.average","8/20/2026 4:37:00 AM","20","14.9899997711182","14.9899997711182","%","","n/a","0"
"WIN-DEMO-APP01","mem.usage.average","8/20/2026 4:37:20 AM","20","14.9899997711182","14.9899997711182","%","","n/a","0"
"WIN-DEMO-APP01","mem.usage.average","8/20/2026 4:37:40 AM","20","14.9899997711182","14.9899997711182","%","","n/a","0"
"WIN-DEMO-APP01","mem.usage.average","8/20/2026 4:38:00 AM","20","9.98999977111816","9.98999977111816","%","","n/a","0"
"WIN-DEMO-APP01","mem.usage.average","8/20/2026 4:38:20 AM","20","9.98999977111816","9.98999977111816","%","","n/a","0"
"WIN-DEMO-APP01","mem.usage.average","8/20/2026 4:38:40 AM","20","9.98999977111816","9.98999977111816","%","","n/a","0"
"WIN-DEMO-APP01","mem.usage.average","8/20/2026 4:39:00 AM","20","13.9899997711182","13.9899997711182","%","","n/a","0"
"WIN-DEMO-APP01","mem.usage.average","8/20/2026 4:39:20 AM","20","13.9899997711182","13.9899997711182","%","","n/a","0"
"WIN-DEMO-APP01","mem.usage.average","8/20/2026 4:39:40 AM","20","13.9899997711182","13.9899997711182","%","","n/a","0"
"WIN-DEMO-APP01","mem.usage.average","8/20/2026 4:40:00 AM","20","6.98999977111816","6.98999977111816","%","","n/a","0"
"WIN-DEMO-APP01","mem.usage.average","8/20/2026 4:40:20 AM","20","6.98999977111816","6.98999977111816","%","","n/a","0"
"WIN-DEMO-APP01","mem.usage.average","8/20/2026 4:40:40 AM","20","6.98999977111816","6.98999977111816","%","","n/a","0"
"WIN-DEMO-APP01","mem.usage.average","8/20/2026 4:41:00 AM","20","4.98999977111816","4.98999977111816","%","","n/a","0"
"WIN-DEMO-APP01","mem.usage.average","8/20/2026 4:41:20 AM","20","4.98999977111816","4.98999977111816","%","","n/a","0"
"WIN-DEMO-APP01","mem.usage.average","8/20/2026 4:41:40 AM","20","4.98999977111816","4.98999977111816","%","","n/a","0"
"WIN-DEMO-APP01","mem.usage.average","8/20/2026 4:42:00 AM","20","3.99000000953674","3.99000000953674","%","","n/a","0"
"WIN-DEMO-APP01","mem.usage.average","8/20/2026 4:42:20 AM","20","3.99000000953674","3.99000000953674","%","","n/a","0"
"WIN-DEMO-APP01","mem.usage.average","8/20/2026 4:42:40 AM","20","3.99000000953674","3.99000000953674","%","","n/a","0"
"WIN-DEMO-APP01","mem.usage.average","8/20/2026 4:43:00 AM","20","3.99000000953674","3.99000000953674","%","","n/a","0"
"WIN-DEMO-APP01","mem.usage.average","8/20/2026 4:43:20 AM","20","3.99000000953674","3.99000000953674","%","","n/a","0"
"WIN-DEMO-APP01","mem.usage.average","8/20/2026 4:43:40 AM","20","3.99000000953674","3.99000000953674","%","","n/a","0"
"WIN-DEMO-APP01","mem.usage.average","8/20/2026 4:44:00 AM","20","3.99000000953674","3.99000000953674","%","","n/a","0"
"WIN-DEMO-APP01","mem.usage.average","8/20/2026 4:44:20 AM","20","2.99000000953674","2.99000000953674","%","","n/a","0"
"WIN-DEMO-APP01","mem.usage.average","8/20/2026 4:44:40 AM","20","2.99000000953674","2.99000000953674","%","","n/a","0"
"WIN-DEMO-APP01","mem.usage.average","8/20/2026 4:45:00 AM","20","2.99000000953674","2.99000000953674","%","","n/a","0"
"WIN-DEMO-APP01","mem.usage.average","8/20/2026 4:45:20 AM","20","2.99000000953674","2.99000000953674","%","","n/a","0"
"WIN-DEMO-APP01","mem.usage.average","8/20/2026 4:45:40 AM","20","2.99000000953674","2.99000000953674","%","","n/a","0"
"WIN-DEMO-APP01","mem.usage.average","8/20/2026 4:46:00 AM","20","2.99000000953674","2.99000000953674","%","","n/a","0"
"WIN-DEMO-APP01","mem.usage.average","8/20/2026 4:46:20 AM","20","4.98999977111816","4.98999977111816","%","","n/a","0"
"WIN-DEMO-APP01","mem.usage.average","8/20/2026 4:46:40 AM","20","4.98999977111816","4.98999977111816","%","","n/a","0"
"WIN-DEMO-APP01","mem.usage.average","8/20/2026 4:47:00 AM","20","4.98999977111816","4.98999977111816","%","","n/a","0"
"WIN-DEMO-APP01","mem.usage.average","8/20/2026 4:47:20 AM","20","1.99000000953674","1.99000000953674","%","","n/a","0"
"WIN-DEMO-APP01","mem.usage.average","8/20/2026 4:47:40 AM","20","1.99000000953674","1.99000000953674","%","","n/a","0"
"WIN-DEMO-APP01","mem.usage.average","8/20/2026 4:48:00 AM","20","1.99000000953674","1.99000000953674","%","","n/a","0"
"WIN-DEMO-APP01","mem.usage.average","8/20/2026 4:48:20 AM","20","2.99000000953674","2.99000000953674","%","","n/a","0"
"WIN-DEMO-APP01","mem.usage.average","8/20/2026 4:48:40 AM","20","2.99000000953674","2.99000000953674","%","","n/a","0"
"WIN-DEMO-APP01","mem.usage.average","8/20/2026 4:49:00 AM","20","2.99000000953674","2.99000000953674","%","","n/a","0"
"WIN-DEMO-APP01","mem.usage.average","8/20/2026 4:49:20 AM","20","3.99000000953674","3.99000000953674","%","","n/a","0"
"WIN-DEMO-APP01","mem.usage.average","8/20/2026 4:49:40 AM","20","3.99000000953674","3.99000000953674","%","","n/a","0"
"WIN-DEMO-APP01","mem.usage.average","8/20/2026 4:50:00 AM","20","3.99000000953674","3.99000000953674","%","","n/a","0"
"WIN-DEMO-APP01","mem.usage.average","8/20/2026 4:50:20 AM","20","3.99000000953674","3.99000000953674","%","","n/a","0"
"WIN-DEMO-APP01","mem.usage.average","8/20/2026 4:50:40 AM","20","3.99000000953674","3.99000000953674","%","","n/a","0"
"WIN-DEMO-APP01","mem.usage.average","8/20/2026 4:51:00 AM","20","3.99000000953674","3.99000000953674","%","","n/a","0"
"WIN-DEMO-APP01","mem.usage.average","8/20/2026 4:51:20 AM","20","2.99000000953674","2.99000000953674","%","","n/a","0"
"WIN-DEMO-APP01","mem.usage.average","8/20/2026 4:51:40 AM","20","2.99000000953674","2.99000000953674","%","","n/a","0"
"WIN-DEMO-APP01","mem.usage.average","8/20/2026 4:52:00 AM","20","2.99000000953674","2.99000000953674","%","","n/a","0"
"WIN-DEMO-APP01","mem.usage.average","8/20/2026 4:52:20 AM","20","0.990000009536743","0.990000009536743","%","","n/a","0"
"WIN-DEMO-APP01","mem.usage.average","8/20/2026 4:52:40 AM","20","1.99000000953674","1.99000000953674","%","","n/a","0"
"WIN-DEMO-APP01","mem.usage.average","8/20/2026 4:53:00 AM","20","2.99000000953674","2.99000000953674","%","","n/a","0"
"WIN-DEMO-APP01","mem.usage.average","8/20/2026 4:53:20 AM","20","2.99000000953674","2.99000000953674","%","","n/a","0"
"WIN-DEMO-APP01","mem.usage.average","8/20/2026 4:53:40 AM","20","2.99000000953674","2.99000000953674","%","","n/a","0"
"WIN-DEMO-APP01","mem.usage.average","8/20/2026 4:54:00 AM","20","2.99000000953674","2.99000000953674","%","","n/a","0"
"WIN-DEMO-APP01","mem.usage.average","8/20/2026 4:54:20 AM","20","3.99000000953674","3.99000000953674","%","","n/a","0"
"WIN-DEMO-APP01","mem.usage.average","8/20/2026 4:54:40 AM","20","3.99000000953674","3.99000000953674","%","","n/a","0"
"WIN-DEMO-APP01","mem.usage.average","8/20/2026 4:55:00 AM","20","3.99000000953674","3.99000000953674","%","","n/a","0"
"WIN-DEMO-APP01","mem.usage.average","8/20/2026 4:55:20 AM","20","3.99000000953674","3.99000000953674","%","","n/a","0"
"WIN-DEMO-APP01","mem.usage.average","8/20/2026 4:55:40 AM","20","3.99000000953674","3.99000000953674","%","","n/a","0"
"WIN-DEMO-APP01","mem.usage.average","8/20/2026 4:56:00 AM","20","3.99000000953674","3.99000000953674","%","","n/a","0"
"WIN-DEMO-APP01","mem.usage.average","8/20/2026 4:56:20 AM","20","3.99000000953674","3.99000000953674","%","","n/a","0"
"WIN-DEMO-APP01","mem.usage.average","8/20/2026 4:56:40 AM","20","3.99000000953674","3.99000000953674","%","","n/a","0"
"WIN-DEMO-APP01","mem.usage.average","8/20/2026 4:57:00 AM","20","3.99000000953674","3.99000000953674","%","","n/a","0"
"WIN-DEMO-APP01","mem.usage.average","8/20/2026 4:57:20 AM","20","2.99000000953674","2.99000000953674","%","","n/a","0"
"WIN-DEMO-APP01","mem.usage.average","8/20/2026 4:57:40 AM","20","3.99000000953674","3.99000000953674","%","","n/a","0"
"WIN-DEMO-APP01","mem.usage.average","8/20/2026 4:58:00 AM","20","3.99000000953674","3.99000000953674","%","","n/a","0"
"WIN-DEMO-APP01","mem.usage.average","8/20/2026 4:58:20 AM","20","7.98999977111816","7.98999977111816","%","","n/a","0"
"WIN-DEMO-APP01","mem.usage.average","8/20/2026 4:58:40 AM","20","7.98999977111816","7.98999977111816","%","","n/a","0"
"WIN-DEMO-APP01","mem.usage.average","8/20/2026 4:59:00 AM","20","7.98999977111816","7.98999977111816","%","","n/a","0"
"WIN-DEMO-APP01","mem.usage.average","8/20/2026 4:59:20 AM","20","8.98999977111816","8.98999977111816","%","","n/a","0"
"WIN-DEMO-APP01","mem.usage.average","8/20/2026 4:59:40 AM","20","8.98999977111816","8.98999977111816","%","","n/a","0"
"WIN-DEMO-APP01","mem.usage.average","8/20/2026 5:00:00 AM","20","8.98999977111816","8.98999977111816","%","","n/a","0"
"WIN-DEMO-APP01","mem.usage.average","8/20/2026 5:00:20 AM","20","5.98999977111816","5.98999977111816","%","","n/a","0"
"WIN-DEMO-APP01","mem.usage.average","8/20/2026 5:00:40 AM","20","5.98999977111816","5.98999977111816","%","","n/a","0"
"WIN-DEMO-APP01","mem.usage.average","8/20/2026 5:01:00 AM","20","5.98999977111816","5.98999977111816","%","","n/a","0"
"WIN-DEMO-APP01","mem.usage.average","8/20/2026 5:01:20 AM","20","5.98999977111816","5.98999977111816","%","","n/a","0"
"WIN-DEMO-APP01","mem.usage.average","8/20/2026 5:01:40 AM","20","5.98999977111816","5.98999977111816","%","","n/a","0"
"WIN-DEMO-APP01","mem.usage.average","8/20/2026 5:02:00 AM","20","5.98999977111816","5.98999977111816","%","","n/a","0"
"WIN-DEMO-APP01","mem.usage.average","8/20/2026 5:02:20 AM","20","2.99000000953674","2.99000000953674","%","","n/a","0"
"WIN-DEMO-APP01","mem.usage.average","8/20/2026 5:02:40 AM","20","2.99000000953674","2.99000000953674","%","","n/a","0"
"WIN-DEMO-APP01","mem.usage.average","8/20/2026 5:03:00 AM","20","2.99000000953674","2.99000000953674","%","","n/a","0"
"WIN-DEMO-APP01","mem.usage.average","8/20/2026 5:03:20 AM","20","2.99000000953674","2.99000000953674","%","","n/a","0"
"WIN-DEMO-APP01","mem.usage.average","8/20/2026 5:03:40 AM","20","2.99000000953674","2.99000000953674","%","","n/a","0"
"WIN-DEMO-APP01","mem.usage.average","8/20/2026 5:04:00 AM","20","2.99000000953674","2.99000000953674","%","","n/a","0"
"WIN-DEMO-APP01","mem.usage.average","8/20/2026 5:04:20 AM","20","2.99000000953674","2.99000000953674","%","","n/a","0"
"WIN-DEMO-APP01","mem.usage.average","8/20/2026 5:04:40 AM","20","2.99000000953674","2.99000000953674","%","","n/a","0"
"WIN-DEMO-APP01","mem.usage.average","8/20/2026 5:05:00 AM","20","2.99000000953674","2.99000000953674","%","","n/a","0"
"WIN-DEMO-APP01","mem.usage.average","8/20/2026 5:05:20 AM","20","1.99000000953674","1.99000000953674","%","","n/a","0"
"WIN-DEMO-APP01","mem.usage.average","8/20/2026 5:05:40 AM","20","1.99000000953674","1.99000000953674","%","","n/a","0"
"WIN-DEMO-APP01","mem.vmmemctl.average","8/20/2026 4:06:00 AM","20","0","0","KB","","n/a","0"
"WIN-DEMO-APP01","mem.vmmemctl.average","8/20/2026 4:06:20 AM","20","0","0","KB","","n/a","0"
"WIN-DEMO-APP01","mem.vmmemctl.average","8/20/2026 4:06:40 AM","20","0","0","KB","","n/a","0"
"WIN-DEMO-APP01","mem.vmmemctl.average","8/20/2026 4:07:00 AM","20","0","0","KB","","n/a","0"
"WIN-DEMO-APP01","mem.vmmemctl.average","8/20/2026 4:07:20 AM","20","0","0","KB","","n/a","0"
"WIN-DEMO-APP01","mem.vmmemctl.average","8/20/2026 4:07:40 AM","20","0","0","KB","","n/a","0"
"WIN-DEMO-APP01","mem.vmmemctl.average","8/20/2026 4:08:00 AM","20","0","0","KB","","n/a","0"
"WIN-DEMO-APP01","mem.vmmemctl.average","8/20/2026 4:08:20 AM","20","0","0","KB","","n/a","0"
"WIN-DEMO-APP01","mem.vmmemctl.average","8/20/2026 4:08:40 AM","20","0","0","KB","","n/a","0"
"WIN-DEMO-APP01","mem.vmmemctl.average","8/20/2026 4:09:00 AM","20","0","0","KB","","n/a","0"
"WIN-DEMO-APP01","mem.vmmemctl.average","8/20/2026 4:09:20 AM","20","0","0","KB","","n/a","0"
"WIN-DEMO-APP01","mem.vmmemctl.average","8/20/2026 4:09:40 AM","20","0","0","KB","","n/a","0"
"WIN-DEMO-APP01","mem.vmmemctl.average","8/20/2026 4:10:00 AM","20","0","0","KB","","n/a","0"
"WIN-DEMO-APP01","mem.vmmemctl.average","8/20/2026 4:10:20 AM","20","0","0","KB","","n/a","0"
"WIN-DEMO-APP01","mem.vmmemctl.average","8/20/2026 4:10:40 AM","20","0","0","KB","","n/a","0"
"WIN-DEMO-APP01","mem.vmmemctl.average","8/20/2026 4:11:00 AM","20","0","0","KB","","n/a","0"
"WIN-DEMO-APP01","mem.vmmemctl.average","8/20/2026 4:11:20 AM","20","0","0","KB","","n/a","0"
"WIN-DEMO-APP01","mem.vmmemctl.average","8/20/2026 4:11:40 AM","20","0","0","KB","","n/a","0"
"WIN-DEMO-APP01","mem.vmmemctl.average","8/20/2026 4:12:00 AM","20","0","0","KB","","n/a","0"
"WIN-DEMO-APP01","mem.vmmemctl.average","8/20/2026 4:12:20 AM","20","0","0","KB","","n/a","0"
"WIN-DEMO-APP01","mem.vmmemctl.average","8/20/2026 4:12:40 AM","20","0","0","KB","","n/a","0"
"WIN-DEMO-APP01","mem.vmmemctl.average","8/20/2026 4:13:00 AM","20","0","0","KB","","n/a","0"
"WIN-DEMO-APP01","mem.vmmemctl.average","8/20/2026 4:13:20 AM","20","0","0","KB","","n/a","0"
"WIN-DEMO-APP01","mem.vmmemctl.average","8/20/2026 4:13:40 AM","20","0","0","KB","","n/a","0"
"WIN-DEMO-APP01","mem.vmmemctl.average","8/20/2026 4:14:00 AM","20","0","0","KB","","n/a","0"
"WIN-DEMO-APP01","mem.vmmemctl.average","8/20/2026 4:14:20 AM","20","0","0","KB","","n/a","0"
"WIN-DEMO-APP01","mem.vmmemctl.average","8/20/2026 4:14:40 AM","20","0","0","KB","","n/a","0"
"WIN-DEMO-APP01","mem.vmmemctl.average","8/20/2026 4:15:00 AM","20","0","0","KB","","n/a","0"
"WIN-DEMO-APP01","mem.vmmemctl.average","8/20/2026 4:15:20 AM","20","0","0","KB","","n/a","0"
"WIN-DEMO-APP01","mem.vmmemctl.average","8/20/2026 4:15:40 AM","20","0","0","KB","","n/a","0"
"WIN-DEMO-APP01","mem.vmmemctl.average","8/20/2026 4:16:00 AM","20","0","0","KB","","n/a","0"
"WIN-DEMO-APP01","mem.vmmemctl.average","8/20/2026 4:16:20 AM","20","0","0","KB","","n/a","0"
"WIN-DEMO-APP01","mem.vmmemctl.average","8/20/2026 4:16:40 AM","20","0","0","KB","","n/a","0"
"WIN-DEMO-APP01","mem.vmmemctl.average","8/20/2026 4:17:00 AM","20","0","0","KB","","n/a","0"
"WIN-DEMO-APP01","mem.vmmemctl.average","8/20/2026 4:17:20 AM","20","0","0","KB","","n/a","0"
"WIN-DEMO-APP01","mem.vmmemctl.average","8/20/2026 4:17:40 AM","20","0","0","KB","","n/a","0"
"WIN-DEMO-APP01","mem.vmmemctl.average","8/20/2026 4:18:00 AM","20","0","0","KB","","n/a","0"
"WIN-DEMO-APP01","mem.vmmemctl.average","8/20/2026 4:18:20 AM","20","0","0","KB","","n/a","0"
"WIN-DEMO-APP01","mem.vmmemctl.average","8/20/2026 4:18:40 AM","20","0","0","KB","","n/a","0"
"WIN-DEMO-APP01","mem.vmmemctl.average","8/20/2026 4:19:00 AM","20","0","0","KB","","n/a","0"
"WIN-DEMO-APP01","mem.vmmemctl.average","8/20/2026 4:19:20 AM","20","0","0","KB","","n/a","0"
"WIN-DEMO-APP01","mem.vmmemctl.average","8/20/2026 4:19:40 AM","20","0","0","KB","","n/a","0"
"WIN-DEMO-APP01","mem.vmmemctl.average","8/20/2026 4:20:00 AM","20","0","0","KB","","n/a","0"
"WIN-DEMO-APP01","mem.vmmemctl.average","8/20/2026 4:20:20 AM","20","0","0","KB","","n/a","0"
"WIN-DEMO-APP01","mem.vmmemctl.average","8/20/2026 4:20:40 AM","20","0","0","KB","","n/a","0"
"WIN-DEMO-APP01","mem.vmmemctl.average","8/20/2026 4:21:00 AM","20","0","0","KB","","n/a","0"
"WIN-DEMO-APP01","mem.vmmemctl.average","8/20/2026 4:21:20 AM","20","0","0","KB","","n/a","0"
"WIN-DEMO-APP01","mem.vmmemctl.average","8/20/2026 4:21:40 AM","20","0","0","KB","","n/a","0"
"WIN-DEMO-APP01","mem.vmmemctl.average","8/20/2026 4:22:00 AM","20","0","0","KB","","n/a","0"
"WIN-DEMO-APP01","mem.vmmemctl.average","8/20/2026 4:22:20 AM","20","0","0","KB","","n/a","0"
"WIN-DEMO-APP01","mem.vmmemctl.average","8/20/2026 4:22:40 AM","20","0","0","KB","","n/a","0"
"WIN-DEMO-APP01","mem.vmmemctl.average","8/20/2026 4:23:00 AM","20","0","0","KB","","n/a","0"
"WIN-DEMO-APP01","mem.vmmemctl.average","8/20/2026 4:23:20 AM","20","0","0","KB","","n/a","0"
"WIN-DEMO-APP01","mem.vmmemctl.average","8/20/2026 4:23:40 AM","20","0","0","KB","","n/a","0"
"WIN-DEMO-APP01","mem.vmmemctl.average","8/20/2026 4:24:00 AM","20","0","0","KB","","n/a","0"
"WIN-DEMO-APP01","mem.vmmemctl.average","8/20/2026 4:24:20 AM","20","0","0","KB","","n/a","0"
"WIN-DEMO-APP01","mem.vmmemctl.average","8/20/2026 4:24:40 AM","20","0","0","KB","","n/a","0"
"WIN-DEMO-APP01","mem.vmmemctl.average","8/20/2026 4:25:00 AM","20","0","0","KB","","n/a","0"
"WIN-DEMO-APP01","mem.vmmemctl.average","8/20/2026 4:25:20 AM","20","0","0","KB","","n/a","0"
"WIN-DEMO-APP01","mem.vmmemctl.average","8/20/2026 4:25:40 AM","20","0","0","KB","","n/a","0"
"WIN-DEMO-APP01","mem.vmmemctl.average","8/20/2026 4:26:00 AM","20","0","0","KB","","n/a","0"
"WIN-DEMO-APP01","mem.vmmemctl.average","8/20/2026 4:26:20 AM","20","0","0","KB","","n/a","0"
"WIN-DEMO-APP01","mem.vmmemctl.average","8/20/2026 4:26:40 AM","20","0","0","KB","","n/a","0"
"WIN-DEMO-APP01","mem.vmmemctl.average","8/20/2026 4:27:00 AM","20","0","0","KB","","n/a","0"
"WIN-DEMO-APP01","mem.vmmemctl.average","8/20/2026 4:27:20 AM","20","0","0","KB","","n/a","0"
"WIN-DEMO-APP01","mem.vmmemctl.average","8/20/2026 4:27:40 AM","20","0","0","KB","","n/a","0"
"WIN-DEMO-APP01","mem.vmmemctl.average","8/20/2026 4:28:00 AM","20","0","0","KB","","n/a","0"
"WIN-DEMO-APP01","mem.vmmemctl.average","8/20/2026 4:28:20 AM","20","0","0","KB","","n/a","0"
"WIN-DEMO-APP01","mem.vmmemctl.average","8/20/2026 4:28:40 AM","20","0","0","KB","","n/a","0"
"WIN-DEMO-APP01","mem.vmmemctl.average","8/20/2026 4:29:00 AM","20","0","0","KB","","n/a","0"
"WIN-DEMO-APP01","mem.vmmemctl.average","8/20/2026 4:29:20 AM","20","0","0","KB","","n/a","0"
"WIN-DEMO-APP01","mem.vmmemctl.average","8/20/2026 4:29:40 AM","20","0","0","KB","","n/a","0"
"WIN-DEMO-APP01","mem.vmmemctl.average","8/20/2026 4:30:00 AM","20","0","0","KB","","n/a","0"
"WIN-DEMO-APP01","mem.vmmemctl.average","8/20/2026 4:30:20 AM","20","0","0","KB","","n/a","0"
"WIN-DEMO-APP01","mem.vmmemctl.average","8/20/2026 4:30:40 AM","20","0","0","KB","","n/a","0"
"WIN-DEMO-APP01","mem.vmmemctl.average","8/20/2026 4:31:00 AM","20","0","0","KB","","n/a","0"
"WIN-DEMO-APP01","mem.vmmemctl.average","8/20/2026 4:31:20 AM","20","0","0","KB","","n/a","0"
"WIN-DEMO-APP01","mem.vmmemctl.average","8/20/2026 4:31:40 AM","20","0","0","KB","","n/a","0"
"WIN-DEMO-APP01","mem.vmmemctl.average","8/20/2026 4:32:00 AM","20","0","0","KB","","n/a","0"
"WIN-DEMO-APP01","mem.vmmemctl.average","8/20/2026 4:32:20 AM","20","0","0","KB","","n/a","0"
"WIN-DEMO-APP01","mem.vmmemctl.average","8/20/2026 4:32:40 AM","20","0","0","KB","","n/a","0"
"WIN-DEMO-APP01","mem.vmmemctl.average","8/20/2026 4:33:00 AM","20","0","0","KB","","n/a","0"
"WIN-DEMO-APP01","mem.vmmemctl.average","8/20/2026 4:33:20 AM","20","0","0","KB","","n/a","0"
"WIN-DEMO-APP01","mem.vmmemctl.average","8/20/2026 4:33:40 AM","20","0","0","KB","","n/a","0"
"WIN-DEMO-APP01","mem.vmmemctl.average","8/20/2026 4:34:00 AM","20","0","0","KB","","n/a","0"
"WIN-DEMO-APP01","mem.vmmemctl.average","8/20/2026 4:34:20 AM","20","0","0","KB","","n/a","0"
"WIN-DEMO-APP01","mem.vmmemctl.average","8/20/2026 4:34:40 AM","20","0","0","KB","","n/a","0"
"WIN-DEMO-APP01","mem.vmmemctl.average","8/20/2026 4:35:00 AM","20","0","0","KB","","n/a","0"
"WIN-DEMO-APP01","mem.vmmemctl.average","8/20/2026 4:35:20 AM","20","0","0","KB","","n/a","0"
"WIN-DEMO-APP01","mem.vmmemctl.average","8/20/2026 4:35:40 AM","20","0","0","KB","","n/a","0"
"WIN-DEMO-APP01","mem.vmmemctl.average","8/20/2026 4:36:00 AM","20","0","0","KB","","n/a","0"
"WIN-DEMO-APP01","mem.vmmemctl.average","8/20/2026 4:36:20 AM","20","0","0","KB","","n/a","0"
"WIN-DEMO-APP01","mem.vmmemctl.average","8/20/2026 4:36:40 AM","20","0","0","KB","","n/a","0"
"WIN-DEMO-APP01","mem.vmmemctl.average","8/20/2026 4:37:00 AM","20","0","0","KB","","n/a","0"
"WIN-DEMO-APP01","mem.vmmemctl.average","8/20/2026 4:37:20 AM","20","0","0","KB","","n/a","0"
"WIN-DEMO-APP01","mem.vmmemctl.average","8/20/2026 4:37:40 AM","20","0","0","KB","","n/a","0"
"WIN-DEMO-APP01","mem.vmmemctl.average","8/20/2026 4:38:00 AM","20","0","0","KB","","n/a","0"
"WIN-DEMO-APP01","mem.vmmemctl.average","8/20/2026 4:38:20 AM","20","0","0","KB","","n/a","0"
"WIN-DEMO-APP01","mem.vmmemctl.average","8/20/2026 4:38:40 AM","20","0","0","KB","","n/a","0"
"WIN-DEMO-APP01","mem.vmmemctl.average","8/20/2026 4:39:00 AM","20","0","0","KB","","n/a","0"
"WIN-DEMO-APP01","mem.vmmemctl.average","8/20/2026 4:39:20 AM","20","0","0","KB","","n/a","0"
"WIN-DEMO-APP01","mem.vmmemctl.average","8/20/2026 4:39:40 AM","20","0","0","KB","","n/a","0"
"WIN-DEMO-APP01","mem.vmmemctl.average","8/20/2026 4:40:00 AM","20","0","0","KB","","n/a","0"
"WIN-DEMO-APP01","mem.vmmemctl.average","8/20/2026 4:40:20 AM","20","0","0","KB","","n/a","0"
"WIN-DEMO-APP01","mem.vmmemctl.average","8/20/2026 4:40:40 AM","20","0","0","KB","","n/a","0"
"WIN-DEMO-APP01","mem.vmmemctl.average","8/20/2026 4:41:00 AM","20","0","0","KB","","n/a","0"
"WIN-DEMO-APP01","mem.vmmemctl.average","8/20/2026 4:41:20 AM","20","0","0","KB","","n/a","0"
"WIN-DEMO-APP01","mem.vmmemctl.average","8/20/2026 4:41:40 AM","20","0","0","KB","","n/a","0"
"WIN-DEMO-APP01","mem.vmmemctl.average","8/20/2026 4:42:00 AM","20","0","0","KB","","n/a","0"
"WIN-DEMO-APP01","mem.vmmemctl.average","8/20/2026 4:42:20 AM","20","0","0","KB","","n/a","0"
"WIN-DEMO-APP01","mem.vmmemctl.average","8/20/2026 4:42:40 AM","20","0","0","KB","","n/a","0"
"WIN-DEMO-APP01","mem.vmmemctl.average","8/20/2026 4:43:00 AM","20","0","0","KB","","n/a","0"
"WIN-DEMO-APP01","mem.vmmemctl.average","8/20/2026 4:43:20 AM","20","0","0","KB","","n/a","0"
"WIN-DEMO-APP01","mem.vmmemctl.average","8/20/2026 4:43:40 AM","20","0","0","KB","","n/a","0"
"WIN-DEMO-APP01","mem.vmmemctl.average","8/20/2026 4:44:00 AM","20","0","0","KB","","n/a","0"
"WIN-DEMO-APP01","mem.vmmemctl.average","8/20/2026 4:44:20 AM","20","0","0","KB","","n/a","0"
"WIN-DEMO-APP01","mem.vmmemctl.average","8/20/2026 4:44:40 AM","20","0","0","KB","","n/a","0"
"WIN-DEMO-APP01","mem.vmmemctl.average","8/20/2026 4:45:00 AM","20","0","0","KB","","n/a","0"
"WIN-DEMO-APP01","mem.vmmemctl.average","8/20/2026 4:45:20 AM","20","0","0","KB","","n/a","0"
"WIN-DEMO-APP01","mem.vmmemctl.average","8/20/2026 4:45:40 AM","20","0","0","KB","","n/a","0"
"WIN-DEMO-APP01","mem.vmmemctl.average","8/20/2026 4:46:00 AM","20","0","0","KB","","n/a","0"
"WIN-DEMO-APP01","mem.vmmemctl.average","8/20/2026 4:46:20 AM","20","0","0","KB","","n/a","0"
"WIN-DEMO-APP01","mem.vmmemctl.average","8/20/2026 4:46:40 AM","20","0","0","KB","","n/a","0"
"WIN-DEMO-APP01","mem.vmmemctl.average","8/20/2026 4:47:00 AM","20","0","0","KB","","n/a","0"
"WIN-DEMO-APP01","mem.vmmemctl.average","8/20/2026 4:47:20 AM","20","0","0","KB","","n/a","0"
"WIN-DEMO-APP01","mem.vmmemctl.average","8/20/2026 4:47:40 AM","20","0","0","KB","","n/a","0"
"WIN-DEMO-APP01","mem.vmmemctl.average","8/20/2026 4:48:00 AM","20","0","0","KB","","n/a","0"
"WIN-DEMO-APP01","mem.vmmemctl.average","8/20/2026 4:48:20 AM","20","0","0","KB","","n/a","0"
"WIN-DEMO-APP01","mem.vmmemctl.average","8/20/2026 4:48:40 AM","20","0","0","KB","","n/a","0"
"WIN-DEMO-APP01","mem.vmmemctl.average","8/20/2026 4:49:00 AM","20","0","0","KB","","n/a","0"
"WIN-DEMO-APP01","mem.vmmemctl.average","8/20/2026 4:49:20 AM","20","0","0","KB","","n/a","0"
"WIN-DEMO-APP01","mem.vmmemctl.average","8/20/2026 4:49:40 AM","20","0","0","KB","","n/a","0"
"WIN-DEMO-APP01","mem.vmmemctl.average","8/20/2026 4:50:00 AM","20","0","0","KB","","n/a","0"
"WIN-DEMO-APP01","mem.vmmemctl.average","8/20/2026 4:50:20 AM","20","0","0","KB","","n/a","0"
"WIN-DEMO-APP01","mem.vmmemctl.average","8/20/2026 4:50:40 AM","20","0","0","KB","","n/a","0"
"WIN-DEMO-APP01","mem.vmmemctl.average","8/20/2026 4:51:00 AM","20","0","0","KB","","n/a","0"
"WIN-DEMO-APP01","mem.vmmemctl.average","8/20/2026 4:51:20 AM","20","0","0","KB","","n/a","0"
"WIN-DEMO-APP01","mem.vmmemctl.average","8/20/2026 4:51:40 AM","20","0","0","KB","","n/a","0"
"WIN-DEMO-APP01","mem.vmmemctl.average","8/20/2026 4:52:00 AM","20","0","0","KB","","n/a","0"
"WIN-DEMO-APP01","mem.vmmemctl.average","8/20/2026 4:52:20 AM","20","0","0","KB","","n/a","0"
"WIN-DEMO-APP01","mem.vmmemctl.average","8/20/2026 4:52:40 AM","20","0","0","KB","","n/a","0"
"WIN-DEMO-APP01","mem.vmmemctl.average","8/20/2026 4:53:00 AM","20","0","0","KB","","n/a","0"
"WIN-DEMO-APP01","mem.vmmemctl.average","8/20/2026 4:53:20 AM","20","0","0","KB","","n/a","0"
"WIN-DEMO-APP01","mem.vmmemctl.average","8/20/2026 4:53:40 AM","20","0","0","KB","","n/a","0"
"WIN-DEMO-APP01","mem.vmmemctl.average","8/20/2026 4:54:00 AM","20","0","0","KB","","n/a","0"
"WIN-DEMO-APP01","mem.vmmemctl.average","8/20/2026 4:54:20 AM","20","0","0","KB","","n/a","0"
"WIN-DEMO-APP01","mem.vmmemctl.average","8/20/2026 4:54:40 AM","20","0","0","KB","","n/a","0"
"WIN-DEMO-APP01","mem.vmmemctl.average","8/20/2026 4:55:00 AM","20","0","0","KB","","n/a","0"
"WIN-DEMO-APP01","mem.vmmemctl.average","8/20/2026 4:55:20 AM","20","0","0","KB","","n/a","0"
"WIN-DEMO-APP01","mem.vmmemctl.average","8/20/2026 4:55:40 AM","20","0","0","KB","","n/a","0"
"WIN-DEMO-APP01","mem.vmmemctl.average","8/20/2026 4:56:00 AM","20","0","0","KB","","n/a","0"
"WIN-DEMO-APP01","mem.vmmemctl.average","8/20/2026 4:56:20 AM","20","0","0","KB","","n/a","0"
"WIN-DEMO-APP01","mem.vmmemctl.average","8/20/2026 4:56:40 AM","20","0","0","KB","","n/a","0"
"WIN-DEMO-APP01","mem.vmmemctl.average","8/20/2026 4:57:00 AM","20","0","0","KB","","n/a","0"
"WIN-DEMO-APP01","mem.vmmemctl.average","8/20/2026 4:57:20 AM","20","0","0","KB","","n/a","0"
"WIN-DEMO-APP01","mem.vmmemctl.average","8/20/2026 4:57:40 AM","20","0","0","KB","","n/a","0"
"WIN-DEMO-APP01","mem.vmmemctl.average","8/20/2026 4:58:00 AM","20","0","0","KB","","n/a","0"
"WIN-DEMO-APP01","mem.vmmemctl.average","8/20/2026 4:58:20 AM","20","0","0","KB","","n/a","0"
"WIN-DEMO-APP01","mem.vmmemctl.average","8/20/2026 4:58:40 AM","20","0","0","KB","","n/a","0"
"WIN-DEMO-APP01","mem.vmmemctl.average","8/20/2026 4:59:00 AM","20","0","0","KB","","n/a","0"
"WIN-DEMO-APP01","mem.vmmemctl.average","8/20/2026 4:59:20 AM","20","0","0","KB","","n/a","0"
"WIN-DEMO-APP01","mem.vmmemctl.average","8/20/2026 4:59:40 AM","20","0","0","KB","","n/a","0"
"WIN-DEMO-APP01","mem.vmmemctl.average","8/20/2026 5:00:00 AM","20","0","0","KB","","n/a","0"
"WIN-DEMO-APP01","mem.vmmemctl.average","8/20/2026 5:00:20 AM","20","0","0","KB","","n/a","0"
"WIN-DEMO-APP01","mem.vmmemctl.average","8/20/2026 5:00:40 AM","20","0","0","KB","","n/a","0"
"WIN-DEMO-APP01","mem.vmmemctl.average","8/20/2026 5:01:00 AM","20","0","0","KB","","n/a","0"
"WIN-DEMO-APP01","mem.vmmemctl.average","8/20/2026 5:01:20 AM","20","0","0","KB","","n/a","0"
"WIN-DEMO-APP01","mem.vmmemctl.average","8/20/2026 5:01:40 AM","20","0","0","KB","","n/a","0"
"WIN-DEMO-APP01","mem.vmmemctl.average","8/20/2026 5:02:00 AM","20","0","0","KB","","n/a","0"
"WIN-DEMO-APP01","mem.vmmemctl.average","8/20/2026 5:02:20 AM","20","0","0","KB","","n/a","0"
"WIN-DEMO-APP01","mem.vmmemctl.average","8/20/2026 5:02:40 AM","20","0","0","KB","","n/a","0"
"WIN-DEMO-APP01","mem.vmmemctl.average","8/20/2026 5:03:00 AM","20","0","0","KB","","n/a","0"
"WIN-DEMO-APP01","mem.vmmemctl.average","8/20/2026 5:03:20 AM","20","0","0","KB","","n/a","0"
"WIN-DEMO-APP01","mem.vmmemctl.average","8/20/2026 5:03:40 AM","20","0","0","KB","","n/a","0"
"WIN-DEMO-APP01","mem.vmmemctl.average","8/20/2026 5:04:00 AM","20","0","0","KB","","n/a","0"
"WIN-DEMO-APP01","mem.vmmemctl.average","8/20/2026 5:04:20 AM","20","0","0","KB","","n/a","0"
"WIN-DEMO-APP01","mem.vmmemctl.average","8/20/2026 5:04:40 AM","20","0","0","KB","","n/a","0"
"WIN-DEMO-APP01","mem.vmmemctl.average","8/20/2026 5:05:00 AM","20","0","0","KB","","n/a","0"
"WIN-DEMO-APP01","mem.vmmemctl.average","8/20/2026 5:05:20 AM","20","0","0","KB","","n/a","0"
"WIN-DEMO-APP01","mem.vmmemctl.average","8/20/2026 5:05:40 AM","20","0","0","KB","","n/a","0"
"WIN-DEMO-APP01","net.received.average","8/20/2026 4:06:00 AM","20","1","1","KBps","","n/a","0"
"WIN-DEMO-APP01","net.received.average","8/20/2026 4:06:20 AM","20","1","1","KBps","","n/a","0"
"WIN-DEMO-APP01","net.received.average","8/20/2026 4:06:40 AM","20","1","1","KBps","","n/a","0"
"WIN-DEMO-APP01","net.received.average","8/20/2026 4:07:00 AM","20","1","1","KBps","","n/a","0"
"WIN-DEMO-APP01","net.received.average","8/20/2026 4:07:20 AM","20","1","1","KBps","","n/a","0"
"WIN-DEMO-APP01","net.received.average","8/20/2026 4:07:40 AM","20","1","1","KBps","","n/a","0"
"WIN-DEMO-APP01","net.received.average","8/20/2026 4:08:00 AM","20","1","1","KBps","","n/a","0"
"WIN-DEMO-APP01","net.received.average","8/20/2026 4:08:20 AM","20","1","1","KBps","","n/a","0"
"WIN-DEMO-APP01","net.received.average","8/20/2026 4:08:40 AM","20","1","1","KBps","","n/a","0"
"WIN-DEMO-APP01","net.received.average","8/20/2026 4:09:00 AM","20","1","1","KBps","","n/a","0"
"WIN-DEMO-APP01","net.received.average","8/20/2026 4:09:20 AM","20","1","1","KBps","","n/a","0"
"WIN-DEMO-APP01","net.received.average","8/20/2026 4:09:40 AM","20","1","1","KBps","","n/a","0"
"WIN-DEMO-APP01","net.received.average","8/20/2026 4:10:00 AM","20","1","1","KBps","","n/a","0"
"WIN-DEMO-APP01","net.received.average","8/20/2026 4:10:20 AM","20","1","1","KBps","","n/a","0"
"WIN-DEMO-APP01","net.received.average","8/20/2026 4:10:40 AM","20","1","1","KBps","","n/a","0"
"WIN-DEMO-APP01","net.received.average","8/20/2026 4:11:00 AM","20","1","1","KBps","","n/a","0"
"WIN-DEMO-APP01","net.received.average","8/20/2026 4:11:20 AM","20","1","1","KBps","","n/a","0"
"WIN-DEMO-APP01","net.received.average","8/20/2026 4:11:40 AM","20","1","1","KBps","","n/a","0"
"WIN-DEMO-APP01","net.received.average","8/20/2026 4:12:00 AM","20","1","1","KBps","","n/a","0"
"WIN-DEMO-APP01","net.received.average","8/20/2026 4:12:20 AM","20","1","1","KBps","","n/a","0"
"WIN-DEMO-APP01","net.received.average","8/20/2026 4:12:40 AM","20","1","1","KBps","","n/a","0"
"WIN-DEMO-APP01","net.received.average","8/20/2026 4:13:00 AM","20","1","1","KBps","","n/a","0"
"WIN-DEMO-APP01","net.received.average","8/20/2026 4:13:20 AM","20","1","1","KBps","","n/a","0"
"WIN-DEMO-APP01","net.received.average","8/20/2026 4:13:40 AM","20","2","2","KBps","","n/a","0"
"WIN-DEMO-APP01","net.received.average","8/20/2026 4:14:00 AM","20","1","1","KBps","","n/a","0"
"WIN-DEMO-APP01","net.received.average","8/20/2026 4:14:20 AM","20","1","1","KBps","","n/a","0"
"WIN-DEMO-APP01","net.received.average","8/20/2026 4:14:40 AM","20","1","1","KBps","","n/a","0"
"WIN-DEMO-APP01","net.received.average","8/20/2026 4:15:00 AM","20","1","1","KBps","","n/a","0"
"WIN-DEMO-APP01","net.received.average","8/20/2026 4:15:20 AM","20","1","1","KBps","","n/a","0"
"WIN-DEMO-APP01","net.received.average","8/20/2026 4:15:40 AM","20","1","1","KBps","","n/a","0"
"WIN-DEMO-APP01","net.received.average","8/20/2026 4:16:00 AM","20","1","1","KBps","","n/a","0"
"WIN-DEMO-APP01","net.received.average","8/20/2026 4:16:20 AM","20","1","1","KBps","","n/a","0"
"WIN-DEMO-APP01","net.received.average","8/20/2026 4:16:40 AM","20","1","1","KBps","","n/a","0"
"WIN-DEMO-APP01","net.received.average","8/20/2026 4:17:00 AM","20","1","1","KBps","","n/a","0"
"WIN-DEMO-APP01","net.received.average","8/20/2026 4:17:20 AM","20","1","1","KBps","","n/a","0"
"WIN-DEMO-APP01","net.received.average","8/20/2026 4:17:40 AM","20","1","1","KBps","","n/a","0"
"WIN-DEMO-APP01","net.received.average","8/20/2026 4:18:00 AM","20","1","1","KBps","","n/a","0"
"WIN-DEMO-APP01","net.received.average","8/20/2026 4:18:20 AM","20","1","1","KBps","","n/a","0"
"WIN-DEMO-APP01","net.received.average","8/20/2026 4:18:40 AM","20","1","1","KBps","","n/a","0"
"WIN-DEMO-APP01","net.received.average","8/20/2026 4:19:00 AM","20","1","1","KBps","","n/a","0"
"WIN-DEMO-APP01","net.received.average","8/20/2026 4:19:20 AM","20","1","1","KBps","","n/a","0"
"WIN-DEMO-APP01","net.received.average","8/20/2026 4:19:40 AM","20","1","1","KBps","","n/a","0"
"WIN-DEMO-APP01","net.received.average","8/20/2026 4:20:00 AM","20","1","1","KBps","","n/a","0"
"WIN-DEMO-APP01","net.received.average","8/20/2026 4:20:20 AM","20","1","1","KBps","","n/a","0"
"WIN-DEMO-APP01","net.received.average","8/20/2026 4:20:40 AM","20","1","1","KBps","","n/a","0"
"WIN-DEMO-APP01","net.received.average","8/20/2026 4:21:00 AM","20","1","1","KBps","","n/a","0"
"WIN-DEMO-APP01","net.received.average","8/20/2026 4:21:20 AM","20","1","1","KBps","","n/a","0"
"WIN-DEMO-APP01","net.received.average","8/20/2026 4:21:40 AM","20","1","1","KBps","","n/a","0"
"WIN-DEMO-APP01","net.received.average","8/20/2026 4:22:00 AM","20","1","1","KBps","","n/a","0"
"WIN-DEMO-APP01","net.received.average","8/20/2026 4:22:20 AM","20","2","2","KBps","","n/a","0"
"WIN-DEMO-APP01","net.received.average","8/20/2026 4:22:40 AM","20","1","1","KBps","","n/a","0"
"WIN-DEMO-APP01","net.received.average","8/20/2026 4:23:00 AM","20","1","1","KBps","","n/a","0"
"WIN-DEMO-APP01","net.received.average","8/20/2026 4:23:20 AM","20","1","1","KBps","","n/a","0"
"WIN-DEMO-APP01","net.received.average","8/20/2026 4:23:40 AM","20","1","1","KBps","","n/a","0"
"WIN-DEMO-APP01","net.received.average","8/20/2026 4:24:00 AM","20","1","1","KBps","","n/a","0"
"WIN-DEMO-APP01","net.received.average","8/20/2026 4:24:20 AM","20","1","1","KBps","","n/a","0"
"WIN-DEMO-APP01","net.received.average","8/20/2026 4:24:40 AM","20","1","1","KBps","","n/a","0"
"WIN-DEMO-APP01","net.received.average","8/20/2026 4:25:00 AM","20","1","1","KBps","","n/a","0"
"WIN-DEMO-APP01","net.received.average","8/20/2026 4:25:20 AM","20","1","1","KBps","","n/a","0"
"WIN-DEMO-APP01","net.received.average","8/20/2026 4:25:40 AM","20","1","1","KBps","","n/a","0"
"WIN-DEMO-APP01","net.received.average","8/20/2026 4:26:00 AM","20","1","1","KBps","","n/a","0"
"WIN-DEMO-APP01","net.received.average","8/20/2026 4:26:20 AM","20","1","1","KBps","","n/a","0"
"WIN-DEMO-APP01","net.received.average","8/20/2026 4:26:40 AM","20","1","1","KBps","","n/a","0"
"WIN-DEMO-APP01","net.received.average","8/20/2026 4:27:00 AM","20","1","1","KBps","","n/a","0"
"WIN-DEMO-APP01","net.received.average","8/20/2026 4:27:20 AM","20","1","1","KBps","","n/a","0"
"WIN-DEMO-APP01","net.received.average","8/20/2026 4:27:40 AM","20","1","1","KBps","","n/a","0"
"WIN-DEMO-APP01","net.received.average","8/20/2026 4:28:00 AM","20","1","1","KBps","","n/a","0"
"WIN-DEMO-APP01","net.received.average","8/20/2026 4:28:20 AM","20","1","1","KBps","","n/a","0"
"WIN-DEMO-APP01","net.received.average","8/20/2026 4:28:40 AM","20","1","1","KBps","","n/a","0"
"WIN-DEMO-APP01","net.received.average","8/20/2026 4:29:00 AM","20","1","1","KBps","","n/a","0"
"WIN-DEMO-APP01","net.received.average","8/20/2026 4:29:20 AM","20","1","1","KBps","","n/a","0"
"WIN-DEMO-APP01","net.received.average","8/20/2026 4:29:40 AM","20","1","1","KBps","","n/a","0"
"WIN-DEMO-APP01","net.received.average","8/20/2026 4:30:00 AM","20","1","1","KBps","","n/a","0"
"WIN-DEMO-APP01","net.received.average","8/20/2026 4:30:20 AM","20","1","1","KBps","","n/a","0"
"WIN-DEMO-APP01","net.received.average","8/20/2026 4:30:40 AM","20","1","1","KBps","","n/a","0"
"WIN-DEMO-APP01","net.received.average","8/20/2026 4:31:00 AM","20","1","1","KBps","","n/a","0"
"WIN-DEMO-APP01","net.received.average","8/20/2026 4:31:20 AM","20","1","1","KBps","","n/a","0"
"WIN-DEMO-APP01","net.received.average","8/20/2026 4:31:40 AM","20","1","1","KBps","","n/a","0"
"WIN-DEMO-APP01","net.received.average","8/20/2026 4:32:00 AM","20","1","1","KBps","","n/a","0"
"WIN-DEMO-APP01","net.received.average","8/20/2026 4:32:20 AM","20","1","1","KBps","","n/a","0"
"WIN-DEMO-APP01","net.received.average","8/20/2026 4:32:40 AM","20","1","1","KBps","","n/a","0"
"WIN-DEMO-APP01","net.received.average","8/20/2026 4:33:00 AM","20","1","1","KBps","","n/a","0"
"WIN-DEMO-APP01","net.received.average","8/20/2026 4:33:20 AM","20","1","1","KBps","","n/a","0"
"WIN-DEMO-APP01","net.received.average","8/20/2026 4:33:40 AM","20","1","1","KBps","","n/a","0"
"WIN-DEMO-APP01","net.received.average","8/20/2026 4:34:00 AM","20","1","1","KBps","","n/a","0"
"WIN-DEMO-APP01","net.received.average","8/20/2026 4:34:20 AM","20","1","1","KBps","","n/a","0"
"WIN-DEMO-APP01","net.received.average","8/20/2026 4:34:40 AM","20","1","1","KBps","","n/a","0"
"WIN-DEMO-APP01","net.received.average","8/20/2026 4:35:00 AM","20","1","1","KBps","","n/a","0"
"WIN-DEMO-APP01","net.received.average","8/20/2026 4:35:20 AM","20","1","1","KBps","","n/a","0"
"WIN-DEMO-APP01","net.received.average","8/20/2026 4:35:40 AM","20","1","1","KBps","","n/a","0"
"WIN-DEMO-APP01","net.received.average","8/20/2026 4:36:00 AM","20","6","6","KBps","","n/a","0"
"WIN-DEMO-APP01","net.received.average","8/20/2026 4:36:20 AM","20","1","1","KBps","","n/a","0"
"WIN-DEMO-APP01","net.received.average","8/20/2026 4:36:40 AM","20","1","1","KBps","","n/a","0"
"WIN-DEMO-APP01","net.received.average","8/20/2026 4:37:00 AM","20","1","1","KBps","","n/a","0"
"WIN-DEMO-APP01","net.received.average","8/20/2026 4:37:20 AM","20","1","1","KBps","","n/a","0"
"WIN-DEMO-APP01","net.received.average","8/20/2026 4:37:40 AM","20","1","1","KBps","","n/a","0"
"WIN-DEMO-APP01","net.received.average","8/20/2026 4:38:00 AM","20","1","1","KBps","","n/a","0"
"WIN-DEMO-APP01","net.received.average","8/20/2026 4:38:20 AM","20","1","1","KBps","","n/a","0"
"WIN-DEMO-APP01","net.received.average","8/20/2026 4:38:40 AM","20","1","1","KBps","","n/a","0"
"WIN-DEMO-APP01","net.received.average","8/20/2026 4:39:00 AM","20","1","1","KBps","","n/a","0"
"WIN-DEMO-APP01","net.received.average","8/20/2026 4:39:20 AM","20","1","1","KBps","","n/a","0"
"WIN-DEMO-APP01","net.received.average","8/20/2026 4:39:40 AM","20","1","1","KBps","","n/a","0"
"WIN-DEMO-APP01","net.received.average","8/20/2026 4:40:00 AM","20","1","1","KBps","","n/a","0"
"WIN-DEMO-APP01","net.received.average","8/20/2026 4:40:20 AM","20","1","1","KBps","","n/a","0"
"WIN-DEMO-APP01","net.received.average","8/20/2026 4:40:40 AM","20","1","1","KBps","","n/a","0"
"WIN-DEMO-APP01","net.received.average","8/20/2026 4:41:00 AM","20","1","1","KBps","","n/a","0"
"WIN-DEMO-APP01","net.received.average","8/20/2026 4:41:20 AM","20","1","1","KBps","","n/a","0"
"WIN-DEMO-APP01","net.received.average","8/20/2026 4:41:40 AM","20","1","1","KBps","","n/a","0"
"WIN-DEMO-APP01","net.received.average","8/20/2026 4:42:00 AM","20","1","1","KBps","","n/a","0"
"WIN-DEMO-APP01","net.received.average","8/20/2026 4:42:20 AM","20","4","4","KBps","","n/a","0"
"WIN-DEMO-APP01","net.received.average","8/20/2026 4:42:40 AM","20","3","3","KBps","","n/a","0"
"WIN-DEMO-APP01","net.received.average","8/20/2026 4:43:00 AM","20","1","1","KBps","","n/a","0"
"WIN-DEMO-APP01","net.received.average","8/20/2026 4:43:20 AM","20","1","1","KBps","","n/a","0"
"WIN-DEMO-APP01","net.received.average","8/20/2026 4:43:40 AM","20","1","1","KBps","","n/a","0"
"WIN-DEMO-APP01","net.received.average","8/20/2026 4:44:00 AM","20","1","1","KBps","","n/a","0"
"WIN-DEMO-APP01","net.received.average","8/20/2026 4:44:20 AM","20","1","1","KBps","","n/a","0"
"WIN-DEMO-APP01","net.received.average","8/20/2026 4:44:40 AM","20","1","1","KBps","","n/a","0"
"WIN-DEMO-APP01","net.received.average","8/20/2026 4:45:00 AM","20","1","1","KBps","","n/a","0"
"WIN-DEMO-APP01","net.received.average","8/20/2026 4:45:20 AM","20","1","1","KBps","","n/a","0"
"WIN-DEMO-APP01","net.received.average","8/20/2026 4:45:40 AM","20","1","1","KBps","","n/a","0"
"WIN-DEMO-APP01","net.received.average","8/20/2026 4:46:00 AM","20","1","1","KBps","","n/a","0"
"WIN-DEMO-APP01","net.received.average","8/20/2026 4:46:20 AM","20","41","41","KBps","","n/a","0"
"WIN-DEMO-APP01","net.received.average","8/20/2026 4:46:40 AM","20","4","4","KBps","","n/a","0"
"WIN-DEMO-APP01","net.received.average","8/20/2026 4:47:00 AM","20","1","1","KBps","","n/a","0"
"WIN-DEMO-APP01","net.received.average","8/20/2026 4:47:20 AM","20","1","1","KBps","","n/a","0"
"WIN-DEMO-APP01","net.received.average","8/20/2026 4:47:40 AM","20","1","1","KBps","","n/a","0"
"WIN-DEMO-APP01","net.received.average","8/20/2026 4:48:00 AM","20","1","1","KBps","","n/a","0"
"WIN-DEMO-APP01","net.received.average","8/20/2026 4:48:20 AM","20","1","1","KBps","","n/a","0"
"WIN-DEMO-APP01","net.received.average","8/20/2026 4:48:40 AM","20","1","1","KBps","","n/a","0"
"WIN-DEMO-APP01","net.received.average","8/20/2026 4:49:00 AM","20","1","1","KBps","","n/a","0"
"WIN-DEMO-APP01","net.received.average","8/20/2026 4:49:20 AM","20","4","4","KBps","","n/a","0"
"WIN-DEMO-APP01","net.received.average","8/20/2026 4:49:40 AM","20","1","1","KBps","","n/a","0"
"WIN-DEMO-APP01","net.received.average","8/20/2026 4:50:00 AM","20","1","1","KBps","","n/a","0"
"WIN-DEMO-APP01","net.received.average","8/20/2026 4:50:20 AM","20","1","1","KBps","","n/a","0"
"WIN-DEMO-APP01","net.received.average","8/20/2026 4:50:40 AM","20","4","4","KBps","","n/a","0"
"WIN-DEMO-APP01","net.received.average","8/20/2026 4:51:00 AM","20","1","1","KBps","","n/a","0"
"WIN-DEMO-APP01","net.received.average","8/20/2026 4:51:20 AM","20","1","1","KBps","","n/a","0"
"WIN-DEMO-APP01","net.received.average","8/20/2026 4:51:40 AM","20","1","1","KBps","","n/a","0"
"WIN-DEMO-APP01","net.received.average","8/20/2026 4:52:00 AM","20","1","1","KBps","","n/a","0"
"WIN-DEMO-APP01","net.received.average","8/20/2026 4:52:20 AM","20","1","1","KBps","","n/a","0"
"WIN-DEMO-APP01","net.received.average","8/20/2026 4:52:40 AM","20","1","1","KBps","","n/a","0"
"WIN-DEMO-APP01","net.received.average","8/20/2026 4:53:00 AM","20","1","1","KBps","","n/a","0"
"WIN-DEMO-APP01","net.received.average","8/20/2026 4:53:20 AM","20","1","1","KBps","","n/a","0"
"WIN-DEMO-APP01","net.received.average","8/20/2026 4:53:40 AM","20","1","1","KBps","","n/a","0"
"WIN-DEMO-APP01","net.received.average","8/20/2026 4:54:00 AM","20","1","1","KBps","","n/a","0"
"WIN-DEMO-APP01","net.received.average","8/20/2026 4:54:20 AM","20","1","1","KBps","","n/a","0"
"WIN-DEMO-APP01","net.received.average","8/20/2026 4:54:40 AM","20","1","1","KBps","","n/a","0"
"WIN-DEMO-APP01","net.received.average","8/20/2026 4:55:00 AM","20","1","1","KBps","","n/a","0"
"WIN-DEMO-APP01","net.received.average","8/20/2026 4:55:20 AM","20","1","1","KBps","","n/a","0"
"WIN-DEMO-APP01","net.received.average","8/20/2026 4:55:40 AM","20","1","1","KBps","","n/a","0"
"WIN-DEMO-APP01","net.received.average","8/20/2026 4:56:00 AM","20","1","1","KBps","","n/a","0"
"WIN-DEMO-APP01","net.received.average","8/20/2026 4:56:20 AM","20","3","3","KBps","","n/a","0"
"WIN-DEMO-APP01","net.received.average","8/20/2026 4:56:40 AM","20","5","5","KBps","","n/a","0"
"WIN-DEMO-APP01","net.received.average","8/20/2026 4:57:00 AM","20","40","40","KBps","","n/a","0"
"WIN-DEMO-APP01","net.received.average","8/20/2026 4:57:20 AM","20","1","1","KBps","","n/a","0"
"WIN-DEMO-APP01","net.received.average","8/20/2026 4:57:40 AM","20","2","2","KBps","","n/a","0"
"WIN-DEMO-APP01","net.received.average","8/20/2026 4:58:00 AM","20","1","1","KBps","","n/a","0"
"WIN-DEMO-APP01","net.received.average","8/20/2026 4:58:20 AM","20","1","1","KBps","","n/a","0"
"WIN-DEMO-APP01","net.received.average","8/20/2026 4:58:40 AM","20","1","1","KBps","","n/a","0"
"WIN-DEMO-APP01","net.received.average","8/20/2026 4:59:00 AM","20","1","1","KBps","","n/a","0"
"WIN-DEMO-APP01","net.received.average","8/20/2026 4:59:20 AM","20","1","1","KBps","","n/a","0"
"WIN-DEMO-APP01","net.received.average","8/20/2026 4:59:40 AM","20","1","1","KBps","","n/a","0"
"WIN-DEMO-APP01","net.received.average","8/20/2026 5:00:00 AM","20","1","1","KBps","","n/a","0"
"WIN-DEMO-APP01","net.received.average","8/20/2026 5:00:20 AM","20","1","1","KBps","","n/a","0"
"WIN-DEMO-APP01","net.received.average","8/20/2026 5:00:40 AM","20","1","1","KBps","","n/a","0"
"WIN-DEMO-APP01","net.received.average","8/20/2026 5:01:00 AM","20","1","1","KBps","","n/a","0"
"WIN-DEMO-APP01","net.received.average","8/20/2026 5:01:20 AM","20","1","1","KBps","","n/a","0"
"WIN-DEMO-APP01","net.received.average","8/20/2026 5:01:40 AM","20","1","1","KBps","","n/a","0"
"WIN-DEMO-APP01","net.received.average","8/20/2026 5:02:00 AM","20","1","1","KBps","","n/a","0"
"WIN-DEMO-APP01","net.received.average","8/20/2026 5:02:20 AM","20","1","1","KBps","","n/a","0"
"WIN-DEMO-APP01","net.received.average","8/20/2026 5:02:40 AM","20","1","1","KBps","","n/a","0"
"WIN-DEMO-APP01","net.received.average","8/20/2026 5:03:00 AM","20","1","1","KBps","","n/a","0"
"WIN-DEMO-APP01","net.received.average","8/20/2026 5:03:20 AM","20","1","1","KBps","","n/a","0"
"WIN-DEMO-APP01","net.received.average","8/20/2026 5:03:40 AM","20","1","1","KBps","","n/a","0"
"WIN-DEMO-APP01","net.received.average","8/20/2026 5:04:00 AM","20","1","1","KBps","","n/a","0"
"WIN-DEMO-APP01","net.received.average","8/20/2026 5:04:20 AM","20","1","1","KBps","","n/a","0"
"WIN-DEMO-APP01","net.received.average","8/20/2026 5:04:40 AM","20","1","1","KBps","","n/a","0"
"WIN-DEMO-APP01","net.received.average","8/20/2026 5:05:00 AM","20","1","1","KBps","","n/a","0"
"WIN-DEMO-APP01","net.received.average","8/20/2026 5:05:20 AM","20","1","1","KBps","","n/a","0"
"WIN-DEMO-APP01","net.received.average","8/20/2026 5:05:40 AM","20","1","1","KBps","","n/a","0"
"WIN-DEMO-APP01","net.transmitted.average","8/20/2026 4:06:00 AM","20","1","1","KBps","","n/a","0"
"WIN-DEMO-APP01","net.transmitted.average","8/20/2026 4:06:20 AM","20","1","1","KBps","","n/a","0"
"WIN-DEMO-APP01","net.transmitted.average","8/20/2026 4:06:40 AM","20","1","1","KBps","","n/a","0"
"WIN-DEMO-APP01","net.transmitted.average","8/20/2026 4:07:00 AM","20","1","1","KBps","","n/a","0"
"WIN-DEMO-APP01","net.transmitted.average","8/20/2026 4:07:20 AM","20","1","1","KBps","","n/a","0"
"WIN-DEMO-APP01","net.transmitted.average","8/20/2026 4:07:40 AM","20","1","1","KBps","","n/a","0"
"WIN-DEMO-APP01","net.transmitted.average","8/20/2026 4:08:00 AM","20","1","1","KBps","","n/a","0"
"WIN-DEMO-APP01","net.transmitted.average","8/20/2026 4:08:20 AM","20","1","1","KBps","","n/a","0"
"WIN-DEMO-APP01","net.transmitted.average","8/20/2026 4:08:40 AM","20","1","1","KBps","","n/a","0"
"WIN-DEMO-APP01","net.transmitted.average","8/20/2026 4:09:00 AM","20","1","1","KBps","","n/a","0"
"WIN-DEMO-APP01","net.transmitted.average","8/20/2026 4:09:20 AM","20","1","1","KBps","","n/a","0"
"WIN-DEMO-APP01","net.transmitted.average","8/20/2026 4:09:40 AM","20","1","1","KBps","","n/a","0"
"WIN-DEMO-APP01","net.transmitted.average","8/20/2026 4:10:00 AM","20","1","1","KBps","","n/a","0"
"WIN-DEMO-APP01","net.transmitted.average","8/20/2026 4:10:20 AM","20","1","1","KBps","","n/a","0"
"WIN-DEMO-APP01","net.transmitted.average","8/20/2026 4:10:40 AM","20","1","1","KBps","","n/a","0"
"WIN-DEMO-APP01","net.transmitted.average","8/20/2026 4:11:00 AM","20","1","1","KBps","","n/a","0"
"WIN-DEMO-APP01","net.transmitted.average","8/20/2026 4:11:20 AM","20","1","1","KBps","","n/a","0"
"WIN-DEMO-APP01","net.transmitted.average","8/20/2026 4:11:40 AM","20","1","1","KBps","","n/a","0"
"WIN-DEMO-APP01","net.transmitted.average","8/20/2026 4:12:00 AM","20","1","1","KBps","","n/a","0"
"WIN-DEMO-APP01","net.transmitted.average","8/20/2026 4:12:20 AM","20","1","1","KBps","","n/a","0"
"WIN-DEMO-APP01","net.transmitted.average","8/20/2026 4:12:40 AM","20","1","1","KBps","","n/a","0"
"WIN-DEMO-APP01","net.transmitted.average","8/20/2026 4:13:00 AM","20","1","1","KBps","","n/a","0"
"WIN-DEMO-APP01","net.transmitted.average","8/20/2026 4:13:20 AM","20","1","1","KBps","","n/a","0"
"WIN-DEMO-APP01","net.transmitted.average","8/20/2026 4:13:40 AM","20","1","1","KBps","","n/a","0"
"WIN-DEMO-APP01","net.transmitted.average","8/20/2026 4:14:00 AM","20","1","1","KBps","","n/a","0"
"WIN-DEMO-APP01","net.transmitted.average","8/20/2026 4:14:20 AM","20","1","1","KBps","","n/a","0"
"WIN-DEMO-APP01","net.transmitted.average","8/20/2026 4:14:40 AM","20","1","1","KBps","","n/a","0"
"WIN-DEMO-APP01","net.transmitted.average","8/20/2026 4:15:00 AM","20","1","1","KBps","","n/a","0"
"WIN-DEMO-APP01","net.transmitted.average","8/20/2026 4:15:20 AM","20","1","1","KBps","","n/a","0"
"WIN-DEMO-APP01","net.transmitted.average","8/20/2026 4:15:40 AM","20","1","1","KBps","","n/a","0"
"WIN-DEMO-APP01","net.transmitted.average","8/20/2026 4:16:00 AM","20","1","1","KBps","","n/a","0"
"WIN-DEMO-APP01","net.transmitted.average","8/20/2026 4:16:20 AM","20","1","1","KBps","","n/a","0"
"WIN-DEMO-APP01","net.transmitted.average","8/20/2026 4:16:40 AM","20","1","1","KBps","","n/a","0"
"WIN-DEMO-APP01","net.transmitted.average","8/20/2026 4:17:00 AM","20","1","1","KBps","","n/a","0"
"WIN-DEMO-APP01","net.transmitted.average","8/20/2026 4:17:20 AM","20","1","1","KBps","","n/a","0"
"WIN-DEMO-APP01","net.transmitted.average","8/20/2026 4:17:40 AM","20","1","1","KBps","","n/a","0"
"WIN-DEMO-APP01","net.transmitted.average","8/20/2026 4:18:00 AM","20","1","1","KBps","","n/a","0"
"WIN-DEMO-APP01","net.transmitted.average","8/20/2026 4:18:20 AM","20","1","1","KBps","","n/a","0"
"WIN-DEMO-APP01","net.transmitted.average","8/20/2026 4:18:40 AM","20","1","1","KBps","","n/a","0"
"WIN-DEMO-APP01","net.transmitted.average","8/20/2026 4:19:00 AM","20","1","1","KBps","","n/a","0"
"WIN-DEMO-APP01","net.transmitted.average","8/20/2026 4:19:20 AM","20","1","1","KBps","","n/a","0"
"WIN-DEMO-APP01","net.transmitted.average","8/20/2026 4:19:40 AM","20","1","1","KBps","","n/a","0"
"WIN-DEMO-APP01","net.transmitted.average","8/20/2026 4:20:00 AM","20","1","1","KBps","","n/a","0"
"WIN-DEMO-APP01","net.transmitted.average","8/20/2026 4:20:20 AM","20","1","1","KBps","","n/a","0"
"WIN-DEMO-APP01","net.transmitted.average","8/20/2026 4:20:40 AM","20","1","1","KBps","","n/a","0"
"WIN-DEMO-APP01","net.transmitted.average","8/20/2026 4:21:00 AM","20","1","1","KBps","","n/a","0"
"WIN-DEMO-APP01","net.transmitted.average","8/20/2026 4:21:20 AM","20","1","1","KBps","","n/a","0"
"WIN-DEMO-APP01","net.transmitted.average","8/20/2026 4:21:40 AM","20","1","1","KBps","","n/a","0"
"WIN-DEMO-APP01","net.transmitted.average","8/20/2026 4:22:00 AM","20","1","1","KBps","","n/a","0"
"WIN-DEMO-APP01","net.transmitted.average","8/20/2026 4:22:20 AM","20","1","1","KBps","","n/a","0"
"WIN-DEMO-APP01","net.transmitted.average","8/20/2026 4:22:40 AM","20","1","1","KBps","","n/a","0"
"WIN-DEMO-APP01","net.transmitted.average","8/20/2026 4:23:00 AM","20","1","1","KBps","","n/a","0"
"WIN-DEMO-APP01","net.transmitted.average","8/20/2026 4:23:20 AM","20","1","1","KBps","","n/a","0"
"WIN-DEMO-APP01","net.transmitted.average","8/20/2026 4:23:40 AM","20","1","1","KBps","","n/a","0"
"WIN-DEMO-APP01","net.transmitted.average","8/20/2026 4:24:00 AM","20","1","1","KBps","","n/a","0"
"WIN-DEMO-APP01","net.transmitted.average","8/20/2026 4:24:20 AM","20","1","1","KBps","","n/a","0"
"WIN-DEMO-APP01","net.transmitted.average","8/20/2026 4:24:40 AM","20","1","1","KBps","","n/a","0"
"WIN-DEMO-APP01","net.transmitted.average","8/20/2026 4:25:00 AM","20","1","1","KBps","","n/a","0"
"WIN-DEMO-APP01","net.transmitted.average","8/20/2026 4:25:20 AM","20","1","1","KBps","","n/a","0"
"WIN-DEMO-APP01","net.transmitted.average","8/20/2026 4:25:40 AM","20","1","1","KBps","","n/a","0"
"WIN-DEMO-APP01","net.transmitted.average","8/20/2026 4:26:00 AM","20","1","1","KBps","","n/a","0"
"WIN-DEMO-APP01","net.transmitted.average","8/20/2026 4:26:20 AM","20","1","1","KBps","","n/a","0"
"WIN-DEMO-APP01","net.transmitted.average","8/20/2026 4:26:40 AM","20","1","1","KBps","","n/a","0"
"WIN-DEMO-APP01","net.transmitted.average","8/20/2026 4:27:00 AM","20","1","1","KBps","","n/a","0"
"WIN-DEMO-APP01","net.transmitted.average","8/20/2026 4:27:20 AM","20","1","1","KBps","","n/a","0"
"WIN-DEMO-APP01","net.transmitted.average","8/20/2026 4:27:40 AM","20","1","1","KBps","","n/a","0"
"WIN-DEMO-APP01","net.transmitted.average","8/20/2026 4:28:00 AM","20","1","1","KBps","","n/a","0"
"WIN-DEMO-APP01","net.transmitted.average","8/20/2026 4:28:20 AM","20","1","1","KBps","","n/a","0"
"WIN-DEMO-APP01","net.transmitted.average","8/20/2026 4:28:40 AM","20","1","1","KBps","","n/a","0"
"WIN-DEMO-APP01","net.transmitted.average","8/20/2026 4:29:00 AM","20","1","1","KBps","","n/a","0"
"WIN-DEMO-APP01","net.transmitted.average","8/20/2026 4:29:20 AM","20","1","1","KBps","","n/a","0"
"WIN-DEMO-APP01","net.transmitted.average","8/20/2026 4:29:40 AM","20","1","1","KBps","","n/a","0"
"WIN-DEMO-APP01","net.transmitted.average","8/20/2026 4:30:00 AM","20","1","1","KBps","","n/a","0"
"WIN-DEMO-APP01","net.transmitted.average","8/20/2026 4:30:20 AM","20","1","1","KBps","","n/a","0"
"WIN-DEMO-APP01","net.transmitted.average","8/20/2026 4:30:40 AM","20","1","1","KBps","","n/a","0"
"WIN-DEMO-APP01","net.transmitted.average","8/20/2026 4:31:00 AM","20","1","1","KBps","","n/a","0"
"WIN-DEMO-APP01","net.transmitted.average","8/20/2026 4:31:20 AM","20","1","1","KBps","","n/a","0"
"WIN-DEMO-APP01","net.transmitted.average","8/20/2026 4:31:40 AM","20","1","1","KBps","","n/a","0"
"WIN-DEMO-APP01","net.transmitted.average","8/20/2026 4:32:00 AM","20","1","1","KBps","","n/a","0"
"WIN-DEMO-APP01","net.transmitted.average","8/20/2026 4:32:20 AM","20","1","1","KBps","","n/a","0"
"WIN-DEMO-APP01","net.transmitted.average","8/20/2026 4:32:40 AM","20","1","1","KBps","","n/a","0"
"WIN-DEMO-APP01","net.transmitted.average","8/20/2026 4:33:00 AM","20","1","1","KBps","","n/a","0"
"WIN-DEMO-APP01","net.transmitted.average","8/20/2026 4:33:20 AM","20","1","1","KBps","","n/a","0"
"WIN-DEMO-APP01","net.transmitted.average","8/20/2026 4:33:40 AM","20","1","1","KBps","","n/a","0"
"WIN-DEMO-APP01","net.transmitted.average","8/20/2026 4:34:00 AM","20","1","1","KBps","","n/a","0"
"WIN-DEMO-APP01","net.transmitted.average","8/20/2026 4:34:20 AM","20","1","1","KBps","","n/a","0"
"WIN-DEMO-APP01","net.transmitted.average","8/20/2026 4:34:40 AM","20","1","1","KBps","","n/a","0"
"WIN-DEMO-APP01","net.transmitted.average","8/20/2026 4:35:00 AM","20","1","1","KBps","","n/a","0"
"WIN-DEMO-APP01","net.transmitted.average","8/20/2026 4:35:20 AM","20","1","1","KBps","","n/a","0"
"WIN-DEMO-APP01","net.transmitted.average","8/20/2026 4:35:40 AM","20","1","1","KBps","","n/a","0"
"WIN-DEMO-APP01","net.transmitted.average","8/20/2026 4:36:00 AM","20","34","34","KBps","","n/a","0"
"WIN-DEMO-APP01","net.transmitted.average","8/20/2026 4:36:20 AM","20","1","1","KBps","","n/a","0"
"WIN-DEMO-APP01","net.transmitted.average","8/20/2026 4:36:40 AM","20","1","1","KBps","","n/a","0"
"WIN-DEMO-APP01","net.transmitted.average","8/20/2026 4:37:00 AM","20","1","1","KBps","","n/a","0"
"WIN-DEMO-APP01","net.transmitted.average","8/20/2026 4:37:20 AM","20","1","1","KBps","","n/a","0"
"WIN-DEMO-APP01","net.transmitted.average","8/20/2026 4:37:40 AM","20","1","1","KBps","","n/a","0"
"WIN-DEMO-APP01","net.transmitted.average","8/20/2026 4:38:00 AM","20","1","1","KBps","","n/a","0"
"WIN-DEMO-APP01","net.transmitted.average","8/20/2026 4:38:20 AM","20","1","1","KBps","","n/a","0"
"WIN-DEMO-APP01","net.transmitted.average","8/20/2026 4:38:40 AM","20","1","1","KBps","","n/a","0"
"WIN-DEMO-APP01","net.transmitted.average","8/20/2026 4:39:00 AM","20","1","1","KBps","","n/a","0"
"WIN-DEMO-APP01","net.transmitted.average","8/20/2026 4:39:20 AM","20","1","1","KBps","","n/a","0"
"WIN-DEMO-APP01","net.transmitted.average","8/20/2026 4:39:40 AM","20","1","1","KBps","","n/a","0"
"WIN-DEMO-APP01","net.transmitted.average","8/20/2026 4:40:00 AM","20","1","1","KBps","","n/a","0"
"WIN-DEMO-APP01","net.transmitted.average","8/20/2026 4:40:20 AM","20","1","1","KBps","","n/a","0"
"WIN-DEMO-APP01","net.transmitted.average","8/20/2026 4:40:40 AM","20","1","1","KBps","","n/a","0"
"WIN-DEMO-APP01","net.transmitted.average","8/20/2026 4:41:00 AM","20","1","1","KBps","","n/a","0"
"WIN-DEMO-APP01","net.transmitted.average","8/20/2026 4:41:20 AM","20","1","1","KBps","","n/a","0"
"WIN-DEMO-APP01","net.transmitted.average","8/20/2026 4:41:40 AM","20","1","1","KBps","","n/a","0"
"WIN-DEMO-APP01","net.transmitted.average","8/20/2026 4:42:00 AM","20","1","1","KBps","","n/a","0"
"WIN-DEMO-APP01","net.transmitted.average","8/20/2026 4:42:20 AM","20","2","2","KBps","","n/a","0"
"WIN-DEMO-APP01","net.transmitted.average","8/20/2026 4:42:40 AM","20","2","2","KBps","","n/a","0"
"WIN-DEMO-APP01","net.transmitted.average","8/20/2026 4:43:00 AM","20","1","1","KBps","","n/a","0"
"WIN-DEMO-APP01","net.transmitted.average","8/20/2026 4:43:20 AM","20","1","1","KBps","","n/a","0"
"WIN-DEMO-APP01","net.transmitted.average","8/20/2026 4:43:40 AM","20","1","1","KBps","","n/a","0"
"WIN-DEMO-APP01","net.transmitted.average","8/20/2026 4:44:00 AM","20","1","1","KBps","","n/a","0"
"WIN-DEMO-APP01","net.transmitted.average","8/20/2026 4:44:20 AM","20","1","1","KBps","","n/a","0"
"WIN-DEMO-APP01","net.transmitted.average","8/20/2026 4:44:40 AM","20","1","1","KBps","","n/a","0"
"WIN-DEMO-APP01","net.transmitted.average","8/20/2026 4:45:00 AM","20","1","1","KBps","","n/a","0"
"WIN-DEMO-APP01","net.transmitted.average","8/20/2026 4:45:20 AM","20","1","1","KBps","","n/a","0"
"WIN-DEMO-APP01","net.transmitted.average","8/20/2026 4:45:40 AM","20","1","1","KBps","","n/a","0"
"WIN-DEMO-APP01","net.transmitted.average","8/20/2026 4:46:00 AM","20","1","1","KBps","","n/a","0"
"WIN-DEMO-APP01","net.transmitted.average","8/20/2026 4:46:20 AM","20","28","28","KBps","","n/a","0"
"WIN-DEMO-APP01","net.transmitted.average","8/20/2026 4:46:40 AM","20","2","2","KBps","","n/a","0"
"WIN-DEMO-APP01","net.transmitted.average","8/20/2026 4:47:00 AM","20","1","1","KBps","","n/a","0"
"WIN-DEMO-APP01","net.transmitted.average","8/20/2026 4:47:20 AM","20","1","1","KBps","","n/a","0"
"WIN-DEMO-APP01","net.transmitted.average","8/20/2026 4:47:40 AM","20","1","1","KBps","","n/a","0"
"WIN-DEMO-APP01","net.transmitted.average","8/20/2026 4:48:00 AM","20","1","1","KBps","","n/a","0"
"WIN-DEMO-APP01","net.transmitted.average","8/20/2026 4:48:20 AM","20","1","1","KBps","","n/a","0"
"WIN-DEMO-APP01","net.transmitted.average","8/20/2026 4:48:40 AM","20","1","1","KBps","","n/a","0"
"WIN-DEMO-APP01","net.transmitted.average","8/20/2026 4:49:00 AM","20","1","1","KBps","","n/a","0"
"WIN-DEMO-APP01","net.transmitted.average","8/20/2026 4:49:20 AM","20","2","2","KBps","","n/a","0"
"WIN-DEMO-APP01","net.transmitted.average","8/20/2026 4:49:40 AM","20","1","1","KBps","","n/a","0"
"WIN-DEMO-APP01","net.transmitted.average","8/20/2026 4:50:00 AM","20","1","1","KBps","","n/a","0"
"WIN-DEMO-APP01","net.transmitted.average","8/20/2026 4:50:20 AM","20","1","1","KBps","","n/a","0"
"WIN-DEMO-APP01","net.transmitted.average","8/20/2026 4:50:40 AM","20","2","2","KBps","","n/a","0"
"WIN-DEMO-APP01","net.transmitted.average","8/20/2026 4:51:00 AM","20","1","1","KBps","","n/a","0"
"WIN-DEMO-APP01","net.transmitted.average","8/20/2026 4:51:20 AM","20","1","1","KBps","","n/a","0"
"WIN-DEMO-APP01","net.transmitted.average","8/20/2026 4:51:40 AM","20","1","1","KBps","","n/a","0"
"WIN-DEMO-APP01","net.transmitted.average","8/20/2026 4:52:00 AM","20","1","1","KBps","","n/a","0"
"WIN-DEMO-APP01","net.transmitted.average","8/20/2026 4:52:20 AM","20","1","1","KBps","","n/a","0"
"WIN-DEMO-APP01","net.transmitted.average","8/20/2026 4:52:40 AM","20","1","1","KBps","","n/a","0"
"WIN-DEMO-APP01","net.transmitted.average","8/20/2026 4:53:00 AM","20","1","1","KBps","","n/a","0"
"WIN-DEMO-APP01","net.transmitted.average","8/20/2026 4:53:20 AM","20","1","1","KBps","","n/a","0"
"WIN-DEMO-APP01","net.transmitted.average","8/20/2026 4:53:40 AM","20","1","1","KBps","","n/a","0"
"WIN-DEMO-APP01","net.transmitted.average","8/20/2026 4:54:00 AM","20","1","1","KBps","","n/a","0"
"WIN-DEMO-APP01","net.transmitted.average","8/20/2026 4:54:20 AM","20","1","1","KBps","","n/a","0"
"WIN-DEMO-APP01","net.transmitted.average","8/20/2026 4:54:40 AM","20","1","1","KBps","","n/a","0"
"WIN-DEMO-APP01","net.transmitted.average","8/20/2026 4:55:00 AM","20","1","1","KBps","","n/a","0"
"WIN-DEMO-APP01","net.transmitted.average","8/20/2026 4:55:20 AM","20","1","1","KBps","","n/a","0"
"WIN-DEMO-APP01","net.transmitted.average","8/20/2026 4:55:40 AM","20","1","1","KBps","","n/a","0"
"WIN-DEMO-APP01","net.transmitted.average","8/20/2026 4:56:00 AM","20","1","1","KBps","","n/a","0"
"WIN-DEMO-APP01","net.transmitted.average","8/20/2026 4:56:20 AM","20","1","1","KBps","","n/a","0"
"WIN-DEMO-APP01","net.transmitted.average","8/20/2026 4:56:40 AM","20","10","10","KBps","","n/a","0"
"WIN-DEMO-APP01","net.transmitted.average","8/20/2026 4:57:00 AM","20","20","20","KBps","","n/a","0"
"WIN-DEMO-APP01","net.transmitted.average","8/20/2026 4:57:20 AM","20","1","1","KBps","","n/a","0"
"WIN-DEMO-APP01","net.transmitted.average","8/20/2026 4:57:40 AM","20","1","1","KBps","","n/a","0"
"WIN-DEMO-APP01","net.transmitted.average","8/20/2026 4:58:00 AM","20","1","1","KBps","","n/a","0"
"WIN-DEMO-APP01","net.transmitted.average","8/20/2026 4:58:20 AM","20","1","1","KBps","","n/a","0"
"WIN-DEMO-APP01","net.transmitted.average","8/20/2026 4:58:40 AM","20","1","1","KBps","","n/a","0"
"WIN-DEMO-APP01","net.transmitted.average","8/20/2026 4:59:00 AM","20","1","1","KBps","","n/a","0"
"WIN-DEMO-APP01","net.transmitted.average","8/20/2026 4:59:20 AM","20","1","1","KBps","","n/a","0"
"WIN-DEMO-APP01","net.transmitted.average","8/20/2026 4:59:40 AM","20","1","1","KBps","","n/a","0"
"WIN-DEMO-APP01","net.transmitted.average","8/20/2026 5:00:00 AM","20","1","1","KBps","","n/a","0"
"WIN-DEMO-APP01","net.transmitted.average","8/20/2026 5:00:20 AM","20","1","1","KBps","","n/a","0"
"WIN-DEMO-APP01","net.transmitted.average","8/20/2026 5:00:40 AM","20","1","1","KBps","","n/a","0"
"WIN-DEMO-APP01","net.transmitted.average","8/20/2026 5:01:00 AM","20","1","1","KBps","","n/a","0"
"WIN-DEMO-APP01","net.transmitted.average","8/20/2026 5:01:20 AM","20","1","1","KBps","","n/a","0"
"WIN-DEMO-APP01","net.transmitted.average","8/20/2026 5:01:40 AM","20","1","1","KBps","","n/a","0"
"WIN-DEMO-APP01","net.transmitted.average","8/20/2026 5:02:00 AM","20","1","1","KBps","","n/a","0"
"WIN-DEMO-APP01","net.transmitted.average","8/20/2026 5:02:20 AM","20","1","1","KBps","","n/a","0"
"WIN-DEMO-APP01","net.transmitted.average","8/20/2026 5:02:40 AM","20","1","1","KBps","","n/a","0"
"WIN-DEMO-APP01","net.transmitted.average","8/20/2026 5:03:00 AM","20","1","1","KBps","","n/a","0"
"WIN-DEMO-APP01","net.transmitted.average","8/20/2026 5:03:20 AM","20","1","1","KBps","","n/a","0"
"WIN-DEMO-APP01","net.transmitted.average","8/20/2026 5:03:40 AM","20","1","1","KBps","","n/a","0"
"WIN-DEMO-APP01","net.transmitted.average","8/20/2026 5:04:00 AM","20","1","1","KBps","","n/a","0"
"WIN-DEMO-APP01","net.transmitted.average","8/20/2026 5:04:20 AM","20","1","1","KBps","","n/a","0"
"WIN-DEMO-APP01","net.transmitted.average","8/20/2026 5:04:40 AM","20","1","1","KBps","","n/a","0"
"WIN-DEMO-APP01","net.transmitted.average","8/20/2026 5:05:00 AM","20","1","1","KBps","","n/a","0"
"WIN-DEMO-APP01","net.transmitted.average","8/20/2026 5:05:20 AM","20","1","1","KBps","","n/a","0"
"WIN-DEMO-APP01","net.transmitted.average","8/20/2026 5:05:40 AM","20","1","1","KBps","","n/a","0"
"WIN-DEMO-APP01","virtualdisk.numberreadaveraged.average","8/20/2026 4:06:00 AM","20","0","0","number","scsi0:0","n/a","0"
"WIN-DEMO-APP01","virtualdisk.numberreadaveraged.average","8/20/2026 4:06:20 AM","20","0","0","number","scsi0:0","n/a","0"
"WIN-DEMO-APP01","virtualdisk.numberreadaveraged.average","8/20/2026 4:06:40 AM","20","0","0","number","scsi0:0","n/a","0"
"WIN-DEMO-APP01","virtualdisk.numberreadaveraged.average","8/20/2026 4:07:00 AM","20","0","0","number","scsi0:0","n/a","0"
"WIN-DEMO-APP01","virtualdisk.numberreadaveraged.average","8/20/2026 4:07:20 AM","20","0","0","number","scsi0:0","n/a","0"
"WIN-DEMO-APP01","virtualdisk.numberreadaveraged.average","8/20/2026 4:07:40 AM","20","0","0","number","scsi0:0","n/a","0"
"WIN-DEMO-APP01","virtualdisk.numberreadaveraged.average","8/20/2026 4:08:00 AM","20","0","0","number","scsi0:0","n/a","0"
"WIN-DEMO-APP01","virtualdisk.numberreadaveraged.average","8/20/2026 4:08:20 AM","20","0","0","number","scsi0:0","n/a","0"
"WIN-DEMO-APP01","virtualdisk.numberreadaveraged.average","8/20/2026 4:08:40 AM","20","0","0","number","scsi0:0","n/a","0"
"WIN-DEMO-APP01","virtualdisk.numberreadaveraged.average","8/20/2026 4:09:00 AM","20","0","0","number","scsi0:0","n/a","0"
"WIN-DEMO-APP01","virtualdisk.numberreadaveraged.average","8/20/2026 4:09:20 AM","20","0","0","number","scsi0:0","n/a","0"
"WIN-DEMO-APP01","virtualdisk.numberreadaveraged.average","8/20/2026 4:09:40 AM","20","0","0","number","scsi0:0","n/a","0"
"WIN-DEMO-APP01","virtualdisk.numberreadaveraged.average","8/20/2026 4:10:00 AM","20","0","0","number","scsi0:0","n/a","0"
"WIN-DEMO-APP01","virtualdisk.numberreadaveraged.average","8/20/2026 4:10:20 AM","20","0","0","number","scsi0:0","n/a","0"
"WIN-DEMO-APP01","virtualdisk.numberreadaveraged.average","8/20/2026 4:10:40 AM","20","0","0","number","scsi0:0","n/a","0"
"WIN-DEMO-APP01","virtualdisk.numberreadaveraged.average","8/20/2026 4:11:00 AM","20","0","0","number","scsi0:0","n/a","0"
"WIN-DEMO-APP01","virtualdisk.numberreadaveraged.average","8/20/2026 4:11:20 AM","20","0","0","number","scsi0:0","n/a","0"
"WIN-DEMO-APP01","virtualdisk.numberreadaveraged.average","8/20/2026 4:11:40 AM","20","0","0","number","scsi0:0","n/a","0"
"WIN-DEMO-APP01","virtualdisk.numberreadaveraged.average","8/20/2026 4:12:00 AM","20","0","0","number","scsi0:0","n/a","0"
"WIN-DEMO-APP01","virtualdisk.numberreadaveraged.average","8/20/2026 4:12:20 AM","20","0","0","number","scsi0:0","n/a","0"
"WIN-DEMO-APP01","virtualdisk.numberreadaveraged.average","8/20/2026 4:12:40 AM","20","0","0","number","scsi0:0","n/a","0"
"WIN-DEMO-APP01","virtualdisk.numberreadaveraged.average","8/20/2026 4:13:00 AM","20","0","0","number","scsi0:0","n/a","0"
"WIN-DEMO-APP01","virtualdisk.numberreadaveraged.average","8/20/2026 4:13:20 AM","20","0","0","number","scsi0:0","n/a","0"
"WIN-DEMO-APP01","virtualdisk.numberreadaveraged.average","8/20/2026 4:13:40 AM","20","0","0","number","scsi0:0","n/a","0"
"WIN-DEMO-APP01","virtualdisk.numberreadaveraged.average","8/20/2026 4:14:00 AM","20","0","0","number","scsi0:0","n/a","0"
"WIN-DEMO-APP01","virtualdisk.numberreadaveraged.average","8/20/2026 4:14:20 AM","20","0","0","number","scsi0:0","n/a","0"
"WIN-DEMO-APP01","virtualdisk.numberreadaveraged.average","8/20/2026 4:14:40 AM","20","0","0","number","scsi0:0","n/a","0"
"WIN-DEMO-APP01","virtualdisk.numberreadaveraged.average","8/20/2026 4:15:00 AM","20","0","0","number","scsi0:0","n/a","0"
"WIN-DEMO-APP01","virtualdisk.numberreadaveraged.average","8/20/2026 4:15:20 AM","20","0","0","number","scsi0:0","n/a","0"
"WIN-DEMO-APP01","virtualdisk.numberreadaveraged.average","8/20/2026 4:15:40 AM","20","0","0","number","scsi0:0","n/a","0"
"WIN-DEMO-APP01","virtualdisk.numberreadaveraged.average","8/20/2026 4:16:00 AM","20","0","0","number","scsi0:0","n/a","0"
"WIN-DEMO-APP01","virtualdisk.numberreadaveraged.average","8/20/2026 4:16:20 AM","20","0","0","number","scsi0:0","n/a","0"
"WIN-DEMO-APP01","virtualdisk.numberreadaveraged.average","8/20/2026 4:16:40 AM","20","0","0","number","scsi0:0","n/a","0"
"WIN-DEMO-APP01","virtualdisk.numberreadaveraged.average","8/20/2026 4:17:00 AM","20","0","0","number","scsi0:0","n/a","0"
"WIN-DEMO-APP01","virtualdisk.numberreadaveraged.average","8/20/2026 4:17:20 AM","20","0","0","number","scsi0:0","n/a","0"
"WIN-DEMO-APP01","virtualdisk.numberreadaveraged.average","8/20/2026 4:17:40 AM","20","0","0","number","scsi0:0","n/a","0"
"WIN-DEMO-APP01","virtualdisk.numberreadaveraged.average","8/20/2026 4:18:00 AM","20","0","0","number","scsi0:0","n/a","0"
"WIN-DEMO-APP01","virtualdisk.numberreadaveraged.average","8/20/2026 4:18:20 AM","20","0","0","number","scsi0:0","n/a","0"
"WIN-DEMO-APP01","virtualdisk.numberreadaveraged.average","8/20/2026 4:18:40 AM","20","0","0","number","scsi0:0","n/a","0"
"WIN-DEMO-APP01","virtualdisk.numberreadaveraged.average","8/20/2026 4:19:00 AM","20","0","0","number","scsi0:0","n/a","0"
"WIN-DEMO-APP01","virtualdisk.numberreadaveraged.average","8/20/2026 4:19:20 AM","20","0","0","number","scsi0:0","n/a","0"
"WIN-DEMO-APP01","virtualdisk.numberreadaveraged.average","8/20/2026 4:19:40 AM","20","0","0","number","scsi0:0","n/a","0"
"WIN-DEMO-APP01","virtualdisk.numberreadaveraged.average","8/20/2026 4:20:00 AM","20","0","0","number","scsi0:0","n/a","0"
"WIN-DEMO-APP01","virtualdisk.numberreadaveraged.average","8/20/2026 4:20:20 AM","20","0","0","number","scsi0:0","n/a","0"
"WIN-DEMO-APP01","virtualdisk.numberreadaveraged.average","8/20/2026 4:20:40 AM","20","0","0","number","scsi0:0","n/a","0"
"WIN-DEMO-APP01","virtualdisk.numberreadaveraged.average","8/20/2026 4:21:00 AM","20","0","0","number","scsi0:0","n/a","0"
"WIN-DEMO-APP01","virtualdisk.numberreadaveraged.average","8/20/2026 4:21:20 AM","20","0","0","number","scsi0:0","n/a","0"
"WIN-DEMO-APP01","virtualdisk.numberreadaveraged.average","8/20/2026 4:21:40 AM","20","0","0","number","scsi0:0","n/a","0"
"WIN-DEMO-APP01","virtualdisk.numberreadaveraged.average","8/20/2026 4:22:00 AM","20","0","0","number","scsi0:0","n/a","0"
"WIN-DEMO-APP01","virtualdisk.numberreadaveraged.average","8/20/2026 4:22:20 AM","20","0","0","number","scsi0:0","n/a","0"
"WIN-DEMO-APP01","virtualdisk.numberreadaveraged.average","8/20/2026 4:22:40 AM","20","0","0","number","scsi0:0","n/a","0"
"WIN-DEMO-APP01","virtualdisk.numberreadaveraged.average","8/20/2026 4:23:00 AM","20","0","0","number","scsi0:0","n/a","0"
"WIN-DEMO-APP01","virtualdisk.numberreadaveraged.average","8/20/2026 4:23:20 AM","20","0","0","number","scsi0:0","n/a","0"
"WIN-DEMO-APP01","virtualdisk.numberreadaveraged.average","8/20/2026 4:23:40 AM","20","0","0","number","scsi0:0","n/a","0"
"WIN-DEMO-APP01","virtualdisk.numberreadaveraged.average","8/20/2026 4:24:00 AM","20","0","0","number","scsi0:0","n/a","0"
"WIN-DEMO-APP01","virtualdisk.numberreadaveraged.average","8/20/2026 4:24:20 AM","20","0","0","number","scsi0:0","n/a","0"
"WIN-DEMO-APP01","virtualdisk.numberreadaveraged.average","8/20/2026 4:24:40 AM","20","0","0","number","scsi0:0","n/a","0"
"WIN-DEMO-APP01","virtualdisk.numberreadaveraged.average","8/20/2026 4:25:00 AM","20","0","0","number","scsi0:0","n/a","0"
"WIN-DEMO-APP01","virtualdisk.numberreadaveraged.average","8/20/2026 4:25:20 AM","20","0","0","number","scsi0:0","n/a","0"
"WIN-DEMO-APP01","virtualdisk.numberreadaveraged.average","8/20/2026 4:25:40 AM","20","0","0","number","scsi0:0","n/a","0"
"WIN-DEMO-APP01","virtualdisk.numberreadaveraged.average","8/20/2026 4:26:00 AM","20","0","0","number","scsi0:0","n/a","0"
"WIN-DEMO-APP01","virtualdisk.numberreadaveraged.average","8/20/2026 4:26:20 AM","20","0","0","number","scsi0:0","n/a","0"
"WIN-DEMO-APP01","virtualdisk.numberreadaveraged.average","8/20/2026 4:26:40 AM","20","0","0","number","scsi0:0","n/a","0"
"WIN-DEMO-APP01","virtualdisk.numberreadaveraged.average","8/20/2026 4:27:00 AM","20","0","0","number","scsi0:0","n/a","0"
"WIN-DEMO-APP01","virtualdisk.numberreadaveraged.average","8/20/2026 4:27:20 AM","20","0","0","number","scsi0:0","n/a","0"
"WIN-DEMO-APP01","virtualdisk.numberreadaveraged.average","8/20/2026 4:27:40 AM","20","0","0","number","scsi0:0","n/a","0"
"WIN-DEMO-APP01","virtualdisk.numberreadaveraged.average","8/20/2026 4:28:00 AM","20","0","0","number","scsi0:0","n/a","0"
"WIN-DEMO-APP01","virtualdisk.numberreadaveraged.average","8/20/2026 4:28:20 AM","20","0","0","number","scsi0:0","n/a","0"
"WIN-DEMO-APP01","virtualdisk.numberreadaveraged.average","8/20/2026 4:28:40 AM","20","0","0","number","scsi0:0","n/a","0"
"WIN-DEMO-APP01","virtualdisk.numberreadaveraged.average","8/20/2026 4:29:00 AM","20","0","0","number","scsi0:0","n/a","0"
"WIN-DEMO-APP01","virtualdisk.numberreadaveraged.average","8/20/2026 4:29:20 AM","20","0","0","number","scsi0:0","n/a","0"
"WIN-DEMO-APP01","virtualdisk.numberreadaveraged.average","8/20/2026 4:29:40 AM","20","0","0","number","scsi0:0","n/a","0"
"WIN-DEMO-APP01","virtualdisk.numberreadaveraged.average","8/20/2026 4:30:00 AM","20","0","0","number","scsi0:0","n/a","0"
"WIN-DEMO-APP01","virtualdisk.numberreadaveraged.average","8/20/2026 4:30:20 AM","20","0","0","number","scsi0:0","n/a","0"
"WIN-DEMO-APP01","virtualdisk.numberreadaveraged.average","8/20/2026 4:30:40 AM","20","0","0","number","scsi0:0","n/a","0"
"WIN-DEMO-APP01","virtualdisk.numberreadaveraged.average","8/20/2026 4:31:00 AM","20","0","0","number","scsi0:0","n/a","0"
"WIN-DEMO-APP01","virtualdisk.numberreadaveraged.average","8/20/2026 4:31:20 AM","20","0","0","number","scsi0:0","n/a","0"
"WIN-DEMO-APP01","virtualdisk.numberreadaveraged.average","8/20/2026 4:31:40 AM","20","0","0","number","scsi0:0","n/a","0"
"WIN-DEMO-APP01","virtualdisk.numberreadaveraged.average","8/20/2026 4:32:00 AM","20","0","0","number","scsi0:0","n/a","0"
"WIN-DEMO-APP01","virtualdisk.numberreadaveraged.average","8/20/2026 4:32:20 AM","20","0","0","number","scsi0:0","n/a","0"
"WIN-DEMO-APP01","virtualdisk.numberreadaveraged.average","8/20/2026 4:32:40 AM","20","0","0","number","scsi0:0","n/a","0"
"WIN-DEMO-APP01","virtualdisk.numberreadaveraged.average","8/20/2026 4:33:00 AM","20","0","0","number","scsi0:0","n/a","0"
"WIN-DEMO-APP01","virtualdisk.numberreadaveraged.average","8/20/2026 4:33:20 AM","20","0","0","number","scsi0:0","n/a","0"
"WIN-DEMO-APP01","virtualdisk.numberreadaveraged.average","8/20/2026 4:33:40 AM","20","0","0","number","scsi0:0","n/a","0"
"WIN-DEMO-APP01","virtualdisk.numberreadaveraged.average","8/20/2026 4:34:00 AM","20","0","0","number","scsi0:0","n/a","0"
"WIN-DEMO-APP01","virtualdisk.numberreadaveraged.average","8/20/2026 4:34:20 AM","20","0","0","number","scsi0:0","n/a","0"
"WIN-DEMO-APP01","virtualdisk.numberreadaveraged.average","8/20/2026 4:34:40 AM","20","0","0","number","scsi0:0","n/a","0"
"WIN-DEMO-APP01","virtualdisk.numberreadaveraged.average","8/20/2026 4:35:00 AM","20","0","0","number","scsi0:0","n/a","0"
"WIN-DEMO-APP01","virtualdisk.numberreadaveraged.average","8/20/2026 4:35:20 AM","20","0","0","number","scsi0:0","n/a","0"
"WIN-DEMO-APP01","virtualdisk.numberreadaveraged.average","8/20/2026 4:35:40 AM","20","0","0","number","scsi0:0","n/a","0"
"WIN-DEMO-APP01","virtualdisk.numberreadaveraged.average","8/20/2026 4:36:00 AM","20","1","1","number","scsi0:0","n/a","0"
"WIN-DEMO-APP01","virtualdisk.numberreadaveraged.average","8/20/2026 4:36:20 AM","20","0","0","number","scsi0:0","n/a","0"
"WIN-DEMO-APP01","virtualdisk.numberreadaveraged.average","8/20/2026 4:36:40 AM","20","0","0","number","scsi0:0","n/a","0"
"WIN-DEMO-APP01","virtualdisk.numberreadaveraged.average","8/20/2026 4:37:00 AM","20","0","0","number","scsi0:0","n/a","0"
"WIN-DEMO-APP01","virtualdisk.numberreadaveraged.average","8/20/2026 4:37:20 AM","20","0","0","number","scsi0:0","n/a","0"
"WIN-DEMO-APP01","virtualdisk.numberreadaveraged.average","8/20/2026 4:37:40 AM","20","0","0","number","scsi0:0","n/a","0"
"WIN-DEMO-APP01","virtualdisk.numberreadaveraged.average","8/20/2026 4:38:00 AM","20","0","0","number","scsi0:0","n/a","0"
"WIN-DEMO-APP01","virtualdisk.numberreadaveraged.average","8/20/2026 4:38:20 AM","20","0","0","number","scsi0:0","n/a","0"
"WIN-DEMO-APP01","virtualdisk.numberreadaveraged.average","8/20/2026 4:38:40 AM","20","0","0","number","scsi0:0","n/a","0"
"WIN-DEMO-APP01","virtualdisk.numberreadaveraged.average","8/20/2026 4:39:00 AM","20","0","0","number","scsi0:0","n/a","0"
"WIN-DEMO-APP01","virtualdisk.numberreadaveraged.average","8/20/2026 4:39:20 AM","20","0","0","number","scsi0:0","n/a","0"
"WIN-DEMO-APP01","virtualdisk.numberreadaveraged.average","8/20/2026 4:39:40 AM","20","0","0","number","scsi0:0","n/a","0"
"WIN-DEMO-APP01","virtualdisk.numberreadaveraged.average","8/20/2026 4:40:00 AM","20","0","0","number","scsi0:0","n/a","0"
"WIN-DEMO-APP01","virtualdisk.numberreadaveraged.average","8/20/2026 4:40:20 AM","20","0","0","number","scsi0:0","n/a","0"
"WIN-DEMO-APP01","virtualdisk.numberreadaveraged.average","8/20/2026 4:40:40 AM","20","0","0","number","scsi0:0","n/a","0"
"WIN-DEMO-APP01","virtualdisk.numberreadaveraged.average","8/20/2026 4:41:00 AM","20","0","0","number","scsi0:0","n/a","0"
"WIN-DEMO-APP01","virtualdisk.numberreadaveraged.average","8/20/2026 4:41:20 AM","20","0","0","number","scsi0:0","n/a","0"
"WIN-DEMO-APP01","virtualdisk.numberreadaveraged.average","8/20/2026 4:41:40 AM","20","0","0","number","scsi0:0","n/a","0"
"WIN-DEMO-APP01","virtualdisk.numberreadaveraged.average","8/20/2026 4:42:00 AM","20","0","0","number","scsi0:0","n/a","0"
"WIN-DEMO-APP01","virtualdisk.numberreadaveraged.average","8/20/2026 4:42:20 AM","20","0","0","number","scsi0:0","n/a","0"
"WIN-DEMO-APP01","virtualdisk.numberreadaveraged.average","8/20/2026 4:42:40 AM","20","0","0","number","scsi0:0","n/a","0"
"WIN-DEMO-APP01","virtualdisk.numberreadaveraged.average","8/20/2026 4:43:00 AM","20","0","0","number","scsi0:0","n/a","0"
"WIN-DEMO-APP01","virtualdisk.numberreadaveraged.average","8/20/2026 4:43:20 AM","20","0","0","number","scsi0:0","n/a","0"
"WIN-DEMO-APP01","virtualdisk.numberreadaveraged.average","8/20/2026 4:43:40 AM","20","0","0","number","scsi0:0","n/a","0"
"WIN-DEMO-APP01","virtualdisk.numberreadaveraged.average","8/20/2026 4:44:00 AM","20","0","0","number","scsi0:0","n/a","0"
"WIN-DEMO-APP01","virtualdisk.numberreadaveraged.average","8/20/2026 4:44:20 AM","20","0","0","number","scsi0:0","n/a","0"
"WIN-DEMO-APP01","virtualdisk.numberreadaveraged.average","8/20/2026 4:44:40 AM","20","0","0","number","scsi0:0","n/a","0"
"WIN-DEMO-APP01","virtualdisk.numberreadaveraged.average","8/20/2026 4:45:00 AM","20","0","0","number","scsi0:0","n/a","0"
"WIN-DEMO-APP01","virtualdisk.numberreadaveraged.average","8/20/2026 4:45:20 AM","20","0","0","number","scsi0:0","n/a","0"
"WIN-DEMO-APP01","virtualdisk.numberreadaveraged.average","8/20/2026 4:45:40 AM","20","0","0","number","scsi0:0","n/a","0"
"WIN-DEMO-APP01","virtualdisk.numberreadaveraged.average","8/20/2026 4:46:00 AM","20","0","0","number","scsi0:0","n/a","0"
"WIN-DEMO-APP01","virtualdisk.numberreadaveraged.average","8/20/2026 4:46:20 AM","20","0","0","number","scsi0:0","n/a","0"
"WIN-DEMO-APP01","virtualdisk.numberreadaveraged.average","8/20/2026 4:46:40 AM","20","0","0","number","scsi0:0","n/a","0"
"WIN-DEMO-APP01","virtualdisk.numberreadaveraged.average","8/20/2026 4:47:00 AM","20","0","0","number","scsi0:0","n/a","0"
"WIN-DEMO-APP01","virtualdisk.numberreadaveraged.average","8/20/2026 4:47:20 AM","20","0","0","number","scsi0:0","n/a","0"
"WIN-DEMO-APP01","virtualdisk.numberreadaveraged.average","8/20/2026 4:47:40 AM","20","0","0","number","scsi0:0","n/a","0"
"WIN-DEMO-APP01","virtualdisk.numberreadaveraged.average","8/20/2026 4:48:00 AM","20","0","0","number","scsi0:0","n/a","0"
"WIN-DEMO-APP01","virtualdisk.numberreadaveraged.average","8/20/2026 4:48:20 AM","20","0","0","number","scsi0:0","n/a","0"
"WIN-DEMO-APP01","virtualdisk.numberreadaveraged.average","8/20/2026 4:48:40 AM","20","0","0","number","scsi0:0","n/a","0"
"WIN-DEMO-APP01","virtualdisk.numberreadaveraged.average","8/20/2026 4:49:00 AM","20","0","0","number","scsi0:0","n/a","0"
"WIN-DEMO-APP01","virtualdisk.numberreadaveraged.average","8/20/2026 4:49:20 AM","20","0","0","number","scsi0:0","n/a","0"
"WIN-DEMO-APP01","virtualdisk.numberreadaveraged.average","8/20/2026 4:49:40 AM","20","0","0","number","scsi0:0","n/a","0"
"WIN-DEMO-APP01","virtualdisk.numberreadaveraged.average","8/20/2026 4:50:00 AM","20","0","0","number","scsi0:0","n/a","0"
"WIN-DEMO-APP01","virtualdisk.numberreadaveraged.average","8/20/2026 4:50:20 AM","20","0","0","number","scsi0:0","n/a","0"
"WIN-DEMO-APP01","virtualdisk.numberreadaveraged.average","8/20/2026 4:50:40 AM","20","0","0","number","scsi0:0","n/a","0"
"WIN-DEMO-APP01","virtualdisk.numberreadaveraged.average","8/20/2026 4:51:00 AM","20","0","0","number","scsi0:0","n/a","0"
"WIN-DEMO-APP01","virtualdisk.numberreadaveraged.average","8/20/2026 4:51:20 AM","20","0","0","number","scsi0:0","n/a","0"
"WIN-DEMO-APP01","virtualdisk.numberreadaveraged.average","8/20/2026 4:51:40 AM","20","0","0","number","scsi0:0","n/a","0"
"WIN-DEMO-APP01","virtualdisk.numberreadaveraged.average","8/20/2026 4:52:00 AM","20","0","0","number","scsi0:0","n/a","0"
"WIN-DEMO-APP01","virtualdisk.numberreadaveraged.average","8/20/2026 4:52:20 AM","20","0","0","number","scsi0:0","n/a","0"
"WIN-DEMO-APP01","virtualdisk.numberreadaveraged.average","8/20/2026 4:52:40 AM","20","0","0","number","scsi0:0","n/a","0"
"WIN-DEMO-APP01","virtualdisk.numberreadaveraged.average","8/20/2026 4:53:00 AM","20","0","0","number","scsi0:0","n/a","0"
"WIN-DEMO-APP01","virtualdisk.numberreadaveraged.average","8/20/2026 4:53:20 AM","20","0","0","number","scsi0:0","n/a","0"
"WIN-DEMO-APP01","virtualdisk.numberreadaveraged.average","8/20/2026 4:53:40 AM","20","0","0","number","scsi0:0","n/a","0"
"WIN-DEMO-APP01","virtualdisk.numberreadaveraged.average","8/20/2026 4:54:00 AM","20","0","0","number","scsi0:0","n/a","0"
"WIN-DEMO-APP01","virtualdisk.numberreadaveraged.average","8/20/2026 4:54:20 AM","20","0","0","number","scsi0:0","n/a","0"
"WIN-DEMO-APP01","virtualdisk.numberreadaveraged.average","8/20/2026 4:54:40 AM","20","0","0","number","scsi0:0","n/a","0"
"WIN-DEMO-APP01","virtualdisk.numberreadaveraged.average","8/20/2026 4:55:00 AM","20","0","0","number","scsi0:0","n/a","0"
"WIN-DEMO-APP01","virtualdisk.numberreadaveraged.average","8/20/2026 4:55:20 AM","20","0","0","number","scsi0:0","n/a","0"
"WIN-DEMO-APP01","virtualdisk.numberreadaveraged.average","8/20/2026 4:55:40 AM","20","0","0","number","scsi0:0","n/a","0"
"WIN-DEMO-APP01","virtualdisk.numberreadaveraged.average","8/20/2026 4:56:00 AM","20","0","0","number","scsi0:0","n/a","0"
"WIN-DEMO-APP01","virtualdisk.numberreadaveraged.average","8/20/2026 4:56:20 AM","20","0","0","number","scsi0:0","n/a","0"
"WIN-DEMO-APP01","virtualdisk.numberreadaveraged.average","8/20/2026 4:56:40 AM","20","0","0","number","scsi0:0","n/a","0"
"WIN-DEMO-APP01","virtualdisk.numberreadaveraged.average","8/20/2026 4:57:00 AM","20","0","0","number","scsi0:0","n/a","0"
"WIN-DEMO-APP01","virtualdisk.numberreadaveraged.average","8/20/2026 4:57:20 AM","20","0","0","number","scsi0:0","n/a","0"
"WIN-DEMO-APP01","virtualdisk.numberreadaveraged.average","8/20/2026 4:57:40 AM","20","0","0","number","scsi0:0","n/a","0"
"WIN-DEMO-APP01","virtualdisk.numberreadaveraged.average","8/20/2026 4:58:00 AM","20","0","0","number","scsi0:0","n/a","0"
"WIN-DEMO-APP01","virtualdisk.numberreadaveraged.average","8/20/2026 4:58:20 AM","20","0","0","number","scsi0:0","n/a","0"
"WIN-DEMO-APP01","virtualdisk.numberreadaveraged.average","8/20/2026 4:58:40 AM","20","0","0","number","scsi0:0","n/a","0"
"WIN-DEMO-APP01","virtualdisk.numberreadaveraged.average","8/20/2026 4:59:00 AM","20","0","0","number","scsi0:0","n/a","0"
"WIN-DEMO-APP01","virtualdisk.numberreadaveraged.average","8/20/2026 4:59:20 AM","20","0","0","number","scsi0:0","n/a","0"
"WIN-DEMO-APP01","virtualdisk.numberreadaveraged.average","8/20/2026 4:59:40 AM","20","0","0","number","scsi0:0","n/a","0"
"WIN-DEMO-APP01","virtualdisk.numberreadaveraged.average","8/20/2026 5:00:00 AM","20","0","0","number","scsi0:0","n/a","0"
"WIN-DEMO-APP01","virtualdisk.numberreadaveraged.average","8/20/2026 5:00:20 AM","20","0","0","number","scsi0:0","n/a","0"
"WIN-DEMO-APP01","virtualdisk.numberreadaveraged.average","8/20/2026 5:00:40 AM","20","0","0","number","scsi0:0","n/a","0"
"WIN-DEMO-APP01","virtualdisk.numberreadaveraged.average","8/20/2026 5:01:00 AM","20","0","0","number","scsi0:0","n/a","0"
"WIN-DEMO-APP01","virtualdisk.numberreadaveraged.average","8/20/2026 5:01:20 AM","20","0","0","number","scsi0:0","n/a","0"
"WIN-DEMO-APP01","virtualdisk.numberreadaveraged.average","8/20/2026 5:01:40 AM","20","0","0","number","scsi0:0","n/a","0"
"WIN-DEMO-APP01","virtualdisk.numberreadaveraged.average","8/20/2026 5:02:00 AM","20","0","0","number","scsi0:0","n/a","0"
"WIN-DEMO-APP01","virtualdisk.numberreadaveraged.average","8/20/2026 5:02:20 AM","20","0","0","number","scsi0:0","n/a","0"
"WIN-DEMO-APP01","virtualdisk.numberreadaveraged.average","8/20/2026 5:02:40 AM","20","0","0","number","scsi0:0","n/a","0"
"WIN-DEMO-APP01","virtualdisk.numberreadaveraged.average","8/20/2026 5:03:00 AM","20","0","0","number","scsi0:0","n/a","0"
"WIN-DEMO-APP01","virtualdisk.numberreadaveraged.average","8/20/2026 5:03:20 AM","20","0","0","number","scsi0:0","n/a","0"
"WIN-DEMO-APP01","virtualdisk.numberreadaveraged.average","8/20/2026 5:03:40 AM","20","0","0","number","scsi0:0","n/a","0"
"WIN-DEMO-APP01","virtualdisk.numberreadaveraged.average","8/20/2026 5:04:00 AM","20","0","0","number","scsi0:0","n/a","0"
"WIN-DEMO-APP01","virtualdisk.numberreadaveraged.average","8/20/2026 5:04:20 AM","20","0","0","number","scsi0:0","n/a","0"
"WIN-DEMO-APP01","virtualdisk.numberreadaveraged.average","8/20/2026 5:04:40 AM","20","0","0","number","scsi0:0","n/a","0"
"WIN-DEMO-APP01","virtualdisk.numberreadaveraged.average","8/20/2026 5:05:00 AM","20","0","0","number","scsi0:0","n/a","0"
"WIN-DEMO-APP01","virtualdisk.numberreadaveraged.average","8/20/2026 5:05:20 AM","20","0","0","number","scsi0:0","n/a","0"
"WIN-DEMO-APP01","virtualdisk.numberreadaveraged.average","8/20/2026 5:05:40 AM","20","0","0","number","scsi0:0","n/a","0"
"WIN-DEMO-APP01","virtualdisk.numberwriteaveraged.average","8/20/2026 4:06:00 AM","20","1","1","number","scsi0:0","n/a","0"
"WIN-DEMO-APP01","virtualdisk.numberwriteaveraged.average","8/20/2026 4:06:20 AM","20","0","0","number","scsi0:0","n/a","0"
"WIN-DEMO-APP01","virtualdisk.numberwriteaveraged.average","8/20/2026 4:06:40 AM","20","0","0","number","scsi0:0","n/a","0"
"WIN-DEMO-APP01","virtualdisk.numberwriteaveraged.average","8/20/2026 4:07:00 AM","20","0","0","number","scsi0:0","n/a","0"
"WIN-DEMO-APP01","virtualdisk.numberwriteaveraged.average","8/20/2026 4:07:20 AM","20","1","1","number","scsi0:0","n/a","0"
"WIN-DEMO-APP01","virtualdisk.numberwriteaveraged.average","8/20/2026 4:07:40 AM","20","0","0","number","scsi0:0","n/a","0"
"WIN-DEMO-APP01","virtualdisk.numberwriteaveraged.average","8/20/2026 4:08:00 AM","20","1","1","number","scsi0:0","n/a","0"
"WIN-DEMO-APP01","virtualdisk.numberwriteaveraged.average","8/20/2026 4:08:20 AM","20","1","1","number","scsi0:0","n/a","0"
"WIN-DEMO-APP01","virtualdisk.numberwriteaveraged.average","8/20/2026 4:08:40 AM","20","1","1","number","scsi0:0","n/a","0"
"WIN-DEMO-APP01","virtualdisk.numberwriteaveraged.average","8/20/2026 4:09:00 AM","20","0","0","number","scsi0:0","n/a","0"
"WIN-DEMO-APP01","virtualdisk.numberwriteaveraged.average","8/20/2026 4:09:20 AM","20","0","0","number","scsi0:0","n/a","0"
"WIN-DEMO-APP01","virtualdisk.numberwriteaveraged.average","8/20/2026 4:09:40 AM","20","0","0","number","scsi0:0","n/a","0"
"WIN-DEMO-APP01","virtualdisk.numberwriteaveraged.average","8/20/2026 4:10:00 AM","20","1","1","number","scsi0:0","n/a","0"
"WIN-DEMO-APP01","virtualdisk.numberwriteaveraged.average","8/20/2026 4:10:20 AM","20","0","0","number","scsi0:0","n/a","0"
"WIN-DEMO-APP01","virtualdisk.numberwriteaveraged.average","8/20/2026 4:10:40 AM","20","0","0","number","scsi0:0","n/a","0"
"WIN-DEMO-APP01","virtualdisk.numberwriteaveraged.average","8/20/2026 4:11:00 AM","20","0","0","number","scsi0:0","n/a","0"
"WIN-DEMO-APP01","virtualdisk.numberwriteaveraged.average","8/20/2026 4:11:20 AM","20","0","0","number","scsi0:0","n/a","0"
"WIN-DEMO-APP01","virtualdisk.numberwriteaveraged.average","8/20/2026 4:11:40 AM","20","0","0","number","scsi0:0","n/a","0"
"WIN-DEMO-APP01","virtualdisk.numberwriteaveraged.average","8/20/2026 4:12:00 AM","20","0","0","number","scsi0:0","n/a","0"
"WIN-DEMO-APP01","virtualdisk.numberwriteaveraged.average","8/20/2026 4:12:20 AM","20","0","0","number","scsi0:0","n/a","0"
"WIN-DEMO-APP01","virtualdisk.numberwriteaveraged.average","8/20/2026 4:12:40 AM","20","0","0","number","scsi0:0","n/a","0"
"WIN-DEMO-APP01","virtualdisk.numberwriteaveraged.average","8/20/2026 4:13:00 AM","20","1","1","number","scsi0:0","n/a","0"
"WIN-DEMO-APP01","virtualdisk.numberwriteaveraged.average","8/20/2026 4:13:20 AM","20","0","0","number","scsi0:0","n/a","0"
"WIN-DEMO-APP01","virtualdisk.numberwriteaveraged.average","8/20/2026 4:13:40 AM","20","0","0","number","scsi0:0","n/a","0"
"WIN-DEMO-APP01","virtualdisk.numberwriteaveraged.average","8/20/2026 4:14:00 AM","20","1","1","number","scsi0:0","n/a","0"
"WIN-DEMO-APP01","virtualdisk.numberwriteaveraged.average","8/20/2026 4:14:20 AM","20","0","0","number","scsi0:0","n/a","0"
"WIN-DEMO-APP01","virtualdisk.numberwriteaveraged.average","8/20/2026 4:14:40 AM","20","0","0","number","scsi0:0","n/a","0"
"WIN-DEMO-APP01","virtualdisk.numberwriteaveraged.average","8/20/2026 4:15:00 AM","20","0","0","number","scsi0:0","n/a","0"
"WIN-DEMO-APP01","virtualdisk.numberwriteaveraged.average","8/20/2026 4:15:20 AM","20","0","0","number","scsi0:0","n/a","0"
"WIN-DEMO-APP01","virtualdisk.numberwriteaveraged.average","8/20/2026 4:15:40 AM","20","0","0","number","scsi0:0","n/a","0"
"WIN-DEMO-APP01","virtualdisk.numberwriteaveraged.average","8/20/2026 4:16:00 AM","20","0","0","number","scsi0:0","n/a","0"
"WIN-DEMO-APP01","virtualdisk.numberwriteaveraged.average","8/20/2026 4:16:20 AM","20","0","0","number","scsi0:0","n/a","0"
"WIN-DEMO-APP01","virtualdisk.numberwriteaveraged.average","8/20/2026 4:16:40 AM","20","0","0","number","scsi0:0","n/a","0"
"WIN-DEMO-APP01","virtualdisk.numberwriteaveraged.average","8/20/2026 4:17:00 AM","20","0","0","number","scsi0:0","n/a","0"
"WIN-DEMO-APP01","virtualdisk.numberwriteaveraged.average","8/20/2026 4:17:20 AM","20","0","0","number","scsi0:0","n/a","0"
"WIN-DEMO-APP01","virtualdisk.numberwriteaveraged.average","8/20/2026 4:17:40 AM","20","0","0","number","scsi0:0","n/a","0"
"WIN-DEMO-APP01","virtualdisk.numberwriteaveraged.average","8/20/2026 4:18:00 AM","20","1","1","number","scsi0:0","n/a","0"
"WIN-DEMO-APP01","virtualdisk.numberwriteaveraged.average","8/20/2026 4:18:20 AM","20","0","0","number","scsi0:0","n/a","0"
"WIN-DEMO-APP01","virtualdisk.numberwriteaveraged.average","8/20/2026 4:18:40 AM","20","0","0","number","scsi0:0","n/a","0"
"WIN-DEMO-APP01","virtualdisk.numberwriteaveraged.average","8/20/2026 4:19:00 AM","20","1","1","number","scsi0:0","n/a","0"
"WIN-DEMO-APP01","virtualdisk.numberwriteaveraged.average","8/20/2026 4:19:20 AM","20","0","0","number","scsi0:0","n/a","0"
"WIN-DEMO-APP01","virtualdisk.numberwriteaveraged.average","8/20/2026 4:19:40 AM","20","0","0","number","scsi0:0","n/a","0"
"WIN-DEMO-APP01","virtualdisk.numberwriteaveraged.average","8/20/2026 4:20:00 AM","20","1","1","number","scsi0:0","n/a","0"
"WIN-DEMO-APP01","virtualdisk.numberwriteaveraged.average","8/20/2026 4:20:20 AM","20","0","0","number","scsi0:0","n/a","0"
"WIN-DEMO-APP01","virtualdisk.numberwriteaveraged.average","8/20/2026 4:20:40 AM","20","0","0","number","scsi0:0","n/a","0"
"WIN-DEMO-APP01","virtualdisk.numberwriteaveraged.average","8/20/2026 4:21:00 AM","20","1","1","number","scsi0:0","n/a","0"
"WIN-DEMO-APP01","virtualdisk.numberwriteaveraged.average","8/20/2026 4:21:20 AM","20","0","0","number","scsi0:0","n/a","0"
"WIN-DEMO-APP01","virtualdisk.numberwriteaveraged.average","8/20/2026 4:21:40 AM","20","0","0","number","scsi0:0","n/a","0"
"WIN-DEMO-APP01","virtualdisk.numberwriteaveraged.average","8/20/2026 4:22:00 AM","20","0","0","number","scsi0:0","n/a","0"
"WIN-DEMO-APP01","virtualdisk.numberwriteaveraged.average","8/20/2026 4:22:20 AM","20","1","1","number","scsi0:0","n/a","0"
"WIN-DEMO-APP01","virtualdisk.numberwriteaveraged.average","8/20/2026 4:22:40 AM","20","4","4","number","scsi0:0","n/a","0"
"WIN-DEMO-APP01","virtualdisk.numberwriteaveraged.average","8/20/2026 4:23:00 AM","20","0","0","number","scsi0:0","n/a","0"
"WIN-DEMO-APP01","virtualdisk.numberwriteaveraged.average","8/20/2026 4:23:20 AM","20","1","1","number","scsi0:0","n/a","0"
"WIN-DEMO-APP01","virtualdisk.numberwriteaveraged.average","8/20/2026 4:23:40 AM","20","0","0","number","scsi0:0","n/a","0"
"WIN-DEMO-APP01","virtualdisk.numberwriteaveraged.average","8/20/2026 4:24:00 AM","20","0","0","number","scsi0:0","n/a","0"
"WIN-DEMO-APP01","virtualdisk.numberwriteaveraged.average","8/20/2026 4:24:20 AM","20","0","0","number","scsi0:0","n/a","0"
"WIN-DEMO-APP01","virtualdisk.numberwriteaveraged.average","8/20/2026 4:24:40 AM","20","0","0","number","scsi0:0","n/a","0"
"WIN-DEMO-APP01","virtualdisk.numberwriteaveraged.average","8/20/2026 4:25:00 AM","20","0","0","number","scsi0:0","n/a","0"
"WIN-DEMO-APP01","virtualdisk.numberwriteaveraged.average","8/20/2026 4:25:20 AM","20","0","0","number","scsi0:0","n/a","0"
"WIN-DEMO-APP01","virtualdisk.numberwriteaveraged.average","8/20/2026 4:25:40 AM","20","0","0","number","scsi0:0","n/a","0"
"WIN-DEMO-APP01","virtualdisk.numberwriteaveraged.average","8/20/2026 4:26:00 AM","20","0","0","number","scsi0:0","n/a","0"
"WIN-DEMO-APP01","virtualdisk.numberwriteaveraged.average","8/20/2026 4:26:20 AM","20","0","0","number","scsi0:0","n/a","0"
"WIN-DEMO-APP01","virtualdisk.numberwriteaveraged.average","8/20/2026 4:26:40 AM","20","0","0","number","scsi0:0","n/a","0"
"WIN-DEMO-APP01","virtualdisk.numberwriteaveraged.average","8/20/2026 4:27:00 AM","20","0","0","number","scsi0:0","n/a","0"
"WIN-DEMO-APP01","virtualdisk.numberwriteaveraged.average","8/20/2026 4:27:20 AM","20","0","0","number","scsi0:0","n/a","0"
"WIN-DEMO-APP01","virtualdisk.numberwriteaveraged.average","8/20/2026 4:27:40 AM","20","1","1","number","scsi0:0","n/a","0"
"WIN-DEMO-APP01","virtualdisk.numberwriteaveraged.average","8/20/2026 4:28:00 AM","20","0","0","number","scsi0:0","n/a","0"
"WIN-DEMO-APP01","virtualdisk.numberwriteaveraged.average","8/20/2026 4:28:20 AM","20","0","0","number","scsi0:0","n/a","0"
"WIN-DEMO-APP01","virtualdisk.numberwriteaveraged.average","8/20/2026 4:28:40 AM","20","0","0","number","scsi0:0","n/a","0"
"WIN-DEMO-APP01","virtualdisk.numberwriteaveraged.average","8/20/2026 4:29:00 AM","20","0","0","number","scsi0:0","n/a","0"
"WIN-DEMO-APP01","virtualdisk.numberwriteaveraged.average","8/20/2026 4:29:20 AM","20","0","0","number","scsi0:0","n/a","0"
"WIN-DEMO-APP01","virtualdisk.numberwriteaveraged.average","8/20/2026 4:29:40 AM","20","0","0","number","scsi0:0","n/a","0"
"WIN-DEMO-APP01","virtualdisk.numberwriteaveraged.average","8/20/2026 4:30:00 AM","20","0","0","number","scsi0:0","n/a","0"
"WIN-DEMO-APP01","virtualdisk.numberwriteaveraged.average","8/20/2026 4:30:20 AM","20","0","0","number","scsi0:0","n/a","0"
"WIN-DEMO-APP01","virtualdisk.numberwriteaveraged.average","8/20/2026 4:30:40 AM","20","0","0","number","scsi0:0","n/a","0"
"WIN-DEMO-APP01","virtualdisk.numberwriteaveraged.average","8/20/2026 4:31:00 AM","20","1","1","number","scsi0:0","n/a","0"
"WIN-DEMO-APP01","virtualdisk.numberwriteaveraged.average","8/20/2026 4:31:20 AM","20","0","0","number","scsi0:0","n/a","0"
"WIN-DEMO-APP01","virtualdisk.numberwriteaveraged.average","8/20/2026 4:31:40 AM","20","0","0","number","scsi0:0","n/a","0"
"WIN-DEMO-APP01","virtualdisk.numberwriteaveraged.average","8/20/2026 4:32:00 AM","20","0","0","number","scsi0:0","n/a","0"
"WIN-DEMO-APP01","virtualdisk.numberwriteaveraged.average","8/20/2026 4:32:20 AM","20","0","0","number","scsi0:0","n/a","0"
"WIN-DEMO-APP01","virtualdisk.numberwriteaveraged.average","8/20/2026 4:32:40 AM","20","1","1","number","scsi0:0","n/a","0"
"WIN-DEMO-APP01","virtualdisk.numberwriteaveraged.average","8/20/2026 4:33:00 AM","20","1","1","number","scsi0:0","n/a","0"
"WIN-DEMO-APP01","virtualdisk.numberwriteaveraged.average","8/20/2026 4:33:20 AM","20","0","0","number","scsi0:0","n/a","0"
"WIN-DEMO-APP01","virtualdisk.numberwriteaveraged.average","8/20/2026 4:33:40 AM","20","0","0","number","scsi0:0","n/a","0"
"WIN-DEMO-APP01","virtualdisk.numberwriteaveraged.average","8/20/2026 4:34:00 AM","20","0","0","number","scsi0:0","n/a","0"
"WIN-DEMO-APP01","virtualdisk.numberwriteaveraged.average","8/20/2026 4:34:20 AM","20","0","0","number","scsi0:0","n/a","0"
"WIN-DEMO-APP01","virtualdisk.numberwriteaveraged.average","8/20/2026 4:34:40 AM","20","0","0","number","scsi0:0","n/a","0"
"WIN-DEMO-APP01","virtualdisk.numberwriteaveraged.average","8/20/2026 4:35:00 AM","20","0","0","number","scsi0:0","n/a","0"
"WIN-DEMO-APP01","virtualdisk.numberwriteaveraged.average","8/20/2026 4:35:20 AM","20","0","0","number","scsi0:0","n/a","0"
"WIN-DEMO-APP01","virtualdisk.numberwriteaveraged.average","8/20/2026 4:35:40 AM","20","0","0","number","scsi0:0","n/a","0"
"WIN-DEMO-APP01","virtualdisk.numberwriteaveraged.average","8/20/2026 4:36:00 AM","20","2","2","number","scsi0:0","n/a","0"
"WIN-DEMO-APP01","virtualdisk.numberwriteaveraged.average","8/20/2026 4:36:20 AM","20","1","1","number","scsi0:0","n/a","0"
"WIN-DEMO-APP01","virtualdisk.numberwriteaveraged.average","8/20/2026 4:36:40 AM","20","1","1","number","scsi0:0","n/a","0"
"WIN-DEMO-APP01","virtualdisk.numberwriteaveraged.average","8/20/2026 4:37:00 AM","20","0","0","number","scsi0:0","n/a","0"
"WIN-DEMO-APP01","virtualdisk.numberwriteaveraged.average","8/20/2026 4:37:20 AM","20","1","1","number","scsi0:0","n/a","0"
"WIN-DEMO-APP01","virtualdisk.numberwriteaveraged.average","8/20/2026 4:37:40 AM","20","0","0","number","scsi0:0","n/a","0"
"WIN-DEMO-APP01","virtualdisk.numberwriteaveraged.average","8/20/2026 4:38:00 AM","20","1","1","number","scsi0:0","n/a","0"
"WIN-DEMO-APP01","virtualdisk.numberwriteaveraged.average","8/20/2026 4:38:20 AM","20","0","0","number","scsi0:0","n/a","0"
"WIN-DEMO-APP01","virtualdisk.numberwriteaveraged.average","8/20/2026 4:38:40 AM","20","1","1","number","scsi0:0","n/a","0"
"WIN-DEMO-APP01","virtualdisk.numberwriteaveraged.average","8/20/2026 4:39:00 AM","20","0","0","number","scsi0:0","n/a","0"
"WIN-DEMO-APP01","virtualdisk.numberwriteaveraged.average","8/20/2026 4:39:20 AM","20","0","0","number","scsi0:0","n/a","0"
"WIN-DEMO-APP01","virtualdisk.numberwriteaveraged.average","8/20/2026 4:39:40 AM","20","0","0","number","scsi0:0","n/a","0"
"WIN-DEMO-APP01","virtualdisk.numberwriteaveraged.average","8/20/2026 4:40:00 AM","20","0","0","number","scsi0:0","n/a","0"
"WIN-DEMO-APP01","virtualdisk.numberwriteaveraged.average","8/20/2026 4:40:20 AM","20","0","0","number","scsi0:0","n/a","0"
"WIN-DEMO-APP01","virtualdisk.numberwriteaveraged.average","8/20/2026 4:40:40 AM","20","0","0","number","scsi0:0","n/a","0"
"WIN-DEMO-APP01","virtualdisk.numberwriteaveraged.average","8/20/2026 4:41:00 AM","20","0","0","number","scsi0:0","n/a","0"
"WIN-DEMO-APP01","virtualdisk.numberwriteaveraged.average","8/20/2026 4:41:20 AM","20","0","0","number","scsi0:0","n/a","0"
"WIN-DEMO-APP01","virtualdisk.numberwriteaveraged.average","8/20/2026 4:41:40 AM","20","0","0","number","scsi0:0","n/a","0"
"WIN-DEMO-APP01","virtualdisk.numberwriteaveraged.average","8/20/2026 4:42:00 AM","20","0","0","number","scsi0:0","n/a","0"
"WIN-DEMO-APP01","virtualdisk.numberwriteaveraged.average","8/20/2026 4:42:20 AM","20","0","0","number","scsi0:0","n/a","0"
"WIN-DEMO-APP01","virtualdisk.numberwriteaveraged.average","8/20/2026 4:42:40 AM","20","0","0","number","scsi0:0","n/a","0"
"WIN-DEMO-APP01","virtualdisk.numberwriteaveraged.average","8/20/2026 4:43:00 AM","20","0","0","number","scsi0:0","n/a","0"
"WIN-DEMO-APP01","virtualdisk.numberwriteaveraged.average","8/20/2026 4:43:20 AM","20","0","0","number","scsi0:0","n/a","0"
"WIN-DEMO-APP01","virtualdisk.numberwriteaveraged.average","8/20/2026 4:43:40 AM","20","0","0","number","scsi0:0","n/a","0"
"WIN-DEMO-APP01","virtualdisk.numberwriteaveraged.average","8/20/2026 4:44:00 AM","20","1","1","number","scsi0:0","n/a","0"
"WIN-DEMO-APP01","virtualdisk.numberwriteaveraged.average","8/20/2026 4:44:20 AM","20","0","0","number","scsi0:0","n/a","0"
"WIN-DEMO-APP01","virtualdisk.numberwriteaveraged.average","8/20/2026 4:44:40 AM","20","0","0","number","scsi0:0","n/a","0"
"WIN-DEMO-APP01","virtualdisk.numberwriteaveraged.average","8/20/2026 4:45:00 AM","20","0","0","number","scsi0:0","n/a","0"
"WIN-DEMO-APP01","virtualdisk.numberwriteaveraged.average","8/20/2026 4:45:20 AM","20","0","0","number","scsi0:0","n/a","0"
"WIN-DEMO-APP01","virtualdisk.numberwriteaveraged.average","8/20/2026 4:45:40 AM","20","0","0","number","scsi0:0","n/a","0"
"WIN-DEMO-APP01","virtualdisk.numberwriteaveraged.average","8/20/2026 4:46:00 AM","20","1","1","number","scsi0:0","n/a","0"
"WIN-DEMO-APP01","virtualdisk.numberwriteaveraged.average","8/20/2026 4:46:20 AM","20","0","0","number","scsi0:0","n/a","0"
"WIN-DEMO-APP01","virtualdisk.numberwriteaveraged.average","8/20/2026 4:46:40 AM","20","0","0","number","scsi0:0","n/a","0"
"WIN-DEMO-APP01","virtualdisk.numberwriteaveraged.average","8/20/2026 4:47:00 AM","20","0","0","number","scsi0:0","n/a","0"
"WIN-DEMO-APP01","virtualdisk.numberwriteaveraged.average","8/20/2026 4:47:20 AM","20","0","0","number","scsi0:0","n/a","0"
"WIN-DEMO-APP01","virtualdisk.numberwriteaveraged.average","8/20/2026 4:47:40 AM","20","0","0","number","scsi0:0","n/a","0"
"WIN-DEMO-APP01","virtualdisk.numberwriteaveraged.average","8/20/2026 4:48:00 AM","20","1","1","number","scsi0:0","n/a","0"
"WIN-DEMO-APP01","virtualdisk.numberwriteaveraged.average","8/20/2026 4:48:20 AM","20","0","0","number","scsi0:0","n/a","0"
"WIN-DEMO-APP01","virtualdisk.numberwriteaveraged.average","8/20/2026 4:48:40 AM","20","0","0","number","scsi0:0","n/a","0"
"WIN-DEMO-APP01","virtualdisk.numberwriteaveraged.average","8/20/2026 4:49:00 AM","20","0","0","number","scsi0:0","n/a","0"
"WIN-DEMO-APP01","virtualdisk.numberwriteaveraged.average","8/20/2026 4:49:20 AM","20","0","0","number","scsi0:0","n/a","0"
"WIN-DEMO-APP01","virtualdisk.numberwriteaveraged.average","8/20/2026 4:49:40 AM","20","0","0","number","scsi0:0","n/a","0"
"WIN-DEMO-APP01","virtualdisk.numberwriteaveraged.average","8/20/2026 4:50:00 AM","20","0","0","number","scsi0:0","n/a","0"
"WIN-DEMO-APP01","virtualdisk.numberwriteaveraged.average","8/20/2026 4:50:20 AM","20","0","0","number","scsi0:0","n/a","0"
"WIN-DEMO-APP01","virtualdisk.numberwriteaveraged.average","8/20/2026 4:50:40 AM","20","0","0","number","scsi0:0","n/a","0"
"WIN-DEMO-APP01","virtualdisk.numberwriteaveraged.average","8/20/2026 4:51:00 AM","20","0","0","number","scsi0:0","n/a","0"
"WIN-DEMO-APP01","virtualdisk.numberwriteaveraged.average","8/20/2026 4:51:20 AM","20","0","0","number","scsi0:0","n/a","0"
"WIN-DEMO-APP01","virtualdisk.numberwriteaveraged.average","8/20/2026 4:51:40 AM","20","0","0","number","scsi0:0","n/a","0"
"WIN-DEMO-APP01","virtualdisk.numberwriteaveraged.average","8/20/2026 4:52:00 AM","20","0","0","number","scsi0:0","n/a","0"
"WIN-DEMO-APP01","virtualdisk.numberwriteaveraged.average","8/20/2026 4:52:20 AM","20","1","1","number","scsi0:0","n/a","0"
"WIN-DEMO-APP01","virtualdisk.numberwriteaveraged.average","8/20/2026 4:52:40 AM","20","0","0","number","scsi0:0","n/a","0"
"WIN-DEMO-APP01","virtualdisk.numberwriteaveraged.average","8/20/2026 4:53:00 AM","20","1","1","number","scsi0:0","n/a","0"
"WIN-DEMO-APP01","virtualdisk.numberwriteaveraged.average","8/20/2026 4:53:20 AM","20","1","1","number","scsi0:0","n/a","0"
"WIN-DEMO-APP01","virtualdisk.numberwriteaveraged.average","8/20/2026 4:53:40 AM","20","0","0","number","scsi0:0","n/a","0"
"WIN-DEMO-APP01","virtualdisk.numberwriteaveraged.average","8/20/2026 4:54:00 AM","20","0","0","number","scsi0:0","n/a","0"
"WIN-DEMO-APP01","virtualdisk.numberwriteaveraged.average","8/20/2026 4:54:20 AM","20","0","0","number","scsi0:0","n/a","0"
"WIN-DEMO-APP01","virtualdisk.numberwriteaveraged.average","8/20/2026 4:54:40 AM","20","0","0","number","scsi0:0","n/a","0"
"WIN-DEMO-APP01","virtualdisk.numberwriteaveraged.average","8/20/2026 4:55:00 AM","20","1","1","number","scsi0:0","n/a","0"
"WIN-DEMO-APP01","virtualdisk.numberwriteaveraged.average","8/20/2026 4:55:20 AM","20","0","0","number","scsi0:0","n/a","0"
"WIN-DEMO-APP01","virtualdisk.numberwriteaveraged.average","8/20/2026 4:55:40 AM","20","0","0","number","scsi0:0","n/a","0"
"WIN-DEMO-APP01","virtualdisk.numberwriteaveraged.average","8/20/2026 4:56:00 AM","20","1","1","number","scsi0:0","n/a","0"
"WIN-DEMO-APP01","virtualdisk.numberwriteaveraged.average","8/20/2026 4:56:20 AM","20","0","0","number","scsi0:0","n/a","0"
"WIN-DEMO-APP01","virtualdisk.numberwriteaveraged.average","8/20/2026 4:56:40 AM","20","1","1","number","scsi0:0","n/a","0"
"WIN-DEMO-APP01","virtualdisk.numberwriteaveraged.average","8/20/2026 4:57:00 AM","20","0","0","number","scsi0:0","n/a","0"
"WIN-DEMO-APP01","virtualdisk.numberwriteaveraged.average","8/20/2026 4:57:20 AM","20","0","0","number","scsi0:0","n/a","0"
"WIN-DEMO-APP01","virtualdisk.numberwriteaveraged.average","8/20/2026 4:57:40 AM","20","2","2","number","scsi0:0","n/a","0"
"WIN-DEMO-APP01","virtualdisk.numberwriteaveraged.average","8/20/2026 4:58:00 AM","20","0","0","number","scsi0:0","n/a","0"
"WIN-DEMO-APP01","virtualdisk.numberwriteaveraged.average","8/20/2026 4:58:20 AM","20","0","0","number","scsi0:0","n/a","0"
"WIN-DEMO-APP01","virtualdisk.numberwriteaveraged.average","8/20/2026 4:58:40 AM","20","0","0","number","scsi0:0","n/a","0"
"WIN-DEMO-APP01","virtualdisk.numberwriteaveraged.average","8/20/2026 4:59:00 AM","20","0","0","number","scsi0:0","n/a","0"
"WIN-DEMO-APP01","virtualdisk.numberwriteaveraged.average","8/20/2026 4:59:20 AM","20","0","0","number","scsi0:0","n/a","0"
"WIN-DEMO-APP01","virtualdisk.numberwriteaveraged.average","8/20/2026 4:59:40 AM","20","0","0","number","scsi0:0","n/a","0"
"WIN-DEMO-APP01","virtualdisk.numberwriteaveraged.average","8/20/2026 5:00:00 AM","20","1","1","number","scsi0:0","n/a","0"
"WIN-DEMO-APP01","virtualdisk.numberwriteaveraged.average","8/20/2026 5:00:20 AM","20","0","0","number","scsi0:0","n/a","0"
"WIN-DEMO-APP01","virtualdisk.numberwriteaveraged.average","8/20/2026 5:00:40 AM","20","0","0","number","scsi0:0","n/a","0"
"WIN-DEMO-APP01","virtualdisk.numberwriteaveraged.average","8/20/2026 5:01:00 AM","20","0","0","number","scsi0:0","n/a","0"
"WIN-DEMO-APP01","virtualdisk.numberwriteaveraged.average","8/20/2026 5:01:20 AM","20","0","0","number","scsi0:0","n/a","0"
"WIN-DEMO-APP01","virtualdisk.numberwriteaveraged.average","8/20/2026 5:01:40 AM","20","0","0","number","scsi0:0","n/a","0"
"WIN-DEMO-APP01","virtualdisk.numberwriteaveraged.average","8/20/2026 5:02:00 AM","20","0","0","number","scsi0:0","n/a","0"
"WIN-DEMO-APP01","virtualdisk.numberwriteaveraged.average","8/20/2026 5:02:20 AM","20","0","0","number","scsi0:0","n/a","0"
"WIN-DEMO-APP01","virtualdisk.numberwriteaveraged.average","8/20/2026 5:02:40 AM","20","0","0","number","scsi0:0","n/a","0"
"WIN-DEMO-APP01","virtualdisk.numberwriteaveraged.average","8/20/2026 5:03:00 AM","20","1","1","number","scsi0:0","n/a","0"
"WIN-DEMO-APP01","virtualdisk.numberwriteaveraged.average","8/20/2026 5:03:20 AM","20","0","0","number","scsi0:0","n/a","0"
"WIN-DEMO-APP01","virtualdisk.numberwriteaveraged.average","8/20/2026 5:03:40 AM","20","0","0","number","scsi0:0","n/a","0"
"WIN-DEMO-APP01","virtualdisk.numberwriteaveraged.average","8/20/2026 5:04:00 AM","20","1","1","number","scsi0:0","n/a","0"
"WIN-DEMO-APP01","virtualdisk.numberwriteaveraged.average","8/20/2026 5:04:20 AM","20","3","3","number","scsi0:0","n/a","0"
"WIN-DEMO-APP01","virtualdisk.numberwriteaveraged.average","8/20/2026 5:04:40 AM","20","0","0","number","scsi0:0","n/a","0"
"WIN-DEMO-APP01","virtualdisk.numberwriteaveraged.average","8/20/2026 5:05:00 AM","20","0","0","number","scsi0:0","n/a","0"
"WIN-DEMO-APP01","virtualdisk.numberwriteaveraged.average","8/20/2026 5:05:20 AM","20","0","0","number","scsi0:0","n/a","0"
"WIN-DEMO-APP01","virtualdisk.numberwriteaveraged.average","8/20/2026 5:05:40 AM","20","0","0","number","scsi0:0","n/a","0"
"WIN-DEMO-APP01","virtualdisk.read.average","8/20/2026 4:06:00 AM","20","0","0","KBps","scsi0:0","n/a","0"
"WIN-DEMO-APP01","virtualdisk.read.average","8/20/2026 4:06:20 AM","20","0","0","KBps","scsi0:0","n/a","0"
"WIN-DEMO-APP01","virtualdisk.read.average","8/20/2026 4:06:40 AM","20","0","0","KBps","scsi0:0","n/a","0"
"WIN-DEMO-APP01","virtualdisk.read.average","8/20/2026 4:07:00 AM","20","0","0","KBps","scsi0:0","n/a","0"
"WIN-DEMO-APP01","virtualdisk.read.average","8/20/2026 4:07:20 AM","20","0","0","KBps","scsi0:0","n/a","0"
"WIN-DEMO-APP01","virtualdisk.read.average","8/20/2026 4:07:40 AM","20","0","0","KBps","scsi0:0","n/a","0"
"WIN-DEMO-APP01","virtualdisk.read.average","8/20/2026 4:08:00 AM","20","0","0","KBps","scsi0:0","n/a","0"
"WIN-DEMO-APP01","virtualdisk.read.average","8/20/2026 4:08:20 AM","20","0","0","KBps","scsi0:0","n/a","0"
"WIN-DEMO-APP01","virtualdisk.read.average","8/20/2026 4:08:40 AM","20","0","0","KBps","scsi0:0","n/a","0"
"WIN-DEMO-APP01","virtualdisk.read.average","8/20/2026 4:09:00 AM","20","0","0","KBps","scsi0:0","n/a","0"
"WIN-DEMO-APP01","virtualdisk.read.average","8/20/2026 4:09:20 AM","20","0","0","KBps","scsi0:0","n/a","0"
"WIN-DEMO-APP01","virtualdisk.read.average","8/20/2026 4:09:40 AM","20","0","0","KBps","scsi0:0","n/a","0"
"WIN-DEMO-APP01","virtualdisk.read.average","8/20/2026 4:10:00 AM","20","0","0","KBps","scsi0:0","n/a","0"
"WIN-DEMO-APP01","virtualdisk.read.average","8/20/2026 4:10:20 AM","20","0","0","KBps","scsi0:0","n/a","0"
"WIN-DEMO-APP01","virtualdisk.read.average","8/20/2026 4:10:40 AM","20","0","0","KBps","scsi0:0","n/a","0"
"WIN-DEMO-APP01","virtualdisk.read.average","8/20/2026 4:11:00 AM","20","0","0","KBps","scsi0:0","n/a","0"
"WIN-DEMO-APP01","virtualdisk.read.average","8/20/2026 4:11:20 AM","20","0","0","KBps","scsi0:0","n/a","0"
"WIN-DEMO-APP01","virtualdisk.read.average","8/20/2026 4:11:40 AM","20","0","0","KBps","scsi0:0","n/a","0"
"WIN-DEMO-APP01","virtualdisk.read.average","8/20/2026 4:12:00 AM","20","0","0","KBps","scsi0:0","n/a","0"
"WIN-DEMO-APP01","virtualdisk.read.average","8/20/2026 4:12:20 AM","20","0","0","KBps","scsi0:0","n/a","0"
"WIN-DEMO-APP01","virtualdisk.read.average","8/20/2026 4:12:40 AM","20","0","0","KBps","scsi0:0","n/a","0"
"WIN-DEMO-APP01","virtualdisk.read.average","8/20/2026 4:13:00 AM","20","0","0","KBps","scsi0:0","n/a","0"
"WIN-DEMO-APP01","virtualdisk.read.average","8/20/2026 4:13:20 AM","20","0","0","KBps","scsi0:0","n/a","0"
"WIN-DEMO-APP01","virtualdisk.read.average","8/20/2026 4:13:40 AM","20","0","0","KBps","scsi0:0","n/a","0"
"WIN-DEMO-APP01","virtualdisk.read.average","8/20/2026 4:14:00 AM","20","0","0","KBps","scsi0:0","n/a","0"
"WIN-DEMO-APP01","virtualdisk.read.average","8/20/2026 4:14:20 AM","20","0","0","KBps","scsi0:0","n/a","0"
"WIN-DEMO-APP01","virtualdisk.read.average","8/20/2026 4:14:40 AM","20","0","0","KBps","scsi0:0","n/a","0"
"WIN-DEMO-APP01","virtualdisk.read.average","8/20/2026 4:15:00 AM","20","0","0","KBps","scsi0:0","n/a","0"
"WIN-DEMO-APP01","virtualdisk.read.average","8/20/2026 4:15:20 AM","20","0","0","KBps","scsi0:0","n/a","0"
"WIN-DEMO-APP01","virtualdisk.read.average","8/20/2026 4:15:40 AM","20","0","0","KBps","scsi0:0","n/a","0"
"WIN-DEMO-APP01","virtualdisk.read.average","8/20/2026 4:16:00 AM","20","0","0","KBps","scsi0:0","n/a","0"
"WIN-DEMO-APP01","virtualdisk.read.average","8/20/2026 4:16:20 AM","20","0","0","KBps","scsi0:0","n/a","0"
"WIN-DEMO-APP01","virtualdisk.read.average","8/20/2026 4:16:40 AM","20","0","0","KBps","scsi0:0","n/a","0"
"WIN-DEMO-APP01","virtualdisk.read.average","8/20/2026 4:17:00 AM","20","0","0","KBps","scsi0:0","n/a","0"
"WIN-DEMO-APP01","virtualdisk.read.average","8/20/2026 4:17:20 AM","20","0","0","KBps","scsi0:0","n/a","0"
"WIN-DEMO-APP01","virtualdisk.read.average","8/20/2026 4:17:40 AM","20","0","0","KBps","scsi0:0","n/a","0"
"WIN-DEMO-APP01","virtualdisk.read.average","8/20/2026 4:18:00 AM","20","0","0","KBps","scsi0:0","n/a","0"
"WIN-DEMO-APP01","virtualdisk.read.average","8/20/2026 4:18:20 AM","20","0","0","KBps","scsi0:0","n/a","0"
"WIN-DEMO-APP01","virtualdisk.read.average","8/20/2026 4:18:40 AM","20","0","0","KBps","scsi0:0","n/a","0"
"WIN-DEMO-APP01","virtualdisk.read.average","8/20/2026 4:19:00 AM","20","0","0","KBps","scsi0:0","n/a","0"
"WIN-DEMO-APP01","virtualdisk.read.average","8/20/2026 4:19:20 AM","20","0","0","KBps","scsi0:0","n/a","0"
"WIN-DEMO-APP01","virtualdisk.read.average","8/20/2026 4:19:40 AM","20","0","0","KBps","scsi0:0","n/a","0"
"WIN-DEMO-APP01","virtualdisk.read.average","8/20/2026 4:20:00 AM","20","0","0","KBps","scsi0:0","n/a","0"
"WIN-DEMO-APP01","virtualdisk.read.average","8/20/2026 4:20:20 AM","20","0","0","KBps","scsi0:0","n/a","0"
"WIN-DEMO-APP01","virtualdisk.read.average","8/20/2026 4:20:40 AM","20","0","0","KBps","scsi0:0","n/a","0"
"WIN-DEMO-APP01","virtualdisk.read.average","8/20/2026 4:21:00 AM","20","0","0","KBps","scsi0:0","n/a","0"
"WIN-DEMO-APP01","virtualdisk.read.average","8/20/2026 4:21:20 AM","20","0","0","KBps","scsi0:0","n/a","0"
"WIN-DEMO-APP01","virtualdisk.read.average","8/20/2026 4:21:40 AM","20","0","0","KBps","scsi0:0","n/a","0"
"WIN-DEMO-APP01","virtualdisk.read.average","8/20/2026 4:22:00 AM","20","0","0","KBps","scsi0:0","n/a","0"
"WIN-DEMO-APP01","virtualdisk.read.average","8/20/2026 4:22:20 AM","20","0","0","KBps","scsi0:0","n/a","0"
"WIN-DEMO-APP01","virtualdisk.read.average","8/20/2026 4:22:40 AM","20","0","0","KBps","scsi0:0","n/a","0"
"WIN-DEMO-APP01","virtualdisk.read.average","8/20/2026 4:23:00 AM","20","0","0","KBps","scsi0:0","n/a","0"
"WIN-DEMO-APP01","virtualdisk.read.average","8/20/2026 4:23:20 AM","20","0","0","KBps","scsi0:0","n/a","0"
"WIN-DEMO-APP01","virtualdisk.read.average","8/20/2026 4:23:40 AM","20","0","0","KBps","scsi0:0","n/a","0"
"WIN-DEMO-APP01","virtualdisk.read.average","8/20/2026 4:24:00 AM","20","0","0","KBps","scsi0:0","n/a","0"
"WIN-DEMO-APP01","virtualdisk.read.average","8/20/2026 4:24:20 AM","20","0","0","KBps","scsi0:0","n/a","0"
"WIN-DEMO-APP01","virtualdisk.read.average","8/20/2026 4:24:40 AM","20","0","0","KBps","scsi0:0","n/a","0"
"WIN-DEMO-APP01","virtualdisk.read.average","8/20/2026 4:25:00 AM","20","0","0","KBps","scsi0:0","n/a","0"
"WIN-DEMO-APP01","virtualdisk.read.average","8/20/2026 4:25:20 AM","20","0","0","KBps","scsi0:0","n/a","0"
"WIN-DEMO-APP01","virtualdisk.read.average","8/20/2026 4:25:40 AM","20","0","0","KBps","scsi0:0","n/a","0"
"WIN-DEMO-APP01","virtualdisk.read.average","8/20/2026 4:26:00 AM","20","0","0","KBps","scsi0:0","n/a","0"
"WIN-DEMO-APP01","virtualdisk.read.average","8/20/2026 4:26:20 AM","20","0","0","KBps","scsi0:0","n/a","0"
"WIN-DEMO-APP01","virtualdisk.read.average","8/20/2026 4:26:40 AM","20","0","0","KBps","scsi0:0","n/a","0"
"WIN-DEMO-APP01","virtualdisk.read.average","8/20/2026 4:27:00 AM","20","0","0","KBps","scsi0:0","n/a","0"
"WIN-DEMO-APP01","virtualdisk.read.average","8/20/2026 4:27:20 AM","20","0","0","KBps","scsi0:0","n/a","0"
"WIN-DEMO-APP01","virtualdisk.read.average","8/20/2026 4:27:40 AM","20","0","0","KBps","scsi0:0","n/a","0"
"WIN-DEMO-APP01","virtualdisk.read.average","8/20/2026 4:28:00 AM","20","0","0","KBps","scsi0:0","n/a","0"
"WIN-DEMO-APP01","virtualdisk.read.average","8/20/2026 4:28:20 AM","20","0","0","KBps","scsi0:0","n/a","0"
"WIN-DEMO-APP01","virtualdisk.read.average","8/20/2026 4:28:40 AM","20","0","0","KBps","scsi0:0","n/a","0"
"WIN-DEMO-APP01","virtualdisk.read.average","8/20/2026 4:29:00 AM","20","0","0","KBps","scsi0:0","n/a","0"
"WIN-DEMO-APP01","virtualdisk.read.average","8/20/2026 4:29:20 AM","20","0","0","KBps","scsi0:0","n/a","0"
"WIN-DEMO-APP01","virtualdisk.read.average","8/20/2026 4:29:40 AM","20","0","0","KBps","scsi0:0","n/a","0"
"WIN-DEMO-APP01","virtualdisk.read.average","8/20/2026 4:30:00 AM","20","0","0","KBps","scsi0:0","n/a","0"
"WIN-DEMO-APP01","virtualdisk.read.average","8/20/2026 4:30:20 AM","20","0","0","KBps","scsi0:0","n/a","0"
"WIN-DEMO-APP01","virtualdisk.read.average","8/20/2026 4:30:40 AM","20","0","0","KBps","scsi0:0","n/a","0"
"WIN-DEMO-APP01","virtualdisk.read.average","8/20/2026 4:31:00 AM","20","0","0","KBps","scsi0:0","n/a","0"
"WIN-DEMO-APP01","virtualdisk.read.average","8/20/2026 4:31:20 AM","20","0","0","KBps","scsi0:0","n/a","0"
"WIN-DEMO-APP01","virtualdisk.read.average","8/20/2026 4:31:40 AM","20","0","0","KBps","scsi0:0","n/a","0"
"WIN-DEMO-APP01","virtualdisk.read.average","8/20/2026 4:32:00 AM","20","0","0","KBps","scsi0:0","n/a","0"
"WIN-DEMO-APP01","virtualdisk.read.average","8/20/2026 4:32:20 AM","20","0","0","KBps","scsi0:0","n/a","0"
"WIN-DEMO-APP01","virtualdisk.read.average","8/20/2026 4:32:40 AM","20","0","0","KBps","scsi0:0","n/a","0"
"WIN-DEMO-APP01","virtualdisk.read.average","8/20/2026 4:33:00 AM","20","0","0","KBps","scsi0:0","n/a","0"
"WIN-DEMO-APP01","virtualdisk.read.average","8/20/2026 4:33:20 AM","20","0","0","KBps","scsi0:0","n/a","0"
"WIN-DEMO-APP01","virtualdisk.read.average","8/20/2026 4:33:40 AM","20","0","0","KBps","scsi0:0","n/a","0"
"WIN-DEMO-APP01","virtualdisk.read.average","8/20/2026 4:34:00 AM","20","0","0","KBps","scsi0:0","n/a","0"
"WIN-DEMO-APP01","virtualdisk.read.average","8/20/2026 4:34:20 AM","20","0","0","KBps","scsi0:0","n/a","0"
"WIN-DEMO-APP01","virtualdisk.read.average","8/20/2026 4:34:40 AM","20","0","0","KBps","scsi0:0","n/a","0"
"WIN-DEMO-APP01","virtualdisk.read.average","8/20/2026 4:35:00 AM","20","0","0","KBps","scsi0:0","n/a","0"
"WIN-DEMO-APP01","virtualdisk.read.average","8/20/2026 4:35:20 AM","20","0","0","KBps","scsi0:0","n/a","0"
"WIN-DEMO-APP01","virtualdisk.read.average","8/20/2026 4:35:40 AM","20","0","0","KBps","scsi0:0","n/a","0"
"WIN-DEMO-APP01","virtualdisk.read.average","8/20/2026 4:36:00 AM","20","53","53","KBps","scsi0:0","n/a","0"
"WIN-DEMO-APP01","virtualdisk.read.average","8/20/2026 4:36:20 AM","20","0","0","KBps","scsi0:0","n/a","0"
"WIN-DEMO-APP01","virtualdisk.read.average","8/20/2026 4:36:40 AM","20","0","0","KBps","scsi0:0","n/a","0"
"WIN-DEMO-APP01","virtualdisk.read.average","8/20/2026 4:37:00 AM","20","0","0","KBps","scsi0:0","n/a","0"
"WIN-DEMO-APP01","virtualdisk.read.average","8/20/2026 4:37:20 AM","20","0","0","KBps","scsi0:0","n/a","0"
"WIN-DEMO-APP01","virtualdisk.read.average","8/20/2026 4:37:40 AM","20","0","0","KBps","scsi0:0","n/a","0"
"WIN-DEMO-APP01","virtualdisk.read.average","8/20/2026 4:38:00 AM","20","0","0","KBps","scsi0:0","n/a","0"
"WIN-DEMO-APP01","virtualdisk.read.average","8/20/2026 4:38:20 AM","20","0","0","KBps","scsi0:0","n/a","0"
"WIN-DEMO-APP01","virtualdisk.read.average","8/20/2026 4:38:40 AM","20","0","0","KBps","scsi0:0","n/a","0"
"WIN-DEMO-APP01","virtualdisk.read.average","8/20/2026 4:39:00 AM","20","0","0","KBps","scsi0:0","n/a","0"
"WIN-DEMO-APP01","virtualdisk.read.average","8/20/2026 4:39:20 AM","20","0","0","KBps","scsi0:0","n/a","0"
"WIN-DEMO-APP01","virtualdisk.read.average","8/20/2026 4:39:40 AM","20","0","0","KBps","scsi0:0","n/a","0"
"WIN-DEMO-APP01","virtualdisk.read.average","8/20/2026 4:40:00 AM","20","0","0","KBps","scsi0:0","n/a","0"
"WIN-DEMO-APP01","virtualdisk.read.average","8/20/2026 4:40:20 AM","20","0","0","KBps","scsi0:0","n/a","0"
"WIN-DEMO-APP01","virtualdisk.read.average","8/20/2026 4:40:40 AM","20","0","0","KBps","scsi0:0","n/a","0"
"WIN-DEMO-APP01","virtualdisk.read.average","8/20/2026 4:41:00 AM","20","0","0","KBps","scsi0:0","n/a","0"
"WIN-DEMO-APP01","virtualdisk.read.average","8/20/2026 4:41:20 AM","20","0","0","KBps","scsi0:0","n/a","0"
"WIN-DEMO-APP01","virtualdisk.read.average","8/20/2026 4:41:40 AM","20","0","0","KBps","scsi0:0","n/a","0"
"WIN-DEMO-APP01","virtualdisk.read.average","8/20/2026 4:42:00 AM","20","0","0","KBps","scsi0:0","n/a","0"
"WIN-DEMO-APP01","virtualdisk.read.average","8/20/2026 4:42:20 AM","20","0","0","KBps","scsi0:0","n/a","0"
"WIN-DEMO-APP01","virtualdisk.read.average","8/20/2026 4:42:40 AM","20","0","0","KBps","scsi0:0","n/a","0"
"WIN-DEMO-APP01","virtualdisk.read.average","8/20/2026 4:43:00 AM","20","0","0","KBps","scsi0:0","n/a","0"
"WIN-DEMO-APP01","virtualdisk.read.average","8/20/2026 4:43:20 AM","20","0","0","KBps","scsi0:0","n/a","0"
"WIN-DEMO-APP01","virtualdisk.read.average","8/20/2026 4:43:40 AM","20","0","0","KBps","scsi0:0","n/a","0"
"WIN-DEMO-APP01","virtualdisk.read.average","8/20/2026 4:44:00 AM","20","0","0","KBps","scsi0:0","n/a","0"
"WIN-DEMO-APP01","virtualdisk.read.average","8/20/2026 4:44:20 AM","20","0","0","KBps","scsi0:0","n/a","0"
"WIN-DEMO-APP01","virtualdisk.read.average","8/20/2026 4:44:40 AM","20","0","0","KBps","scsi0:0","n/a","0"
"WIN-DEMO-APP01","virtualdisk.read.average","8/20/2026 4:45:00 AM","20","0","0","KBps","scsi0:0","n/a","0"
"WIN-DEMO-APP01","virtualdisk.read.average","8/20/2026 4:45:20 AM","20","0","0","KBps","scsi0:0","n/a","0"
"WIN-DEMO-APP01","virtualdisk.read.average","8/20/2026 4:45:40 AM","20","0","0","KBps","scsi0:0","n/a","0"
"WIN-DEMO-APP01","virtualdisk.read.average","8/20/2026 4:46:00 AM","20","0","0","KBps","scsi0:0","n/a","0"
"WIN-DEMO-APP01","virtualdisk.read.average","8/20/2026 4:46:20 AM","20","0","0","KBps","scsi0:0","n/a","0"
"WIN-DEMO-APP01","virtualdisk.read.average","8/20/2026 4:46:40 AM","20","0","0","KBps","scsi0:0","n/a","0"
"WIN-DEMO-APP01","virtualdisk.read.average","8/20/2026 4:47:00 AM","20","0","0","KBps","scsi0:0","n/a","0"
"WIN-DEMO-APP01","virtualdisk.read.average","8/20/2026 4:47:20 AM","20","0","0","KBps","scsi0:0","n/a","0"
"WIN-DEMO-APP01","virtualdisk.read.average","8/20/2026 4:47:40 AM","20","0","0","KBps","scsi0:0","n/a","0"
"WIN-DEMO-APP01","virtualdisk.read.average","8/20/2026 4:48:00 AM","20","0","0","KBps","scsi0:0","n/a","0"
"WIN-DEMO-APP01","virtualdisk.read.average","8/20/2026 4:48:20 AM","20","0","0","KBps","scsi0:0","n/a","0"
"WIN-DEMO-APP01","virtualdisk.read.average","8/20/2026 4:48:40 AM","20","0","0","KBps","scsi0:0","n/a","0"
"WIN-DEMO-APP01","virtualdisk.read.average","8/20/2026 4:49:00 AM","20","0","0","KBps","scsi0:0","n/a","0"
"WIN-DEMO-APP01","virtualdisk.read.average","8/20/2026 4:49:20 AM","20","0","0","KBps","scsi0:0","n/a","0"
"WIN-DEMO-APP01","virtualdisk.read.average","8/20/2026 4:49:40 AM","20","0","0","KBps","scsi0:0","n/a","0"
"WIN-DEMO-APP01","virtualdisk.read.average","8/20/2026 4:50:00 AM","20","0","0","KBps","scsi0:0","n/a","0"
"WIN-DEMO-APP01","virtualdisk.read.average","8/20/2026 4:50:20 AM","20","0","0","KBps","scsi0:0","n/a","0"
"WIN-DEMO-APP01","virtualdisk.read.average","8/20/2026 4:50:40 AM","20","0","0","KBps","scsi0:0","n/a","0"
"WIN-DEMO-APP01","virtualdisk.read.average","8/20/2026 4:51:00 AM","20","0","0","KBps","scsi0:0","n/a","0"
"WIN-DEMO-APP01","virtualdisk.read.average","8/20/2026 4:51:20 AM","20","0","0","KBps","scsi0:0","n/a","0"
"WIN-DEMO-APP01","virtualdisk.read.average","8/20/2026 4:51:40 AM","20","0","0","KBps","scsi0:0","n/a","0"
"WIN-DEMO-APP01","virtualdisk.read.average","8/20/2026 4:52:00 AM","20","0","0","KBps","scsi0:0","n/a","0"
"WIN-DEMO-APP01","virtualdisk.read.average","8/20/2026 4:52:20 AM","20","0","0","KBps","scsi0:0","n/a","0"
"WIN-DEMO-APP01","virtualdisk.read.average","8/20/2026 4:52:40 AM","20","0","0","KBps","scsi0:0","n/a","0"
"WIN-DEMO-APP01","virtualdisk.read.average","8/20/2026 4:53:00 AM","20","0","0","KBps","scsi0:0","n/a","0"
"WIN-DEMO-APP01","virtualdisk.read.average","8/20/2026 4:53:20 AM","20","0","0","KBps","scsi0:0","n/a","0"
"WIN-DEMO-APP01","virtualdisk.read.average","8/20/2026 4:53:40 AM","20","0","0","KBps","scsi0:0","n/a","0"
"WIN-DEMO-APP01","virtualdisk.read.average","8/20/2026 4:54:00 AM","20","0","0","KBps","scsi0:0","n/a","0"
"WIN-DEMO-APP01","virtualdisk.read.average","8/20/2026 4:54:20 AM","20","0","0","KBps","scsi0:0","n/a","0"
"WIN-DEMO-APP01","virtualdisk.read.average","8/20/2026 4:54:40 AM","20","0","0","KBps","scsi0:0","n/a","0"
"WIN-DEMO-APP01","virtualdisk.read.average","8/20/2026 4:55:00 AM","20","0","0","KBps","scsi0:0","n/a","0"
"WIN-DEMO-APP01","virtualdisk.read.average","8/20/2026 4:55:20 AM","20","0","0","KBps","scsi0:0","n/a","0"
"WIN-DEMO-APP01","virtualdisk.read.average","8/20/2026 4:55:40 AM","20","0","0","KBps","scsi0:0","n/a","0"
"WIN-DEMO-APP01","virtualdisk.read.average","8/20/2026 4:56:00 AM","20","0","0","KBps","scsi0:0","n/a","0"
"WIN-DEMO-APP01","virtualdisk.read.average","8/20/2026 4:56:20 AM","20","0","0","KBps","scsi0:0","n/a","0"
"WIN-DEMO-APP01","virtualdisk.read.average","8/20/2026 4:56:40 AM","20","0","0","KBps","scsi0:0","n/a","0"
"WIN-DEMO-APP01","virtualdisk.read.average","8/20/2026 4:57:00 AM","20","0","0","KBps","scsi0:0","n/a","0"
"WIN-DEMO-APP01","virtualdisk.read.average","8/20/2026 4:57:20 AM","20","0","0","KBps","scsi0:0","n/a","0"
"WIN-DEMO-APP01","virtualdisk.read.average","8/20/2026 4:57:40 AM","20","0","0","KBps","scsi0:0","n/a","0"
"WIN-DEMO-APP01","virtualdisk.read.average","8/20/2026 4:58:00 AM","20","0","0","KBps","scsi0:0","n/a","0"
"WIN-DEMO-APP01","virtualdisk.read.average","8/20/2026 4:58:20 AM","20","0","0","KBps","scsi0:0","n/a","0"
"WIN-DEMO-APP01","virtualdisk.read.average","8/20/2026 4:58:40 AM","20","0","0","KBps","scsi0:0","n/a","0"
"WIN-DEMO-APP01","virtualdisk.read.average","8/20/2026 4:59:00 AM","20","0","0","KBps","scsi0:0","n/a","0"
"WIN-DEMO-APP01","virtualdisk.read.average","8/20/2026 4:59:20 AM","20","0","0","KBps","scsi0:0","n/a","0"
"WIN-DEMO-APP01","virtualdisk.read.average","8/20/2026 4:59:40 AM","20","0","0","KBps","scsi0:0","n/a","0"
"WIN-DEMO-APP01","virtualdisk.read.average","8/20/2026 5:00:00 AM","20","0","0","KBps","scsi0:0","n/a","0"
"WIN-DEMO-APP01","virtualdisk.read.average","8/20/2026 5:00:20 AM","20","0","0","KBps","scsi0:0","n/a","0"
"WIN-DEMO-APP01","virtualdisk.read.average","8/20/2026 5:00:40 AM","20","0","0","KBps","scsi0:0","n/a","0"
"WIN-DEMO-APP01","virtualdisk.read.average","8/20/2026 5:01:00 AM","20","0","0","KBps","scsi0:0","n/a","0"
"WIN-DEMO-APP01","virtualdisk.read.average","8/20/2026 5:01:20 AM","20","0","0","KBps","scsi0:0","n/a","0"
"WIN-DEMO-APP01","virtualdisk.read.average","8/20/2026 5:01:40 AM","20","0","0","KBps","scsi0:0","n/a","0"
"WIN-DEMO-APP01","virtualdisk.read.average","8/20/2026 5:02:00 AM","20","0","0","KBps","scsi0:0","n/a","0"
"WIN-DEMO-APP01","virtualdisk.read.average","8/20/2026 5:02:20 AM","20","0","0","KBps","scsi0:0","n/a","0"
"WIN-DEMO-APP01","virtualdisk.read.average","8/20/2026 5:02:40 AM","20","0","0","KBps","scsi0:0","n/a","0"
"WIN-DEMO-APP01","virtualdisk.read.average","8/20/2026 5:03:00 AM","20","0","0","KBps","scsi0:0","n/a","0"
"WIN-DEMO-APP01","virtualdisk.read.average","8/20/2026 5:03:20 AM","20","0","0","KBps","scsi0:0","n/a","0"
"WIN-DEMO-APP01","virtualdisk.read.average","8/20/2026 5:03:40 AM","20","0","0","KBps","scsi0:0","n/a","0"
"WIN-DEMO-APP01","virtualdisk.read.average","8/20/2026 5:04:00 AM","20","0","0","KBps","scsi0:0","n/a","0"
"WIN-DEMO-APP01","virtualdisk.read.average","8/20/2026 5:04:20 AM","20","0","0","KBps","scsi0:0","n/a","0"
"WIN-DEMO-APP01","virtualdisk.read.average","8/20/2026 5:04:40 AM","20","0","0","KBps","scsi0:0","n/a","0"
"WIN-DEMO-APP01","virtualdisk.read.average","8/20/2026 5:05:00 AM","20","0","0","KBps","scsi0:0","n/a","0"
"WIN-DEMO-APP01","virtualdisk.read.average","8/20/2026 5:05:20 AM","20","0","0","KBps","scsi0:0","n/a","0"
"WIN-DEMO-APP01","virtualdisk.read.average","8/20/2026 5:05:40 AM","20","0","0","KBps","scsi0:0","n/a","0"
"WIN-DEMO-APP01","virtualdisk.write.average","8/20/2026 4:06:00 AM","20","10","10","KBps","scsi0:0","n/a","0"
"WIN-DEMO-APP01","virtualdisk.write.average","8/20/2026 4:06:20 AM","20","21","21","KBps","scsi0:0","n/a","0"
"WIN-DEMO-APP01","virtualdisk.write.average","8/20/2026 4:06:40 AM","20","3","3","KBps","scsi0:0","n/a","0"
"WIN-DEMO-APP01","virtualdisk.write.average","8/20/2026 4:07:00 AM","20","3","3","KBps","scsi0:0","n/a","0"
"WIN-DEMO-APP01","virtualdisk.write.average","8/20/2026 4:07:20 AM","20","8","8","KBps","scsi0:0","n/a","0"
"WIN-DEMO-APP01","virtualdisk.write.average","8/20/2026 4:07:40 AM","20","5","5","KBps","scsi0:0","n/a","0"
"WIN-DEMO-APP01","virtualdisk.write.average","8/20/2026 4:08:00 AM","20","30","30","KBps","scsi0:0","n/a","0"
"WIN-DEMO-APP01","virtualdisk.write.average","8/20/2026 4:08:20 AM","20","7","7","KBps","scsi0:0","n/a","0"
"WIN-DEMO-APP01","virtualdisk.write.average","8/20/2026 4:08:40 AM","20","11","11","KBps","scsi0:0","n/a","0"
"WIN-DEMO-APP01","virtualdisk.write.average","8/20/2026 4:09:00 AM","20","5","5","KBps","scsi0:0","n/a","0"
"WIN-DEMO-APP01","virtualdisk.write.average","8/20/2026 4:09:20 AM","20","4","4","KBps","scsi0:0","n/a","0"
"WIN-DEMO-APP01","virtualdisk.write.average","8/20/2026 4:09:40 AM","20","20","20","KBps","scsi0:0","n/a","0"
"WIN-DEMO-APP01","virtualdisk.write.average","8/20/2026 4:10:00 AM","20","7","7","KBps","scsi0:0","n/a","0"
"WIN-DEMO-APP01","virtualdisk.write.average","8/20/2026 4:10:20 AM","20","2","2","KBps","scsi0:0","n/a","0"
"WIN-DEMO-APP01","virtualdisk.write.average","8/20/2026 4:10:40 AM","20","4","4","KBps","scsi0:0","n/a","0"
"WIN-DEMO-APP01","virtualdisk.write.average","8/20/2026 4:11:00 AM","20","3","3","KBps","scsi0:0","n/a","0"
"WIN-DEMO-APP01","virtualdisk.write.average","8/20/2026 4:11:20 AM","20","18","18","KBps","scsi0:0","n/a","0"
"WIN-DEMO-APP01","virtualdisk.write.average","8/20/2026 4:11:40 AM","20","1","1","KBps","scsi0:0","n/a","0"
"WIN-DEMO-APP01","virtualdisk.write.average","8/20/2026 4:12:00 AM","20","6","6","KBps","scsi0:0","n/a","0"
"WIN-DEMO-APP01","virtualdisk.write.average","8/20/2026 4:12:20 AM","20","2","2","KBps","scsi0:0","n/a","0"
"WIN-DEMO-APP01","virtualdisk.write.average","8/20/2026 4:12:40 AM","20","2","2","KBps","scsi0:0","n/a","0"
"WIN-DEMO-APP01","virtualdisk.write.average","8/20/2026 4:13:00 AM","20","23","23","KBps","scsi0:0","n/a","0"
"WIN-DEMO-APP01","virtualdisk.write.average","8/20/2026 4:13:20 AM","20","3","3","KBps","scsi0:0","n/a","0"
"WIN-DEMO-APP01","virtualdisk.write.average","8/20/2026 4:13:40 AM","20","1","1","KBps","scsi0:0","n/a","0"
"WIN-DEMO-APP01","virtualdisk.write.average","8/20/2026 4:14:00 AM","20","7","7","KBps","scsi0:0","n/a","0"
"WIN-DEMO-APP01","virtualdisk.write.average","8/20/2026 4:14:20 AM","20","1","1","KBps","scsi0:0","n/a","0"
"WIN-DEMO-APP01","virtualdisk.write.average","8/20/2026 4:14:40 AM","20","29","29","KBps","scsi0:0","n/a","0"
"WIN-DEMO-APP01","virtualdisk.write.average","8/20/2026 4:15:00 AM","20","6","6","KBps","scsi0:0","n/a","0"
"WIN-DEMO-APP01","virtualdisk.write.average","8/20/2026 4:15:20 AM","20","3","3","KBps","scsi0:0","n/a","0"
"WIN-DEMO-APP01","virtualdisk.write.average","8/20/2026 4:15:40 AM","20","3","3","KBps","scsi0:0","n/a","0"
"WIN-DEMO-APP01","virtualdisk.write.average","8/20/2026 4:16:00 AM","20","6","6","KBps","scsi0:0","n/a","0"
"WIN-DEMO-APP01","virtualdisk.write.average","8/20/2026 4:16:20 AM","20","21","21","KBps","scsi0:0","n/a","0"
"WIN-DEMO-APP01","virtualdisk.write.average","8/20/2026 4:16:40 AM","20","1","1","KBps","scsi0:0","n/a","0"
"WIN-DEMO-APP01","virtualdisk.write.average","8/20/2026 4:17:00 AM","20","4","4","KBps","scsi0:0","n/a","0"
"WIN-DEMO-APP01","virtualdisk.write.average","8/20/2026 4:17:20 AM","20","4","4","KBps","scsi0:0","n/a","0"
"WIN-DEMO-APP01","virtualdisk.write.average","8/20/2026 4:17:40 AM","20","3","3","KBps","scsi0:0","n/a","0"
"WIN-DEMO-APP01","virtualdisk.write.average","8/20/2026 4:18:00 AM","20","24","24","KBps","scsi0:0","n/a","0"
"WIN-DEMO-APP01","virtualdisk.write.average","8/20/2026 4:18:20 AM","20","4","4","KBps","scsi0:0","n/a","0"
"WIN-DEMO-APP01","virtualdisk.write.average","8/20/2026 4:18:40 AM","20","3","3","KBps","scsi0:0","n/a","0"
"WIN-DEMO-APP01","virtualdisk.write.average","8/20/2026 4:19:00 AM","20","10","10","KBps","scsi0:0","n/a","0"
"WIN-DEMO-APP01","virtualdisk.write.average","8/20/2026 4:19:20 AM","20","4","4","KBps","scsi0:0","n/a","0"
"WIN-DEMO-APP01","virtualdisk.write.average","8/20/2026 4:19:40 AM","20","20","20","KBps","scsi0:0","n/a","0"
"WIN-DEMO-APP01","virtualdisk.write.average","8/20/2026 4:20:00 AM","20","7","7","KBps","scsi0:0","n/a","0"
"WIN-DEMO-APP01","virtualdisk.write.average","8/20/2026 4:20:20 AM","20","4","4","KBps","scsi0:0","n/a","0"
"WIN-DEMO-APP01","virtualdisk.write.average","8/20/2026 4:20:40 AM","20","7","7","KBps","scsi0:0","n/a","0"
"WIN-DEMO-APP01","virtualdisk.write.average","8/20/2026 4:21:00 AM","20","7","7","KBps","scsi0:0","n/a","0"
"WIN-DEMO-APP01","virtualdisk.write.average","8/20/2026 4:21:20 AM","20","23","23","KBps","scsi0:0","n/a","0"
"WIN-DEMO-APP01","virtualdisk.write.average","8/20/2026 4:21:40 AM","20","2","2","KBps","scsi0:0","n/a","0"
"WIN-DEMO-APP01","virtualdisk.write.average","8/20/2026 4:22:00 AM","20","6","6","KBps","scsi0:0","n/a","0"
"WIN-DEMO-APP01","virtualdisk.write.average","8/20/2026 4:22:20 AM","20","10","10","KBps","scsi0:0","n/a","0"
"WIN-DEMO-APP01","virtualdisk.write.average","8/20/2026 4:22:40 AM","20","13","13","KBps","scsi0:0","n/a","0"
"WIN-DEMO-APP01","virtualdisk.write.average","8/20/2026 4:23:00 AM","20","22","22","KBps","scsi0:0","n/a","0"
"WIN-DEMO-APP01","virtualdisk.write.average","8/20/2026 4:23:20 AM","20","9","9","KBps","scsi0:0","n/a","0"
"WIN-DEMO-APP01","virtualdisk.write.average","8/20/2026 4:23:40 AM","20","0","0","KBps","scsi0:0","n/a","0"
"WIN-DEMO-APP01","virtualdisk.write.average","8/20/2026 4:24:00 AM","20","6","6","KBps","scsi0:0","n/a","0"
"WIN-DEMO-APP01","virtualdisk.write.average","8/20/2026 4:24:20 AM","20","2","2","KBps","scsi0:0","n/a","0"
"WIN-DEMO-APP01","virtualdisk.write.average","8/20/2026 4:24:40 AM","20","23","23","KBps","scsi0:0","n/a","0"
"WIN-DEMO-APP01","virtualdisk.write.average","8/20/2026 4:25:00 AM","20","7","7","KBps","scsi0:0","n/a","0"
"WIN-DEMO-APP01","virtualdisk.write.average","8/20/2026 4:25:20 AM","20","7","7","KBps","scsi0:0","n/a","0"
"WIN-DEMO-APP01","virtualdisk.write.average","8/20/2026 4:25:40 AM","20","3","3","KBps","scsi0:0","n/a","0"
"WIN-DEMO-APP01","virtualdisk.write.average","8/20/2026 4:26:00 AM","20","5","5","KBps","scsi0:0","n/a","0"
"WIN-DEMO-APP01","virtualdisk.write.average","8/20/2026 4:26:20 AM","20","19","19","KBps","scsi0:0","n/a","0"
"WIN-DEMO-APP01","virtualdisk.write.average","8/20/2026 4:26:40 AM","20","1","1","KBps","scsi0:0","n/a","0"
"WIN-DEMO-APP01","virtualdisk.write.average","8/20/2026 4:27:00 AM","20","4","4","KBps","scsi0:0","n/a","0"
"WIN-DEMO-APP01","virtualdisk.write.average","8/20/2026 4:27:20 AM","20","4","4","KBps","scsi0:0","n/a","0"
"WIN-DEMO-APP01","virtualdisk.write.average","8/20/2026 4:27:40 AM","20","10","10","KBps","scsi0:0","n/a","0"
"WIN-DEMO-APP01","virtualdisk.write.average","8/20/2026 4:28:00 AM","20","19","19","KBps","scsi0:0","n/a","0"
"WIN-DEMO-APP01","virtualdisk.write.average","8/20/2026 4:28:20 AM","20","5","5","KBps","scsi0:0","n/a","0"
"WIN-DEMO-APP01","virtualdisk.write.average","8/20/2026 4:28:40 AM","20","0","0","KBps","scsi0:0","n/a","0"
"WIN-DEMO-APP01","virtualdisk.write.average","8/20/2026 4:29:00 AM","20","5","5","KBps","scsi0:0","n/a","0"
"WIN-DEMO-APP01","virtualdisk.write.average","8/20/2026 4:29:20 AM","20","5","5","KBps","scsi0:0","n/a","0"
"WIN-DEMO-APP01","virtualdisk.write.average","8/20/2026 4:29:40 AM","20","16","16","KBps","scsi0:0","n/a","0"
"WIN-DEMO-APP01","virtualdisk.write.average","8/20/2026 4:30:00 AM","20","10","10","KBps","scsi0:0","n/a","0"
"WIN-DEMO-APP01","virtualdisk.write.average","8/20/2026 4:30:20 AM","20","4","4","KBps","scsi0:0","n/a","0"
"WIN-DEMO-APP01","virtualdisk.write.average","8/20/2026 4:30:40 AM","20","8","8","KBps","scsi0:0","n/a","0"
"WIN-DEMO-APP01","virtualdisk.write.average","8/20/2026 4:31:00 AM","20","7","7","KBps","scsi0:0","n/a","0"
"WIN-DEMO-APP01","virtualdisk.write.average","8/20/2026 4:31:20 AM","20","17","17","KBps","scsi0:0","n/a","0"
"WIN-DEMO-APP01","virtualdisk.write.average","8/20/2026 4:31:40 AM","20","1","1","KBps","scsi0:0","n/a","0"
"WIN-DEMO-APP01","virtualdisk.write.average","8/20/2026 4:32:00 AM","20","6","6","KBps","scsi0:0","n/a","0"
"WIN-DEMO-APP01","virtualdisk.write.average","8/20/2026 4:32:20 AM","20","5","5","KBps","scsi0:0","n/a","0"
"WIN-DEMO-APP01","virtualdisk.write.average","8/20/2026 4:32:40 AM","20","8","8","KBps","scsi0:0","n/a","0"
"WIN-DEMO-APP01","virtualdisk.write.average","8/20/2026 4:33:00 AM","20","22","22","KBps","scsi0:0","n/a","0"
"WIN-DEMO-APP01","virtualdisk.write.average","8/20/2026 4:33:20 AM","20","3","3","KBps","scsi0:0","n/a","0"
"WIN-DEMO-APP01","virtualdisk.write.average","8/20/2026 4:33:40 AM","20","1","1","KBps","scsi0:0","n/a","0"
"WIN-DEMO-APP01","virtualdisk.write.average","8/20/2026 4:34:00 AM","20","5","5","KBps","scsi0:0","n/a","0"
"WIN-DEMO-APP01","virtualdisk.write.average","8/20/2026 4:34:20 AM","20","2","2","KBps","scsi0:0","n/a","0"
"WIN-DEMO-APP01","virtualdisk.write.average","8/20/2026 4:34:40 AM","20","19","19","KBps","scsi0:0","n/a","0"
"WIN-DEMO-APP01","virtualdisk.write.average","8/20/2026 4:35:00 AM","20","10","10","KBps","scsi0:0","n/a","0"
"WIN-DEMO-APP01","virtualdisk.write.average","8/20/2026 4:35:20 AM","20","4","4","KBps","scsi0:0","n/a","0"
"WIN-DEMO-APP01","virtualdisk.write.average","8/20/2026 4:35:40 AM","20","0","0","KBps","scsi0:0","n/a","0"
"WIN-DEMO-APP01","virtualdisk.write.average","8/20/2026 4:36:00 AM","20","58","58","KBps","scsi0:0","n/a","0"
"WIN-DEMO-APP01","virtualdisk.write.average","8/20/2026 4:36:20 AM","20","25","25","KBps","scsi0:0","n/a","0"
"WIN-DEMO-APP01","virtualdisk.write.average","8/20/2026 4:36:40 AM","20","25","25","KBps","scsi0:0","n/a","0"
"WIN-DEMO-APP01","virtualdisk.write.average","8/20/2026 4:37:00 AM","20","5","5","KBps","scsi0:0","n/a","0"
"WIN-DEMO-APP01","virtualdisk.write.average","8/20/2026 4:37:20 AM","20","9","9","KBps","scsi0:0","n/a","0"
"WIN-DEMO-APP01","virtualdisk.write.average","8/20/2026 4:37:40 AM","20","4","4","KBps","scsi0:0","n/a","0"
"WIN-DEMO-APP01","virtualdisk.write.average","8/20/2026 4:38:00 AM","20","27","27","KBps","scsi0:0","n/a","0"
"WIN-DEMO-APP01","virtualdisk.write.average","8/20/2026 4:38:20 AM","20","7","7","KBps","scsi0:0","n/a","0"
"WIN-DEMO-APP01","virtualdisk.write.average","8/20/2026 4:38:40 AM","20","8","8","KBps","scsi0:0","n/a","0"
"WIN-DEMO-APP01","virtualdisk.write.average","8/20/2026 4:39:00 AM","20","5","5","KBps","scsi0:0","n/a","0"
"WIN-DEMO-APP01","virtualdisk.write.average","8/20/2026 4:39:20 AM","20","4","4","KBps","scsi0:0","n/a","0"
"WIN-DEMO-APP01","virtualdisk.write.average","8/20/2026 4:39:40 AM","20","20","20","KBps","scsi0:0","n/a","0"
"WIN-DEMO-APP01","virtualdisk.write.average","8/20/2026 4:40:00 AM","20","7","7","KBps","scsi0:0","n/a","0"
"WIN-DEMO-APP01","virtualdisk.write.average","8/20/2026 4:40:20 AM","20","2","2","KBps","scsi0:0","n/a","0"
"WIN-DEMO-APP01","virtualdisk.write.average","8/20/2026 4:40:40 AM","20","1","1","KBps","scsi0:0","n/a","0"
"WIN-DEMO-APP01","virtualdisk.write.average","8/20/2026 4:41:00 AM","20","25","25","KBps","scsi0:0","n/a","0"
"WIN-DEMO-APP01","virtualdisk.write.average","8/20/2026 4:41:20 AM","20","20","20","KBps","scsi0:0","n/a","0"
"WIN-DEMO-APP01","virtualdisk.write.average","8/20/2026 4:41:40 AM","20","2","2","KBps","scsi0:0","n/a","0"
"WIN-DEMO-APP01","virtualdisk.write.average","8/20/2026 4:42:00 AM","20","6","6","KBps","scsi0:0","n/a","0"
"WIN-DEMO-APP01","virtualdisk.write.average","8/20/2026 4:42:20 AM","20","7","7","KBps","scsi0:0","n/a","0"
"WIN-DEMO-APP01","virtualdisk.write.average","8/20/2026 4:42:40 AM","20","5","5","KBps","scsi0:0","n/a","0"
"WIN-DEMO-APP01","virtualdisk.write.average","8/20/2026 4:43:00 AM","20","19","19","KBps","scsi0:0","n/a","0"
"WIN-DEMO-APP01","virtualdisk.write.average","8/20/2026 4:43:20 AM","20","5","5","KBps","scsi0:0","n/a","0"
"WIN-DEMO-APP01","virtualdisk.write.average","8/20/2026 4:43:40 AM","20","4","4","KBps","scsi0:0","n/a","0"
"WIN-DEMO-APP01","virtualdisk.write.average","8/20/2026 4:44:00 AM","20","12","12","KBps","scsi0:0","n/a","0"
"WIN-DEMO-APP01","virtualdisk.write.average","8/20/2026 4:44:20 AM","20","1","1","KBps","scsi0:0","n/a","0"
"WIN-DEMO-APP01","virtualdisk.write.average","8/20/2026 4:44:40 AM","20","17","17","KBps","scsi0:0","n/a","0"
"WIN-DEMO-APP01","virtualdisk.write.average","8/20/2026 4:45:00 AM","20","6","6","KBps","scsi0:0","n/a","0"
"WIN-DEMO-APP01","virtualdisk.write.average","8/20/2026 4:45:20 AM","20","4","4","KBps","scsi0:0","n/a","0"
"WIN-DEMO-APP01","virtualdisk.write.average","8/20/2026 4:45:40 AM","20","5","5","KBps","scsi0:0","n/a","0"
"WIN-DEMO-APP01","virtualdisk.write.average","8/20/2026 4:46:00 AM","20","17","17","KBps","scsi0:0","n/a","0"
"WIN-DEMO-APP01","virtualdisk.write.average","8/20/2026 4:46:20 AM","20","38","38","KBps","scsi0:0","n/a","0"
"WIN-DEMO-APP01","virtualdisk.write.average","8/20/2026 4:46:40 AM","20","1","1","KBps","scsi0:0","n/a","0"
"WIN-DEMO-APP01","virtualdisk.write.average","8/20/2026 4:47:00 AM","20","4","4","KBps","scsi0:0","n/a","0"
"WIN-DEMO-APP01","virtualdisk.write.average","8/20/2026 4:47:20 AM","20","7","7","KBps","scsi0:0","n/a","0"
"WIN-DEMO-APP01","virtualdisk.write.average","8/20/2026 4:47:40 AM","20","5","5","KBps","scsi0:0","n/a","0"
"WIN-DEMO-APP01","virtualdisk.write.average","8/20/2026 4:48:00 AM","20","23","23","KBps","scsi0:0","n/a","0"
"WIN-DEMO-APP01","virtualdisk.write.average","8/20/2026 4:48:20 AM","20","6","6","KBps","scsi0:0","n/a","0"
"WIN-DEMO-APP01","virtualdisk.write.average","8/20/2026 4:48:40 AM","20","6","6","KBps","scsi0:0","n/a","0"
"WIN-DEMO-APP01","virtualdisk.write.average","8/20/2026 4:49:00 AM","20","6","6","KBps","scsi0:0","n/a","0"
"WIN-DEMO-APP01","virtualdisk.write.average","8/20/2026 4:49:20 AM","20","7","7","KBps","scsi0:0","n/a","0"
"WIN-DEMO-APP01","virtualdisk.write.average","8/20/2026 4:49:40 AM","20","17","17","KBps","scsi0:0","n/a","0"
"WIN-DEMO-APP01","virtualdisk.write.average","8/20/2026 4:50:00 AM","20","7","7","KBps","scsi0:0","n/a","0"
"WIN-DEMO-APP01","virtualdisk.write.average","8/20/2026 4:50:20 AM","20","4","4","KBps","scsi0:0","n/a","0"
"WIN-DEMO-APP01","virtualdisk.write.average","8/20/2026 4:50:40 AM","20","0","0","KBps","scsi0:0","n/a","0"
"WIN-DEMO-APP01","virtualdisk.write.average","8/20/2026 4:51:00 AM","20","14","14","KBps","scsi0:0","n/a","0"
"WIN-DEMO-APP01","virtualdisk.write.average","8/20/2026 4:51:20 AM","20","24","24","KBps","scsi0:0","n/a","0"
"WIN-DEMO-APP01","virtualdisk.write.average","8/20/2026 4:51:40 AM","20","4","4","KBps","scsi0:0","n/a","0"
"WIN-DEMO-APP01","virtualdisk.write.average","8/20/2026 4:52:00 AM","20","6","6","KBps","scsi0:0","n/a","0"
"WIN-DEMO-APP01","virtualdisk.write.average","8/20/2026 4:52:20 AM","20","10","10","KBps","scsi0:0","n/a","0"
"WIN-DEMO-APP01","virtualdisk.write.average","8/20/2026 4:52:40 AM","20","3","3","KBps","scsi0:0","n/a","0"
"WIN-DEMO-APP01","virtualdisk.write.average","8/20/2026 4:53:00 AM","20","19","19","KBps","scsi0:0","n/a","0"
"WIN-DEMO-APP01","virtualdisk.write.average","8/20/2026 4:53:20 AM","20","14","14","KBps","scsi0:0","n/a","0"
"WIN-DEMO-APP01","virtualdisk.write.average","8/20/2026 4:53:40 AM","20","5","5","KBps","scsi0:0","n/a","0"
"WIN-DEMO-APP01","virtualdisk.write.average","8/20/2026 4:54:00 AM","20","5","5","KBps","scsi0:0","n/a","0"
"WIN-DEMO-APP01","virtualdisk.write.average","8/20/2026 4:54:20 AM","20","2","2","KBps","scsi0:0","n/a","0"
"WIN-DEMO-APP01","virtualdisk.write.average","8/20/2026 4:54:40 AM","20","17","17","KBps","scsi0:0","n/a","0"
"WIN-DEMO-APP01","virtualdisk.write.average","8/20/2026 4:55:00 AM","20","8","8","KBps","scsi0:0","n/a","0"
"WIN-DEMO-APP01","virtualdisk.write.average","8/20/2026 4:55:20 AM","20","3","3","KBps","scsi0:0","n/a","0"
"WIN-DEMO-APP01","virtualdisk.write.average","8/20/2026 4:55:40 AM","20","2","2","KBps","scsi0:0","n/a","0"
"WIN-DEMO-APP01","virtualdisk.write.average","8/20/2026 4:56:00 AM","20","13","13","KBps","scsi0:0","n/a","0"
"WIN-DEMO-APP01","virtualdisk.write.average","8/20/2026 4:56:20 AM","20","19","19","KBps","scsi0:0","n/a","0"
"WIN-DEMO-APP01","virtualdisk.write.average","8/20/2026 4:56:40 AM","20","8","8","KBps","scsi0:0","n/a","0"
"WIN-DEMO-APP01","virtualdisk.write.average","8/20/2026 4:57:00 AM","20","7","7","KBps","scsi0:0","n/a","0"
"WIN-DEMO-APP01","virtualdisk.write.average","8/20/2026 4:57:20 AM","20","4","4","KBps","scsi0:0","n/a","0"
"WIN-DEMO-APP01","virtualdisk.write.average","8/20/2026 4:57:40 AM","20","21","21","KBps","scsi0:0","n/a","0"
"WIN-DEMO-APP01","virtualdisk.write.average","8/20/2026 4:58:00 AM","20","19","19","KBps","scsi0:0","n/a","0"
"WIN-DEMO-APP01","virtualdisk.write.average","8/20/2026 4:58:20 AM","20","7","7","KBps","scsi0:0","n/a","0"
"WIN-DEMO-APP01","virtualdisk.write.average","8/20/2026 4:58:40 AM","20","4","4","KBps","scsi0:0","n/a","0"
"WIN-DEMO-APP01","virtualdisk.write.average","8/20/2026 4:59:00 AM","20","5","5","KBps","scsi0:0","n/a","0"
"WIN-DEMO-APP01","virtualdisk.write.average","8/20/2026 4:59:20 AM","20","2","2","KBps","scsi0:0","n/a","0"
"WIN-DEMO-APP01","virtualdisk.write.average","8/20/2026 4:59:40 AM","20","18","18","KBps","scsi0:0","n/a","0"
"WIN-DEMO-APP01","virtualdisk.write.average","8/20/2026 5:00:00 AM","20","10","10","KBps","scsi0:0","n/a","0"
"WIN-DEMO-APP01","virtualdisk.write.average","8/20/2026 5:00:20 AM","20","2","2","KBps","scsi0:0","n/a","0"
"WIN-DEMO-APP01","virtualdisk.write.average","8/20/2026 5:00:40 AM","20","2","2","KBps","scsi0:0","n/a","0"
"WIN-DEMO-APP01","virtualdisk.write.average","8/20/2026 5:01:00 AM","20","6","6","KBps","scsi0:0","n/a","0"
"WIN-DEMO-APP01","virtualdisk.write.average","8/20/2026 5:01:20 AM","20","17","17","KBps","scsi0:0","n/a","0"
"WIN-DEMO-APP01","virtualdisk.write.average","8/20/2026 5:01:40 AM","20","2","2","KBps","scsi0:0","n/a","0"
"WIN-DEMO-APP01","virtualdisk.write.average","8/20/2026 5:02:00 AM","20","7","7","KBps","scsi0:0","n/a","0"
"WIN-DEMO-APP01","virtualdisk.write.average","8/20/2026 5:02:20 AM","20","5","5","KBps","scsi0:0","n/a","0"
"WIN-DEMO-APP01","virtualdisk.write.average","8/20/2026 5:02:40 AM","20","19","19","KBps","scsi0:0","n/a","0"
"WIN-DEMO-APP01","virtualdisk.write.average","8/20/2026 5:03:00 AM","20","21","21","KBps","scsi0:0","n/a","0"
"WIN-DEMO-APP01","virtualdisk.write.average","8/20/2026 5:03:20 AM","20","1","1","KBps","scsi0:0","n/a","0"
"WIN-DEMO-APP01","virtualdisk.write.average","8/20/2026 5:03:40 AM","20","6","6","KBps","scsi0:0","n/a","0"
"WIN-DEMO-APP01","virtualdisk.write.average","8/20/2026 5:04:00 AM","20","30","30","KBps","scsi0:0","n/a","0"
"WIN-DEMO-APP01","virtualdisk.write.average","8/20/2026 5:04:20 AM","20","20","20","KBps","scsi0:0","n/a","0"
"WIN-DEMO-APP01","virtualdisk.write.average","8/20/2026 5:04:40 AM","20","22","22","KBps","scsi0:0","n/a","0"
"WIN-DEMO-APP01","virtualdisk.write.average","8/20/2026 5:05:00 AM","20","7","7","KBps","scsi0:0","n/a","0"
"WIN-DEMO-APP01","virtualdisk.write.average","8/20/2026 5:05:20 AM","20","2","2","KBps","scsi0:0","n/a","0"
"WIN-DEMO-APP01","virtualdisk.write.average","8/20/2026 5:05:40 AM","20","3","3","KBps","scsi0:0","n/a","0"
"WIN-DEMO-APP03","cpu.ready.summation","8/20/2026 4:06:00 AM","20","332","16.6","millisecond","","n/a","0"
"WIN-DEMO-APP03","cpu.ready.summation","8/20/2026 4:06:20 AM","20","662","33.1","millisecond","","n/a","0"
"WIN-DEMO-APP03","cpu.ready.summation","8/20/2026 4:06:40 AM","20","584","29.2","millisecond","","n/a","0"
"WIN-DEMO-APP03","cpu.ready.summation","8/20/2026 4:07:00 AM","20","343","17.15","millisecond","","n/a","0"
"WIN-DEMO-APP03","cpu.ready.summation","8/20/2026 4:07:20 AM","20","598","29.9","millisecond","","n/a","0"
"WIN-DEMO-APP03","cpu.ready.summation","8/20/2026 4:07:40 AM","20","599","29.95","millisecond","","n/a","0"
"WIN-DEMO-APP03","cpu.ready.summation","8/20/2026 4:08:00 AM","20","320","16","millisecond","","n/a","0"
"WIN-DEMO-APP03","cpu.ready.summation","8/20/2026 4:08:20 AM","20","54","2.7","millisecond","","n/a","0"
"WIN-DEMO-APP03","cpu.ready.summation","8/20/2026 4:08:40 AM","20","65","3.25","millisecond","","n/a","0"
"WIN-DEMO-APP03","cpu.ready.summation","8/20/2026 4:09:00 AM","20","261","13.05","millisecond","","n/a","0"
"WIN-DEMO-APP03","cpu.ready.summation","8/20/2026 4:09:20 AM","20","543","27.15","millisecond","","n/a","0"
"WIN-DEMO-APP03","cpu.ready.summation","8/20/2026 4:09:40 AM","20","594","29.7","millisecond","","n/a","0"
"WIN-DEMO-APP03","cpu.ready.summation","8/20/2026 4:10:00 AM","20","390","19.5","millisecond","","n/a","0"
"WIN-DEMO-APP03","cpu.ready.summation","8/20/2026 4:10:20 AM","20","293","14.65","millisecond","","n/a","0"
"WIN-DEMO-APP03","cpu.ready.summation","8/20/2026 4:10:40 AM","20","100","5","millisecond","","n/a","0"
"WIN-DEMO-APP03","cpu.ready.summation","8/20/2026 4:11:00 AM","20","121","6.05","millisecond","","n/a","0"
"WIN-DEMO-APP03","cpu.ready.summation","8/20/2026 4:11:20 AM","20","347","17.35","millisecond","","n/a","0"
"WIN-DEMO-APP03","cpu.ready.summation","8/20/2026 4:11:40 AM","20","457","22.85","millisecond","","n/a","0"
"WIN-DEMO-APP03","cpu.ready.summation","8/20/2026 4:12:00 AM","20","454","22.7","millisecond","","n/a","0"
"WIN-DEMO-APP03","cpu.ready.summation","8/20/2026 4:12:20 AM","20","476","23.8","millisecond","","n/a","0"
"WIN-DEMO-APP03","cpu.ready.summation","8/20/2026 4:12:40 AM","20","354","17.7","millisecond","","n/a","0"
"WIN-DEMO-APP03","cpu.ready.summation","8/20/2026 4:13:00 AM","20","24","1.2","millisecond","","n/a","0"
"WIN-DEMO-APP03","cpu.ready.summation","8/20/2026 4:13:20 AM","20","23","1.15","millisecond","","n/a","0"
"WIN-DEMO-APP03","cpu.ready.summation","8/20/2026 4:13:40 AM","20","37","1.85","millisecond","","n/a","0"
"WIN-DEMO-APP03","cpu.ready.summation","8/20/2026 4:14:00 AM","20","337","16.85","millisecond","","n/a","0"
"WIN-DEMO-APP03","cpu.ready.summation","8/20/2026 4:14:20 AM","20","418","20.9","millisecond","","n/a","0"
"WIN-DEMO-APP03","cpu.ready.summation","8/20/2026 4:14:40 AM","20","410","20.5","millisecond","","n/a","0"
"WIN-DEMO-APP03","cpu.ready.summation","8/20/2026 4:15:00 AM","20","252","12.6","millisecond","","n/a","0"
"WIN-DEMO-APP03","cpu.ready.summation","8/20/2026 4:15:20 AM","20","476","23.8","millisecond","","n/a","0"
"WIN-DEMO-APP03","cpu.ready.summation","8/20/2026 4:15:40 AM","20","515","25.75","millisecond","","n/a","0"
"WIN-DEMO-APP03","cpu.ready.summation","8/20/2026 4:16:00 AM","20","515","25.75","millisecond","","n/a","0"
"WIN-DEMO-APP03","cpu.ready.summation","8/20/2026 4:16:20 AM","20","492","24.6","millisecond","","n/a","0"
"WIN-DEMO-APP03","cpu.ready.summation","8/20/2026 4:16:40 AM","20","461","23.05","millisecond","","n/a","0"
"WIN-DEMO-APP03","cpu.ready.summation","8/20/2026 4:17:00 AM","20","174","8.7","millisecond","","n/a","0"
"WIN-DEMO-APP03","cpu.ready.summation","8/20/2026 4:17:20 AM","20","56","2.8","millisecond","","n/a","0"
"WIN-DEMO-APP03","cpu.ready.summation","8/20/2026 4:17:40 AM","20","54","2.7","millisecond","","n/a","0"
"WIN-DEMO-APP03","cpu.ready.summation","8/20/2026 4:18:00 AM","20","518","25.9","millisecond","","n/a","0"
"WIN-DEMO-APP03","cpu.ready.summation","8/20/2026 4:18:20 AM","20","523","26.15","millisecond","","n/a","0"
"WIN-DEMO-APP03","cpu.ready.summation","8/20/2026 4:18:40 AM","20","542","27.1","millisecond","","n/a","0"
"WIN-DEMO-APP03","cpu.ready.summation","8/20/2026 4:19:00 AM","20","535","26.75","millisecond","","n/a","0"
"WIN-DEMO-APP03","cpu.ready.summation","8/20/2026 4:19:20 AM","20","547","27.35","millisecond","","n/a","0"
"WIN-DEMO-APP03","cpu.ready.summation","8/20/2026 4:19:40 AM","20","559","27.95","millisecond","","n/a","0"
"WIN-DEMO-APP03","cpu.ready.summation","8/20/2026 4:20:00 AM","20","272","13.6","millisecond","","n/a","0"
"WIN-DEMO-APP03","cpu.ready.summation","8/20/2026 4:20:20 AM","20","398","19.9","millisecond","","n/a","0"
"WIN-DEMO-APP03","cpu.ready.summation","8/20/2026 4:20:40 AM","20","191","9.55","millisecond","","n/a","0"
"WIN-DEMO-APP03","cpu.ready.summation","8/20/2026 4:21:00 AM","20","125","6.25","millisecond","","n/a","0"
"WIN-DEMO-APP03","cpu.ready.summation","8/20/2026 4:21:20 AM","20","554","27.7","millisecond","","n/a","0"
"WIN-DEMO-APP03","cpu.ready.summation","8/20/2026 4:21:40 AM","20","471","23.55","millisecond","","n/a","0"
"WIN-DEMO-APP03","cpu.ready.summation","8/20/2026 4:22:00 AM","20","155","7.75","millisecond","","n/a","0"
"WIN-DEMO-APP03","cpu.ready.summation","8/20/2026 4:22:20 AM","20","103","5.15","millisecond","","n/a","0"
"WIN-DEMO-APP03","cpu.ready.summation","8/20/2026 4:22:40 AM","20","155","7.75","millisecond","","n/a","0"
"WIN-DEMO-APP03","cpu.ready.summation","8/20/2026 4:23:00 AM","20","486","24.3","millisecond","","n/a","0"
"WIN-DEMO-APP03","cpu.ready.summation","8/20/2026 4:23:20 AM","20","428","21.4","millisecond","","n/a","0"
"WIN-DEMO-APP03","cpu.ready.summation","8/20/2026 4:23:40 AM","20","203","10.15","millisecond","","n/a","0"
"WIN-DEMO-APP03","cpu.ready.summation","8/20/2026 4:24:00 AM","20","210","10.5","millisecond","","n/a","0"
"WIN-DEMO-APP03","cpu.ready.summation","8/20/2026 4:24:20 AM","20","574","28.7","millisecond","","n/a","0"
"WIN-DEMO-APP03","cpu.ready.summation","8/20/2026 4:24:40 AM","20","463","23.15","millisecond","","n/a","0"
"WIN-DEMO-APP03","cpu.ready.summation","8/20/2026 4:25:00 AM","20","417","20.85","millisecond","","n/a","0"
"WIN-DEMO-APP03","cpu.ready.summation","8/20/2026 4:25:20 AM","20","538","26.9","millisecond","","n/a","0"
"WIN-DEMO-APP03","cpu.ready.summation","8/20/2026 4:25:40 AM","20","535","26.75","millisecond","","n/a","0"
"WIN-DEMO-APP03","cpu.ready.summation","8/20/2026 4:26:00 AM","20","559","27.95","millisecond","","n/a","0"
"WIN-DEMO-APP03","cpu.ready.summation","8/20/2026 4:26:20 AM","20","560","28","millisecond","","n/a","0"
"WIN-DEMO-APP03","cpu.ready.summation","8/20/2026 4:26:40 AM","20","490","24.5","millisecond","","n/a","0"
"WIN-DEMO-APP03","cpu.ready.summation","8/20/2026 4:27:00 AM","20","618","30.9","millisecond","","n/a","0"
"WIN-DEMO-APP03","cpu.ready.summation","8/20/2026 4:27:20 AM","20","604","30.2","millisecond","","n/a","0"
"WIN-DEMO-APP03","cpu.ready.summation","8/20/2026 4:27:40 AM","20","600","30","millisecond","","n/a","0"
"WIN-DEMO-APP03","cpu.ready.summation","8/20/2026 4:28:00 AM","20","258","12.9","millisecond","","n/a","0"
"WIN-DEMO-APP03","cpu.ready.summation","8/20/2026 4:28:20 AM","20","542","27.1","millisecond","","n/a","0"
"WIN-DEMO-APP03","cpu.ready.summation","8/20/2026 4:28:40 AM","20","512","25.6","millisecond","","n/a","0"
"WIN-DEMO-APP03","cpu.ready.summation","8/20/2026 4:29:00 AM","20","491","24.55","millisecond","","n/a","0"
"WIN-DEMO-APP03","cpu.ready.summation","8/20/2026 4:29:20 AM","20","491","24.55","millisecond","","n/a","0"
"WIN-DEMO-APP03","cpu.ready.summation","8/20/2026 4:29:40 AM","20","104","5.2","millisecond","","n/a","0"
"WIN-DEMO-APP03","cpu.ready.summation","8/20/2026 4:30:00 AM","20","57","2.85","millisecond","","n/a","0"
"WIN-DEMO-APP03","cpu.ready.summation","8/20/2026 4:30:20 AM","20","81","4.05","millisecond","","n/a","0"
"WIN-DEMO-APP03","cpu.ready.summation","8/20/2026 4:30:40 AM","20","31","1.55","millisecond","","n/a","0"
"WIN-DEMO-APP03","cpu.ready.summation","8/20/2026 4:31:00 AM","20","453","22.65","millisecond","","n/a","0"
"WIN-DEMO-APP03","cpu.ready.summation","8/20/2026 4:31:20 AM","20","282","14.1","millisecond","","n/a","0"
"WIN-DEMO-APP03","cpu.ready.summation","8/20/2026 4:31:40 AM","20","130","6.5","millisecond","","n/a","0"
"WIN-DEMO-APP03","cpu.ready.summation","8/20/2026 4:32:00 AM","20","116","5.8","millisecond","","n/a","0"
"WIN-DEMO-APP03","cpu.ready.summation","8/20/2026 4:32:20 AM","20","119","5.95","millisecond","","n/a","0"
"WIN-DEMO-APP03","cpu.ready.summation","8/20/2026 4:32:40 AM","20","355","17.75","millisecond","","n/a","0"
"WIN-DEMO-APP03","cpu.ready.summation","8/20/2026 4:33:00 AM","20","490","24.5","millisecond","","n/a","0"
"WIN-DEMO-APP03","cpu.ready.summation","8/20/2026 4:33:20 AM","20","26","1.3","millisecond","","n/a","0"
"WIN-DEMO-APP03","cpu.ready.summation","8/20/2026 4:33:40 AM","20","212","10.6","millisecond","","n/a","0"
"WIN-DEMO-APP03","cpu.ready.summation","8/20/2026 4:34:00 AM","20","483","24.15","millisecond","","n/a","0"
"WIN-DEMO-APP03","cpu.ready.summation","8/20/2026 4:34:20 AM","20","7","0.35","millisecond","","n/a","0"
"WIN-DEMO-APP03","cpu.ready.summation","8/20/2026 4:34:40 AM","20","24","1.2","millisecond","","n/a","0"
"WIN-DEMO-APP03","cpu.ready.summation","8/20/2026 4:35:00 AM","20","150","7.5","millisecond","","n/a","0"
"WIN-DEMO-APP03","cpu.ready.summation","8/20/2026 4:35:20 AM","20","350","17.5","millisecond","","n/a","0"
"WIN-DEMO-APP03","cpu.ready.summation","8/20/2026 4:35:40 AM","20","178","8.9","millisecond","","n/a","0"
"WIN-DEMO-APP03","cpu.ready.summation","8/20/2026 4:36:00 AM","20","122","6.1","millisecond","","n/a","0"
"WIN-DEMO-APP03","cpu.ready.summation","8/20/2026 4:36:20 AM","20","20","1","millisecond","","n/a","0"
"WIN-DEMO-APP03","cpu.ready.summation","8/20/2026 4:36:40 AM","20","716","35.8","millisecond","","n/a","0"
"WIN-DEMO-APP03","cpu.ready.summation","8/20/2026 4:37:00 AM","20","560","28","millisecond","","n/a","0"
"WIN-DEMO-APP03","cpu.ready.summation","8/20/2026 4:37:20 AM","20","455","22.75","millisecond","","n/a","0"
"WIN-DEMO-APP03","cpu.ready.summation","8/20/2026 4:37:40 AM","20","430","21.5","millisecond","","n/a","0"
"WIN-DEMO-APP03","cpu.ready.summation","8/20/2026 4:38:00 AM","20","161","8.05","millisecond","","n/a","0"
"WIN-DEMO-APP03","cpu.ready.summation","8/20/2026 4:38:20 AM","20","552","27.6","millisecond","","n/a","0"
"WIN-DEMO-APP03","cpu.ready.summation","8/20/2026 4:38:40 AM","20","807","40.35","millisecond","","n/a","0"
"WIN-DEMO-APP03","cpu.ready.summation","8/20/2026 4:39:00 AM","20","772","38.6","millisecond","","n/a","0"
"WIN-DEMO-APP03","cpu.ready.summation","8/20/2026 4:39:20 AM","20","746","37.3","millisecond","","n/a","0"
"WIN-DEMO-APP03","cpu.ready.summation","8/20/2026 4:39:40 AM","20","627","31.35","millisecond","","n/a","0"
"WIN-DEMO-APP03","cpu.ready.summation","8/20/2026 4:40:00 AM","20","793","39.65","millisecond","","n/a","0"
"WIN-DEMO-APP03","cpu.ready.summation","8/20/2026 4:40:20 AM","20","364","18.2","millisecond","","n/a","0"
"WIN-DEMO-APP03","cpu.ready.summation","8/20/2026 4:40:40 AM","20","41","2.05","millisecond","","n/a","0"
"WIN-DEMO-APP03","cpu.ready.summation","8/20/2026 4:41:00 AM","20","552","27.6","millisecond","","n/a","0"
"WIN-DEMO-APP03","cpu.ready.summation","8/20/2026 4:41:20 AM","20","581","29.05","millisecond","","n/a","0"
"WIN-DEMO-APP03","cpu.ready.summation","8/20/2026 4:41:40 AM","20","452","22.6","millisecond","","n/a","0"
"WIN-DEMO-APP03","cpu.ready.summation","8/20/2026 4:42:00 AM","20","398","19.9","millisecond","","n/a","0"
"WIN-DEMO-APP03","cpu.ready.summation","8/20/2026 4:42:20 AM","20","47","2.35","millisecond","","n/a","0"
"WIN-DEMO-APP03","cpu.ready.summation","8/20/2026 4:42:40 AM","20","511","25.55","millisecond","","n/a","0"
"WIN-DEMO-APP03","cpu.ready.summation","8/20/2026 4:43:00 AM","20","152","7.6","millisecond","","n/a","0"
"WIN-DEMO-APP03","cpu.ready.summation","8/20/2026 4:43:20 AM","20","92","4.6","millisecond","","n/a","0"
"WIN-DEMO-APP03","cpu.ready.summation","8/20/2026 4:43:40 AM","20","76","3.8","millisecond","","n/a","0"
"WIN-DEMO-APP03","cpu.ready.summation","8/20/2026 4:44:00 AM","20","119","5.95","millisecond","","n/a","0"
"WIN-DEMO-APP03","cpu.ready.summation","8/20/2026 4:44:20 AM","20","146","7.3","millisecond","","n/a","0"
"WIN-DEMO-APP03","cpu.ready.summation","8/20/2026 4:44:40 AM","20","106","5.3","millisecond","","n/a","0"
"WIN-DEMO-APP03","cpu.ready.summation","8/20/2026 4:45:00 AM","20","129","6.45","millisecond","","n/a","0"
"WIN-DEMO-APP03","cpu.ready.summation","8/20/2026 4:45:20 AM","20","68","3.4","millisecond","","n/a","0"
"WIN-DEMO-APP03","cpu.ready.summation","8/20/2026 4:45:40 AM","20","186","9.3","millisecond","","n/a","0"
"WIN-DEMO-APP03","cpu.ready.summation","8/20/2026 4:46:00 AM","20","615","30.75","millisecond","","n/a","0"
"WIN-DEMO-APP03","cpu.ready.summation","8/20/2026 4:46:20 AM","20","224","11.2","millisecond","","n/a","0"
"WIN-DEMO-APP03","cpu.ready.summation","8/20/2026 4:46:40 AM","20","446","22.3","millisecond","","n/a","0"
"WIN-DEMO-APP03","cpu.ready.summation","8/20/2026 4:47:00 AM","20","459","22.95","millisecond","","n/a","0"
"WIN-DEMO-APP03","cpu.ready.summation","8/20/2026 4:47:20 AM","20","570","28.5","millisecond","","n/a","0"
"WIN-DEMO-APP03","cpu.ready.summation","8/20/2026 4:47:40 AM","20","547","27.35","millisecond","","n/a","0"
"WIN-DEMO-APP03","cpu.ready.summation","8/20/2026 4:48:00 AM","20","461","23.05","millisecond","","n/a","0"
"WIN-DEMO-APP03","cpu.ready.summation","8/20/2026 4:48:20 AM","20","181","9.05","millisecond","","n/a","0"
"WIN-DEMO-APP03","cpu.ready.summation","8/20/2026 4:48:40 AM","20","88","4.4","millisecond","","n/a","0"
"WIN-DEMO-APP03","cpu.ready.summation","8/20/2026 4:49:00 AM","20","124","6.2","millisecond","","n/a","0"
"WIN-DEMO-APP03","cpu.ready.summation","8/20/2026 4:49:20 AM","20","42","2.1","millisecond","","n/a","0"
"WIN-DEMO-APP03","cpu.ready.summation","8/20/2026 4:49:40 AM","20","439","21.95","millisecond","","n/a","0"
"WIN-DEMO-APP03","cpu.ready.summation","8/20/2026 4:50:00 AM","20","507","25.35","millisecond","","n/a","0"
"WIN-DEMO-APP03","cpu.ready.summation","8/20/2026 4:50:20 AM","20","563","28.15","millisecond","","n/a","0"
"WIN-DEMO-APP03","cpu.ready.summation","8/20/2026 4:50:40 AM","20","538","26.9","millisecond","","n/a","0"
"WIN-DEMO-APP03","cpu.ready.summation","8/20/2026 4:51:00 AM","20","525","26.25","millisecond","","n/a","0"
"WIN-DEMO-APP03","cpu.ready.summation","8/20/2026 4:51:20 AM","20","221","11.05","millisecond","","n/a","0"
"WIN-DEMO-APP03","cpu.ready.summation","8/20/2026 4:51:40 AM","20","71","3.55","millisecond","","n/a","0"
"WIN-DEMO-APP03","cpu.ready.summation","8/20/2026 4:52:00 AM","20","508","25.4","millisecond","","n/a","0"
"WIN-DEMO-APP03","cpu.ready.summation","8/20/2026 4:52:20 AM","20","496","24.8","millisecond","","n/a","0"
"WIN-DEMO-APP03","cpu.ready.summation","8/20/2026 4:52:40 AM","20","121","6.05","millisecond","","n/a","0"
"WIN-DEMO-APP03","cpu.ready.summation","8/20/2026 4:53:00 AM","20","563","28.15","millisecond","","n/a","0"
"WIN-DEMO-APP03","cpu.ready.summation","8/20/2026 4:53:20 AM","20","527","26.35","millisecond","","n/a","0"
"WIN-DEMO-APP03","cpu.ready.summation","8/20/2026 4:53:40 AM","20","483","24.15","millisecond","","n/a","0"
"WIN-DEMO-APP03","cpu.ready.summation","8/20/2026 4:54:00 AM","20","574","28.7","millisecond","","n/a","0"
"WIN-DEMO-APP03","cpu.ready.summation","8/20/2026 4:54:20 AM","20","649","32.45","millisecond","","n/a","0"
"WIN-DEMO-APP03","cpu.ready.summation","8/20/2026 4:54:40 AM","20","668","33.4","millisecond","","n/a","0"
"WIN-DEMO-APP03","cpu.ready.summation","8/20/2026 4:55:00 AM","20","768","38.4","millisecond","","n/a","0"
"WIN-DEMO-APP03","cpu.ready.summation","8/20/2026 4:55:20 AM","20","682","34.1","millisecond","","n/a","0"
"WIN-DEMO-APP03","cpu.ready.summation","8/20/2026 4:55:40 AM","20","545","27.25","millisecond","","n/a","0"
"WIN-DEMO-APP03","cpu.ready.summation","8/20/2026 4:56:00 AM","20","558","27.9","millisecond","","n/a","0"
"WIN-DEMO-APP03","cpu.ready.summation","8/20/2026 4:56:20 AM","20","559","27.95","millisecond","","n/a","0"
"WIN-DEMO-APP03","cpu.ready.summation","8/20/2026 4:56:40 AM","20","553","27.65","millisecond","","n/a","0"
"WIN-DEMO-APP03","cpu.ready.summation","8/20/2026 4:57:00 AM","20","266","13.3","millisecond","","n/a","0"
"WIN-DEMO-APP03","cpu.ready.summation","8/20/2026 4:57:20 AM","20","506","25.3","millisecond","","n/a","0"
"WIN-DEMO-APP03","cpu.ready.summation","8/20/2026 4:57:40 AM","20","653","32.65","millisecond","","n/a","0"
"WIN-DEMO-APP03","cpu.ready.summation","8/20/2026 4:58:00 AM","20","518","25.9","millisecond","","n/a","0"
"WIN-DEMO-APP03","cpu.ready.summation","8/20/2026 4:58:20 AM","20","118","5.9","millisecond","","n/a","0"
"WIN-DEMO-APP03","cpu.ready.summation","8/20/2026 4:58:40 AM","20","330","16.5","millisecond","","n/a","0"
"WIN-DEMO-APP03","cpu.ready.summation","8/20/2026 4:59:00 AM","20","611","30.55","millisecond","","n/a","0"
"WIN-DEMO-APP03","cpu.ready.summation","8/20/2026 4:59:20 AM","20","521","26.05","millisecond","","n/a","0"
"WIN-DEMO-APP03","cpu.ready.summation","8/20/2026 4:59:40 AM","20","163","8.15","millisecond","","n/a","0"
"WIN-DEMO-APP03","cpu.ready.summation","8/20/2026 5:00:00 AM","20","69","3.45","millisecond","","n/a","0"
"WIN-DEMO-APP03","cpu.ready.summation","8/20/2026 5:00:20 AM","20","35","1.75","millisecond","","n/a","0"
"WIN-DEMO-APP03","cpu.ready.summation","8/20/2026 5:00:40 AM","20","33","1.65","millisecond","","n/a","0"
"WIN-DEMO-APP03","cpu.ready.summation","8/20/2026 5:01:00 AM","20","390","19.5","millisecond","","n/a","0"
"WIN-DEMO-APP03","cpu.ready.summation","8/20/2026 5:01:20 AM","20","594","29.7","millisecond","","n/a","0"
"WIN-DEMO-APP03","cpu.ready.summation","8/20/2026 5:01:40 AM","20","629","31.45","millisecond","","n/a","0"
"WIN-DEMO-APP03","cpu.ready.summation","8/20/2026 5:02:00 AM","20","154","7.7","millisecond","","n/a","0"
"WIN-DEMO-APP03","cpu.ready.summation","8/20/2026 5:02:20 AM","20","110","5.5","millisecond","","n/a","0"
"WIN-DEMO-APP03","cpu.ready.summation","8/20/2026 5:02:40 AM","20","385","19.25","millisecond","","n/a","0"
"WIN-DEMO-APP03","cpu.ready.summation","8/20/2026 5:03:00 AM","20","546","27.3","millisecond","","n/a","0"
"WIN-DEMO-APP03","cpu.ready.summation","8/20/2026 5:03:20 AM","20","433","21.65","millisecond","","n/a","0"
"WIN-DEMO-APP03","cpu.ready.summation","8/20/2026 5:03:40 AM","20","612","30.6","millisecond","","n/a","0"
"WIN-DEMO-APP03","cpu.ready.summation","8/20/2026 5:04:00 AM","20","754","37.7","millisecond","","n/a","0"
"WIN-DEMO-APP03","cpu.ready.summation","8/20/2026 5:04:20 AM","20","508","25.4","millisecond","","n/a","0"
"WIN-DEMO-APP03","cpu.ready.summation","8/20/2026 5:04:40 AM","20","657","32.85","millisecond","","n/a","0"
"WIN-DEMO-APP03","cpu.ready.summation","8/20/2026 5:05:00 AM","20","676","33.8","millisecond","","n/a","0"
"WIN-DEMO-APP03","cpu.ready.summation","8/20/2026 5:05:20 AM","20","225","11.25","millisecond","","n/a","0"
"WIN-DEMO-APP03","cpu.ready.summation","8/20/2026 5:05:40 AM","20","259","12.95","millisecond","","n/a","0"
"WIN-DEMO-APP03","cpu.usage.average","8/20/2026 4:06:00 AM","20","4.05999994277954","4.05999994277954","%","","n/a","0"
"WIN-DEMO-APP03","cpu.usage.average","8/20/2026 4:06:20 AM","20","3.70000004768372","3.70000004768372","%","","n/a","0"
"WIN-DEMO-APP03","cpu.usage.average","8/20/2026 4:06:40 AM","20","3.85999989509583","3.85999989509583","%","","n/a","0"
"WIN-DEMO-APP03","cpu.usage.average","8/20/2026 4:07:00 AM","20","3.4300000667572","3.4300000667572","%","","n/a","0"
"WIN-DEMO-APP03","cpu.usage.average","8/20/2026 4:07:20 AM","20","3.92000007629395","3.92000007629395","%","","n/a","0"
"WIN-DEMO-APP03","cpu.usage.average","8/20/2026 4:07:40 AM","20","4.03000020980835","4.03000020980835","%","","n/a","0"
"WIN-DEMO-APP03","cpu.usage.average","8/20/2026 4:08:00 AM","20","3.99000000953674","3.99000000953674","%","","n/a","0"
"WIN-DEMO-APP03","cpu.usage.average","8/20/2026 4:08:20 AM","20","3.66000008583069","3.66000008583069","%","","n/a","0"
"WIN-DEMO-APP03","cpu.usage.average","8/20/2026 4:08:40 AM","20","3.34999990463257","3.34999990463257","%","","n/a","0"
"WIN-DEMO-APP03","cpu.usage.average","8/20/2026 4:09:00 AM","20","3.76999998092651","3.76999998092651","%","","n/a","0"
"WIN-DEMO-APP03","cpu.usage.average","8/20/2026 4:09:20 AM","20","3.98000001907349","3.98000001907349","%","","n/a","0"
"WIN-DEMO-APP03","cpu.usage.average","8/20/2026 4:09:40 AM","20","3.89000010490417","3.89000010490417","%","","n/a","0"
"WIN-DEMO-APP03","cpu.usage.average","8/20/2026 4:10:00 AM","20","3.99000000953674","3.99000000953674","%","","n/a","0"
"WIN-DEMO-APP03","cpu.usage.average","8/20/2026 4:10:20 AM","20","3.77999997138977","3.77999997138977","%","","n/a","0"
"WIN-DEMO-APP03","cpu.usage.average","8/20/2026 4:10:40 AM","20","3.48000001907349","3.48000001907349","%","","n/a","0"
"WIN-DEMO-APP03","cpu.usage.average","8/20/2026 4:11:00 AM","20","3.5699999332428","3.5699999332428","%","","n/a","0"
"WIN-DEMO-APP03","cpu.usage.average","8/20/2026 4:11:20 AM","20","3.40000009536743","3.40000009536743","%","","n/a","0"
"WIN-DEMO-APP03","cpu.usage.average","8/20/2026 4:11:40 AM","20","3.73000001907349","3.73000001907349","%","","n/a","0"
"WIN-DEMO-APP03","cpu.usage.average","8/20/2026 4:12:00 AM","20","3.5","3.5","%","","n/a","0"
"WIN-DEMO-APP03","cpu.usage.average","8/20/2026 4:12:20 AM","20","3.67000007629395","3.67000007629395","%","","n/a","0"
"WIN-DEMO-APP03","cpu.usage.average","8/20/2026 4:12:40 AM","20","3.83999991416931","3.83999991416931","%","","n/a","0"
"WIN-DEMO-APP03","cpu.usage.average","8/20/2026 4:13:00 AM","20","3.40000009536743","3.40000009536743","%","","n/a","0"
"WIN-DEMO-APP03","cpu.usage.average","8/20/2026 4:13:20 AM","20","3.38000011444092","3.38000011444092","%","","n/a","0"
"WIN-DEMO-APP03","cpu.usage.average","8/20/2026 4:13:40 AM","20","3.58999991416931","3.58999991416931","%","","n/a","0"
"WIN-DEMO-APP03","cpu.usage.average","8/20/2026 4:14:00 AM","20","3.71000003814697","3.71000003814697","%","","n/a","0"
"WIN-DEMO-APP03","cpu.usage.average","8/20/2026 4:14:20 AM","20","3.51999998092651","3.51999998092651","%","","n/a","0"
"WIN-DEMO-APP03","cpu.usage.average","8/20/2026 4:14:40 AM","20","3.36999988555908","3.36999988555908","%","","n/a","0"
"WIN-DEMO-APP03","cpu.usage.average","8/20/2026 4:15:00 AM","20","3.69000005722046","3.69000005722046","%","","n/a","0"
"WIN-DEMO-APP03","cpu.usage.average","8/20/2026 4:15:20 AM","20","3.66000008583069","3.66000008583069","%","","n/a","0"
"WIN-DEMO-APP03","cpu.usage.average","8/20/2026 4:15:40 AM","20","3.71000003814697","3.71000003814697","%","","n/a","0"
"WIN-DEMO-APP03","cpu.usage.average","8/20/2026 4:16:00 AM","20","3.95000004768372","3.95000004768372","%","","n/a","0"
"WIN-DEMO-APP03","cpu.usage.average","8/20/2026 4:16:20 AM","20","3.86999988555908","3.86999988555908","%","","n/a","0"
"WIN-DEMO-APP03","cpu.usage.average","8/20/2026 4:16:40 AM","20","3.72000002861023","3.72000002861023","%","","n/a","0"
"WIN-DEMO-APP03","cpu.usage.average","8/20/2026 4:17:00 AM","20","3.8199999332428","3.8199999332428","%","","n/a","0"
"WIN-DEMO-APP03","cpu.usage.average","8/20/2026 4:17:20 AM","20","3.50999999046326","3.50999999046326","%","","n/a","0"
"WIN-DEMO-APP03","cpu.usage.average","8/20/2026 4:17:40 AM","20","3.54999995231628","3.54999995231628","%","","n/a","0"
"WIN-DEMO-APP03","cpu.usage.average","8/20/2026 4:18:00 AM","20","4.26000022888184","4.26000022888184","%","","n/a","0"
"WIN-DEMO-APP03","cpu.usage.average","8/20/2026 4:18:20 AM","20","4.17000007629395","4.17000007629395","%","","n/a","0"
"WIN-DEMO-APP03","cpu.usage.average","8/20/2026 4:18:40 AM","20","3.83999991416931","3.83999991416931","%","","n/a","0"
"WIN-DEMO-APP03","cpu.usage.average","8/20/2026 4:19:00 AM","20","3.73000001907349","3.73000001907349","%","","n/a","0"
"WIN-DEMO-APP03","cpu.usage.average","8/20/2026 4:19:20 AM","20","3.97000002861023","3.97000002861023","%","","n/a","0"
"WIN-DEMO-APP03","cpu.usage.average","8/20/2026 4:19:40 AM","20","3.83999991416931","3.83999991416931","%","","n/a","0"
"WIN-DEMO-APP03","cpu.usage.average","8/20/2026 4:20:00 AM","20","4.07999992370605","4.07999992370605","%","","n/a","0"
"WIN-DEMO-APP03","cpu.usage.average","8/20/2026 4:20:20 AM","20","3.79999995231628","3.79999995231628","%","","n/a","0"
"WIN-DEMO-APP03","cpu.usage.average","8/20/2026 4:20:40 AM","20","3.64000010490417","3.64000010490417","%","","n/a","0"
"WIN-DEMO-APP03","cpu.usage.average","8/20/2026 4:21:00 AM","20","3.73000001907349","3.73000001907349","%","","n/a","0"
"WIN-DEMO-APP03","cpu.usage.average","8/20/2026 4:21:20 AM","20","3.95000004768372","3.95000004768372","%","","n/a","0"
"WIN-DEMO-APP03","cpu.usage.average","8/20/2026 4:21:40 AM","20","3.94000005722046","3.94000005722046","%","","n/a","0"
"WIN-DEMO-APP03","cpu.usage.average","8/20/2026 4:22:00 AM","20","3.5","3.5","%","","n/a","0"
"WIN-DEMO-APP03","cpu.usage.average","8/20/2026 4:22:20 AM","20","3.79999995231628","3.79999995231628","%","","n/a","0"
"WIN-DEMO-APP03","cpu.usage.average","8/20/2026 4:22:40 AM","20","4.17000007629395","4.17000007629395","%","","n/a","0"
"WIN-DEMO-APP03","cpu.usage.average","8/20/2026 4:23:00 AM","20","3.76999998092651","3.76999998092651","%","","n/a","0"
"WIN-DEMO-APP03","cpu.usage.average","8/20/2026 4:23:20 AM","20","3.92000007629395","3.92000007629395","%","","n/a","0"
"WIN-DEMO-APP03","cpu.usage.average","8/20/2026 4:23:40 AM","20","3.75","3.75","%","","n/a","0"
"WIN-DEMO-APP03","cpu.usage.average","8/20/2026 4:24:00 AM","20","3.77999997138977","3.77999997138977","%","","n/a","0"
"WIN-DEMO-APP03","cpu.usage.average","8/20/2026 4:24:20 AM","20","3.70000004768372","3.70000004768372","%","","n/a","0"
"WIN-DEMO-APP03","cpu.usage.average","8/20/2026 4:24:40 AM","20","3.58999991416931","3.58999991416931","%","","n/a","0"
"WIN-DEMO-APP03","cpu.usage.average","8/20/2026 4:25:00 AM","20","3.41000008583069","3.41000008583069","%","","n/a","0"
"WIN-DEMO-APP03","cpu.usage.average","8/20/2026 4:25:20 AM","20","3.5","3.5","%","","n/a","0"
"WIN-DEMO-APP03","cpu.usage.average","8/20/2026 4:25:40 AM","20","3.5","3.5","%","","n/a","0"
"WIN-DEMO-APP03","cpu.usage.average","8/20/2026 4:26:00 AM","20","3.99000000953674","3.99000000953674","%","","n/a","0"
"WIN-DEMO-APP03","cpu.usage.average","8/20/2026 4:26:20 AM","20","3.55999994277954","3.55999994277954","%","","n/a","0"
"WIN-DEMO-APP03","cpu.usage.average","8/20/2026 4:26:40 AM","20","3.53999996185303","3.53999996185303","%","","n/a","0"
"WIN-DEMO-APP03","cpu.usage.average","8/20/2026 4:27:00 AM","20","4.03000020980835","4.03000020980835","%","","n/a","0"
"WIN-DEMO-APP03","cpu.usage.average","8/20/2026 4:27:20 AM","20","3.73000001907349","3.73000001907349","%","","n/a","0"
"WIN-DEMO-APP03","cpu.usage.average","8/20/2026 4:27:40 AM","20","4.21999979019165","4.21999979019165","%","","n/a","0"
"WIN-DEMO-APP03","cpu.usage.average","8/20/2026 4:28:00 AM","20","3.6800000667572","3.6800000667572","%","","n/a","0"
"WIN-DEMO-APP03","cpu.usage.average","8/20/2026 4:28:20 AM","20","3.63000011444092","3.63000011444092","%","","n/a","0"
"WIN-DEMO-APP03","cpu.usage.average","8/20/2026 4:28:40 AM","20","3.54999995231628","3.54999995231628","%","","n/a","0"
"WIN-DEMO-APP03","cpu.usage.average","8/20/2026 4:29:00 AM","20","3.84999990463257","3.84999990463257","%","","n/a","0"
"WIN-DEMO-APP03","cpu.usage.average","8/20/2026 4:29:20 AM","20","3.85999989509583","3.85999989509583","%","","n/a","0"
"WIN-DEMO-APP03","cpu.usage.average","8/20/2026 4:29:40 AM","20","3.57999992370605","3.57999992370605","%","","n/a","0"
"WIN-DEMO-APP03","cpu.usage.average","8/20/2026 4:30:00 AM","20","3.86999988555908","3.86999988555908","%","","n/a","0"
"WIN-DEMO-APP03","cpu.usage.average","8/20/2026 4:30:20 AM","20","3.36999988555908","3.36999988555908","%","","n/a","0"
"WIN-DEMO-APP03","cpu.usage.average","8/20/2026 4:30:40 AM","20","3.61999988555908","3.61999988555908","%","","n/a","0"
"WIN-DEMO-APP03","cpu.usage.average","8/20/2026 4:31:00 AM","20","3.64000010490417","3.64000010490417","%","","n/a","0"
"WIN-DEMO-APP03","cpu.usage.average","8/20/2026 4:31:20 AM","20","3.58999991416931","3.58999991416931","%","","n/a","0"
"WIN-DEMO-APP03","cpu.usage.average","8/20/2026 4:31:40 AM","20","3.41000008583069","3.41000008583069","%","","n/a","0"
"WIN-DEMO-APP03","cpu.usage.average","8/20/2026 4:32:00 AM","20","3.51999998092651","3.51999998092651","%","","n/a","0"
"WIN-DEMO-APP03","cpu.usage.average","8/20/2026 4:32:20 AM","20","3.47000002861023","3.47000002861023","%","","n/a","0"
"WIN-DEMO-APP03","cpu.usage.average","8/20/2026 4:32:40 AM","20","3.64000010490417","3.64000010490417","%","","n/a","0"
"WIN-DEMO-APP03","cpu.usage.average","8/20/2026 4:33:00 AM","20","3.57999992370605","3.57999992370605","%","","n/a","0"
"WIN-DEMO-APP03","cpu.usage.average","8/20/2026 4:33:20 AM","20","3.76999998092651","3.76999998092651","%","","n/a","0"
"WIN-DEMO-APP03","cpu.usage.average","8/20/2026 4:33:40 AM","20","3.55999994277954","3.55999994277954","%","","n/a","0"
"WIN-DEMO-APP03","cpu.usage.average","8/20/2026 4:34:00 AM","20","3.75","3.75","%","","n/a","0"
"WIN-DEMO-APP03","cpu.usage.average","8/20/2026 4:34:20 AM","20","3.80999994277954","3.80999994277954","%","","n/a","0"
"WIN-DEMO-APP03","cpu.usage.average","8/20/2026 4:34:40 AM","20","3.77999997138977","3.77999997138977","%","","n/a","0"
"WIN-DEMO-APP03","cpu.usage.average","8/20/2026 4:35:00 AM","20","3.91000008583069","3.91000008583069","%","","n/a","0"
"WIN-DEMO-APP03","cpu.usage.average","8/20/2026 4:35:20 AM","20","3.66000008583069","3.66000008583069","%","","n/a","0"
"WIN-DEMO-APP03","cpu.usage.average","8/20/2026 4:35:40 AM","20","3.75","3.75","%","","n/a","0"
"WIN-DEMO-APP03","cpu.usage.average","8/20/2026 4:36:00 AM","20","14.6400003433228","14.6400003433228","%","","n/a","0"
"WIN-DEMO-APP03","cpu.usage.average","8/20/2026 4:36:20 AM","20","3.60999989509583","3.60999989509583","%","","n/a","0"
"WIN-DEMO-APP03","cpu.usage.average","8/20/2026 4:36:40 AM","20","3.72000002861023","3.72000002861023","%","","n/a","0"
"WIN-DEMO-APP03","cpu.usage.average","8/20/2026 4:37:00 AM","20","4.11999988555908","4.11999988555908","%","","n/a","0"
"WIN-DEMO-APP03","cpu.usage.average","8/20/2026 4:37:20 AM","20","3.82999992370605","3.82999992370605","%","","n/a","0"
"WIN-DEMO-APP03","cpu.usage.average","8/20/2026 4:37:40 AM","20","3.69000005722046","3.69000005722046","%","","n/a","0"
"WIN-DEMO-APP03","cpu.usage.average","8/20/2026 4:38:00 AM","20","4.1100001335144","4.1100001335144","%","","n/a","0"
"WIN-DEMO-APP03","cpu.usage.average","8/20/2026 4:38:20 AM","20","3.65000009536743","3.65000009536743","%","","n/a","0"
"WIN-DEMO-APP03","cpu.usage.average","8/20/2026 4:38:40 AM","20","3.79999995231628","3.79999995231628","%","","n/a","0"
"WIN-DEMO-APP03","cpu.usage.average","8/20/2026 4:39:00 AM","20","3.64000010490417","3.64000010490417","%","","n/a","0"
"WIN-DEMO-APP03","cpu.usage.average","8/20/2026 4:39:20 AM","20","3.88000011444092","3.88000011444092","%","","n/a","0"
"WIN-DEMO-APP03","cpu.usage.average","8/20/2026 4:39:40 AM","20","3.96000003814697","3.96000003814697","%","","n/a","0"
"WIN-DEMO-APP03","cpu.usage.average","8/20/2026 4:40:00 AM","20","4.07000017166138","4.07000017166138","%","","n/a","0"
"WIN-DEMO-APP03","cpu.usage.average","8/20/2026 4:40:20 AM","20","3.41000008583069","3.41000008583069","%","","n/a","0"
"WIN-DEMO-APP03","cpu.usage.average","8/20/2026 4:40:40 AM","20","3.51999998092651","3.51999998092651","%","","n/a","0"
"WIN-DEMO-APP03","cpu.usage.average","8/20/2026 4:41:00 AM","20","3.65000009536743","3.65000009536743","%","","n/a","0"
"WIN-DEMO-APP03","cpu.usage.average","8/20/2026 4:41:20 AM","20","3.96000003814697","3.96000003814697","%","","n/a","0"
"WIN-DEMO-APP03","cpu.usage.average","8/20/2026 4:41:40 AM","20","3.69000005722046","3.69000005722046","%","","n/a","0"
"WIN-DEMO-APP03","cpu.usage.average","8/20/2026 4:42:00 AM","20","3.55999994277954","3.55999994277954","%","","n/a","0"
"WIN-DEMO-APP03","cpu.usage.average","8/20/2026 4:42:20 AM","20","3.58999991416931","3.58999991416931","%","","n/a","0"
"WIN-DEMO-APP03","cpu.usage.average","8/20/2026 4:42:40 AM","20","3.85999989509583","3.85999989509583","%","","n/a","0"
"WIN-DEMO-APP03","cpu.usage.average","8/20/2026 4:43:00 AM","20","3.86999988555908","3.86999988555908","%","","n/a","0"
"WIN-DEMO-APP03","cpu.usage.average","8/20/2026 4:43:20 AM","20","3.82999992370605","3.82999992370605","%","","n/a","0"
"WIN-DEMO-APP03","cpu.usage.average","8/20/2026 4:43:40 AM","20","3.75","3.75","%","","n/a","0"
"WIN-DEMO-APP03","cpu.usage.average","8/20/2026 4:44:00 AM","20","3.97000002861023","3.97000002861023","%","","n/a","0"
"WIN-DEMO-APP03","cpu.usage.average","8/20/2026 4:44:20 AM","20","3.51999998092651","3.51999998092651","%","","n/a","0"
"WIN-DEMO-APP03","cpu.usage.average","8/20/2026 4:44:40 AM","20","4.03999996185303","4.03999996185303","%","","n/a","0"
"WIN-DEMO-APP03","cpu.usage.average","8/20/2026 4:45:00 AM","20","4.30999994277954","4.30999994277954","%","","n/a","0"
"WIN-DEMO-APP03","cpu.usage.average","8/20/2026 4:45:20 AM","20","3.75999999046326","3.75999999046326","%","","n/a","0"
"WIN-DEMO-APP03","cpu.usage.average","8/20/2026 4:45:40 AM","20","3.92000007629395","3.92000007629395","%","","n/a","0"
"WIN-DEMO-APP03","cpu.usage.average","8/20/2026 4:46:00 AM","20","3.77999997138977","3.77999997138977","%","","n/a","0"
"WIN-DEMO-APP03","cpu.usage.average","8/20/2026 4:46:20 AM","20","3.70000004768372","3.70000004768372","%","","n/a","0"
"WIN-DEMO-APP03","cpu.usage.average","8/20/2026 4:46:40 AM","20","3.92000007629395","3.92000007629395","%","","n/a","0"
"WIN-DEMO-APP03","cpu.usage.average","8/20/2026 4:47:00 AM","20","4.11999988555908","4.11999988555908","%","","n/a","0"
"WIN-DEMO-APP03","cpu.usage.average","8/20/2026 4:47:20 AM","20","3.66000008583069","3.66000008583069","%","","n/a","0"
"WIN-DEMO-APP03","cpu.usage.average","8/20/2026 4:47:40 AM","20","3.72000002861023","3.72000002861023","%","","n/a","0"
"WIN-DEMO-APP03","cpu.usage.average","8/20/2026 4:48:00 AM","20","4.21999979019165","4.21999979019165","%","","n/a","0"
"WIN-DEMO-APP03","cpu.usage.average","8/20/2026 4:48:20 AM","20","3.64000010490417","3.64000010490417","%","","n/a","0"
"WIN-DEMO-APP03","cpu.usage.average","8/20/2026 4:48:40 AM","20","3.67000007629395","3.67000007629395","%","","n/a","0"
"WIN-DEMO-APP03","cpu.usage.average","8/20/2026 4:49:00 AM","20","3.47000002861023","3.47000002861023","%","","n/a","0"
"WIN-DEMO-APP03","cpu.usage.average","8/20/2026 4:49:20 AM","20","3.70000004768372","3.70000004768372","%","","n/a","0"
"WIN-DEMO-APP03","cpu.usage.average","8/20/2026 4:49:40 AM","20","3.71000003814697","3.71000003814697","%","","n/a","0"
"WIN-DEMO-APP03","cpu.usage.average","8/20/2026 4:50:00 AM","20","3.46000003814697","3.46000003814697","%","","n/a","0"
"WIN-DEMO-APP03","cpu.usage.average","8/20/2026 4:50:20 AM","20","3.63000011444092","3.63000011444092","%","","n/a","0"
"WIN-DEMO-APP03","cpu.usage.average","8/20/2026 4:50:40 AM","20","3.94000005722046","3.94000005722046","%","","n/a","0"
"WIN-DEMO-APP03","cpu.usage.average","8/20/2026 4:51:00 AM","20","3.59999990463257","3.59999990463257","%","","n/a","0"
"WIN-DEMO-APP03","cpu.usage.average","8/20/2026 4:51:20 AM","20","4.01000022888184","4.01000022888184","%","","n/a","0"
"WIN-DEMO-APP03","cpu.usage.average","8/20/2026 4:51:40 AM","20","3.55999994277954","3.55999994277954","%","","n/a","0"
"WIN-DEMO-APP03","cpu.usage.average","8/20/2026 4:52:00 AM","20","3.91000008583069","3.91000008583069","%","","n/a","0"
"WIN-DEMO-APP03","cpu.usage.average","8/20/2026 4:52:20 AM","20","3.50999999046326","3.50999999046326","%","","n/a","0"
"WIN-DEMO-APP03","cpu.usage.average","8/20/2026 4:52:40 AM","20","3.66000008583069","3.66000008583069","%","","n/a","0"
"WIN-DEMO-APP03","cpu.usage.average","8/20/2026 4:53:00 AM","20","3.76999998092651","3.76999998092651","%","","n/a","0"
"WIN-DEMO-APP03","cpu.usage.average","8/20/2026 4:53:20 AM","20","3.65000009536743","3.65000009536743","%","","n/a","0"
"WIN-DEMO-APP03","cpu.usage.average","8/20/2026 4:53:40 AM","20","3.63000011444092","3.63000011444092","%","","n/a","0"
"WIN-DEMO-APP03","cpu.usage.average","8/20/2026 4:54:00 AM","20","4.01999998092651","4.01999998092651","%","","n/a","0"
"WIN-DEMO-APP03","cpu.usage.average","8/20/2026 4:54:20 AM","20","3.69000005722046","3.69000005722046","%","","n/a","0"
"WIN-DEMO-APP03","cpu.usage.average","8/20/2026 4:54:40 AM","20","3.67000007629395","3.67000007629395","%","","n/a","0"
"WIN-DEMO-APP03","cpu.usage.average","8/20/2026 4:55:00 AM","20","3.48000001907349","3.48000001907349","%","","n/a","0"
"WIN-DEMO-APP03","cpu.usage.average","8/20/2026 4:55:20 AM","20","3.53999996185303","3.53999996185303","%","","n/a","0"
"WIN-DEMO-APP03","cpu.usage.average","8/20/2026 4:55:40 AM","20","3.77999997138977","3.77999997138977","%","","n/a","0"
"WIN-DEMO-APP03","cpu.usage.average","8/20/2026 4:56:00 AM","20","4.05999994277954","4.05999994277954","%","","n/a","0"
"WIN-DEMO-APP03","cpu.usage.average","8/20/2026 4:56:20 AM","20","3.94000005722046","3.94000005722046","%","","n/a","0"
"WIN-DEMO-APP03","cpu.usage.average","8/20/2026 4:56:40 AM","20","3.80999994277954","3.80999994277954","%","","n/a","0"
"WIN-DEMO-APP03","cpu.usage.average","8/20/2026 4:57:00 AM","20","3.69000005722046","3.69000005722046","%","","n/a","0"
"WIN-DEMO-APP03","cpu.usage.average","8/20/2026 4:57:20 AM","20","3.88000011444092","3.88000011444092","%","","n/a","0"
"WIN-DEMO-APP03","cpu.usage.average","8/20/2026 4:57:40 AM","20","4.01000022888184","4.01000022888184","%","","n/a","0"
"WIN-DEMO-APP03","cpu.usage.average","8/20/2026 4:58:00 AM","20","3.73000001907349","3.73000001907349","%","","n/a","0"
"WIN-DEMO-APP03","cpu.usage.average","8/20/2026 4:58:20 AM","20","3.78999996185303","3.78999996185303","%","","n/a","0"
"WIN-DEMO-APP03","cpu.usage.average","8/20/2026 4:58:40 AM","20","3.79999995231628","3.79999995231628","%","","n/a","0"
"WIN-DEMO-APP03","cpu.usage.average","8/20/2026 4:59:00 AM","20","3.76999998092651","3.76999998092651","%","","n/a","0"
"WIN-DEMO-APP03","cpu.usage.average","8/20/2026 4:59:20 AM","20","3.75999999046326","3.75999999046326","%","","n/a","0"
"WIN-DEMO-APP03","cpu.usage.average","8/20/2026 4:59:40 AM","20","3.97000002861023","3.97000002861023","%","","n/a","0"
"WIN-DEMO-APP03","cpu.usage.average","8/20/2026 5:00:00 AM","20","4.21000003814697","4.21000003814697","%","","n/a","0"
"WIN-DEMO-APP03","cpu.usage.average","8/20/2026 5:00:20 AM","20","3.69000005722046","3.69000005722046","%","","n/a","0"
"WIN-DEMO-APP03","cpu.usage.average","8/20/2026 5:00:40 AM","20","3.41000008583069","3.41000008583069","%","","n/a","0"
"WIN-DEMO-APP03","cpu.usage.average","8/20/2026 5:01:00 AM","20","3.60999989509583","3.60999989509583","%","","n/a","0"
"WIN-DEMO-APP03","cpu.usage.average","8/20/2026 5:01:20 AM","20","4.01000022888184","4.01000022888184","%","","n/a","0"
"WIN-DEMO-APP03","cpu.usage.average","8/20/2026 5:01:40 AM","20","4.09000015258789","4.09000015258789","%","","n/a","0"
"WIN-DEMO-APP03","cpu.usage.average","8/20/2026 5:02:00 AM","20","4.09999990463257","4.09999990463257","%","","n/a","0"
"WIN-DEMO-APP03","cpu.usage.average","8/20/2026 5:02:20 AM","20","3.83999991416931","3.83999991416931","%","","n/a","0"
"WIN-DEMO-APP03","cpu.usage.average","8/20/2026 5:02:40 AM","20","3.71000003814697","3.71000003814697","%","","n/a","0"
"WIN-DEMO-APP03","cpu.usage.average","8/20/2026 5:03:00 AM","20","3.88000011444092","3.88000011444092","%","","n/a","0"
"WIN-DEMO-APP03","cpu.usage.average","8/20/2026 5:03:20 AM","20","3.75","3.75","%","","n/a","0"
"WIN-DEMO-APP03","cpu.usage.average","8/20/2026 5:03:40 AM","20","3.88000011444092","3.88000011444092","%","","n/a","0"
"WIN-DEMO-APP03","cpu.usage.average","8/20/2026 5:04:00 AM","20","4.44999980926514","4.44999980926514","%","","n/a","0"
"WIN-DEMO-APP03","cpu.usage.average","8/20/2026 5:04:20 AM","20","3.60999989509583","3.60999989509583","%","","n/a","0"
"WIN-DEMO-APP03","cpu.usage.average","8/20/2026 5:04:40 AM","20","4.03000020980835","4.03000020980835","%","","n/a","0"
"WIN-DEMO-APP03","cpu.usage.average","8/20/2026 5:05:00 AM","20","3.74000000953674","3.74000000953674","%","","n/a","0"
"WIN-DEMO-APP03","cpu.usage.average","8/20/2026 5:05:20 AM","20","3.51999998092651","3.51999998092651","%","","n/a","0"
"WIN-DEMO-APP03","cpu.usage.average","8/20/2026 5:05:40 AM","20","3.63000011444092","3.63000011444092","%","","n/a","0"
"WIN-DEMO-APP03","mem.consumed.average","8/20/2026 4:06:00 AM","20","4194276","4194276","KB","","n/a","0"
"WIN-DEMO-APP03","mem.consumed.average","8/20/2026 4:06:20 AM","20","4194276","4194276","KB","","n/a","0"
"WIN-DEMO-APP03","mem.consumed.average","8/20/2026 4:06:40 AM","20","4194276","4194276","KB","","n/a","0"
"WIN-DEMO-APP03","mem.consumed.average","8/20/2026 4:07:00 AM","20","4194276","4194276","KB","","n/a","0"
"WIN-DEMO-APP03","mem.consumed.average","8/20/2026 4:07:20 AM","20","4194276","4194276","KB","","n/a","0"
"WIN-DEMO-APP03","mem.consumed.average","8/20/2026 4:07:40 AM","20","4194276","4194276","KB","","n/a","0"
"WIN-DEMO-APP03","mem.consumed.average","8/20/2026 4:08:00 AM","20","4194276","4194276","KB","","n/a","0"
"WIN-DEMO-APP03","mem.consumed.average","8/20/2026 4:08:20 AM","20","4194276","4194276","KB","","n/a","0"
"WIN-DEMO-APP03","mem.consumed.average","8/20/2026 4:08:40 AM","20","4194276","4194276","KB","","n/a","0"
"WIN-DEMO-APP03","mem.consumed.average","8/20/2026 4:09:00 AM","20","4194276","4194276","KB","","n/a","0"
"WIN-DEMO-APP03","mem.consumed.average","8/20/2026 4:09:20 AM","20","4194276","4194276","KB","","n/a","0"
"WIN-DEMO-APP03","mem.consumed.average","8/20/2026 4:09:40 AM","20","4194276","4194276","KB","","n/a","0"
"WIN-DEMO-APP03","mem.consumed.average","8/20/2026 4:10:00 AM","20","4194276","4194276","KB","","n/a","0"
"WIN-DEMO-APP03","mem.consumed.average","8/20/2026 4:10:20 AM","20","4194276","4194276","KB","","n/a","0"
"WIN-DEMO-APP03","mem.consumed.average","8/20/2026 4:10:40 AM","20","4194276","4194276","KB","","n/a","0"
"WIN-DEMO-APP03","mem.consumed.average","8/20/2026 4:11:00 AM","20","4194276","4194276","KB","","n/a","0"
"WIN-DEMO-APP03","mem.consumed.average","8/20/2026 4:11:20 AM","20","4194276","4194276","KB","","n/a","0"
"WIN-DEMO-APP03","mem.consumed.average","8/20/2026 4:11:40 AM","20","4194276","4194276","KB","","n/a","0"
"WIN-DEMO-APP03","mem.consumed.average","8/20/2026 4:12:00 AM","20","4194276","4194276","KB","","n/a","0"
"WIN-DEMO-APP03","mem.consumed.average","8/20/2026 4:12:20 AM","20","4194276","4194276","KB","","n/a","0"
"WIN-DEMO-APP03","mem.consumed.average","8/20/2026 4:12:40 AM","20","4194276","4194276","KB","","n/a","0"
"WIN-DEMO-APP03","mem.consumed.average","8/20/2026 4:13:00 AM","20","4194276","4194276","KB","","n/a","0"
"WIN-DEMO-APP03","mem.consumed.average","8/20/2026 4:13:20 AM","20","4194276","4194276","KB","","n/a","0"
"WIN-DEMO-APP03","mem.consumed.average","8/20/2026 4:13:40 AM","20","4194276","4194276","KB","","n/a","0"
"WIN-DEMO-APP03","mem.consumed.average","8/20/2026 4:14:00 AM","20","4194276","4194276","KB","","n/a","0"
"WIN-DEMO-APP03","mem.consumed.average","8/20/2026 4:14:20 AM","20","4194276","4194276","KB","","n/a","0"
"WIN-DEMO-APP03","mem.consumed.average","8/20/2026 4:14:40 AM","20","4194276","4194276","KB","","n/a","0"
"WIN-DEMO-APP03","mem.consumed.average","8/20/2026 4:15:00 AM","20","4194276","4194276","KB","","n/a","0"
"WIN-DEMO-APP03","mem.consumed.average","8/20/2026 4:15:20 AM","20","4194276","4194276","KB","","n/a","0"
"WIN-DEMO-APP03","mem.consumed.average","8/20/2026 4:15:40 AM","20","4194276","4194276","KB","","n/a","0"
"WIN-DEMO-APP03","mem.consumed.average","8/20/2026 4:16:00 AM","20","4194276","4194276","KB","","n/a","0"
"WIN-DEMO-APP03","mem.consumed.average","8/20/2026 4:16:20 AM","20","4194276","4194276","KB","","n/a","0"
"WIN-DEMO-APP03","mem.consumed.average","8/20/2026 4:16:40 AM","20","4194276","4194276","KB","","n/a","0"
"WIN-DEMO-APP03","mem.consumed.average","8/20/2026 4:17:00 AM","20","4194276","4194276","KB","","n/a","0"
"WIN-DEMO-APP03","mem.consumed.average","8/20/2026 4:17:20 AM","20","4194276","4194276","KB","","n/a","0"
"WIN-DEMO-APP03","mem.consumed.average","8/20/2026 4:17:40 AM","20","4194276","4194276","KB","","n/a","0"
"WIN-DEMO-APP03","mem.consumed.average","8/20/2026 4:18:00 AM","20","4194276","4194276","KB","","n/a","0"
"WIN-DEMO-APP03","mem.consumed.average","8/20/2026 4:18:20 AM","20","4194276","4194276","KB","","n/a","0"
"WIN-DEMO-APP03","mem.consumed.average","8/20/2026 4:18:40 AM","20","4194276","4194276","KB","","n/a","0"
"WIN-DEMO-APP03","mem.consumed.average","8/20/2026 4:19:00 AM","20","4194276","4194276","KB","","n/a","0"
"WIN-DEMO-APP03","mem.consumed.average","8/20/2026 4:19:20 AM","20","4194276","4194276","KB","","n/a","0"
"WIN-DEMO-APP03","mem.consumed.average","8/20/2026 4:19:40 AM","20","4194276","4194276","KB","","n/a","0"
"WIN-DEMO-APP03","mem.consumed.average","8/20/2026 4:20:00 AM","20","4194276","4194276","KB","","n/a","0"
"WIN-DEMO-APP03","mem.consumed.average","8/20/2026 4:20:20 AM","20","4194276","4194276","KB","","n/a","0"
"WIN-DEMO-APP03","mem.consumed.average","8/20/2026 4:20:40 AM","20","4194276","4194276","KB","","n/a","0"
"WIN-DEMO-APP03","mem.consumed.average","8/20/2026 4:21:00 AM","20","4194276","4194276","KB","","n/a","0"
"WIN-DEMO-APP03","mem.consumed.average","8/20/2026 4:21:20 AM","20","4194276","4194276","KB","","n/a","0"
"WIN-DEMO-APP03","mem.consumed.average","8/20/2026 4:21:40 AM","20","4194276","4194276","KB","","n/a","0"
"WIN-DEMO-APP03","mem.consumed.average","8/20/2026 4:22:00 AM","20","4194276","4194276","KB","","n/a","0"
"WIN-DEMO-APP03","mem.consumed.average","8/20/2026 4:22:20 AM","20","4194276","4194276","KB","","n/a","0"
"WIN-DEMO-APP03","mem.consumed.average","8/20/2026 4:22:40 AM","20","4194276","4194276","KB","","n/a","0"
"WIN-DEMO-APP03","mem.consumed.average","8/20/2026 4:23:00 AM","20","4194276","4194276","KB","","n/a","0"
"WIN-DEMO-APP03","mem.consumed.average","8/20/2026 4:23:20 AM","20","4194276","4194276","KB","","n/a","0"
"WIN-DEMO-APP03","mem.consumed.average","8/20/2026 4:23:40 AM","20","4194276","4194276","KB","","n/a","0"
"WIN-DEMO-APP03","mem.consumed.average","8/20/2026 4:24:00 AM","20","4194276","4194276","KB","","n/a","0"
"WIN-DEMO-APP03","mem.consumed.average","8/20/2026 4:24:20 AM","20","4194276","4194276","KB","","n/a","0"
"WIN-DEMO-APP03","mem.consumed.average","8/20/2026 4:24:40 AM","20","4194276","4194276","KB","","n/a","0"
"WIN-DEMO-APP03","mem.consumed.average","8/20/2026 4:25:00 AM","20","4194276","4194276","KB","","n/a","0"
"WIN-DEMO-APP03","mem.consumed.average","8/20/2026 4:25:20 AM","20","4194276","4194276","KB","","n/a","0"
"WIN-DEMO-APP03","mem.consumed.average","8/20/2026 4:25:40 AM","20","4194276","4194276","KB","","n/a","0"
"WIN-DEMO-APP03","mem.consumed.average","8/20/2026 4:26:00 AM","20","4194276","4194276","KB","","n/a","0"
"WIN-DEMO-APP03","mem.consumed.average","8/20/2026 4:26:20 AM","20","4194276","4194276","KB","","n/a","0"
"WIN-DEMO-APP03","mem.consumed.average","8/20/2026 4:26:40 AM","20","4194276","4194276","KB","","n/a","0"
"WIN-DEMO-APP03","mem.consumed.average","8/20/2026 4:27:00 AM","20","4194276","4194276","KB","","n/a","0"
"WIN-DEMO-APP03","mem.consumed.average","8/20/2026 4:27:20 AM","20","4194276","4194276","KB","","n/a","0"
"WIN-DEMO-APP03","mem.consumed.average","8/20/2026 4:27:40 AM","20","4194276","4194276","KB","","n/a","0"
"WIN-DEMO-APP03","mem.consumed.average","8/20/2026 4:28:00 AM","20","4194276","4194276","KB","","n/a","0"
"WIN-DEMO-APP03","mem.consumed.average","8/20/2026 4:28:20 AM","20","4194276","4194276","KB","","n/a","0"
"WIN-DEMO-APP03","mem.consumed.average","8/20/2026 4:28:40 AM","20","4194276","4194276","KB","","n/a","0"
"WIN-DEMO-APP03","mem.consumed.average","8/20/2026 4:29:00 AM","20","4194276","4194276","KB","","n/a","0"
"WIN-DEMO-APP03","mem.consumed.average","8/20/2026 4:29:20 AM","20","4194276","4194276","KB","","n/a","0"
"WIN-DEMO-APP03","mem.consumed.average","8/20/2026 4:29:40 AM","20","4194276","4194276","KB","","n/a","0"
"WIN-DEMO-APP03","mem.consumed.average","8/20/2026 4:30:00 AM","20","4194276","4194276","KB","","n/a","0"
"WIN-DEMO-APP03","mem.consumed.average","8/20/2026 4:30:20 AM","20","4194276","4194276","KB","","n/a","0"
"WIN-DEMO-APP03","mem.consumed.average","8/20/2026 4:30:40 AM","20","4194276","4194276","KB","","n/a","0"
"WIN-DEMO-APP03","mem.consumed.average","8/20/2026 4:31:00 AM","20","4194276","4194276","KB","","n/a","0"
"WIN-DEMO-APP03","mem.consumed.average","8/20/2026 4:31:20 AM","20","4194276","4194276","KB","","n/a","0"
"WIN-DEMO-APP03","mem.consumed.average","8/20/2026 4:31:40 AM","20","4194276","4194276","KB","","n/a","0"
"WIN-DEMO-APP03","mem.consumed.average","8/20/2026 4:32:00 AM","20","4194276","4194276","KB","","n/a","0"
"WIN-DEMO-APP03","mem.consumed.average","8/20/2026 4:32:20 AM","20","4194276","4194276","KB","","n/a","0"
"WIN-DEMO-APP03","mem.consumed.average","8/20/2026 4:32:40 AM","20","4194276","4194276","KB","","n/a","0"
"WIN-DEMO-APP03","mem.consumed.average","8/20/2026 4:33:00 AM","20","4194276","4194276","KB","","n/a","0"
"WIN-DEMO-APP03","mem.consumed.average","8/20/2026 4:33:20 AM","20","4194276","4194276","KB","","n/a","0"
"WIN-DEMO-APP03","mem.consumed.average","8/20/2026 4:33:40 AM","20","4194276","4194276","KB","","n/a","0"
"WIN-DEMO-APP03","mem.consumed.average","8/20/2026 4:34:00 AM","20","4194276","4194276","KB","","n/a","0"
"WIN-DEMO-APP03","mem.consumed.average","8/20/2026 4:34:20 AM","20","4194276","4194276","KB","","n/a","0"
"WIN-DEMO-APP03","mem.consumed.average","8/20/2026 4:34:40 AM","20","4194276","4194276","KB","","n/a","0"
"WIN-DEMO-APP03","mem.consumed.average","8/20/2026 4:35:00 AM","20","4194276","4194276","KB","","n/a","0"
"WIN-DEMO-APP03","mem.consumed.average","8/20/2026 4:35:20 AM","20","4194276","4194276","KB","","n/a","0"
"WIN-DEMO-APP03","mem.consumed.average","8/20/2026 4:35:40 AM","20","4194276","4194276","KB","","n/a","0"
"WIN-DEMO-APP03","mem.consumed.average","8/20/2026 4:36:00 AM","20","4194276","4194276","KB","","n/a","0"
"WIN-DEMO-APP03","mem.consumed.average","8/20/2026 4:36:20 AM","20","4194276","4194276","KB","","n/a","0"
"WIN-DEMO-APP03","mem.consumed.average","8/20/2026 4:36:40 AM","20","4194276","4194276","KB","","n/a","0"
"WIN-DEMO-APP03","mem.consumed.average","8/20/2026 4:37:00 AM","20","4194276","4194276","KB","","n/a","0"
"WIN-DEMO-APP03","mem.consumed.average","8/20/2026 4:37:20 AM","20","4194276","4194276","KB","","n/a","0"
"WIN-DEMO-APP03","mem.consumed.average","8/20/2026 4:37:40 AM","20","4194276","4194276","KB","","n/a","0"
"WIN-DEMO-APP03","mem.consumed.average","8/20/2026 4:38:00 AM","20","4194276","4194276","KB","","n/a","0"
"WIN-DEMO-APP03","mem.consumed.average","8/20/2026 4:38:20 AM","20","4194276","4194276","KB","","n/a","0"
"WIN-DEMO-APP03","mem.consumed.average","8/20/2026 4:38:40 AM","20","4194276","4194276","KB","","n/a","0"
"WIN-DEMO-APP03","mem.consumed.average","8/20/2026 4:39:00 AM","20","4194276","4194276","KB","","n/a","0"
"WIN-DEMO-APP03","mem.consumed.average","8/20/2026 4:39:20 AM","20","4194276","4194276","KB","","n/a","0"
"WIN-DEMO-APP03","mem.consumed.average","8/20/2026 4:39:40 AM","20","4194276","4194276","KB","","n/a","0"
"WIN-DEMO-APP03","mem.consumed.average","8/20/2026 4:40:00 AM","20","4194276","4194276","KB","","n/a","0"
"WIN-DEMO-APP03","mem.consumed.average","8/20/2026 4:40:20 AM","20","4194276","4194276","KB","","n/a","0"
"WIN-DEMO-APP03","mem.consumed.average","8/20/2026 4:40:40 AM","20","4194276","4194276","KB","","n/a","0"
"WIN-DEMO-APP03","mem.consumed.average","8/20/2026 4:41:00 AM","20","4194276","4194276","KB","","n/a","0"
"WIN-DEMO-APP03","mem.consumed.average","8/20/2026 4:41:20 AM","20","4194276","4194276","KB","","n/a","0"
"WIN-DEMO-APP03","mem.consumed.average","8/20/2026 4:41:40 AM","20","4194276","4194276","KB","","n/a","0"
"WIN-DEMO-APP03","mem.consumed.average","8/20/2026 4:42:00 AM","20","4194276","4194276","KB","","n/a","0"
"WIN-DEMO-APP03","mem.consumed.average","8/20/2026 4:42:20 AM","20","4194276","4194276","KB","","n/a","0"
"WIN-DEMO-APP03","mem.consumed.average","8/20/2026 4:42:40 AM","20","4194276","4194276","KB","","n/a","0"
"WIN-DEMO-APP03","mem.consumed.average","8/20/2026 4:43:00 AM","20","4194276","4194276","KB","","n/a","0"
"WIN-DEMO-APP03","mem.consumed.average","8/20/2026 4:43:20 AM","20","4194276","4194276","KB","","n/a","0"
"WIN-DEMO-APP03","mem.consumed.average","8/20/2026 4:43:40 AM","20","4194276","4194276","KB","","n/a","0"
"WIN-DEMO-APP03","mem.consumed.average","8/20/2026 4:44:00 AM","20","4194276","4194276","KB","","n/a","0"
"WIN-DEMO-APP03","mem.consumed.average","8/20/2026 4:44:20 AM","20","4194276","4194276","KB","","n/a","0"
"WIN-DEMO-APP03","mem.consumed.average","8/20/2026 4:44:40 AM","20","4194276","4194276","KB","","n/a","0"
"WIN-DEMO-APP03","mem.consumed.average","8/20/2026 4:45:00 AM","20","4194276","4194276","KB","","n/a","0"
"WIN-DEMO-APP03","mem.consumed.average","8/20/2026 4:45:20 AM","20","4194276","4194276","KB","","n/a","0"
"WIN-DEMO-APP03","mem.consumed.average","8/20/2026 4:45:40 AM","20","4194276","4194276","KB","","n/a","0"
"WIN-DEMO-APP03","mem.consumed.average","8/20/2026 4:46:00 AM","20","4194276","4194276","KB","","n/a","0"
"WIN-DEMO-APP03","mem.consumed.average","8/20/2026 4:46:20 AM","20","4194276","4194276","KB","","n/a","0"
"WIN-DEMO-APP03","mem.consumed.average","8/20/2026 4:46:40 AM","20","4194276","4194276","KB","","n/a","0"
"WIN-DEMO-APP03","mem.consumed.average","8/20/2026 4:47:00 AM","20","4194276","4194276","KB","","n/a","0"
"WIN-DEMO-APP03","mem.consumed.average","8/20/2026 4:47:20 AM","20","4194276","4194276","KB","","n/a","0"
"WIN-DEMO-APP03","mem.consumed.average","8/20/2026 4:47:40 AM","20","4194276","4194276","KB","","n/a","0"
"WIN-DEMO-APP03","mem.consumed.average","8/20/2026 4:48:00 AM","20","4194276","4194276","KB","","n/a","0"
"WIN-DEMO-APP03","mem.consumed.average","8/20/2026 4:48:20 AM","20","4194276","4194276","KB","","n/a","0"
"WIN-DEMO-APP03","mem.consumed.average","8/20/2026 4:48:40 AM","20","4194276","4194276","KB","","n/a","0"
"WIN-DEMO-APP03","mem.consumed.average","8/20/2026 4:49:00 AM","20","4194276","4194276","KB","","n/a","0"
"WIN-DEMO-APP03","mem.consumed.average","8/20/2026 4:49:20 AM","20","4194276","4194276","KB","","n/a","0"
"WIN-DEMO-APP03","mem.consumed.average","8/20/2026 4:49:40 AM","20","4194276","4194276","KB","","n/a","0"
"WIN-DEMO-APP03","mem.consumed.average","8/20/2026 4:50:00 AM","20","4194276","4194276","KB","","n/a","0"
"WIN-DEMO-APP03","mem.consumed.average","8/20/2026 4:50:20 AM","20","4194276","4194276","KB","","n/a","0"
"WIN-DEMO-APP03","mem.consumed.average","8/20/2026 4:50:40 AM","20","4194276","4194276","KB","","n/a","0"
"WIN-DEMO-APP03","mem.consumed.average","8/20/2026 4:51:00 AM","20","4194276","4194276","KB","","n/a","0"
"WIN-DEMO-APP03","mem.consumed.average","8/20/2026 4:51:20 AM","20","4194276","4194276","KB","","n/a","0"
"WIN-DEMO-APP03","mem.consumed.average","8/20/2026 4:51:40 AM","20","4194276","4194276","KB","","n/a","0"
"WIN-DEMO-APP03","mem.consumed.average","8/20/2026 4:52:00 AM","20","4194276","4194276","KB","","n/a","0"
"WIN-DEMO-APP03","mem.consumed.average","8/20/2026 4:52:20 AM","20","4194276","4194276","KB","","n/a","0"
"WIN-DEMO-APP03","mem.consumed.average","8/20/2026 4:52:40 AM","20","4194276","4194276","KB","","n/a","0"
"WIN-DEMO-APP03","mem.consumed.average","8/20/2026 4:53:00 AM","20","4194276","4194276","KB","","n/a","0"
"WIN-DEMO-APP03","mem.consumed.average","8/20/2026 4:53:20 AM","20","4194276","4194276","KB","","n/a","0"
"WIN-DEMO-APP03","mem.consumed.average","8/20/2026 4:53:40 AM","20","4194276","4194276","KB","","n/a","0"
"WIN-DEMO-APP03","mem.consumed.average","8/20/2026 4:54:00 AM","20","4194276","4194276","KB","","n/a","0"
"WIN-DEMO-APP03","mem.consumed.average","8/20/2026 4:54:20 AM","20","4194276","4194276","KB","","n/a","0"
"WIN-DEMO-APP03","mem.consumed.average","8/20/2026 4:54:40 AM","20","4194276","4194276","KB","","n/a","0"
"WIN-DEMO-APP03","mem.consumed.average","8/20/2026 4:55:00 AM","20","4194276","4194276","KB","","n/a","0"
"WIN-DEMO-APP03","mem.consumed.average","8/20/2026 4:55:20 AM","20","4194276","4194276","KB","","n/a","0"
"WIN-DEMO-APP03","mem.consumed.average","8/20/2026 4:55:40 AM","20","4194276","4194276","KB","","n/a","0"
"WIN-DEMO-APP03","mem.consumed.average","8/20/2026 4:56:00 AM","20","4194276","4194276","KB","","n/a","0"
"WIN-DEMO-APP03","mem.consumed.average","8/20/2026 4:56:20 AM","20","4194276","4194276","KB","","n/a","0"
"WIN-DEMO-APP03","mem.consumed.average","8/20/2026 4:56:40 AM","20","4194276","4194276","KB","","n/a","0"
"WIN-DEMO-APP03","mem.consumed.average","8/20/2026 4:57:00 AM","20","4194276","4194276","KB","","n/a","0"
"WIN-DEMO-APP03","mem.consumed.average","8/20/2026 4:57:20 AM","20","4194276","4194276","KB","","n/a","0"
"WIN-DEMO-APP03","mem.consumed.average","8/20/2026 4:57:40 AM","20","4194276","4194276","KB","","n/a","0"
"WIN-DEMO-APP03","mem.consumed.average","8/20/2026 4:58:00 AM","20","4194276","4194276","KB","","n/a","0"
"WIN-DEMO-APP03","mem.consumed.average","8/20/2026 4:58:20 AM","20","4194276","4194276","KB","","n/a","0"
"WIN-DEMO-APP03","mem.consumed.average","8/20/2026 4:58:40 AM","20","4194276","4194276","KB","","n/a","0"
"WIN-DEMO-APP03","mem.consumed.average","8/20/2026 4:59:00 AM","20","4194276","4194276","KB","","n/a","0"
"WIN-DEMO-APP03","mem.consumed.average","8/20/2026 4:59:20 AM","20","4194276","4194276","KB","","n/a","0"
"WIN-DEMO-APP03","mem.consumed.average","8/20/2026 4:59:40 AM","20","4194276","4194276","KB","","n/a","0"
"WIN-DEMO-APP03","mem.consumed.average","8/20/2026 5:00:00 AM","20","4194276","4194276","KB","","n/a","0"
"WIN-DEMO-APP03","mem.consumed.average","8/20/2026 5:00:20 AM","20","4194276","4194276","KB","","n/a","0"
"WIN-DEMO-APP03","mem.consumed.average","8/20/2026 5:00:40 AM","20","4194276","4194276","KB","","n/a","0"
"WIN-DEMO-APP03","mem.consumed.average","8/20/2026 5:01:00 AM","20","4194276","4194276","KB","","n/a","0"
"WIN-DEMO-APP03","mem.consumed.average","8/20/2026 5:01:20 AM","20","4194276","4194276","KB","","n/a","0"
"WIN-DEMO-APP03","mem.consumed.average","8/20/2026 5:01:40 AM","20","4194276","4194276","KB","","n/a","0"
"WIN-DEMO-APP03","mem.consumed.average","8/20/2026 5:02:00 AM","20","4194276","4194276","KB","","n/a","0"
"WIN-DEMO-APP03","mem.consumed.average","8/20/2026 5:02:20 AM","20","4194276","4194276","KB","","n/a","0"
"WIN-DEMO-APP03","mem.consumed.average","8/20/2026 5:02:40 AM","20","4194276","4194276","KB","","n/a","0"
"WIN-DEMO-APP03","mem.consumed.average","8/20/2026 5:03:00 AM","20","4194276","4194276","KB","","n/a","0"
"WIN-DEMO-APP03","mem.consumed.average","8/20/2026 5:03:20 AM","20","4194276","4194276","KB","","n/a","0"
"WIN-DEMO-APP03","mem.consumed.average","8/20/2026 5:03:40 AM","20","4194276","4194276","KB","","n/a","0"
"WIN-DEMO-APP03","mem.consumed.average","8/20/2026 5:04:00 AM","20","4194276","4194276","KB","","n/a","0"
"WIN-DEMO-APP03","mem.consumed.average","8/20/2026 5:04:20 AM","20","4194276","4194276","KB","","n/a","0"
"WIN-DEMO-APP03","mem.consumed.average","8/20/2026 5:04:40 AM","20","4194276","4194276","KB","","n/a","0"
"WIN-DEMO-APP03","mem.consumed.average","8/20/2026 5:05:00 AM","20","4194276","4194276","KB","","n/a","0"
"WIN-DEMO-APP03","mem.consumed.average","8/20/2026 5:05:20 AM","20","4194276","4194276","KB","","n/a","0"
"WIN-DEMO-APP03","mem.consumed.average","8/20/2026 5:05:40 AM","20","4194276","4194276","KB","","n/a","0"
"WIN-DEMO-APP03","mem.usage.average","8/20/2026 4:06:00 AM","20","6.98999977111816","6.98999977111816","%","","n/a","0"
"WIN-DEMO-APP03","mem.usage.average","8/20/2026 4:06:20 AM","20","6.98999977111816","6.98999977111816","%","","n/a","0"
"WIN-DEMO-APP03","mem.usage.average","8/20/2026 4:06:40 AM","20","7.98999977111816","7.98999977111816","%","","n/a","0"
"WIN-DEMO-APP03","mem.usage.average","8/20/2026 4:07:00 AM","20","7.98999977111816","7.98999977111816","%","","n/a","0"
"WIN-DEMO-APP03","mem.usage.average","8/20/2026 4:07:20 AM","20","7.98999977111816","7.98999977111816","%","","n/a","0"
"WIN-DEMO-APP03","mem.usage.average","8/20/2026 4:07:40 AM","20","4.98999977111816","4.98999977111816","%","","n/a","0"
"WIN-DEMO-APP03","mem.usage.average","8/20/2026 4:08:00 AM","20","4.98999977111816","4.98999977111816","%","","n/a","0"
"WIN-DEMO-APP03","mem.usage.average","8/20/2026 4:08:20 AM","20","4.98999977111816","4.98999977111816","%","","n/a","0"
"WIN-DEMO-APP03","mem.usage.average","8/20/2026 4:08:40 AM","20","5.98999977111816","5.98999977111816","%","","n/a","0"
"WIN-DEMO-APP03","mem.usage.average","8/20/2026 4:09:00 AM","20","5.98999977111816","5.98999977111816","%","","n/a","0"
"WIN-DEMO-APP03","mem.usage.average","8/20/2026 4:09:20 AM","20","5.98999977111816","5.98999977111816","%","","n/a","0"
"WIN-DEMO-APP03","mem.usage.average","8/20/2026 4:09:40 AM","20","4.98999977111816","4.98999977111816","%","","n/a","0"
"WIN-DEMO-APP03","mem.usage.average","8/20/2026 4:10:00 AM","20","4.98999977111816","4.98999977111816","%","","n/a","0"
"WIN-DEMO-APP03","mem.usage.average","8/20/2026 4:10:20 AM","20","4.98999977111816","4.98999977111816","%","","n/a","0"
"WIN-DEMO-APP03","mem.usage.average","8/20/2026 4:10:40 AM","20","5.98999977111816","5.98999977111816","%","","n/a","0"
"WIN-DEMO-APP03","mem.usage.average","8/20/2026 4:11:00 AM","20","5.98999977111816","5.98999977111816","%","","n/a","0"
"WIN-DEMO-APP03","mem.usage.average","8/20/2026 4:11:20 AM","20","5.98999977111816","5.98999977111816","%","","n/a","0"
"WIN-DEMO-APP03","mem.usage.average","8/20/2026 4:11:40 AM","20","4.98999977111816","4.98999977111816","%","","n/a","0"
"WIN-DEMO-APP03","mem.usage.average","8/20/2026 4:12:00 AM","20","4.98999977111816","4.98999977111816","%","","n/a","0"
"WIN-DEMO-APP03","mem.usage.average","8/20/2026 4:12:20 AM","20","4.98999977111816","4.98999977111816","%","","n/a","0"
"WIN-DEMO-APP03","mem.usage.average","8/20/2026 4:12:40 AM","20","4.98999977111816","4.98999977111816","%","","n/a","0"
"WIN-DEMO-APP03","mem.usage.average","8/20/2026 4:13:00 AM","20","4.98999977111816","4.98999977111816","%","","n/a","0"
"WIN-DEMO-APP03","mem.usage.average","8/20/2026 4:13:20 AM","20","4.98999977111816","4.98999977111816","%","","n/a","0"
"WIN-DEMO-APP03","mem.usage.average","8/20/2026 4:13:40 AM","20","4.98999977111816","4.98999977111816","%","","n/a","0"
"WIN-DEMO-APP03","mem.usage.average","8/20/2026 4:14:00 AM","20","5.98999977111816","5.98999977111816","%","","n/a","0"
"WIN-DEMO-APP03","mem.usage.average","8/20/2026 4:14:20 AM","20","5.98999977111816","5.98999977111816","%","","n/a","0"
"WIN-DEMO-APP03","mem.usage.average","8/20/2026 4:14:40 AM","20","5.98999977111816","5.98999977111816","%","","n/a","0"
"WIN-DEMO-APP03","mem.usage.average","8/20/2026 4:15:00 AM","20","3.99000000953674","3.99000000953674","%","","n/a","0"
"WIN-DEMO-APP03","mem.usage.average","8/20/2026 4:15:20 AM","20","3.99000000953674","3.99000000953674","%","","n/a","0"
"WIN-DEMO-APP03","mem.usage.average","8/20/2026 4:15:40 AM","20","3.99000000953674","3.99000000953674","%","","n/a","0"
"WIN-DEMO-APP03","mem.usage.average","8/20/2026 4:16:00 AM","20","3.99000000953674","3.99000000953674","%","","n/a","0"
"WIN-DEMO-APP03","mem.usage.average","8/20/2026 4:16:20 AM","20","3.99000000953674","3.99000000953674","%","","n/a","0"
"WIN-DEMO-APP03","mem.usage.average","8/20/2026 4:16:40 AM","20","3.99000000953674","3.99000000953674","%","","n/a","0"
"WIN-DEMO-APP03","mem.usage.average","8/20/2026 4:17:00 AM","20","2.99000000953674","2.99000000953674","%","","n/a","0"
"WIN-DEMO-APP03","mem.usage.average","8/20/2026 4:17:20 AM","20","3.99000000953674","3.99000000953674","%","","n/a","0"
"WIN-DEMO-APP03","mem.usage.average","8/20/2026 4:17:40 AM","20","5.98999977111816","5.98999977111816","%","","n/a","0"
"WIN-DEMO-APP03","mem.usage.average","8/20/2026 4:18:00 AM","20","5.98999977111816","5.98999977111816","%","","n/a","0"
"WIN-DEMO-APP03","mem.usage.average","8/20/2026 4:18:20 AM","20","5.98999977111816","5.98999977111816","%","","n/a","0"
"WIN-DEMO-APP03","mem.usage.average","8/20/2026 4:18:40 AM","20","5.98999977111816","5.98999977111816","%","","n/a","0"
"WIN-DEMO-APP03","mem.usage.average","8/20/2026 4:19:00 AM","20","3.99000000953674","3.99000000953674","%","","n/a","0"
"WIN-DEMO-APP03","mem.usage.average","8/20/2026 4:19:20 AM","20","3.99000000953674","3.99000000953674","%","","n/a","0"
"WIN-DEMO-APP03","mem.usage.average","8/20/2026 4:19:40 AM","20","3.99000000953674","3.99000000953674","%","","n/a","0"
"WIN-DEMO-APP03","mem.usage.average","8/20/2026 4:20:00 AM","20","3.99000000953674","3.99000000953674","%","","n/a","0"
"WIN-DEMO-APP03","mem.usage.average","8/20/2026 4:20:20 AM","20","3.99000000953674","3.99000000953674","%","","n/a","0"
"WIN-DEMO-APP03","mem.usage.average","8/20/2026 4:20:40 AM","20","3.99000000953674","3.99000000953674","%","","n/a","0"
"WIN-DEMO-APP03","mem.usage.average","8/20/2026 4:21:00 AM","20","6.98999977111816","6.98999977111816","%","","n/a","0"
"WIN-DEMO-APP03","mem.usage.average","8/20/2026 4:21:20 AM","20","6.98999977111816","6.98999977111816","%","","n/a","0"
"WIN-DEMO-APP03","mem.usage.average","8/20/2026 4:21:40 AM","20","6.98999977111816","6.98999977111816","%","","n/a","0"
"WIN-DEMO-APP03","mem.usage.average","8/20/2026 4:22:00 AM","20","2.99000000953674","2.99000000953674","%","","n/a","0"
"WIN-DEMO-APP03","mem.usage.average","8/20/2026 4:22:20 AM","20","2.99000000953674","2.99000000953674","%","","n/a","0"
"WIN-DEMO-APP03","mem.usage.average","8/20/2026 4:22:40 AM","20","3.99000000953674","3.99000000953674","%","","n/a","0"
"WIN-DEMO-APP03","mem.usage.average","8/20/2026 4:23:00 AM","20","3.99000000953674","3.99000000953674","%","","n/a","0"
"WIN-DEMO-APP03","mem.usage.average","8/20/2026 4:23:20 AM","20","3.99000000953674","3.99000000953674","%","","n/a","0"
"WIN-DEMO-APP03","mem.usage.average","8/20/2026 4:23:40 AM","20","3.99000000953674","3.99000000953674","%","","n/a","0"
"WIN-DEMO-APP03","mem.usage.average","8/20/2026 4:24:00 AM","20","2.99000000953674","2.99000000953674","%","","n/a","0"
"WIN-DEMO-APP03","mem.usage.average","8/20/2026 4:24:20 AM","20","2.99000000953674","2.99000000953674","%","","n/a","0"
"WIN-DEMO-APP03","mem.usage.average","8/20/2026 4:24:40 AM","20","2.99000000953674","2.99000000953674","%","","n/a","0"
"WIN-DEMO-APP03","mem.usage.average","8/20/2026 4:25:00 AM","20","5.98999977111816","5.98999977111816","%","","n/a","0"
"WIN-DEMO-APP03","mem.usage.average","8/20/2026 4:25:20 AM","20","5.98999977111816","5.98999977111816","%","","n/a","0"
"WIN-DEMO-APP03","mem.usage.average","8/20/2026 4:25:40 AM","20","5.98999977111816","5.98999977111816","%","","n/a","0"
"WIN-DEMO-APP03","mem.usage.average","8/20/2026 4:26:00 AM","20","5.98999977111816","5.98999977111816","%","","n/a","0"
"WIN-DEMO-APP03","mem.usage.average","8/20/2026 4:26:20 AM","20","5.98999977111816","5.98999977111816","%","","n/a","0"
"WIN-DEMO-APP03","mem.usage.average","8/20/2026 4:26:40 AM","20","5.98999977111816","5.98999977111816","%","","n/a","0"
"WIN-DEMO-APP03","mem.usage.average","8/20/2026 4:27:00 AM","20","2.99000000953674","2.99000000953674","%","","n/a","0"
"WIN-DEMO-APP03","mem.usage.average","8/20/2026 4:27:20 AM","20","2.99000000953674","2.99000000953674","%","","n/a","0"
"WIN-DEMO-APP03","mem.usage.average","8/20/2026 4:27:40 AM","20","2.99000000953674","2.99000000953674","%","","n/a","0"
"WIN-DEMO-APP03","mem.usage.average","8/20/2026 4:28:00 AM","20","2.99000000953674","2.99000000953674","%","","n/a","0"
"WIN-DEMO-APP03","mem.usage.average","8/20/2026 4:28:20 AM","20","2.99000000953674","2.99000000953674","%","","n/a","0"
"WIN-DEMO-APP03","mem.usage.average","8/20/2026 4:28:40 AM","20","2.99000000953674","2.99000000953674","%","","n/a","0"
"WIN-DEMO-APP03","mem.usage.average","8/20/2026 4:29:00 AM","20","3.99000000953674","3.99000000953674","%","","n/a","0"
"WIN-DEMO-APP03","mem.usage.average","8/20/2026 4:29:20 AM","20","3.99000000953674","3.99000000953674","%","","n/a","0"
"WIN-DEMO-APP03","mem.usage.average","8/20/2026 4:29:40 AM","20","3.99000000953674","3.99000000953674","%","","n/a","0"
"WIN-DEMO-APP03","mem.usage.average","8/20/2026 4:30:00 AM","20","3.99000000953674","3.99000000953674","%","","n/a","0"
"WIN-DEMO-APP03","mem.usage.average","8/20/2026 4:30:20 AM","20","3.99000000953674","3.99000000953674","%","","n/a","0"
"WIN-DEMO-APP03","mem.usage.average","8/20/2026 4:30:40 AM","20","3.99000000953674","3.99000000953674","%","","n/a","0"
"WIN-DEMO-APP03","mem.usage.average","8/20/2026 4:31:00 AM","20","3.99000000953674","3.99000000953674","%","","n/a","0"
"WIN-DEMO-APP03","mem.usage.average","8/20/2026 4:31:20 AM","20","3.99000000953674","3.99000000953674","%","","n/a","0"
"WIN-DEMO-APP03","mem.usage.average","8/20/2026 4:31:40 AM","20","3.99000000953674","3.99000000953674","%","","n/a","0"
"WIN-DEMO-APP03","mem.usage.average","8/20/2026 4:32:00 AM","20","2.99000000953674","2.99000000953674","%","","n/a","0"
"WIN-DEMO-APP03","mem.usage.average","8/20/2026 4:32:20 AM","20","2.99000000953674","2.99000000953674","%","","n/a","0"
"WIN-DEMO-APP03","mem.usage.average","8/20/2026 4:32:40 AM","20","2.99000000953674","2.99000000953674","%","","n/a","0"
"WIN-DEMO-APP03","mem.usage.average","8/20/2026 4:33:00 AM","20","3.99000000953674","3.99000000953674","%","","n/a","0"
"WIN-DEMO-APP03","mem.usage.average","8/20/2026 4:33:20 AM","20","3.99000000953674","3.99000000953674","%","","n/a","0"
"WIN-DEMO-APP03","mem.usage.average","8/20/2026 4:33:40 AM","20","3.99000000953674","3.99000000953674","%","","n/a","0"
"WIN-DEMO-APP03","mem.usage.average","8/20/2026 4:34:00 AM","20","4.98999977111816","4.98999977111816","%","","n/a","0"
"WIN-DEMO-APP03","mem.usage.average","8/20/2026 4:34:20 AM","20","4.98999977111816","4.98999977111816","%","","n/a","0"
"WIN-DEMO-APP03","mem.usage.average","8/20/2026 4:34:40 AM","20","7.98999977111816","7.98999977111816","%","","n/a","0"
"WIN-DEMO-APP03","mem.usage.average","8/20/2026 4:35:00 AM","20","7.98999977111816","7.98999977111816","%","","n/a","0"
"WIN-DEMO-APP03","mem.usage.average","8/20/2026 4:35:20 AM","20","7.98999977111816","7.98999977111816","%","","n/a","0"
"WIN-DEMO-APP03","mem.usage.average","8/20/2026 4:35:40 AM","20","7.98999977111816","7.98999977111816","%","","n/a","0"
"WIN-DEMO-APP03","mem.usage.average","8/20/2026 4:36:00 AM","20","18.9899997711182","18.9899997711182","%","","n/a","0"
"WIN-DEMO-APP03","mem.usage.average","8/20/2026 4:36:20 AM","20","18.9899997711182","18.9899997711182","%","","n/a","0"
"WIN-DEMO-APP03","mem.usage.average","8/20/2026 4:36:40 AM","20","18.9899997711182","18.9899997711182","%","","n/a","0"
"WIN-DEMO-APP03","mem.usage.average","8/20/2026 4:37:00 AM","20","15.9899997711182","15.9899997711182","%","","n/a","0"
"WIN-DEMO-APP03","mem.usage.average","8/20/2026 4:37:20 AM","20","15.9899997711182","15.9899997711182","%","","n/a","0"
"WIN-DEMO-APP03","mem.usage.average","8/20/2026 4:37:40 AM","20","15.9899997711182","15.9899997711182","%","","n/a","0"
"WIN-DEMO-APP03","mem.usage.average","8/20/2026 4:38:00 AM","20","19.9899997711182","19.9899997711182","%","","n/a","0"
"WIN-DEMO-APP03","mem.usage.average","8/20/2026 4:38:20 AM","20","19.9899997711182","19.9899997711182","%","","n/a","0"
"WIN-DEMO-APP03","mem.usage.average","8/20/2026 4:38:40 AM","20","19.9899997711182","19.9899997711182","%","","n/a","0"
"WIN-DEMO-APP03","mem.usage.average","8/20/2026 4:39:00 AM","20","21.9899997711182","21.9899997711182","%","","n/a","0"
"WIN-DEMO-APP03","mem.usage.average","8/20/2026 4:39:20 AM","20","21.9899997711182","21.9899997711182","%","","n/a","0"
"WIN-DEMO-APP03","mem.usage.average","8/20/2026 4:39:40 AM","20","21.9899997711182","21.9899997711182","%","","n/a","0"
"WIN-DEMO-APP03","mem.usage.average","8/20/2026 4:40:00 AM","20","10.9899997711182","10.9899997711182","%","","n/a","0"
"WIN-DEMO-APP03","mem.usage.average","8/20/2026 4:40:20 AM","20","10.9899997711182","10.9899997711182","%","","n/a","0"
"WIN-DEMO-APP03","mem.usage.average","8/20/2026 4:40:40 AM","20","10.9899997711182","10.9899997711182","%","","n/a","0"
"WIN-DEMO-APP03","mem.usage.average","8/20/2026 4:41:00 AM","20","9.98999977111816","9.98999977111816","%","","n/a","0"
"WIN-DEMO-APP03","mem.usage.average","8/20/2026 4:41:20 AM","20","9.98999977111816","9.98999977111816","%","","n/a","0"
"WIN-DEMO-APP03","mem.usage.average","8/20/2026 4:41:40 AM","20","9.98999977111816","9.98999977111816","%","","n/a","0"
"WIN-DEMO-APP03","mem.usage.average","8/20/2026 4:42:00 AM","20","8.98999977111816","8.98999977111816","%","","n/a","0"
"WIN-DEMO-APP03","mem.usage.average","8/20/2026 4:42:20 AM","20","8.98999977111816","8.98999977111816","%","","n/a","0"
"WIN-DEMO-APP03","mem.usage.average","8/20/2026 4:42:40 AM","20","8.98999977111816","8.98999977111816","%","","n/a","0"
"WIN-DEMO-APP03","mem.usage.average","8/20/2026 4:43:00 AM","20","7.98999977111816","7.98999977111816","%","","n/a","0"
"WIN-DEMO-APP03","mem.usage.average","8/20/2026 4:43:20 AM","20","7.98999977111816","7.98999977111816","%","","n/a","0"
"WIN-DEMO-APP03","mem.usage.average","8/20/2026 4:43:40 AM","20","7.98999977111816","7.98999977111816","%","","n/a","0"
"WIN-DEMO-APP03","mem.usage.average","8/20/2026 4:44:00 AM","20","6.98999977111816","6.98999977111816","%","","n/a","0"
"WIN-DEMO-APP03","mem.usage.average","8/20/2026 4:44:20 AM","20","6.98999977111816","6.98999977111816","%","","n/a","0"
"WIN-DEMO-APP03","mem.usage.average","8/20/2026 4:44:40 AM","20","6.98999977111816","6.98999977111816","%","","n/a","0"
"WIN-DEMO-APP03","mem.usage.average","8/20/2026 4:45:00 AM","20","4.98999977111816","4.98999977111816","%","","n/a","0"
"WIN-DEMO-APP03","mem.usage.average","8/20/2026 4:45:20 AM","20","4.98999977111816","4.98999977111816","%","","n/a","0"
"WIN-DEMO-APP03","mem.usage.average","8/20/2026 4:45:40 AM","20","4.98999977111816","4.98999977111816","%","","n/a","0"
"WIN-DEMO-APP03","mem.usage.average","8/20/2026 4:46:00 AM","20","6.98999977111816","6.98999977111816","%","","n/a","0"
"WIN-DEMO-APP03","mem.usage.average","8/20/2026 4:46:20 AM","20","6.98999977111816","6.98999977111816","%","","n/a","0"
"WIN-DEMO-APP03","mem.usage.average","8/20/2026 4:46:40 AM","20","6.98999977111816","6.98999977111816","%","","n/a","0"
"WIN-DEMO-APP03","mem.usage.average","8/20/2026 4:47:00 AM","20","4.98999977111816","4.98999977111816","%","","n/a","0"
"WIN-DEMO-APP03","mem.usage.average","8/20/2026 4:47:20 AM","20","4.98999977111816","4.98999977111816","%","","n/a","0"
"WIN-DEMO-APP03","mem.usage.average","8/20/2026 4:47:40 AM","20","4.98999977111816","4.98999977111816","%","","n/a","0"
"WIN-DEMO-APP03","mem.usage.average","8/20/2026 4:48:00 AM","20","6.98999977111816","6.98999977111816","%","","n/a","0"
"WIN-DEMO-APP03","mem.usage.average","8/20/2026 4:48:20 AM","20","6.98999977111816","6.98999977111816","%","","n/a","0"
"WIN-DEMO-APP03","mem.usage.average","8/20/2026 4:48:40 AM","20","6.98999977111816","6.98999977111816","%","","n/a","0"
"WIN-DEMO-APP03","mem.usage.average","8/20/2026 4:49:00 AM","20","6.98999977111816","6.98999977111816","%","","n/a","0"
"WIN-DEMO-APP03","mem.usage.average","8/20/2026 4:49:20 AM","20","6.98999977111816","6.98999977111816","%","","n/a","0"
"WIN-DEMO-APP03","mem.usage.average","8/20/2026 4:49:40 AM","20","6.98999977111816","6.98999977111816","%","","n/a","0"
"WIN-DEMO-APP03","mem.usage.average","8/20/2026 4:50:00 AM","20","6.98999977111816","6.98999977111816","%","","n/a","0"
"WIN-DEMO-APP03","mem.usage.average","8/20/2026 4:50:20 AM","20","6.98999977111816","6.98999977111816","%","","n/a","0"
"WIN-DEMO-APP03","mem.usage.average","8/20/2026 4:50:40 AM","20","6.98999977111816","6.98999977111816","%","","n/a","0"
"WIN-DEMO-APP03","mem.usage.average","8/20/2026 4:51:00 AM","20","6.98999977111816","6.98999977111816","%","","n/a","0"
"WIN-DEMO-APP03","mem.usage.average","8/20/2026 4:51:20 AM","20","3.99000000953674","3.99000000953674","%","","n/a","0"
"WIN-DEMO-APP03","mem.usage.average","8/20/2026 4:51:40 AM","20","3.99000000953674","3.99000000953674","%","","n/a","0"
"WIN-DEMO-APP03","mem.usage.average","8/20/2026 4:52:00 AM","20","4.98999977111816","4.98999977111816","%","","n/a","0"
"WIN-DEMO-APP03","mem.usage.average","8/20/2026 4:52:20 AM","20","8.98999977111816","8.98999977111816","%","","n/a","0"
"WIN-DEMO-APP03","mem.usage.average","8/20/2026 4:52:40 AM","20","8.98999977111816","8.98999977111816","%","","n/a","0"
"WIN-DEMO-APP03","mem.usage.average","8/20/2026 4:53:00 AM","20","8.98999977111816","8.98999977111816","%","","n/a","0"
"WIN-DEMO-APP03","mem.usage.average","8/20/2026 4:53:20 AM","20","8.98999977111816","8.98999977111816","%","","n/a","0"
"WIN-DEMO-APP03","mem.usage.average","8/20/2026 4:53:40 AM","20","8.98999977111816","8.98999977111816","%","","n/a","0"
"WIN-DEMO-APP03","mem.usage.average","8/20/2026 4:54:00 AM","20","8.98999977111816","8.98999977111816","%","","n/a","0"
"WIN-DEMO-APP03","mem.usage.average","8/20/2026 4:54:20 AM","20","5.98999977111816","5.98999977111816","%","","n/a","0"
"WIN-DEMO-APP03","mem.usage.average","8/20/2026 4:54:40 AM","20","5.98999977111816","5.98999977111816","%","","n/a","0"
"WIN-DEMO-APP03","mem.usage.average","8/20/2026 4:55:00 AM","20","5.98999977111816","5.98999977111816","%","","n/a","0"
"WIN-DEMO-APP03","mem.usage.average","8/20/2026 4:55:20 AM","20","6.98999977111816","6.98999977111816","%","","n/a","0"
"WIN-DEMO-APP03","mem.usage.average","8/20/2026 4:55:40 AM","20","6.98999977111816","6.98999977111816","%","","n/a","0"
"WIN-DEMO-APP03","mem.usage.average","8/20/2026 4:56:00 AM","20","6.98999977111816","6.98999977111816","%","","n/a","0"
"WIN-DEMO-APP03","mem.usage.average","8/20/2026 4:56:20 AM","20","3.99000000953674","3.99000000953674","%","","n/a","0"
"WIN-DEMO-APP03","mem.usage.average","8/20/2026 4:56:40 AM","20","3.99000000953674","3.99000000953674","%","","n/a","0"
"WIN-DEMO-APP03","mem.usage.average","8/20/2026 4:57:00 AM","20","3.99000000953674","3.99000000953674","%","","n/a","0"
"WIN-DEMO-APP03","mem.usage.average","8/20/2026 4:57:20 AM","20","4.98999977111816","4.98999977111816","%","","n/a","0"
"WIN-DEMO-APP03","mem.usage.average","8/20/2026 4:57:40 AM","20","4.98999977111816","4.98999977111816","%","","n/a","0"
"WIN-DEMO-APP03","mem.usage.average","8/20/2026 4:58:00 AM","20","5.98999977111816","5.98999977111816","%","","n/a","0"
"WIN-DEMO-APP03","mem.usage.average","8/20/2026 4:58:20 AM","20","6.98999977111816","6.98999977111816","%","","n/a","0"
"WIN-DEMO-APP03","mem.usage.average","8/20/2026 4:58:40 AM","20","6.98999977111816","6.98999977111816","%","","n/a","0"
"WIN-DEMO-APP03","mem.usage.average","8/20/2026 4:59:00 AM","20","6.98999977111816","6.98999977111816","%","","n/a","0"
"WIN-DEMO-APP03","mem.usage.average","8/20/2026 4:59:20 AM","20","6.98999977111816","6.98999977111816","%","","n/a","0"
"WIN-DEMO-APP03","mem.usage.average","8/20/2026 4:59:40 AM","20","6.98999977111816","6.98999977111816","%","","n/a","0"
"WIN-DEMO-APP03","mem.usage.average","8/20/2026 5:00:00 AM","20","6.98999977111816","6.98999977111816","%","","n/a","0"
"WIN-DEMO-APP03","mem.usage.average","8/20/2026 5:00:20 AM","20","8.98999977111816","8.98999977111816","%","","n/a","0"
"WIN-DEMO-APP03","mem.usage.average","8/20/2026 5:00:40 AM","20","8.98999977111816","8.98999977111816","%","","n/a","0"
"WIN-DEMO-APP03","mem.usage.average","8/20/2026 5:01:00 AM","20","8.98999977111816","8.98999977111816","%","","n/a","0"
"WIN-DEMO-APP03","mem.usage.average","8/20/2026 5:01:20 AM","20","10.9899997711182","10.9899997711182","%","","n/a","0"
"WIN-DEMO-APP03","mem.usage.average","8/20/2026 5:01:40 AM","20","10.9899997711182","10.9899997711182","%","","n/a","0"
"WIN-DEMO-APP03","mem.usage.average","8/20/2026 5:02:00 AM","20","10.9899997711182","10.9899997711182","%","","n/a","0"
"WIN-DEMO-APP03","mem.usage.average","8/20/2026 5:02:20 AM","20","5.98999977111816","5.98999977111816","%","","n/a","0"
"WIN-DEMO-APP03","mem.usage.average","8/20/2026 5:02:40 AM","20","5.98999977111816","5.98999977111816","%","","n/a","0"
"WIN-DEMO-APP03","mem.usage.average","8/20/2026 5:03:00 AM","20","5.98999977111816","5.98999977111816","%","","n/a","0"
"WIN-DEMO-APP03","mem.usage.average","8/20/2026 5:03:20 AM","20","9.98999977111816","9.98999977111816","%","","n/a","0"
"WIN-DEMO-APP03","mem.usage.average","8/20/2026 5:03:40 AM","20","9.98999977111816","9.98999977111816","%","","n/a","0"
"WIN-DEMO-APP03","mem.usage.average","8/20/2026 5:04:00 AM","20","9.98999977111816","9.98999977111816","%","","n/a","0"
"WIN-DEMO-APP03","mem.usage.average","8/20/2026 5:04:20 AM","20","5.98999977111816","5.98999977111816","%","","n/a","0"
"WIN-DEMO-APP03","mem.usage.average","8/20/2026 5:04:40 AM","20","5.98999977111816","5.98999977111816","%","","n/a","0"
"WIN-DEMO-APP03","mem.usage.average","8/20/2026 5:05:00 AM","20","5.98999977111816","5.98999977111816","%","","n/a","0"
"WIN-DEMO-APP03","mem.usage.average","8/20/2026 5:05:20 AM","20","5.98999977111816","5.98999977111816","%","","n/a","0"
"WIN-DEMO-APP03","mem.usage.average","8/20/2026 5:05:40 AM","20","5.98999977111816","5.98999977111816","%","","n/a","0"
"WIN-DEMO-APP03","mem.vmmemctl.average","8/20/2026 4:06:00 AM","20","0","0","KB","","n/a","0"
"WIN-DEMO-APP03","mem.vmmemctl.average","8/20/2026 4:06:20 AM","20","0","0","KB","","n/a","0"
"WIN-DEMO-APP03","mem.vmmemctl.average","8/20/2026 4:06:40 AM","20","0","0","KB","","n/a","0"
"WIN-DEMO-APP03","mem.vmmemctl.average","8/20/2026 4:07:00 AM","20","0","0","KB","","n/a","0"
"WIN-DEMO-APP03","mem.vmmemctl.average","8/20/2026 4:07:20 AM","20","0","0","KB","","n/a","0"
"WIN-DEMO-APP03","mem.vmmemctl.average","8/20/2026 4:07:40 AM","20","0","0","KB","","n/a","0"
"WIN-DEMO-APP03","mem.vmmemctl.average","8/20/2026 4:08:00 AM","20","0","0","KB","","n/a","0"
"WIN-DEMO-APP03","mem.vmmemctl.average","8/20/2026 4:08:20 AM","20","0","0","KB","","n/a","0"
"WIN-DEMO-APP03","mem.vmmemctl.average","8/20/2026 4:08:40 AM","20","0","0","KB","","n/a","0"
"WIN-DEMO-APP03","mem.vmmemctl.average","8/20/2026 4:09:00 AM","20","0","0","KB","","n/a","0"
"WIN-DEMO-APP03","mem.vmmemctl.average","8/20/2026 4:09:20 AM","20","0","0","KB","","n/a","0"
"WIN-DEMO-APP03","mem.vmmemctl.average","8/20/2026 4:09:40 AM","20","0","0","KB","","n/a","0"
"WIN-DEMO-APP03","mem.vmmemctl.average","8/20/2026 4:10:00 AM","20","0","0","KB","","n/a","0"
"WIN-DEMO-APP03","mem.vmmemctl.average","8/20/2026 4:10:20 AM","20","0","0","KB","","n/a","0"
"WIN-DEMO-APP03","mem.vmmemctl.average","8/20/2026 4:10:40 AM","20","0","0","KB","","n/a","0"
"WIN-DEMO-APP03","mem.vmmemctl.average","8/20/2026 4:11:00 AM","20","0","0","KB","","n/a","0"
"WIN-DEMO-APP03","mem.vmmemctl.average","8/20/2026 4:11:20 AM","20","0","0","KB","","n/a","0"
"WIN-DEMO-APP03","mem.vmmemctl.average","8/20/2026 4:11:40 AM","20","0","0","KB","","n/a","0"
"WIN-DEMO-APP03","mem.vmmemctl.average","8/20/2026 4:12:00 AM","20","0","0","KB","","n/a","0"
"WIN-DEMO-APP03","mem.vmmemctl.average","8/20/2026 4:12:20 AM","20","0","0","KB","","n/a","0"
"WIN-DEMO-APP03","mem.vmmemctl.average","8/20/2026 4:12:40 AM","20","0","0","KB","","n/a","0"
"WIN-DEMO-APP03","mem.vmmemctl.average","8/20/2026 4:13:00 AM","20","0","0","KB","","n/a","0"
"WIN-DEMO-APP03","mem.vmmemctl.average","8/20/2026 4:13:20 AM","20","0","0","KB","","n/a","0"
"WIN-DEMO-APP03","mem.vmmemctl.average","8/20/2026 4:13:40 AM","20","0","0","KB","","n/a","0"
"WIN-DEMO-APP03","mem.vmmemctl.average","8/20/2026 4:14:00 AM","20","0","0","KB","","n/a","0"
"WIN-DEMO-APP03","mem.vmmemctl.average","8/20/2026 4:14:20 AM","20","0","0","KB","","n/a","0"
"WIN-DEMO-APP03","mem.vmmemctl.average","8/20/2026 4:14:40 AM","20","0","0","KB","","n/a","0"
"WIN-DEMO-APP03","mem.vmmemctl.average","8/20/2026 4:15:00 AM","20","0","0","KB","","n/a","0"
"WIN-DEMO-APP03","mem.vmmemctl.average","8/20/2026 4:15:20 AM","20","0","0","KB","","n/a","0"
"WIN-DEMO-APP03","mem.vmmemctl.average","8/20/2026 4:15:40 AM","20","0","0","KB","","n/a","0"
"WIN-DEMO-APP03","mem.vmmemctl.average","8/20/2026 4:16:00 AM","20","0","0","KB","","n/a","0"
"WIN-DEMO-APP03","mem.vmmemctl.average","8/20/2026 4:16:20 AM","20","0","0","KB","","n/a","0"
"WIN-DEMO-APP03","mem.vmmemctl.average","8/20/2026 4:16:40 AM","20","0","0","KB","","n/a","0"
"WIN-DEMO-APP03","mem.vmmemctl.average","8/20/2026 4:17:00 AM","20","0","0","KB","","n/a","0"
"WIN-DEMO-APP03","mem.vmmemctl.average","8/20/2026 4:17:20 AM","20","0","0","KB","","n/a","0"
"WIN-DEMO-APP03","mem.vmmemctl.average","8/20/2026 4:17:40 AM","20","0","0","KB","","n/a","0"
"WIN-DEMO-APP03","mem.vmmemctl.average","8/20/2026 4:18:00 AM","20","0","0","KB","","n/a","0"
"WIN-DEMO-APP03","mem.vmmemctl.average","8/20/2026 4:18:20 AM","20","0","0","KB","","n/a","0"
"WIN-DEMO-APP03","mem.vmmemctl.average","8/20/2026 4:18:40 AM","20","0","0","KB","","n/a","0"
"WIN-DEMO-APP03","mem.vmmemctl.average","8/20/2026 4:19:00 AM","20","0","0","KB","","n/a","0"
"WIN-DEMO-APP03","mem.vmmemctl.average","8/20/2026 4:19:20 AM","20","0","0","KB","","n/a","0"
"WIN-DEMO-APP03","mem.vmmemctl.average","8/20/2026 4:19:40 AM","20","0","0","KB","","n/a","0"
"WIN-DEMO-APP03","mem.vmmemctl.average","8/20/2026 4:20:00 AM","20","0","0","KB","","n/a","0"
"WIN-DEMO-APP03","mem.vmmemctl.average","8/20/2026 4:20:20 AM","20","0","0","KB","","n/a","0"
"WIN-DEMO-APP03","mem.vmmemctl.average","8/20/2026 4:20:40 AM","20","0","0","KB","","n/a","0"
"WIN-DEMO-APP03","mem.vmmemctl.average","8/20/2026 4:21:00 AM","20","0","0","KB","","n/a","0"
"WIN-DEMO-APP03","mem.vmmemctl.average","8/20/2026 4:21:20 AM","20","0","0","KB","","n/a","0"
"WIN-DEMO-APP03","mem.vmmemctl.average","8/20/2026 4:21:40 AM","20","0","0","KB","","n/a","0"
"WIN-DEMO-APP03","mem.vmmemctl.average","8/20/2026 4:22:00 AM","20","0","0","KB","","n/a","0"
"WIN-DEMO-APP03","mem.vmmemctl.average","8/20/2026 4:22:20 AM","20","0","0","KB","","n/a","0"
"WIN-DEMO-APP03","mem.vmmemctl.average","8/20/2026 4:22:40 AM","20","0","0","KB","","n/a","0"
"WIN-DEMO-APP03","mem.vmmemctl.average","8/20/2026 4:23:00 AM","20","0","0","KB","","n/a","0"
"WIN-DEMO-APP03","mem.vmmemctl.average","8/20/2026 4:23:20 AM","20","0","0","KB","","n/a","0"
"WIN-DEMO-APP03","mem.vmmemctl.average","8/20/2026 4:23:40 AM","20","0","0","KB","","n/a","0"
"WIN-DEMO-APP03","mem.vmmemctl.average","8/20/2026 4:24:00 AM","20","0","0","KB","","n/a","0"
"WIN-DEMO-APP03","mem.vmmemctl.average","8/20/2026 4:24:20 AM","20","0","0","KB","","n/a","0"
"WIN-DEMO-APP03","mem.vmmemctl.average","8/20/2026 4:24:40 AM","20","0","0","KB","","n/a","0"
"WIN-DEMO-APP03","mem.vmmemctl.average","8/20/2026 4:25:00 AM","20","0","0","KB","","n/a","0"
"WIN-DEMO-APP03","mem.vmmemctl.average","8/20/2026 4:25:20 AM","20","0","0","KB","","n/a","0"
"WIN-DEMO-APP03","mem.vmmemctl.average","8/20/2026 4:25:40 AM","20","0","0","KB","","n/a","0"
"WIN-DEMO-APP03","mem.vmmemctl.average","8/20/2026 4:26:00 AM","20","0","0","KB","","n/a","0"
"WIN-DEMO-APP03","mem.vmmemctl.average","8/20/2026 4:26:20 AM","20","0","0","KB","","n/a","0"
"WIN-DEMO-APP03","mem.vmmemctl.average","8/20/2026 4:26:40 AM","20","0","0","KB","","n/a","0"
"WIN-DEMO-APP03","mem.vmmemctl.average","8/20/2026 4:27:00 AM","20","0","0","KB","","n/a","0"
"WIN-DEMO-APP03","mem.vmmemctl.average","8/20/2026 4:27:20 AM","20","0","0","KB","","n/a","0"
"WIN-DEMO-APP03","mem.vmmemctl.average","8/20/2026 4:27:40 AM","20","0","0","KB","","n/a","0"
"WIN-DEMO-APP03","mem.vmmemctl.average","8/20/2026 4:28:00 AM","20","0","0","KB","","n/a","0"
"WIN-DEMO-APP03","mem.vmmemctl.average","8/20/2026 4:28:20 AM","20","0","0","KB","","n/a","0"
"WIN-DEMO-APP03","mem.vmmemctl.average","8/20/2026 4:28:40 AM","20","0","0","KB","","n/a","0"
"WIN-DEMO-APP03","mem.vmmemctl.average","8/20/2026 4:29:00 AM","20","0","0","KB","","n/a","0"
"WIN-DEMO-APP03","mem.vmmemctl.average","8/20/2026 4:29:20 AM","20","0","0","KB","","n/a","0"
"WIN-DEMO-APP03","mem.vmmemctl.average","8/20/2026 4:29:40 AM","20","0","0","KB","","n/a","0"
"WIN-DEMO-APP03","mem.vmmemctl.average","8/20/2026 4:30:00 AM","20","0","0","KB","","n/a","0"
"WIN-DEMO-APP03","mem.vmmemctl.average","8/20/2026 4:30:20 AM","20","0","0","KB","","n/a","0"
"WIN-DEMO-APP03","mem.vmmemctl.average","8/20/2026 4:30:40 AM","20","0","0","KB","","n/a","0"
"WIN-DEMO-APP03","mem.vmmemctl.average","8/20/2026 4:31:00 AM","20","0","0","KB","","n/a","0"
"WIN-DEMO-APP03","mem.vmmemctl.average","8/20/2026 4:31:20 AM","20","0","0","KB","","n/a","0"
"WIN-DEMO-APP03","mem.vmmemctl.average","8/20/2026 4:31:40 AM","20","0","0","KB","","n/a","0"
"WIN-DEMO-APP03","mem.vmmemctl.average","8/20/2026 4:32:00 AM","20","0","0","KB","","n/a","0"
"WIN-DEMO-APP03","mem.vmmemctl.average","8/20/2026 4:32:20 AM","20","0","0","KB","","n/a","0"
"WIN-DEMO-APP03","mem.vmmemctl.average","8/20/2026 4:32:40 AM","20","0","0","KB","","n/a","0"
"WIN-DEMO-APP03","mem.vmmemctl.average","8/20/2026 4:33:00 AM","20","0","0","KB","","n/a","0"
"WIN-DEMO-APP03","mem.vmmemctl.average","8/20/2026 4:33:20 AM","20","0","0","KB","","n/a","0"
"WIN-DEMO-APP03","mem.vmmemctl.average","8/20/2026 4:33:40 AM","20","0","0","KB","","n/a","0"
"WIN-DEMO-APP03","mem.vmmemctl.average","8/20/2026 4:34:00 AM","20","0","0","KB","","n/a","0"
"WIN-DEMO-APP03","mem.vmmemctl.average","8/20/2026 4:34:20 AM","20","0","0","KB","","n/a","0"
"WIN-DEMO-APP03","mem.vmmemctl.average","8/20/2026 4:34:40 AM","20","0","0","KB","","n/a","0"
"WIN-DEMO-APP03","mem.vmmemctl.average","8/20/2026 4:35:00 AM","20","0","0","KB","","n/a","0"
"WIN-DEMO-APP03","mem.vmmemctl.average","8/20/2026 4:35:20 AM","20","0","0","KB","","n/a","0"
"WIN-DEMO-APP03","mem.vmmemctl.average","8/20/2026 4:35:40 AM","20","0","0","KB","","n/a","0"
"WIN-DEMO-APP03","mem.vmmemctl.average","8/20/2026 4:36:00 AM","20","0","0","KB","","n/a","0"
"WIN-DEMO-APP03","mem.vmmemctl.average","8/20/2026 4:36:20 AM","20","0","0","KB","","n/a","0"
"WIN-DEMO-APP03","mem.vmmemctl.average","8/20/2026 4:36:40 AM","20","0","0","KB","","n/a","0"
"WIN-DEMO-APP03","mem.vmmemctl.average","8/20/2026 4:37:00 AM","20","0","0","KB","","n/a","0"
"WIN-DEMO-APP03","mem.vmmemctl.average","8/20/2026 4:37:20 AM","20","0","0","KB","","n/a","0"
"WIN-DEMO-APP03","mem.vmmemctl.average","8/20/2026 4:37:40 AM","20","0","0","KB","","n/a","0"
"WIN-DEMO-APP03","mem.vmmemctl.average","8/20/2026 4:38:00 AM","20","0","0","KB","","n/a","0"
"WIN-DEMO-APP03","mem.vmmemctl.average","8/20/2026 4:38:20 AM","20","0","0","KB","","n/a","0"
"WIN-DEMO-APP03","mem.vmmemctl.average","8/20/2026 4:38:40 AM","20","0","0","KB","","n/a","0"
"WIN-DEMO-APP03","mem.vmmemctl.average","8/20/2026 4:39:00 AM","20","0","0","KB","","n/a","0"
"WIN-DEMO-APP03","mem.vmmemctl.average","8/20/2026 4:39:20 AM","20","0","0","KB","","n/a","0"
"WIN-DEMO-APP03","mem.vmmemctl.average","8/20/2026 4:39:40 AM","20","0","0","KB","","n/a","0"
"WIN-DEMO-APP03","mem.vmmemctl.average","8/20/2026 4:40:00 AM","20","0","0","KB","","n/a","0"
"WIN-DEMO-APP03","mem.vmmemctl.average","8/20/2026 4:40:20 AM","20","0","0","KB","","n/a","0"
"WIN-DEMO-APP03","mem.vmmemctl.average","8/20/2026 4:40:40 AM","20","0","0","KB","","n/a","0"
"WIN-DEMO-APP03","mem.vmmemctl.average","8/20/2026 4:41:00 AM","20","0","0","KB","","n/a","0"
"WIN-DEMO-APP03","mem.vmmemctl.average","8/20/2026 4:41:20 AM","20","0","0","KB","","n/a","0"
"WIN-DEMO-APP03","mem.vmmemctl.average","8/20/2026 4:41:40 AM","20","0","0","KB","","n/a","0"
"WIN-DEMO-APP03","mem.vmmemctl.average","8/20/2026 4:42:00 AM","20","0","0","KB","","n/a","0"
"WIN-DEMO-APP03","mem.vmmemctl.average","8/20/2026 4:42:20 AM","20","0","0","KB","","n/a","0"
"WIN-DEMO-APP03","mem.vmmemctl.average","8/20/2026 4:42:40 AM","20","0","0","KB","","n/a","0"
"WIN-DEMO-APP03","mem.vmmemctl.average","8/20/2026 4:43:00 AM","20","0","0","KB","","n/a","0"
"WIN-DEMO-APP03","mem.vmmemctl.average","8/20/2026 4:43:20 AM","20","0","0","KB","","n/a","0"
"WIN-DEMO-APP03","mem.vmmemctl.average","8/20/2026 4:43:40 AM","20","0","0","KB","","n/a","0"
"WIN-DEMO-APP03","mem.vmmemctl.average","8/20/2026 4:44:00 AM","20","0","0","KB","","n/a","0"
"WIN-DEMO-APP03","mem.vmmemctl.average","8/20/2026 4:44:20 AM","20","0","0","KB","","n/a","0"
"WIN-DEMO-APP03","mem.vmmemctl.average","8/20/2026 4:44:40 AM","20","0","0","KB","","n/a","0"
"WIN-DEMO-APP03","mem.vmmemctl.average","8/20/2026 4:45:00 AM","20","0","0","KB","","n/a","0"
"WIN-DEMO-APP03","mem.vmmemctl.average","8/20/2026 4:45:20 AM","20","0","0","KB","","n/a","0"
"WIN-DEMO-APP03","mem.vmmemctl.average","8/20/2026 4:45:40 AM","20","0","0","KB","","n/a","0"
"WIN-DEMO-APP03","mem.vmmemctl.average","8/20/2026 4:46:00 AM","20","0","0","KB","","n/a","0"
"WIN-DEMO-APP03","mem.vmmemctl.average","8/20/2026 4:46:20 AM","20","0","0","KB","","n/a","0"
"WIN-DEMO-APP03","mem.vmmemctl.average","8/20/2026 4:46:40 AM","20","0","0","KB","","n/a","0"
"WIN-DEMO-APP03","mem.vmmemctl.average","8/20/2026 4:47:00 AM","20","0","0","KB","","n/a","0"
"WIN-DEMO-APP03","mem.vmmemctl.average","8/20/2026 4:47:20 AM","20","0","0","KB","","n/a","0"
"WIN-DEMO-APP03","mem.vmmemctl.average","8/20/2026 4:47:40 AM","20","0","0","KB","","n/a","0"
"WIN-DEMO-APP03","mem.vmmemctl.average","8/20/2026 4:48:00 AM","20","0","0","KB","","n/a","0"
"WIN-DEMO-APP03","mem.vmmemctl.average","8/20/2026 4:48:20 AM","20","0","0","KB","","n/a","0"
"WIN-DEMO-APP03","mem.vmmemctl.average","8/20/2026 4:48:40 AM","20","0","0","KB","","n/a","0"
"WIN-DEMO-APP03","mem.vmmemctl.average","8/20/2026 4:49:00 AM","20","0","0","KB","","n/a","0"
"WIN-DEMO-APP03","mem.vmmemctl.average","8/20/2026 4:49:20 AM","20","0","0","KB","","n/a","0"
"WIN-DEMO-APP03","mem.vmmemctl.average","8/20/2026 4:49:40 AM","20","0","0","KB","","n/a","0"
"WIN-DEMO-APP03","mem.vmmemctl.average","8/20/2026 4:50:00 AM","20","0","0","KB","","n/a","0"
"WIN-DEMO-APP03","mem.vmmemctl.average","8/20/2026 4:50:20 AM","20","0","0","KB","","n/a","0"
"WIN-DEMO-APP03","mem.vmmemctl.average","8/20/2026 4:50:40 AM","20","0","0","KB","","n/a","0"
"WIN-DEMO-APP03","mem.vmmemctl.average","8/20/2026 4:51:00 AM","20","0","0","KB","","n/a","0"
"WIN-DEMO-APP03","mem.vmmemctl.average","8/20/2026 4:51:20 AM","20","0","0","KB","","n/a","0"
"WIN-DEMO-APP03","mem.vmmemctl.average","8/20/2026 4:51:40 AM","20","0","0","KB","","n/a","0"
"WIN-DEMO-APP03","mem.vmmemctl.average","8/20/2026 4:52:00 AM","20","0","0","KB","","n/a","0"
"WIN-DEMO-APP03","mem.vmmemctl.average","8/20/2026 4:52:20 AM","20","0","0","KB","","n/a","0"
"WIN-DEMO-APP03","mem.vmmemctl.average","8/20/2026 4:52:40 AM","20","0","0","KB","","n/a","0"
"WIN-DEMO-APP03","mem.vmmemctl.average","8/20/2026 4:53:00 AM","20","0","0","KB","","n/a","0"
"WIN-DEMO-APP03","mem.vmmemctl.average","8/20/2026 4:53:20 AM","20","0","0","KB","","n/a","0"
"WIN-DEMO-APP03","mem.vmmemctl.average","8/20/2026 4:53:40 AM","20","0","0","KB","","n/a","0"
"WIN-DEMO-APP03","mem.vmmemctl.average","8/20/2026 4:54:00 AM","20","0","0","KB","","n/a","0"
"WIN-DEMO-APP03","mem.vmmemctl.average","8/20/2026 4:54:20 AM","20","0","0","KB","","n/a","0"
"WIN-DEMO-APP03","mem.vmmemctl.average","8/20/2026 4:54:40 AM","20","0","0","KB","","n/a","0"
"WIN-DEMO-APP03","mem.vmmemctl.average","8/20/2026 4:55:00 AM","20","0","0","KB","","n/a","0"
"WIN-DEMO-APP03","mem.vmmemctl.average","8/20/2026 4:55:20 AM","20","0","0","KB","","n/a","0"
"WIN-DEMO-APP03","mem.vmmemctl.average","8/20/2026 4:55:40 AM","20","0","0","KB","","n/a","0"
"WIN-DEMO-APP03","mem.vmmemctl.average","8/20/2026 4:56:00 AM","20","0","0","KB","","n/a","0"
"WIN-DEMO-APP03","mem.vmmemctl.average","8/20/2026 4:56:20 AM","20","0","0","KB","","n/a","0"
"WIN-DEMO-APP03","mem.vmmemctl.average","8/20/2026 4:56:40 AM","20","0","0","KB","","n/a","0"
"WIN-DEMO-APP03","mem.vmmemctl.average","8/20/2026 4:57:00 AM","20","0","0","KB","","n/a","0"
"WIN-DEMO-APP03","mem.vmmemctl.average","8/20/2026 4:57:20 AM","20","0","0","KB","","n/a","0"
"WIN-DEMO-APP03","mem.vmmemctl.average","8/20/2026 4:57:40 AM","20","0","0","KB","","n/a","0"
"WIN-DEMO-APP03","mem.vmmemctl.average","8/20/2026 4:58:00 AM","20","0","0","KB","","n/a","0"
"WIN-DEMO-APP03","mem.vmmemctl.average","8/20/2026 4:58:20 AM","20","0","0","KB","","n/a","0"
"WIN-DEMO-APP03","mem.vmmemctl.average","8/20/2026 4:58:40 AM","20","0","0","KB","","n/a","0"
"WIN-DEMO-APP03","mem.vmmemctl.average","8/20/2026 4:59:00 AM","20","0","0","KB","","n/a","0"
"WIN-DEMO-APP03","mem.vmmemctl.average","8/20/2026 4:59:20 AM","20","0","0","KB","","n/a","0"
"WIN-DEMO-APP03","mem.vmmemctl.average","8/20/2026 4:59:40 AM","20","0","0","KB","","n/a","0"
"WIN-DEMO-APP03","mem.vmmemctl.average","8/20/2026 5:00:00 AM","20","0","0","KB","","n/a","0"
"WIN-DEMO-APP03","mem.vmmemctl.average","8/20/2026 5:00:20 AM","20","0","0","KB","","n/a","0"
"WIN-DEMO-APP03","mem.vmmemctl.average","8/20/2026 5:00:40 AM","20","0","0","KB","","n/a","0"
"WIN-DEMO-APP03","mem.vmmemctl.average","8/20/2026 5:01:00 AM","20","0","0","KB","","n/a","0"
"WIN-DEMO-APP03","mem.vmmemctl.average","8/20/2026 5:01:20 AM","20","0","0","KB","","n/a","0"
"WIN-DEMO-APP03","mem.vmmemctl.average","8/20/2026 5:01:40 AM","20","0","0","KB","","n/a","0"
"WIN-DEMO-APP03","mem.vmmemctl.average","8/20/2026 5:02:00 AM","20","0","0","KB","","n/a","0"
"WIN-DEMO-APP03","mem.vmmemctl.average","8/20/2026 5:02:20 AM","20","0","0","KB","","n/a","0"
"WIN-DEMO-APP03","mem.vmmemctl.average","8/20/2026 5:02:40 AM","20","0","0","KB","","n/a","0"
"WIN-DEMO-APP03","mem.vmmemctl.average","8/20/2026 5:03:00 AM","20","0","0","KB","","n/a","0"
"WIN-DEMO-APP03","mem.vmmemctl.average","8/20/2026 5:03:20 AM","20","0","0","KB","","n/a","0"
"WIN-DEMO-APP03","mem.vmmemctl.average","8/20/2026 5:03:40 AM","20","0","0","KB","","n/a","0"
"WIN-DEMO-APP03","mem.vmmemctl.average","8/20/2026 5:04:00 AM","20","0","0","KB","","n/a","0"
"WIN-DEMO-APP03","mem.vmmemctl.average","8/20/2026 5:04:20 AM","20","0","0","KB","","n/a","0"
"WIN-DEMO-APP03","mem.vmmemctl.average","8/20/2026 5:04:40 AM","20","0","0","KB","","n/a","0"
"WIN-DEMO-APP03","mem.vmmemctl.average","8/20/2026 5:05:00 AM","20","0","0","KB","","n/a","0"
"WIN-DEMO-APP03","mem.vmmemctl.average","8/20/2026 5:05:20 AM","20","0","0","KB","","n/a","0"
"WIN-DEMO-APP03","mem.vmmemctl.average","8/20/2026 5:05:40 AM","20","0","0","KB","","n/a","0"
"WIN-DEMO-APP03","net.received.average","8/20/2026 4:06:00 AM","20","1","1","KBps","","n/a","0"
"WIN-DEMO-APP03","net.received.average","8/20/2026 4:06:20 AM","20","1","1","KBps","","n/a","0"
"WIN-DEMO-APP03","net.received.average","8/20/2026 4:06:40 AM","20","1","1","KBps","","n/a","0"
"WIN-DEMO-APP03","net.received.average","8/20/2026 4:07:00 AM","20","1","1","KBps","","n/a","0"
"WIN-DEMO-APP03","net.received.average","8/20/2026 4:07:20 AM","20","1","1","KBps","","n/a","0"
"WIN-DEMO-APP03","net.received.average","8/20/2026 4:07:40 AM","20","1","1","KBps","","n/a","0"
"WIN-DEMO-APP03","net.received.average","8/20/2026 4:08:00 AM","20","2","2","KBps","","n/a","0"
"WIN-DEMO-APP03","net.received.average","8/20/2026 4:08:20 AM","20","1","1","KBps","","n/a","0"
"WIN-DEMO-APP03","net.received.average","8/20/2026 4:08:40 AM","20","1","1","KBps","","n/a","0"
"WIN-DEMO-APP03","net.received.average","8/20/2026 4:09:00 AM","20","1","1","KBps","","n/a","0"
"WIN-DEMO-APP03","net.received.average","8/20/2026 4:09:20 AM","20","1","1","KBps","","n/a","0"
"WIN-DEMO-APP03","net.received.average","8/20/2026 4:09:40 AM","20","1","1","KBps","","n/a","0"
"WIN-DEMO-APP03","net.received.average","8/20/2026 4:10:00 AM","20","1","1","KBps","","n/a","0"
"WIN-DEMO-APP03","net.received.average","8/20/2026 4:10:20 AM","20","1","1","KBps","","n/a","0"
"WIN-DEMO-APP03","net.received.average","8/20/2026 4:10:40 AM","20","1","1","KBps","","n/a","0"
"WIN-DEMO-APP03","net.received.average","8/20/2026 4:11:00 AM","20","1","1","KBps","","n/a","0"
"WIN-DEMO-APP03","net.received.average","8/20/2026 4:11:20 AM","20","1","1","KBps","","n/a","0"
"WIN-DEMO-APP03","net.received.average","8/20/2026 4:11:40 AM","20","1","1","KBps","","n/a","0"
"WIN-DEMO-APP03","net.received.average","8/20/2026 4:12:00 AM","20","1","1","KBps","","n/a","0"
"WIN-DEMO-APP03","net.received.average","8/20/2026 4:12:20 AM","20","1","1","KBps","","n/a","0"
"WIN-DEMO-APP03","net.received.average","8/20/2026 4:12:40 AM","20","1","1","KBps","","n/a","0"
"WIN-DEMO-APP03","net.received.average","8/20/2026 4:13:00 AM","20","1","1","KBps","","n/a","0"
"WIN-DEMO-APP03","net.received.average","8/20/2026 4:13:20 AM","20","1","1","KBps","","n/a","0"
"WIN-DEMO-APP03","net.received.average","8/20/2026 4:13:40 AM","20","1","1","KBps","","n/a","0"
"WIN-DEMO-APP03","net.received.average","8/20/2026 4:14:00 AM","20","1","1","KBps","","n/a","0"
"WIN-DEMO-APP03","net.received.average","8/20/2026 4:14:20 AM","20","1","1","KBps","","n/a","0"
"WIN-DEMO-APP03","net.received.average","8/20/2026 4:14:40 AM","20","1","1","KBps","","n/a","0"
"WIN-DEMO-APP03","net.received.average","8/20/2026 4:15:00 AM","20","1","1","KBps","","n/a","0"
"WIN-DEMO-APP03","net.received.average","8/20/2026 4:15:20 AM","20","1","1","KBps","","n/a","0"
"WIN-DEMO-APP03","net.received.average","8/20/2026 4:15:40 AM","20","1","1","KBps","","n/a","0"
"WIN-DEMO-APP03","net.received.average","8/20/2026 4:16:00 AM","20","1","1","KBps","","n/a","0"
"WIN-DEMO-APP03","net.received.average","8/20/2026 4:16:20 AM","20","1","1","KBps","","n/a","0"
"WIN-DEMO-APP03","net.received.average","8/20/2026 4:16:40 AM","20","1","1","KBps","","n/a","0"
"WIN-DEMO-APP03","net.received.average","8/20/2026 4:17:00 AM","20","1","1","KBps","","n/a","0"
"WIN-DEMO-APP03","net.received.average","8/20/2026 4:17:20 AM","20","1","1","KBps","","n/a","0"
"WIN-DEMO-APP03","net.received.average","8/20/2026 4:17:40 AM","20","1","1","KBps","","n/a","0"
"WIN-DEMO-APP03","net.received.average","8/20/2026 4:18:00 AM","20","1","1","KBps","","n/a","0"
"WIN-DEMO-APP03","net.received.average","8/20/2026 4:18:20 AM","20","1","1","KBps","","n/a","0"
"WIN-DEMO-APP03","net.received.average","8/20/2026 4:18:40 AM","20","1","1","KBps","","n/a","0"
"WIN-DEMO-APP03","net.received.average","8/20/2026 4:19:00 AM","20","1","1","KBps","","n/a","0"
"WIN-DEMO-APP03","net.received.average","8/20/2026 4:19:20 AM","20","1","1","KBps","","n/a","0"
"WIN-DEMO-APP03","net.received.average","8/20/2026 4:19:40 AM","20","1","1","KBps","","n/a","0"
"WIN-DEMO-APP03","net.received.average","8/20/2026 4:20:00 AM","20","1","1","KBps","","n/a","0"
"WIN-DEMO-APP03","net.received.average","8/20/2026 4:20:20 AM","20","1","1","KBps","","n/a","0"
"WIN-DEMO-APP03","net.received.average","8/20/2026 4:20:40 AM","20","1","1","KBps","","n/a","0"
"WIN-DEMO-APP03","net.received.average","8/20/2026 4:21:00 AM","20","1","1","KBps","","n/a","0"
"WIN-DEMO-APP03","net.received.average","8/20/2026 4:21:20 AM","20","1","1","KBps","","n/a","0"
"WIN-DEMO-APP03","net.received.average","8/20/2026 4:21:40 AM","20","1","1","KBps","","n/a","0"
"WIN-DEMO-APP03","net.received.average","8/20/2026 4:22:00 AM","20","1","1","KBps","","n/a","0"
"WIN-DEMO-APP03","net.received.average","8/20/2026 4:22:20 AM","20","1","1","KBps","","n/a","0"
"WIN-DEMO-APP03","net.received.average","8/20/2026 4:22:40 AM","20","1","1","KBps","","n/a","0"
"WIN-DEMO-APP03","net.received.average","8/20/2026 4:23:00 AM","20","1","1","KBps","","n/a","0"
"WIN-DEMO-APP03","net.received.average","8/20/2026 4:23:20 AM","20","1","1","KBps","","n/a","0"
"WIN-DEMO-APP03","net.received.average","8/20/2026 4:23:40 AM","20","1","1","KBps","","n/a","0"
"WIN-DEMO-APP03","net.received.average","8/20/2026 4:24:00 AM","20","1","1","KBps","","n/a","0"
"WIN-DEMO-APP03","net.received.average","8/20/2026 4:24:20 AM","20","1","1","KBps","","n/a","0"
"WIN-DEMO-APP03","net.received.average","8/20/2026 4:24:40 AM","20","1","1","KBps","","n/a","0"
"WIN-DEMO-APP03","net.received.average","8/20/2026 4:25:00 AM","20","1","1","KBps","","n/a","0"
"WIN-DEMO-APP03","net.received.average","8/20/2026 4:25:20 AM","20","1","1","KBps","","n/a","0"
"WIN-DEMO-APP03","net.received.average","8/20/2026 4:25:40 AM","20","1","1","KBps","","n/a","0"
"WIN-DEMO-APP03","net.received.average","8/20/2026 4:26:00 AM","20","1","1","KBps","","n/a","0"
"WIN-DEMO-APP03","net.received.average","8/20/2026 4:26:20 AM","20","1","1","KBps","","n/a","0"
"WIN-DEMO-APP03","net.received.average","8/20/2026 4:26:40 AM","20","1","1","KBps","","n/a","0"
"WIN-DEMO-APP03","net.received.average","8/20/2026 4:27:00 AM","20","1","1","KBps","","n/a","0"
"WIN-DEMO-APP03","net.received.average","8/20/2026 4:27:20 AM","20","1","1","KBps","","n/a","0"
"WIN-DEMO-APP03","net.received.average","8/20/2026 4:27:40 AM","20","1","1","KBps","","n/a","0"
"WIN-DEMO-APP03","net.received.average","8/20/2026 4:28:00 AM","20","1","1","KBps","","n/a","0"
"WIN-DEMO-APP03","net.received.average","8/20/2026 4:28:20 AM","20","1","1","KBps","","n/a","0"
"WIN-DEMO-APP03","net.received.average","8/20/2026 4:28:40 AM","20","1","1","KBps","","n/a","0"
"WIN-DEMO-APP03","net.received.average","8/20/2026 4:29:00 AM","20","1","1","KBps","","n/a","0"
"WIN-DEMO-APP03","net.received.average","8/20/2026 4:29:20 AM","20","1","1","KBps","","n/a","0"
"WIN-DEMO-APP03","net.received.average","8/20/2026 4:29:40 AM","20","1","1","KBps","","n/a","0"
"WIN-DEMO-APP03","net.received.average","8/20/2026 4:30:00 AM","20","1","1","KBps","","n/a","0"
"WIN-DEMO-APP03","net.received.average","8/20/2026 4:30:20 AM","20","1","1","KBps","","n/a","0"
"WIN-DEMO-APP03","net.received.average","8/20/2026 4:30:40 AM","20","1","1","KBps","","n/a","0"
"WIN-DEMO-APP03","net.received.average","8/20/2026 4:31:00 AM","20","1","1","KBps","","n/a","0"
"WIN-DEMO-APP03","net.received.average","8/20/2026 4:31:20 AM","20","1","1","KBps","","n/a","0"
"WIN-DEMO-APP03","net.received.average","8/20/2026 4:31:40 AM","20","1","1","KBps","","n/a","0"
"WIN-DEMO-APP03","net.received.average","8/20/2026 4:32:00 AM","20","1","1","KBps","","n/a","0"
"WIN-DEMO-APP03","net.received.average","8/20/2026 4:32:20 AM","20","1","1","KBps","","n/a","0"
"WIN-DEMO-APP03","net.received.average","8/20/2026 4:32:40 AM","20","1","1","KBps","","n/a","0"
"WIN-DEMO-APP03","net.received.average","8/20/2026 4:33:00 AM","20","1","1","KBps","","n/a","0"
"WIN-DEMO-APP03","net.received.average","8/20/2026 4:33:20 AM","20","1","1","KBps","","n/a","0"
"WIN-DEMO-APP03","net.received.average","8/20/2026 4:33:40 AM","20","1","1","KBps","","n/a","0"
"WIN-DEMO-APP03","net.received.average","8/20/2026 4:34:00 AM","20","1","1","KBps","","n/a","0"
"WIN-DEMO-APP03","net.received.average","8/20/2026 4:34:20 AM","20","1","1","KBps","","n/a","0"
"WIN-DEMO-APP03","net.received.average","8/20/2026 4:34:40 AM","20","1","1","KBps","","n/a","0"
"WIN-DEMO-APP03","net.received.average","8/20/2026 4:35:00 AM","20","1","1","KBps","","n/a","0"
"WIN-DEMO-APP03","net.received.average","8/20/2026 4:35:20 AM","20","1","1","KBps","","n/a","0"
"WIN-DEMO-APP03","net.received.average","8/20/2026 4:35:40 AM","20","1","1","KBps","","n/a","0"
"WIN-DEMO-APP03","net.received.average","8/20/2026 4:36:00 AM","20","6","6","KBps","","n/a","0"
"WIN-DEMO-APP03","net.received.average","8/20/2026 4:36:20 AM","20","1","1","KBps","","n/a","0"
"WIN-DEMO-APP03","net.received.average","8/20/2026 4:36:40 AM","20","1","1","KBps","","n/a","0"
"WIN-DEMO-APP03","net.received.average","8/20/2026 4:37:00 AM","20","1","1","KBps","","n/a","0"
"WIN-DEMO-APP03","net.received.average","8/20/2026 4:37:20 AM","20","1","1","KBps","","n/a","0"
"WIN-DEMO-APP03","net.received.average","8/20/2026 4:37:40 AM","20","1","1","KBps","","n/a","0"
"WIN-DEMO-APP03","net.received.average","8/20/2026 4:38:00 AM","20","1","1","KBps","","n/a","0"
"WIN-DEMO-APP03","net.received.average","8/20/2026 4:38:20 AM","20","1","1","KBps","","n/a","0"
"WIN-DEMO-APP03","net.received.average","8/20/2026 4:38:40 AM","20","1","1","KBps","","n/a","0"
"WIN-DEMO-APP03","net.received.average","8/20/2026 4:39:00 AM","20","1","1","KBps","","n/a","0"
"WIN-DEMO-APP03","net.received.average","8/20/2026 4:39:20 AM","20","1","1","KBps","","n/a","0"
"WIN-DEMO-APP03","net.received.average","8/20/2026 4:39:40 AM","20","1","1","KBps","","n/a","0"
"WIN-DEMO-APP03","net.received.average","8/20/2026 4:40:00 AM","20","1","1","KBps","","n/a","0"
"WIN-DEMO-APP03","net.received.average","8/20/2026 4:40:20 AM","20","1","1","KBps","","n/a","0"
"WIN-DEMO-APP03","net.received.average","8/20/2026 4:40:40 AM","20","1","1","KBps","","n/a","0"
"WIN-DEMO-APP03","net.received.average","8/20/2026 4:41:00 AM","20","1","1","KBps","","n/a","0"
"WIN-DEMO-APP03","net.received.average","8/20/2026 4:41:20 AM","20","1","1","KBps","","n/a","0"
"WIN-DEMO-APP03","net.received.average","8/20/2026 4:41:40 AM","20","1","1","KBps","","n/a","0"
"WIN-DEMO-APP03","net.received.average","8/20/2026 4:42:00 AM","20","1","1","KBps","","n/a","0"
"WIN-DEMO-APP03","net.received.average","8/20/2026 4:42:20 AM","20","1","1","KBps","","n/a","0"
"WIN-DEMO-APP03","net.received.average","8/20/2026 4:42:40 AM","20","1","1","KBps","","n/a","0"
"WIN-DEMO-APP03","net.received.average","8/20/2026 4:43:00 AM","20","1","1","KBps","","n/a","0"
"WIN-DEMO-APP03","net.received.average","8/20/2026 4:43:20 AM","20","1","1","KBps","","n/a","0"
"WIN-DEMO-APP03","net.received.average","8/20/2026 4:43:40 AM","20","1","1","KBps","","n/a","0"
"WIN-DEMO-APP03","net.received.average","8/20/2026 4:44:00 AM","20","1","1","KBps","","n/a","0"
"WIN-DEMO-APP03","net.received.average","8/20/2026 4:44:20 AM","20","1","1","KBps","","n/a","0"
"WIN-DEMO-APP03","net.received.average","8/20/2026 4:44:40 AM","20","1","1","KBps","","n/a","0"
"WIN-DEMO-APP03","net.received.average","8/20/2026 4:45:00 AM","20","1","1","KBps","","n/a","0"
"WIN-DEMO-APP03","net.received.average","8/20/2026 4:45:20 AM","20","1","1","KBps","","n/a","0"
"WIN-DEMO-APP03","net.received.average","8/20/2026 4:45:40 AM","20","1","1","KBps","","n/a","0"
"WIN-DEMO-APP03","net.received.average","8/20/2026 4:46:00 AM","20","1","1","KBps","","n/a","0"
"WIN-DEMO-APP03","net.received.average","8/20/2026 4:46:20 AM","20","1","1","KBps","","n/a","0"
"WIN-DEMO-APP03","net.received.average","8/20/2026 4:46:40 AM","20","1","1","KBps","","n/a","0"
"WIN-DEMO-APP03","net.received.average","8/20/2026 4:47:00 AM","20","1","1","KBps","","n/a","0"
"WIN-DEMO-APP03","net.received.average","8/20/2026 4:47:20 AM","20","1","1","KBps","","n/a","0"
"WIN-DEMO-APP03","net.received.average","8/20/2026 4:47:40 AM","20","1","1","KBps","","n/a","0"
"WIN-DEMO-APP03","net.received.average","8/20/2026 4:48:00 AM","20","1","1","KBps","","n/a","0"
"WIN-DEMO-APP03","net.received.average","8/20/2026 4:48:20 AM","20","1","1","KBps","","n/a","0"
"WIN-DEMO-APP03","net.received.average","8/20/2026 4:48:40 AM","20","1","1","KBps","","n/a","0"
"WIN-DEMO-APP03","net.received.average","8/20/2026 4:49:00 AM","20","1","1","KBps","","n/a","0"
"WIN-DEMO-APP03","net.received.average","8/20/2026 4:49:20 AM","20","1","1","KBps","","n/a","0"
"WIN-DEMO-APP03","net.received.average","8/20/2026 4:49:40 AM","20","1","1","KBps","","n/a","0"
"WIN-DEMO-APP03","net.received.average","8/20/2026 4:50:00 AM","20","1","1","KBps","","n/a","0"
"WIN-DEMO-APP03","net.received.average","8/20/2026 4:50:20 AM","20","1","1","KBps","","n/a","0"
"WIN-DEMO-APP03","net.received.average","8/20/2026 4:50:40 AM","20","1","1","KBps","","n/a","0"
"WIN-DEMO-APP03","net.received.average","8/20/2026 4:51:00 AM","20","1","1","KBps","","n/a","0"
"WIN-DEMO-APP03","net.received.average","8/20/2026 4:51:20 AM","20","1","1","KBps","","n/a","0"
"WIN-DEMO-APP03","net.received.average","8/20/2026 4:51:40 AM","20","1","1","KBps","","n/a","0"
"WIN-DEMO-APP03","net.received.average","8/20/2026 4:52:00 AM","20","1","1","KBps","","n/a","0"
"WIN-DEMO-APP03","net.received.average","8/20/2026 4:52:20 AM","20","1","1","KBps","","n/a","0"
"WIN-DEMO-APP03","net.received.average","8/20/2026 4:52:40 AM","20","1","1","KBps","","n/a","0"
"WIN-DEMO-APP03","net.received.average","8/20/2026 4:53:00 AM","20","1","1","KBps","","n/a","0"
"WIN-DEMO-APP03","net.received.average","8/20/2026 4:53:20 AM","20","1","1","KBps","","n/a","0"
"WIN-DEMO-APP03","net.received.average","8/20/2026 4:53:40 AM","20","1","1","KBps","","n/a","0"
"WIN-DEMO-APP03","net.received.average","8/20/2026 4:54:00 AM","20","1","1","KBps","","n/a","0"
"WIN-DEMO-APP03","net.received.average","8/20/2026 4:54:20 AM","20","1","1","KBps","","n/a","0"
"WIN-DEMO-APP03","net.received.average","8/20/2026 4:54:40 AM","20","1","1","KBps","","n/a","0"
"WIN-DEMO-APP03","net.received.average","8/20/2026 4:55:00 AM","20","1","1","KBps","","n/a","0"
"WIN-DEMO-APP03","net.received.average","8/20/2026 4:55:20 AM","20","1","1","KBps","","n/a","0"
"WIN-DEMO-APP03","net.received.average","8/20/2026 4:55:40 AM","20","1","1","KBps","","n/a","0"
"WIN-DEMO-APP03","net.received.average","8/20/2026 4:56:00 AM","20","1","1","KBps","","n/a","0"
"WIN-DEMO-APP03","net.received.average","8/20/2026 4:56:20 AM","20","1","1","KBps","","n/a","0"
"WIN-DEMO-APP03","net.received.average","8/20/2026 4:56:40 AM","20","1","1","KBps","","n/a","0"
"WIN-DEMO-APP03","net.received.average","8/20/2026 4:57:00 AM","20","1","1","KBps","","n/a","0"
"WIN-DEMO-APP03","net.received.average","8/20/2026 4:57:20 AM","20","1","1","KBps","","n/a","0"
"WIN-DEMO-APP03","net.received.average","8/20/2026 4:57:40 AM","20","1","1","KBps","","n/a","0"
"WIN-DEMO-APP03","net.received.average","8/20/2026 4:58:00 AM","20","1","1","KBps","","n/a","0"
"WIN-DEMO-APP03","net.received.average","8/20/2026 4:58:20 AM","20","1","1","KBps","","n/a","0"
"WIN-DEMO-APP03","net.received.average","8/20/2026 4:58:40 AM","20","1","1","KBps","","n/a","0"
"WIN-DEMO-APP03","net.received.average","8/20/2026 4:59:00 AM","20","1","1","KBps","","n/a","0"
"WIN-DEMO-APP03","net.received.average","8/20/2026 4:59:20 AM","20","1","1","KBps","","n/a","0"
"WIN-DEMO-APP03","net.received.average","8/20/2026 4:59:40 AM","20","1","1","KBps","","n/a","0"
"WIN-DEMO-APP03","net.received.average","8/20/2026 5:00:00 AM","20","2","2","KBps","","n/a","0"
"WIN-DEMO-APP03","net.received.average","8/20/2026 5:00:20 AM","20","1","1","KBps","","n/a","0"
"WIN-DEMO-APP03","net.received.average","8/20/2026 5:00:40 AM","20","1","1","KBps","","n/a","0"
"WIN-DEMO-APP03","net.received.average","8/20/2026 5:01:00 AM","20","1","1","KBps","","n/a","0"
"WIN-DEMO-APP03","net.received.average","8/20/2026 5:01:20 AM","20","1","1","KBps","","n/a","0"
"WIN-DEMO-APP03","net.received.average","8/20/2026 5:01:40 AM","20","1","1","KBps","","n/a","0"
"WIN-DEMO-APP03","net.received.average","8/20/2026 5:02:00 AM","20","1","1","KBps","","n/a","0"
"WIN-DEMO-APP03","net.received.average","8/20/2026 5:02:20 AM","20","1","1","KBps","","n/a","0"
"WIN-DEMO-APP03","net.received.average","8/20/2026 5:02:40 AM","20","1","1","KBps","","n/a","0"
"WIN-DEMO-APP03","net.received.average","8/20/2026 5:03:00 AM","20","1","1","KBps","","n/a","0"
"WIN-DEMO-APP03","net.received.average","8/20/2026 5:03:20 AM","20","1","1","KBps","","n/a","0"
"WIN-DEMO-APP03","net.received.average","8/20/2026 5:03:40 AM","20","1","1","KBps","","n/a","0"
"WIN-DEMO-APP03","net.received.average","8/20/2026 5:04:00 AM","20","1","1","KBps","","n/a","0"
"WIN-DEMO-APP03","net.received.average","8/20/2026 5:04:20 AM","20","1","1","KBps","","n/a","0"
"WIN-DEMO-APP03","net.received.average","8/20/2026 5:04:40 AM","20","1","1","KBps","","n/a","0"
"WIN-DEMO-APP03","net.received.average","8/20/2026 5:05:00 AM","20","1","1","KBps","","n/a","0"
"WIN-DEMO-APP03","net.received.average","8/20/2026 5:05:20 AM","20","1","1","KBps","","n/a","0"
"WIN-DEMO-APP03","net.received.average","8/20/2026 5:05:40 AM","20","1","1","KBps","","n/a","0"
"WIN-DEMO-APP03","net.transmitted.average","8/20/2026 4:06:00 AM","20","2","2","KBps","","n/a","0"
"WIN-DEMO-APP03","net.transmitted.average","8/20/2026 4:06:20 AM","20","1","1","KBps","","n/a","0"
"WIN-DEMO-APP03","net.transmitted.average","8/20/2026 4:06:40 AM","20","1","1","KBps","","n/a","0"
"WIN-DEMO-APP03","net.transmitted.average","8/20/2026 4:07:00 AM","20","1","1","KBps","","n/a","0"
"WIN-DEMO-APP03","net.transmitted.average","8/20/2026 4:07:20 AM","20","1","1","KBps","","n/a","0"
"WIN-DEMO-APP03","net.transmitted.average","8/20/2026 4:07:40 AM","20","1","1","KBps","","n/a","0"
"WIN-DEMO-APP03","net.transmitted.average","8/20/2026 4:08:00 AM","20","3","3","KBps","","n/a","0"
"WIN-DEMO-APP03","net.transmitted.average","8/20/2026 4:08:20 AM","20","1","1","KBps","","n/a","0"
"WIN-DEMO-APP03","net.transmitted.average","8/20/2026 4:08:40 AM","20","1","1","KBps","","n/a","0"
"WIN-DEMO-APP03","net.transmitted.average","8/20/2026 4:09:00 AM","20","1","1","KBps","","n/a","0"
"WIN-DEMO-APP03","net.transmitted.average","8/20/2026 4:09:20 AM","20","1","1","KBps","","n/a","0"
"WIN-DEMO-APP03","net.transmitted.average","8/20/2026 4:09:40 AM","20","1","1","KBps","","n/a","0"
"WIN-DEMO-APP03","net.transmitted.average","8/20/2026 4:10:00 AM","20","1","1","KBps","","n/a","0"
"WIN-DEMO-APP03","net.transmitted.average","8/20/2026 4:10:20 AM","20","1","1","KBps","","n/a","0"
"WIN-DEMO-APP03","net.transmitted.average","8/20/2026 4:10:40 AM","20","1","1","KBps","","n/a","0"
"WIN-DEMO-APP03","net.transmitted.average","8/20/2026 4:11:00 AM","20","1","1","KBps","","n/a","0"
"WIN-DEMO-APP03","net.transmitted.average","8/20/2026 4:11:20 AM","20","1","1","KBps","","n/a","0"
"WIN-DEMO-APP03","net.transmitted.average","8/20/2026 4:11:40 AM","20","1","1","KBps","","n/a","0"
"WIN-DEMO-APP03","net.transmitted.average","8/20/2026 4:12:00 AM","20","1","1","KBps","","n/a","0"
"WIN-DEMO-APP03","net.transmitted.average","8/20/2026 4:12:20 AM","20","1","1","KBps","","n/a","0"
"WIN-DEMO-APP03","net.transmitted.average","8/20/2026 4:12:40 AM","20","1","1","KBps","","n/a","0"
"WIN-DEMO-APP03","net.transmitted.average","8/20/2026 4:13:00 AM","20","1","1","KBps","","n/a","0"
"WIN-DEMO-APP03","net.transmitted.average","8/20/2026 4:13:20 AM","20","1","1","KBps","","n/a","0"
"WIN-DEMO-APP03","net.transmitted.average","8/20/2026 4:13:40 AM","20","1","1","KBps","","n/a","0"
"WIN-DEMO-APP03","net.transmitted.average","8/20/2026 4:14:00 AM","20","2","2","KBps","","n/a","0"
"WIN-DEMO-APP03","net.transmitted.average","8/20/2026 4:14:20 AM","20","1","1","KBps","","n/a","0"
"WIN-DEMO-APP03","net.transmitted.average","8/20/2026 4:14:40 AM","20","1","1","KBps","","n/a","0"
"WIN-DEMO-APP03","net.transmitted.average","8/20/2026 4:15:00 AM","20","1","1","KBps","","n/a","0"
"WIN-DEMO-APP03","net.transmitted.average","8/20/2026 4:15:20 AM","20","1","1","KBps","","n/a","0"
"WIN-DEMO-APP03","net.transmitted.average","8/20/2026 4:15:40 AM","20","1","1","KBps","","n/a","0"
"WIN-DEMO-APP03","net.transmitted.average","8/20/2026 4:16:00 AM","20","1","1","KBps","","n/a","0"
"WIN-DEMO-APP03","net.transmitted.average","8/20/2026 4:16:20 AM","20","1","1","KBps","","n/a","0"
"WIN-DEMO-APP03","net.transmitted.average","8/20/2026 4:16:40 AM","20","1","1","KBps","","n/a","0"
"WIN-DEMO-APP03","net.transmitted.average","8/20/2026 4:17:00 AM","20","1","1","KBps","","n/a","0"
"WIN-DEMO-APP03","net.transmitted.average","8/20/2026 4:17:20 AM","20","1","1","KBps","","n/a","0"
"WIN-DEMO-APP03","net.transmitted.average","8/20/2026 4:17:40 AM","20","1","1","KBps","","n/a","0"
"WIN-DEMO-APP03","net.transmitted.average","8/20/2026 4:18:00 AM","20","1","1","KBps","","n/a","0"
"WIN-DEMO-APP03","net.transmitted.average","8/20/2026 4:18:20 AM","20","1","1","KBps","","n/a","0"
"WIN-DEMO-APP03","net.transmitted.average","8/20/2026 4:18:40 AM","20","1","1","KBps","","n/a","0"
"WIN-DEMO-APP03","net.transmitted.average","8/20/2026 4:19:00 AM","20","1","1","KBps","","n/a","0"
"WIN-DEMO-APP03","net.transmitted.average","8/20/2026 4:19:20 AM","20","1","1","KBps","","n/a","0"
"WIN-DEMO-APP03","net.transmitted.average","8/20/2026 4:19:40 AM","20","1","1","KBps","","n/a","0"
"WIN-DEMO-APP03","net.transmitted.average","8/20/2026 4:20:00 AM","20","2","2","KBps","","n/a","0"
"WIN-DEMO-APP03","net.transmitted.average","8/20/2026 4:20:20 AM","20","1","1","KBps","","n/a","0"
"WIN-DEMO-APP03","net.transmitted.average","8/20/2026 4:20:40 AM","20","1","1","KBps","","n/a","0"
"WIN-DEMO-APP03","net.transmitted.average","8/20/2026 4:21:00 AM","20","1","1","KBps","","n/a","0"
"WIN-DEMO-APP03","net.transmitted.average","8/20/2026 4:21:20 AM","20","1","1","KBps","","n/a","0"
"WIN-DEMO-APP03","net.transmitted.average","8/20/2026 4:21:40 AM","20","1","1","KBps","","n/a","0"
"WIN-DEMO-APP03","net.transmitted.average","8/20/2026 4:22:00 AM","20","1","1","KBps","","n/a","0"
"WIN-DEMO-APP03","net.transmitted.average","8/20/2026 4:22:20 AM","20","1","1","KBps","","n/a","0"
"WIN-DEMO-APP03","net.transmitted.average","8/20/2026 4:22:40 AM","20","1","1","KBps","","n/a","0"
"WIN-DEMO-APP03","net.transmitted.average","8/20/2026 4:23:00 AM","20","2","2","KBps","","n/a","0"
"WIN-DEMO-APP03","net.transmitted.average","8/20/2026 4:23:20 AM","20","1","1","KBps","","n/a","0"
"WIN-DEMO-APP03","net.transmitted.average","8/20/2026 4:23:40 AM","20","1","1","KBps","","n/a","0"
"WIN-DEMO-APP03","net.transmitted.average","8/20/2026 4:24:00 AM","20","1","1","KBps","","n/a","0"
"WIN-DEMO-APP03","net.transmitted.average","8/20/2026 4:24:20 AM","20","1","1","KBps","","n/a","0"
"WIN-DEMO-APP03","net.transmitted.average","8/20/2026 4:24:40 AM","20","1","1","KBps","","n/a","0"
"WIN-DEMO-APP03","net.transmitted.average","8/20/2026 4:25:00 AM","20","1","1","KBps","","n/a","0"
"WIN-DEMO-APP03","net.transmitted.average","8/20/2026 4:25:20 AM","20","1","1","KBps","","n/a","0"
"WIN-DEMO-APP03","net.transmitted.average","8/20/2026 4:25:40 AM","20","1","1","KBps","","n/a","0"
"WIN-DEMO-APP03","net.transmitted.average","8/20/2026 4:26:00 AM","20","2","2","KBps","","n/a","0"
"WIN-DEMO-APP03","net.transmitted.average","8/20/2026 4:26:20 AM","20","1","1","KBps","","n/a","0"
"WIN-DEMO-APP03","net.transmitted.average","8/20/2026 4:26:40 AM","20","1","1","KBps","","n/a","0"
"WIN-DEMO-APP03","net.transmitted.average","8/20/2026 4:27:00 AM","20","1","1","KBps","","n/a","0"
"WIN-DEMO-APP03","net.transmitted.average","8/20/2026 4:27:20 AM","20","1","1","KBps","","n/a","0"
"WIN-DEMO-APP03","net.transmitted.average","8/20/2026 4:27:40 AM","20","1","1","KBps","","n/a","0"
"WIN-DEMO-APP03","net.transmitted.average","8/20/2026 4:28:00 AM","20","1","1","KBps","","n/a","0"
"WIN-DEMO-APP03","net.transmitted.average","8/20/2026 4:28:20 AM","20","1","1","KBps","","n/a","0"
"WIN-DEMO-APP03","net.transmitted.average","8/20/2026 4:28:40 AM","20","1","1","KBps","","n/a","0"
"WIN-DEMO-APP03","net.transmitted.average","8/20/2026 4:29:00 AM","20","1","1","KBps","","n/a","0"
"WIN-DEMO-APP03","net.transmitted.average","8/20/2026 4:29:20 AM","20","1","1","KBps","","n/a","0"
"WIN-DEMO-APP03","net.transmitted.average","8/20/2026 4:29:40 AM","20","1","1","KBps","","n/a","0"
"WIN-DEMO-APP03","net.transmitted.average","8/20/2026 4:30:00 AM","20","2","2","KBps","","n/a","0"
"WIN-DEMO-APP03","net.transmitted.average","8/20/2026 4:30:20 AM","20","1","1","KBps","","n/a","0"
"WIN-DEMO-APP03","net.transmitted.average","8/20/2026 4:30:40 AM","20","1","1","KBps","","n/a","0"
"WIN-DEMO-APP03","net.transmitted.average","8/20/2026 4:31:00 AM","20","1","1","KBps","","n/a","0"
"WIN-DEMO-APP03","net.transmitted.average","8/20/2026 4:31:20 AM","20","1","1","KBps","","n/a","0"
"WIN-DEMO-APP03","net.transmitted.average","8/20/2026 4:31:40 AM","20","1","1","KBps","","n/a","0"
"WIN-DEMO-APP03","net.transmitted.average","8/20/2026 4:32:00 AM","20","1","1","KBps","","n/a","0"
"WIN-DEMO-APP03","net.transmitted.average","8/20/2026 4:32:20 AM","20","1","1","KBps","","n/a","0"
"WIN-DEMO-APP03","net.transmitted.average","8/20/2026 4:32:40 AM","20","1","1","KBps","","n/a","0"
"WIN-DEMO-APP03","net.transmitted.average","8/20/2026 4:33:00 AM","20","1","1","KBps","","n/a","0"
"WIN-DEMO-APP03","net.transmitted.average","8/20/2026 4:33:20 AM","20","1","1","KBps","","n/a","0"
"WIN-DEMO-APP03","net.transmitted.average","8/20/2026 4:33:40 AM","20","1","1","KBps","","n/a","0"
"WIN-DEMO-APP03","net.transmitted.average","8/20/2026 4:34:00 AM","20","1","1","KBps","","n/a","0"
"WIN-DEMO-APP03","net.transmitted.average","8/20/2026 4:34:20 AM","20","1","1","KBps","","n/a","0"
"WIN-DEMO-APP03","net.transmitted.average","8/20/2026 4:34:40 AM","20","1","1","KBps","","n/a","0"
"WIN-DEMO-APP03","net.transmitted.average","8/20/2026 4:35:00 AM","20","1","1","KBps","","n/a","0"
"WIN-DEMO-APP03","net.transmitted.average","8/20/2026 4:35:20 AM","20","1","1","KBps","","n/a","0"
"WIN-DEMO-APP03","net.transmitted.average","8/20/2026 4:35:40 AM","20","1","1","KBps","","n/a","0"
"WIN-DEMO-APP03","net.transmitted.average","8/20/2026 4:36:00 AM","20","34","34","KBps","","n/a","0"
"WIN-DEMO-APP03","net.transmitted.average","8/20/2026 4:36:20 AM","20","1","1","KBps","","n/a","0"
"WIN-DEMO-APP03","net.transmitted.average","8/20/2026 4:36:40 AM","20","1","1","KBps","","n/a","0"
"WIN-DEMO-APP03","net.transmitted.average","8/20/2026 4:37:00 AM","20","1","1","KBps","","n/a","0"
"WIN-DEMO-APP03","net.transmitted.average","8/20/2026 4:37:20 AM","20","1","1","KBps","","n/a","0"
"WIN-DEMO-APP03","net.transmitted.average","8/20/2026 4:37:40 AM","20","1","1","KBps","","n/a","0"
"WIN-DEMO-APP03","net.transmitted.average","8/20/2026 4:38:00 AM","20","2","2","KBps","","n/a","0"
"WIN-DEMO-APP03","net.transmitted.average","8/20/2026 4:38:20 AM","20","1","1","KBps","","n/a","0"
"WIN-DEMO-APP03","net.transmitted.average","8/20/2026 4:38:40 AM","20","1","1","KBps","","n/a","0"
"WIN-DEMO-APP03","net.transmitted.average","8/20/2026 4:39:00 AM","20","1","1","KBps","","n/a","0"
"WIN-DEMO-APP03","net.transmitted.average","8/20/2026 4:39:20 AM","20","1","1","KBps","","n/a","0"
"WIN-DEMO-APP03","net.transmitted.average","8/20/2026 4:39:40 AM","20","1","1","KBps","","n/a","0"
"WIN-DEMO-APP03","net.transmitted.average","8/20/2026 4:40:00 AM","20","2","2","KBps","","n/a","0"
"WIN-DEMO-APP03","net.transmitted.average","8/20/2026 4:40:20 AM","20","1","1","KBps","","n/a","0"
"WIN-DEMO-APP03","net.transmitted.average","8/20/2026 4:40:40 AM","20","1","1","KBps","","n/a","0"
"WIN-DEMO-APP03","net.transmitted.average","8/20/2026 4:41:00 AM","20","1","1","KBps","","n/a","0"
"WIN-DEMO-APP03","net.transmitted.average","8/20/2026 4:41:20 AM","20","1","1","KBps","","n/a","0"
"WIN-DEMO-APP03","net.transmitted.average","8/20/2026 4:41:40 AM","20","1","1","KBps","","n/a","0"
"WIN-DEMO-APP03","net.transmitted.average","8/20/2026 4:42:00 AM","20","1","1","KBps","","n/a","0"
"WIN-DEMO-APP03","net.transmitted.average","8/20/2026 4:42:20 AM","20","1","1","KBps","","n/a","0"
"WIN-DEMO-APP03","net.transmitted.average","8/20/2026 4:42:40 AM","20","1","1","KBps","","n/a","0"
"WIN-DEMO-APP03","net.transmitted.average","8/20/2026 4:43:00 AM","20","1","1","KBps","","n/a","0"
"WIN-DEMO-APP03","net.transmitted.average","8/20/2026 4:43:20 AM","20","1","1","KBps","","n/a","0"
"WIN-DEMO-APP03","net.transmitted.average","8/20/2026 4:43:40 AM","20","1","1","KBps","","n/a","0"
"WIN-DEMO-APP03","net.transmitted.average","8/20/2026 4:44:00 AM","20","1","1","KBps","","n/a","0"
"WIN-DEMO-APP03","net.transmitted.average","8/20/2026 4:44:20 AM","20","1","1","KBps","","n/a","0"
"WIN-DEMO-APP03","net.transmitted.average","8/20/2026 4:44:40 AM","20","1","1","KBps","","n/a","0"
"WIN-DEMO-APP03","net.transmitted.average","8/20/2026 4:45:00 AM","20","1","1","KBps","","n/a","0"
"WIN-DEMO-APP03","net.transmitted.average","8/20/2026 4:45:20 AM","20","1","1","KBps","","n/a","0"
"WIN-DEMO-APP03","net.transmitted.average","8/20/2026 4:45:40 AM","20","1","1","KBps","","n/a","0"
"WIN-DEMO-APP03","net.transmitted.average","8/20/2026 4:46:00 AM","20","2","2","KBps","","n/a","0"
"WIN-DEMO-APP03","net.transmitted.average","8/20/2026 4:46:20 AM","20","1","1","KBps","","n/a","0"
"WIN-DEMO-APP03","net.transmitted.average","8/20/2026 4:46:40 AM","20","1","1","KBps","","n/a","0"
"WIN-DEMO-APP03","net.transmitted.average","8/20/2026 4:47:00 AM","20","1","1","KBps","","n/a","0"
"WIN-DEMO-APP03","net.transmitted.average","8/20/2026 4:47:20 AM","20","1","1","KBps","","n/a","0"
"WIN-DEMO-APP03","net.transmitted.average","8/20/2026 4:47:40 AM","20","1","1","KBps","","n/a","0"
"WIN-DEMO-APP03","net.transmitted.average","8/20/2026 4:48:00 AM","20","1","1","KBps","","n/a","0"
"WIN-DEMO-APP03","net.transmitted.average","8/20/2026 4:48:20 AM","20","1","1","KBps","","n/a","0"
"WIN-DEMO-APP03","net.transmitted.average","8/20/2026 4:48:40 AM","20","1","1","KBps","","n/a","0"
"WIN-DEMO-APP03","net.transmitted.average","8/20/2026 4:49:00 AM","20","1","1","KBps","","n/a","0"
"WIN-DEMO-APP03","net.transmitted.average","8/20/2026 4:49:20 AM","20","1","1","KBps","","n/a","0"
"WIN-DEMO-APP03","net.transmitted.average","8/20/2026 4:49:40 AM","20","1","1","KBps","","n/a","0"
"WIN-DEMO-APP03","net.transmitted.average","8/20/2026 4:50:00 AM","20","1","1","KBps","","n/a","0"
"WIN-DEMO-APP03","net.transmitted.average","8/20/2026 4:50:20 AM","20","1","1","KBps","","n/a","0"
"WIN-DEMO-APP03","net.transmitted.average","8/20/2026 4:50:40 AM","20","1","1","KBps","","n/a","0"
"WIN-DEMO-APP03","net.transmitted.average","8/20/2026 4:51:00 AM","20","1","1","KBps","","n/a","0"
"WIN-DEMO-APP03","net.transmitted.average","8/20/2026 4:51:20 AM","20","1","1","KBps","","n/a","0"
"WIN-DEMO-APP03","net.transmitted.average","8/20/2026 4:51:40 AM","20","1","1","KBps","","n/a","0"
"WIN-DEMO-APP03","net.transmitted.average","8/20/2026 4:52:00 AM","20","2","2","KBps","","n/a","0"
"WIN-DEMO-APP03","net.transmitted.average","8/20/2026 4:52:20 AM","20","1","1","KBps","","n/a","0"
"WIN-DEMO-APP03","net.transmitted.average","8/20/2026 4:52:40 AM","20","1","1","KBps","","n/a","0"
"WIN-DEMO-APP03","net.transmitted.average","8/20/2026 4:53:00 AM","20","2","2","KBps","","n/a","0"
"WIN-DEMO-APP03","net.transmitted.average","8/20/2026 4:53:20 AM","20","1","1","KBps","","n/a","0"
"WIN-DEMO-APP03","net.transmitted.average","8/20/2026 4:53:40 AM","20","1","1","KBps","","n/a","0"
"WIN-DEMO-APP03","net.transmitted.average","8/20/2026 4:54:00 AM","20","1","1","KBps","","n/a","0"
"WIN-DEMO-APP03","net.transmitted.average","8/20/2026 4:54:20 AM","20","1","1","KBps","","n/a","0"
"WIN-DEMO-APP03","net.transmitted.average","8/20/2026 4:54:40 AM","20","1","1","KBps","","n/a","0"
"WIN-DEMO-APP03","net.transmitted.average","8/20/2026 4:55:00 AM","20","1","1","KBps","","n/a","0"
"WIN-DEMO-APP03","net.transmitted.average","8/20/2026 4:55:20 AM","20","1","1","KBps","","n/a","0"
"WIN-DEMO-APP03","net.transmitted.average","8/20/2026 4:55:40 AM","20","1","1","KBps","","n/a","0"
"WIN-DEMO-APP03","net.transmitted.average","8/20/2026 4:56:00 AM","20","1","1","KBps","","n/a","0"
"WIN-DEMO-APP03","net.transmitted.average","8/20/2026 4:56:20 AM","20","1","1","KBps","","n/a","0"
"WIN-DEMO-APP03","net.transmitted.average","8/20/2026 4:56:40 AM","20","1","1","KBps","","n/a","0"
"WIN-DEMO-APP03","net.transmitted.average","8/20/2026 4:57:00 AM","20","1","1","KBps","","n/a","0"
"WIN-DEMO-APP03","net.transmitted.average","8/20/2026 4:57:20 AM","20","1","1","KBps","","n/a","0"
"WIN-DEMO-APP03","net.transmitted.average","8/20/2026 4:57:40 AM","20","1","1","KBps","","n/a","0"
"WIN-DEMO-APP03","net.transmitted.average","8/20/2026 4:58:00 AM","20","1","1","KBps","","n/a","0"
"WIN-DEMO-APP03","net.transmitted.average","8/20/2026 4:58:20 AM","20","1","1","KBps","","n/a","0"
"WIN-DEMO-APP03","net.transmitted.average","8/20/2026 4:58:40 AM","20","1","1","KBps","","n/a","0"
"WIN-DEMO-APP03","net.transmitted.average","8/20/2026 4:59:00 AM","20","1","1","KBps","","n/a","0"
"WIN-DEMO-APP03","net.transmitted.average","8/20/2026 4:59:20 AM","20","1","1","KBps","","n/a","0"
"WIN-DEMO-APP03","net.transmitted.average","8/20/2026 4:59:40 AM","20","1","1","KBps","","n/a","0"
"WIN-DEMO-APP03","net.transmitted.average","8/20/2026 5:00:00 AM","20","3","3","KBps","","n/a","0"
"WIN-DEMO-APP03","net.transmitted.average","8/20/2026 5:00:20 AM","20","1","1","KBps","","n/a","0"
"WIN-DEMO-APP03","net.transmitted.average","8/20/2026 5:00:40 AM","20","1","1","KBps","","n/a","0"
"WIN-DEMO-APP03","net.transmitted.average","8/20/2026 5:01:00 AM","20","1","1","KBps","","n/a","0"
"WIN-DEMO-APP03","net.transmitted.average","8/20/2026 5:01:20 AM","20","1","1","KBps","","n/a","0"
"WIN-DEMO-APP03","net.transmitted.average","8/20/2026 5:01:40 AM","20","1","1","KBps","","n/a","0"
"WIN-DEMO-APP03","net.transmitted.average","8/20/2026 5:02:00 AM","20","2","2","KBps","","n/a","0"
"WIN-DEMO-APP03","net.transmitted.average","8/20/2026 5:02:20 AM","20","1","1","KBps","","n/a","0"
"WIN-DEMO-APP03","net.transmitted.average","8/20/2026 5:02:40 AM","20","1","1","KBps","","n/a","0"
"WIN-DEMO-APP03","net.transmitted.average","8/20/2026 5:03:00 AM","20","1","1","KBps","","n/a","0"
"WIN-DEMO-APP03","net.transmitted.average","8/20/2026 5:03:20 AM","20","1","1","KBps","","n/a","0"
"WIN-DEMO-APP03","net.transmitted.average","8/20/2026 5:03:40 AM","20","1","1","KBps","","n/a","0"
"WIN-DEMO-APP03","net.transmitted.average","8/20/2026 5:04:00 AM","20","2","2","KBps","","n/a","0"
"WIN-DEMO-APP03","net.transmitted.average","8/20/2026 5:04:20 AM","20","1","1","KBps","","n/a","0"
"WIN-DEMO-APP03","net.transmitted.average","8/20/2026 5:04:40 AM","20","1","1","KBps","","n/a","0"
"WIN-DEMO-APP03","net.transmitted.average","8/20/2026 5:05:00 AM","20","1","1","KBps","","n/a","0"
"WIN-DEMO-APP03","net.transmitted.average","8/20/2026 5:05:20 AM","20","1","1","KBps","","n/a","0"
"WIN-DEMO-APP03","net.transmitted.average","8/20/2026 5:05:40 AM","20","1","1","KBps","","n/a","0"
"WIN-DEMO-APP03","virtualdisk.numberreadaveraged.average","8/20/2026 4:06:00 AM","20","0","0","number","scsi0:0","n/a","0"
"WIN-DEMO-APP03","virtualdisk.numberreadaveraged.average","8/20/2026 4:06:20 AM","20","0","0","number","scsi0:0","n/a","0"
"WIN-DEMO-APP03","virtualdisk.numberreadaveraged.average","8/20/2026 4:06:40 AM","20","0","0","number","scsi0:0","n/a","0"
"WIN-DEMO-APP03","virtualdisk.numberreadaveraged.average","8/20/2026 4:07:00 AM","20","0","0","number","scsi0:0","n/a","0"
"WIN-DEMO-APP03","virtualdisk.numberreadaveraged.average","8/20/2026 4:07:20 AM","20","0","0","number","scsi0:0","n/a","0"
"WIN-DEMO-APP03","virtualdisk.numberreadaveraged.average","8/20/2026 4:07:40 AM","20","0","0","number","scsi0:0","n/a","0"
"WIN-DEMO-APP03","virtualdisk.numberreadaveraged.average","8/20/2026 4:08:00 AM","20","0","0","number","scsi0:0","n/a","0"
"WIN-DEMO-APP03","virtualdisk.numberreadaveraged.average","8/20/2026 4:08:20 AM","20","0","0","number","scsi0:0","n/a","0"
"WIN-DEMO-APP03","virtualdisk.numberreadaveraged.average","8/20/2026 4:08:40 AM","20","0","0","number","scsi0:0","n/a","0"
"WIN-DEMO-APP03","virtualdisk.numberreadaveraged.average","8/20/2026 4:09:00 AM","20","0","0","number","scsi0:0","n/a","0"
"WIN-DEMO-APP03","virtualdisk.numberreadaveraged.average","8/20/2026 4:09:20 AM","20","0","0","number","scsi0:0","n/a","0"
"WIN-DEMO-APP03","virtualdisk.numberreadaveraged.average","8/20/2026 4:09:40 AM","20","0","0","number","scsi0:0","n/a","0"
"WIN-DEMO-APP03","virtualdisk.numberreadaveraged.average","8/20/2026 4:10:00 AM","20","0","0","number","scsi0:0","n/a","0"
"WIN-DEMO-APP03","virtualdisk.numberreadaveraged.average","8/20/2026 4:10:20 AM","20","0","0","number","scsi0:0","n/a","0"
"WIN-DEMO-APP03","virtualdisk.numberreadaveraged.average","8/20/2026 4:10:40 AM","20","0","0","number","scsi0:0","n/a","0"
"WIN-DEMO-APP03","virtualdisk.numberreadaveraged.average","8/20/2026 4:11:00 AM","20","0","0","number","scsi0:0","n/a","0"
"WIN-DEMO-APP03","virtualdisk.numberreadaveraged.average","8/20/2026 4:11:20 AM","20","0","0","number","scsi0:0","n/a","0"
"WIN-DEMO-APP03","virtualdisk.numberreadaveraged.average","8/20/2026 4:11:40 AM","20","0","0","number","scsi0:0","n/a","0"
"WIN-DEMO-APP03","virtualdisk.numberreadaveraged.average","8/20/2026 4:12:00 AM","20","0","0","number","scsi0:0","n/a","0"
"WIN-DEMO-APP03","virtualdisk.numberreadaveraged.average","8/20/2026 4:12:20 AM","20","0","0","number","scsi0:0","n/a","0"
"WIN-DEMO-APP03","virtualdisk.numberreadaveraged.average","8/20/2026 4:12:40 AM","20","0","0","number","scsi0:0","n/a","0"
"WIN-DEMO-APP03","virtualdisk.numberreadaveraged.average","8/20/2026 4:13:00 AM","20","0","0","number","scsi0:0","n/a","0"
"WIN-DEMO-APP03","virtualdisk.numberreadaveraged.average","8/20/2026 4:13:20 AM","20","0","0","number","scsi0:0","n/a","0"
"WIN-DEMO-APP03","virtualdisk.numberreadaveraged.average","8/20/2026 4:13:40 AM","20","0","0","number","scsi0:0","n/a","0"
"WIN-DEMO-APP03","virtualdisk.numberreadaveraged.average","8/20/2026 4:14:00 AM","20","0","0","number","scsi0:0","n/a","0"
"WIN-DEMO-APP03","virtualdisk.numberreadaveraged.average","8/20/2026 4:14:20 AM","20","0","0","number","scsi0:0","n/a","0"
"WIN-DEMO-APP03","virtualdisk.numberreadaveraged.average","8/20/2026 4:14:40 AM","20","0","0","number","scsi0:0","n/a","0"
"WIN-DEMO-APP03","virtualdisk.numberreadaveraged.average","8/20/2026 4:15:00 AM","20","0","0","number","scsi0:0","n/a","0"
"WIN-DEMO-APP03","virtualdisk.numberreadaveraged.average","8/20/2026 4:15:20 AM","20","0","0","number","scsi0:0","n/a","0"
"WIN-DEMO-APP03","virtualdisk.numberreadaveraged.average","8/20/2026 4:15:40 AM","20","0","0","number","scsi0:0","n/a","0"
"WIN-DEMO-APP03","virtualdisk.numberreadaveraged.average","8/20/2026 4:16:00 AM","20","0","0","number","scsi0:0","n/a","0"
"WIN-DEMO-APP03","virtualdisk.numberreadaveraged.average","8/20/2026 4:16:20 AM","20","0","0","number","scsi0:0","n/a","0"
"WIN-DEMO-APP03","virtualdisk.numberreadaveraged.average","8/20/2026 4:16:40 AM","20","0","0","number","scsi0:0","n/a","0"
"WIN-DEMO-APP03","virtualdisk.numberreadaveraged.average","8/20/2026 4:17:00 AM","20","0","0","number","scsi0:0","n/a","0"
"WIN-DEMO-APP03","virtualdisk.numberreadaveraged.average","8/20/2026 4:17:20 AM","20","0","0","number","scsi0:0","n/a","0"
"WIN-DEMO-APP03","virtualdisk.numberreadaveraged.average","8/20/2026 4:17:40 AM","20","0","0","number","scsi0:0","n/a","0"
"WIN-DEMO-APP03","virtualdisk.numberreadaveraged.average","8/20/2026 4:18:00 AM","20","0","0","number","scsi0:0","n/a","0"
"WIN-DEMO-APP03","virtualdisk.numberreadaveraged.average","8/20/2026 4:18:20 AM","20","0","0","number","scsi0:0","n/a","0"
"WIN-DEMO-APP03","virtualdisk.numberreadaveraged.average","8/20/2026 4:18:40 AM","20","0","0","number","scsi0:0","n/a","0"
"WIN-DEMO-APP03","virtualdisk.numberreadaveraged.average","8/20/2026 4:19:00 AM","20","0","0","number","scsi0:0","n/a","0"
"WIN-DEMO-APP03","virtualdisk.numberreadaveraged.average","8/20/2026 4:19:20 AM","20","0","0","number","scsi0:0","n/a","0"
"WIN-DEMO-APP03","virtualdisk.numberreadaveraged.average","8/20/2026 4:19:40 AM","20","0","0","number","scsi0:0","n/a","0"
"WIN-DEMO-APP03","virtualdisk.numberreadaveraged.average","8/20/2026 4:20:00 AM","20","0","0","number","scsi0:0","n/a","0"
"WIN-DEMO-APP03","virtualdisk.numberreadaveraged.average","8/20/2026 4:20:20 AM","20","0","0","number","scsi0:0","n/a","0"
"WIN-DEMO-APP03","virtualdisk.numberreadaveraged.average","8/20/2026 4:20:40 AM","20","0","0","number","scsi0:0","n/a","0"
"WIN-DEMO-APP03","virtualdisk.numberreadaveraged.average","8/20/2026 4:21:00 AM","20","0","0","number","scsi0:0","n/a","0"
"WIN-DEMO-APP03","virtualdisk.numberreadaveraged.average","8/20/2026 4:21:20 AM","20","0","0","number","scsi0:0","n/a","0"
"WIN-DEMO-APP03","virtualdisk.numberreadaveraged.average","8/20/2026 4:21:40 AM","20","0","0","number","scsi0:0","n/a","0"
"WIN-DEMO-APP03","virtualdisk.numberreadaveraged.average","8/20/2026 4:22:00 AM","20","0","0","number","scsi0:0","n/a","0"
"WIN-DEMO-APP03","virtualdisk.numberreadaveraged.average","8/20/2026 4:22:20 AM","20","0","0","number","scsi0:0","n/a","0"
"WIN-DEMO-APP03","virtualdisk.numberreadaveraged.average","8/20/2026 4:22:40 AM","20","0","0","number","scsi0:0","n/a","0"
"WIN-DEMO-APP03","virtualdisk.numberreadaveraged.average","8/20/2026 4:23:00 AM","20","0","0","number","scsi0:0","n/a","0"
"WIN-DEMO-APP03","virtualdisk.numberreadaveraged.average","8/20/2026 4:23:20 AM","20","0","0","number","scsi0:0","n/a","0"
"WIN-DEMO-APP03","virtualdisk.numberreadaveraged.average","8/20/2026 4:23:40 AM","20","0","0","number","scsi0:0","n/a","0"
"WIN-DEMO-APP03","virtualdisk.numberreadaveraged.average","8/20/2026 4:24:00 AM","20","0","0","number","scsi0:0","n/a","0"
"WIN-DEMO-APP03","virtualdisk.numberreadaveraged.average","8/20/2026 4:24:20 AM","20","0","0","number","scsi0:0","n/a","0"
"WIN-DEMO-APP03","virtualdisk.numberreadaveraged.average","8/20/2026 4:24:40 AM","20","0","0","number","scsi0:0","n/a","0"
"WIN-DEMO-APP03","virtualdisk.numberreadaveraged.average","8/20/2026 4:25:00 AM","20","0","0","number","scsi0:0","n/a","0"
"WIN-DEMO-APP03","virtualdisk.numberreadaveraged.average","8/20/2026 4:25:20 AM","20","0","0","number","scsi0:0","n/a","0"
"WIN-DEMO-APP03","virtualdisk.numberreadaveraged.average","8/20/2026 4:25:40 AM","20","0","0","number","scsi0:0","n/a","0"
"WIN-DEMO-APP03","virtualdisk.numberreadaveraged.average","8/20/2026 4:26:00 AM","20","0","0","number","scsi0:0","n/a","0"
"WIN-DEMO-APP03","virtualdisk.numberreadaveraged.average","8/20/2026 4:26:20 AM","20","0","0","number","scsi0:0","n/a","0"
"WIN-DEMO-APP03","virtualdisk.numberreadaveraged.average","8/20/2026 4:26:40 AM","20","0","0","number","scsi0:0","n/a","0"
"WIN-DEMO-APP03","virtualdisk.numberreadaveraged.average","8/20/2026 4:27:00 AM","20","0","0","number","scsi0:0","n/a","0"
"WIN-DEMO-APP03","virtualdisk.numberreadaveraged.average","8/20/2026 4:27:20 AM","20","0","0","number","scsi0:0","n/a","0"
"WIN-DEMO-APP03","virtualdisk.numberreadaveraged.average","8/20/2026 4:27:40 AM","20","0","0","number","scsi0:0","n/a","0"
"WIN-DEMO-APP03","virtualdisk.numberreadaveraged.average","8/20/2026 4:28:00 AM","20","0","0","number","scsi0:0","n/a","0"
"WIN-DEMO-APP03","virtualdisk.numberreadaveraged.average","8/20/2026 4:28:20 AM","20","0","0","number","scsi0:0","n/a","0"
"WIN-DEMO-APP03","virtualdisk.numberreadaveraged.average","8/20/2026 4:28:40 AM","20","0","0","number","scsi0:0","n/a","0"
"WIN-DEMO-APP03","virtualdisk.numberreadaveraged.average","8/20/2026 4:29:00 AM","20","0","0","number","scsi0:0","n/a","0"
"WIN-DEMO-APP03","virtualdisk.numberreadaveraged.average","8/20/2026 4:29:20 AM","20","0","0","number","scsi0:0","n/a","0"
"WIN-DEMO-APP03","virtualdisk.numberreadaveraged.average","8/20/2026 4:29:40 AM","20","0","0","number","scsi0:0","n/a","0"
"WIN-DEMO-APP03","virtualdisk.numberreadaveraged.average","8/20/2026 4:30:00 AM","20","0","0","number","scsi0:0","n/a","0"
"WIN-DEMO-APP03","virtualdisk.numberreadaveraged.average","8/20/2026 4:30:20 AM","20","0","0","number","scsi0:0","n/a","0"
"WIN-DEMO-APP03","virtualdisk.numberreadaveraged.average","8/20/2026 4:30:40 AM","20","0","0","number","scsi0:0","n/a","0"
"WIN-DEMO-APP03","virtualdisk.numberreadaveraged.average","8/20/2026 4:31:00 AM","20","0","0","number","scsi0:0","n/a","0"
"WIN-DEMO-APP03","virtualdisk.numberreadaveraged.average","8/20/2026 4:31:20 AM","20","0","0","number","scsi0:0","n/a","0"
"WIN-DEMO-APP03","virtualdisk.numberreadaveraged.average","8/20/2026 4:31:40 AM","20","0","0","number","scsi0:0","n/a","0"
"WIN-DEMO-APP03","virtualdisk.numberreadaveraged.average","8/20/2026 4:32:00 AM","20","0","0","number","scsi0:0","n/a","0"
"WIN-DEMO-APP03","virtualdisk.numberreadaveraged.average","8/20/2026 4:32:20 AM","20","0","0","number","scsi0:0","n/a","0"
"WIN-DEMO-APP03","virtualdisk.numberreadaveraged.average","8/20/2026 4:32:40 AM","20","0","0","number","scsi0:0","n/a","0"
"WIN-DEMO-APP03","virtualdisk.numberreadaveraged.average","8/20/2026 4:33:00 AM","20","0","0","number","scsi0:0","n/a","0"
"WIN-DEMO-APP03","virtualdisk.numberreadaveraged.average","8/20/2026 4:33:20 AM","20","0","0","number","scsi0:0","n/a","0"
"WIN-DEMO-APP03","virtualdisk.numberreadaveraged.average","8/20/2026 4:33:40 AM","20","0","0","number","scsi0:0","n/a","0"
"WIN-DEMO-APP03","virtualdisk.numberreadaveraged.average","8/20/2026 4:34:00 AM","20","0","0","number","scsi0:0","n/a","0"
"WIN-DEMO-APP03","virtualdisk.numberreadaveraged.average","8/20/2026 4:34:20 AM","20","0","0","number","scsi0:0","n/a","0"
"WIN-DEMO-APP03","virtualdisk.numberreadaveraged.average","8/20/2026 4:34:40 AM","20","0","0","number","scsi0:0","n/a","0"
"WIN-DEMO-APP03","virtualdisk.numberreadaveraged.average","8/20/2026 4:35:00 AM","20","0","0","number","scsi0:0","n/a","0"
"WIN-DEMO-APP03","virtualdisk.numberreadaveraged.average","8/20/2026 4:35:20 AM","20","0","0","number","scsi0:0","n/a","0"
"WIN-DEMO-APP03","virtualdisk.numberreadaveraged.average","8/20/2026 4:35:40 AM","20","0","0","number","scsi0:0","n/a","0"
"WIN-DEMO-APP03","virtualdisk.numberreadaveraged.average","8/20/2026 4:36:00 AM","20","2","2","number","scsi0:0","n/a","0"
"WIN-DEMO-APP03","virtualdisk.numberreadaveraged.average","8/20/2026 4:36:20 AM","20","0","0","number","scsi0:0","n/a","0"
"WIN-DEMO-APP03","virtualdisk.numberreadaveraged.average","8/20/2026 4:36:40 AM","20","0","0","number","scsi0:0","n/a","0"
"WIN-DEMO-APP03","virtualdisk.numberreadaveraged.average","8/20/2026 4:37:00 AM","20","0","0","number","scsi0:0","n/a","0"
"WIN-DEMO-APP03","virtualdisk.numberreadaveraged.average","8/20/2026 4:37:20 AM","20","0","0","number","scsi0:0","n/a","0"
"WIN-DEMO-APP03","virtualdisk.numberreadaveraged.average","8/20/2026 4:37:40 AM","20","0","0","number","scsi0:0","n/a","0"
"WIN-DEMO-APP03","virtualdisk.numberreadaveraged.average","8/20/2026 4:38:00 AM","20","0","0","number","scsi0:0","n/a","0"
"WIN-DEMO-APP03","virtualdisk.numberreadaveraged.average","8/20/2026 4:38:20 AM","20","0","0","number","scsi0:0","n/a","0"
"WIN-DEMO-APP03","virtualdisk.numberreadaveraged.average","8/20/2026 4:38:40 AM","20","0","0","number","scsi0:0","n/a","0"
"WIN-DEMO-APP03","virtualdisk.numberreadaveraged.average","8/20/2026 4:39:00 AM","20","0","0","number","scsi0:0","n/a","0"
"WIN-DEMO-APP03","virtualdisk.numberreadaveraged.average","8/20/2026 4:39:20 AM","20","0","0","number","scsi0:0","n/a","0"
"WIN-DEMO-APP03","virtualdisk.numberreadaveraged.average","8/20/2026 4:39:40 AM","20","0","0","number","scsi0:0","n/a","0"
"WIN-DEMO-APP03","virtualdisk.numberreadaveraged.average","8/20/2026 4:40:00 AM","20","0","0","number","scsi0:0","n/a","0"
"WIN-DEMO-APP03","virtualdisk.numberreadaveraged.average","8/20/2026 4:40:20 AM","20","0","0","number","scsi0:0","n/a","0"
"WIN-DEMO-APP03","virtualdisk.numberreadaveraged.average","8/20/2026 4:40:40 AM","20","0","0","number","scsi0:0","n/a","0"
"WIN-DEMO-APP03","virtualdisk.numberreadaveraged.average","8/20/2026 4:41:00 AM","20","0","0","number","scsi0:0","n/a","0"
"WIN-DEMO-APP03","virtualdisk.numberreadaveraged.average","8/20/2026 4:41:20 AM","20","0","0","number","scsi0:0","n/a","0"
"WIN-DEMO-APP03","virtualdisk.numberreadaveraged.average","8/20/2026 4:41:40 AM","20","0","0","number","scsi0:0","n/a","0"
"WIN-DEMO-APP03","virtualdisk.numberreadaveraged.average","8/20/2026 4:42:00 AM","20","0","0","number","scsi0:0","n/a","0"
"WIN-DEMO-APP03","virtualdisk.numberreadaveraged.average","8/20/2026 4:42:20 AM","20","0","0","number","scsi0:0","n/a","0"
"WIN-DEMO-APP03","virtualdisk.numberreadaveraged.average","8/20/2026 4:42:40 AM","20","0","0","number","scsi0:0","n/a","0"
"WIN-DEMO-APP03","virtualdisk.numberreadaveraged.average","8/20/2026 4:43:00 AM","20","0","0","number","scsi0:0","n/a","0"
"WIN-DEMO-APP03","virtualdisk.numberreadaveraged.average","8/20/2026 4:43:20 AM","20","0","0","number","scsi0:0","n/a","0"
"WIN-DEMO-APP03","virtualdisk.numberreadaveraged.average","8/20/2026 4:43:40 AM","20","0","0","number","scsi0:0","n/a","0"
"WIN-DEMO-APP03","virtualdisk.numberreadaveraged.average","8/20/2026 4:44:00 AM","20","0","0","number","scsi0:0","n/a","0"
"WIN-DEMO-APP03","virtualdisk.numberreadaveraged.average","8/20/2026 4:44:20 AM","20","0","0","number","scsi0:0","n/a","0"
"WIN-DEMO-APP03","virtualdisk.numberreadaveraged.average","8/20/2026 4:44:40 AM","20","0","0","number","scsi0:0","n/a","0"
"WIN-DEMO-APP03","virtualdisk.numberreadaveraged.average","8/20/2026 4:45:00 AM","20","0","0","number","scsi0:0","n/a","0"
"WIN-DEMO-APP03","virtualdisk.numberreadaveraged.average","8/20/2026 4:45:20 AM","20","0","0","number","scsi0:0","n/a","0"
"WIN-DEMO-APP03","virtualdisk.numberreadaveraged.average","8/20/2026 4:45:40 AM","20","0","0","number","scsi0:0","n/a","0"
"WIN-DEMO-APP03","virtualdisk.numberreadaveraged.average","8/20/2026 4:46:00 AM","20","0","0","number","scsi0:0","n/a","0"
"WIN-DEMO-APP03","virtualdisk.numberreadaveraged.average","8/20/2026 4:46:20 AM","20","0","0","number","scsi0:0","n/a","0"
"WIN-DEMO-APP03","virtualdisk.numberreadaveraged.average","8/20/2026 4:46:40 AM","20","0","0","number","scsi0:0","n/a","0"
"WIN-DEMO-APP03","virtualdisk.numberreadaveraged.average","8/20/2026 4:47:00 AM","20","0","0","number","scsi0:0","n/a","0"
"WIN-DEMO-APP03","virtualdisk.numberreadaveraged.average","8/20/2026 4:47:20 AM","20","0","0","number","scsi0:0","n/a","0"
"WIN-DEMO-APP03","virtualdisk.numberreadaveraged.average","8/20/2026 4:47:40 AM","20","0","0","number","scsi0:0","n/a","0"
"WIN-DEMO-APP03","virtualdisk.numberreadaveraged.average","8/20/2026 4:48:00 AM","20","0","0","number","scsi0:0","n/a","0"
"WIN-DEMO-APP03","virtualdisk.numberreadaveraged.average","8/20/2026 4:48:20 AM","20","0","0","number","scsi0:0","n/a","0"
"WIN-DEMO-APP03","virtualdisk.numberreadaveraged.average","8/20/2026 4:48:40 AM","20","0","0","number","scsi0:0","n/a","0"
"WIN-DEMO-APP03","virtualdisk.numberreadaveraged.average","8/20/2026 4:49:00 AM","20","0","0","number","scsi0:0","n/a","0"
"WIN-DEMO-APP03","virtualdisk.numberreadaveraged.average","8/20/2026 4:49:20 AM","20","0","0","number","scsi0:0","n/a","0"
"WIN-DEMO-APP03","virtualdisk.numberreadaveraged.average","8/20/2026 4:49:40 AM","20","0","0","number","scsi0:0","n/a","0"
"WIN-DEMO-APP03","virtualdisk.numberreadaveraged.average","8/20/2026 4:50:00 AM","20","0","0","number","scsi0:0","n/a","0"
"WIN-DEMO-APP03","virtualdisk.numberreadaveraged.average","8/20/2026 4:50:20 AM","20","0","0","number","scsi0:0","n/a","0"
"WIN-DEMO-APP03","virtualdisk.numberreadaveraged.average","8/20/2026 4:50:40 AM","20","0","0","number","scsi0:0","n/a","0"
"WIN-DEMO-APP03","virtualdisk.numberreadaveraged.average","8/20/2026 4:51:00 AM","20","0","0","number","scsi0:0","n/a","0"
"WIN-DEMO-APP03","virtualdisk.numberreadaveraged.average","8/20/2026 4:51:20 AM","20","0","0","number","scsi0:0","n/a","0"
"WIN-DEMO-APP03","virtualdisk.numberreadaveraged.average","8/20/2026 4:51:40 AM","20","0","0","number","scsi0:0","n/a","0"
"WIN-DEMO-APP03","virtualdisk.numberreadaveraged.average","8/20/2026 4:52:00 AM","20","0","0","number","scsi0:0","n/a","0"
"WIN-DEMO-APP03","virtualdisk.numberreadaveraged.average","8/20/2026 4:52:20 AM","20","0","0","number","scsi0:0","n/a","0"
"WIN-DEMO-APP03","virtualdisk.numberreadaveraged.average","8/20/2026 4:52:40 AM","20","0","0","number","scsi0:0","n/a","0"
"WIN-DEMO-APP03","virtualdisk.numberreadaveraged.average","8/20/2026 4:53:00 AM","20","0","0","number","scsi0:0","n/a","0"
"WIN-DEMO-APP03","virtualdisk.numberreadaveraged.average","8/20/2026 4:53:20 AM","20","0","0","number","scsi0:0","n/a","0"
"WIN-DEMO-APP03","virtualdisk.numberreadaveraged.average","8/20/2026 4:53:40 AM","20","0","0","number","scsi0:0","n/a","0"
"WIN-DEMO-APP03","virtualdisk.numberreadaveraged.average","8/20/2026 4:54:00 AM","20","0","0","number","scsi0:0","n/a","0"
"WIN-DEMO-APP03","virtualdisk.numberreadaveraged.average","8/20/2026 4:54:20 AM","20","0","0","number","scsi0:0","n/a","0"
"WIN-DEMO-APP03","virtualdisk.numberreadaveraged.average","8/20/2026 4:54:40 AM","20","0","0","number","scsi0:0","n/a","0"
"WIN-DEMO-APP03","virtualdisk.numberreadaveraged.average","8/20/2026 4:55:00 AM","20","0","0","number","scsi0:0","n/a","0"
"WIN-DEMO-APP03","virtualdisk.numberreadaveraged.average","8/20/2026 4:55:20 AM","20","0","0","number","scsi0:0","n/a","0"
"WIN-DEMO-APP03","virtualdisk.numberreadaveraged.average","8/20/2026 4:55:40 AM","20","0","0","number","scsi0:0","n/a","0"
"WIN-DEMO-APP03","virtualdisk.numberreadaveraged.average","8/20/2026 4:56:00 AM","20","0","0","number","scsi0:0","n/a","0"
"WIN-DEMO-APP03","virtualdisk.numberreadaveraged.average","8/20/2026 4:56:20 AM","20","0","0","number","scsi0:0","n/a","0"
"WIN-DEMO-APP03","virtualdisk.numberreadaveraged.average","8/20/2026 4:56:40 AM","20","0","0","number","scsi0:0","n/a","0"
"WIN-DEMO-APP03","virtualdisk.numberreadaveraged.average","8/20/2026 4:57:00 AM","20","0","0","number","scsi0:0","n/a","0"
"WIN-DEMO-APP03","virtualdisk.numberreadaveraged.average","8/20/2026 4:57:20 AM","20","0","0","number","scsi0:0","n/a","0"
"WIN-DEMO-APP03","virtualdisk.numberreadaveraged.average","8/20/2026 4:57:40 AM","20","0","0","number","scsi0:0","n/a","0"
"WIN-DEMO-APP03","virtualdisk.numberreadaveraged.average","8/20/2026 4:58:00 AM","20","0","0","number","scsi0:0","n/a","0"
"WIN-DEMO-APP03","virtualdisk.numberreadaveraged.average","8/20/2026 4:58:20 AM","20","0","0","number","scsi0:0","n/a","0"
"WIN-DEMO-APP03","virtualdisk.numberreadaveraged.average","8/20/2026 4:58:40 AM","20","0","0","number","scsi0:0","n/a","0"
"WIN-DEMO-APP03","virtualdisk.numberreadaveraged.average","8/20/2026 4:59:00 AM","20","0","0","number","scsi0:0","n/a","0"
"WIN-DEMO-APP03","virtualdisk.numberreadaveraged.average","8/20/2026 4:59:20 AM","20","0","0","number","scsi0:0","n/a","0"
"WIN-DEMO-APP03","virtualdisk.numberreadaveraged.average","8/20/2026 4:59:40 AM","20","0","0","number","scsi0:0","n/a","0"
"WIN-DEMO-APP03","virtualdisk.numberreadaveraged.average","8/20/2026 5:00:00 AM","20","2","2","number","scsi0:0","n/a","0"
"WIN-DEMO-APP03","virtualdisk.numberreadaveraged.average","8/20/2026 5:00:20 AM","20","0","0","number","scsi0:0","n/a","0"
"WIN-DEMO-APP03","virtualdisk.numberreadaveraged.average","8/20/2026 5:00:40 AM","20","0","0","number","scsi0:0","n/a","0"
"WIN-DEMO-APP03","virtualdisk.numberreadaveraged.average","8/20/2026 5:01:00 AM","20","0","0","number","scsi0:0","n/a","0"
"WIN-DEMO-APP03","virtualdisk.numberreadaveraged.average","8/20/2026 5:01:20 AM","20","0","0","number","scsi0:0","n/a","0"
"WIN-DEMO-APP03","virtualdisk.numberreadaveraged.average","8/20/2026 5:01:40 AM","20","0","0","number","scsi0:0","n/a","0"
"WIN-DEMO-APP03","virtualdisk.numberreadaveraged.average","8/20/2026 5:02:00 AM","20","0","0","number","scsi0:0","n/a","0"
"WIN-DEMO-APP03","virtualdisk.numberreadaveraged.average","8/20/2026 5:02:20 AM","20","0","0","number","scsi0:0","n/a","0"
"WIN-DEMO-APP03","virtualdisk.numberreadaveraged.average","8/20/2026 5:02:40 AM","20","0","0","number","scsi0:0","n/a","0"
"WIN-DEMO-APP03","virtualdisk.numberreadaveraged.average","8/20/2026 5:03:00 AM","20","0","0","number","scsi0:0","n/a","0"
"WIN-DEMO-APP03","virtualdisk.numberreadaveraged.average","8/20/2026 5:03:20 AM","20","0","0","number","scsi0:0","n/a","0"
"WIN-DEMO-APP03","virtualdisk.numberreadaveraged.average","8/20/2026 5:03:40 AM","20","0","0","number","scsi0:0","n/a","0"
"WIN-DEMO-APP03","virtualdisk.numberreadaveraged.average","8/20/2026 5:04:00 AM","20","0","0","number","scsi0:0","n/a","0"
"WIN-DEMO-APP03","virtualdisk.numberreadaveraged.average","8/20/2026 5:04:20 AM","20","0","0","number","scsi0:0","n/a","0"
"WIN-DEMO-APP03","virtualdisk.numberreadaveraged.average","8/20/2026 5:04:40 AM","20","0","0","number","scsi0:0","n/a","0"
"WIN-DEMO-APP03","virtualdisk.numberreadaveraged.average","8/20/2026 5:05:00 AM","20","0","0","number","scsi0:0","n/a","0"
"WIN-DEMO-APP03","virtualdisk.numberreadaveraged.average","8/20/2026 5:05:20 AM","20","0","0","number","scsi0:0","n/a","0"
"WIN-DEMO-APP03","virtualdisk.numberreadaveraged.average","8/20/2026 5:05:40 AM","20","0","0","number","scsi0:0","n/a","0"
"WIN-DEMO-APP03","virtualdisk.numberreadaveraged.average","8/20/2026 4:06:00 AM","20","0","0","number","scsi0:1","n/a","0"
"WIN-DEMO-APP03","virtualdisk.numberreadaveraged.average","8/20/2026 4:06:20 AM","20","0","0","number","scsi0:1","n/a","0"
"WIN-DEMO-APP03","virtualdisk.numberreadaveraged.average","8/20/2026 4:06:40 AM","20","0","0","number","scsi0:1","n/a","0"
"WIN-DEMO-APP03","virtualdisk.numberreadaveraged.average","8/20/2026 4:07:00 AM","20","0","0","number","scsi0:1","n/a","0"
"WIN-DEMO-APP03","virtualdisk.numberreadaveraged.average","8/20/2026 4:07:20 AM","20","0","0","number","scsi0:1","n/a","0"
"WIN-DEMO-APP03","virtualdisk.numberreadaveraged.average","8/20/2026 4:07:40 AM","20","0","0","number","scsi0:1","n/a","0"
"WIN-DEMO-APP03","virtualdisk.numberreadaveraged.average","8/20/2026 4:08:00 AM","20","0","0","number","scsi0:1","n/a","0"
"WIN-DEMO-APP03","virtualdisk.numberreadaveraged.average","8/20/2026 4:08:20 AM","20","0","0","number","scsi0:1","n/a","0"
"WIN-DEMO-APP03","virtualdisk.numberreadaveraged.average","8/20/2026 4:08:40 AM","20","0","0","number","scsi0:1","n/a","0"
"WIN-DEMO-APP03","virtualdisk.numberreadaveraged.average","8/20/2026 4:09:00 AM","20","0","0","number","scsi0:1","n/a","0"
"WIN-DEMO-APP03","virtualdisk.numberreadaveraged.average","8/20/2026 4:09:20 AM","20","0","0","number","scsi0:1","n/a","0"
"WIN-DEMO-APP03","virtualdisk.numberreadaveraged.average","8/20/2026 4:09:40 AM","20","0","0","number","scsi0:1","n/a","0"
"WIN-DEMO-APP03","virtualdisk.numberreadaveraged.average","8/20/2026 4:10:00 AM","20","0","0","number","scsi0:1","n/a","0"
"WIN-DEMO-APP03","virtualdisk.numberreadaveraged.average","8/20/2026 4:10:20 AM","20","0","0","number","scsi0:1","n/a","0"
"WIN-DEMO-APP03","virtualdisk.numberreadaveraged.average","8/20/2026 4:10:40 AM","20","0","0","number","scsi0:1","n/a","0"
"WIN-DEMO-APP03","virtualdisk.numberreadaveraged.average","8/20/2026 4:11:00 AM","20","0","0","number","scsi0:1","n/a","0"
"WIN-DEMO-APP03","virtualdisk.numberreadaveraged.average","8/20/2026 4:11:20 AM","20","0","0","number","scsi0:1","n/a","0"
"WIN-DEMO-APP03","virtualdisk.numberreadaveraged.average","8/20/2026 4:11:40 AM","20","0","0","number","scsi0:1","n/a","0"
"WIN-DEMO-APP03","virtualdisk.numberreadaveraged.average","8/20/2026 4:12:00 AM","20","0","0","number","scsi0:1","n/a","0"
"WIN-DEMO-APP03","virtualdisk.numberreadaveraged.average","8/20/2026 4:12:20 AM","20","0","0","number","scsi0:1","n/a","0"
"WIN-DEMO-APP03","virtualdisk.numberreadaveraged.average","8/20/2026 4:12:40 AM","20","0","0","number","scsi0:1","n/a","0"
"WIN-DEMO-APP03","virtualdisk.numberreadaveraged.average","8/20/2026 4:13:00 AM","20","0","0","number","scsi0:1","n/a","0"
"WIN-DEMO-APP03","virtualdisk.numberreadaveraged.average","8/20/2026 4:13:20 AM","20","0","0","number","scsi0:1","n/a","0"
"WIN-DEMO-APP03","virtualdisk.numberreadaveraged.average","8/20/2026 4:13:40 AM","20","0","0","number","scsi0:1","n/a","0"
"WIN-DEMO-APP03","virtualdisk.numberreadaveraged.average","8/20/2026 4:14:00 AM","20","0","0","number","scsi0:1","n/a","0"
"WIN-DEMO-APP03","virtualdisk.numberreadaveraged.average","8/20/2026 4:14:20 AM","20","0","0","number","scsi0:1","n/a","0"
"WIN-DEMO-APP03","virtualdisk.numberreadaveraged.average","8/20/2026 4:14:40 AM","20","0","0","number","scsi0:1","n/a","0"
"WIN-DEMO-APP03","virtualdisk.numberreadaveraged.average","8/20/2026 4:15:00 AM","20","0","0","number","scsi0:1","n/a","0"
"WIN-DEMO-APP03","virtualdisk.numberreadaveraged.average","8/20/2026 4:15:20 AM","20","0","0","number","scsi0:1","n/a","0"
"WIN-DEMO-APP03","virtualdisk.numberreadaveraged.average","8/20/2026 4:15:40 AM","20","0","0","number","scsi0:1","n/a","0"
"WIN-DEMO-APP03","virtualdisk.numberreadaveraged.average","8/20/2026 4:16:00 AM","20","0","0","number","scsi0:1","n/a","0"
"WIN-DEMO-APP03","virtualdisk.numberreadaveraged.average","8/20/2026 4:16:20 AM","20","0","0","number","scsi0:1","n/a","0"
"WIN-DEMO-APP03","virtualdisk.numberreadaveraged.average","8/20/2026 4:16:40 AM","20","0","0","number","scsi0:1","n/a","0"
"WIN-DEMO-APP03","virtualdisk.numberreadaveraged.average","8/20/2026 4:17:00 AM","20","0","0","number","scsi0:1","n/a","0"
"WIN-DEMO-APP03","virtualdisk.numberreadaveraged.average","8/20/2026 4:17:20 AM","20","0","0","number","scsi0:1","n/a","0"
"WIN-DEMO-APP03","virtualdisk.numberreadaveraged.average","8/20/2026 4:17:40 AM","20","0","0","number","scsi0:1","n/a","0"
"WIN-DEMO-APP03","virtualdisk.numberreadaveraged.average","8/20/2026 4:18:00 AM","20","0","0","number","scsi0:1","n/a","0"
"WIN-DEMO-APP03","virtualdisk.numberreadaveraged.average","8/20/2026 4:18:20 AM","20","0","0","number","scsi0:1","n/a","0"
"WIN-DEMO-APP03","virtualdisk.numberreadaveraged.average","8/20/2026 4:18:40 AM","20","0","0","number","scsi0:1","n/a","0"
"WIN-DEMO-APP03","virtualdisk.numberreadaveraged.average","8/20/2026 4:19:00 AM","20","0","0","number","scsi0:1","n/a","0"
"WIN-DEMO-APP03","virtualdisk.numberreadaveraged.average","8/20/2026 4:19:20 AM","20","0","0","number","scsi0:1","n/a","0"
"WIN-DEMO-APP03","virtualdisk.numberreadaveraged.average","8/20/2026 4:19:40 AM","20","0","0","number","scsi0:1","n/a","0"
"WIN-DEMO-APP03","virtualdisk.numberreadaveraged.average","8/20/2026 4:20:00 AM","20","0","0","number","scsi0:1","n/a","0"
"WIN-DEMO-APP03","virtualdisk.numberreadaveraged.average","8/20/2026 4:20:20 AM","20","0","0","number","scsi0:1","n/a","0"
"WIN-DEMO-APP03","virtualdisk.numberreadaveraged.average","8/20/2026 4:20:40 AM","20","0","0","number","scsi0:1","n/a","0"
"WIN-DEMO-APP03","virtualdisk.numberreadaveraged.average","8/20/2026 4:21:00 AM","20","0","0","number","scsi0:1","n/a","0"
"WIN-DEMO-APP03","virtualdisk.numberreadaveraged.average","8/20/2026 4:21:20 AM","20","0","0","number","scsi0:1","n/a","0"
"WIN-DEMO-APP03","virtualdisk.numberreadaveraged.average","8/20/2026 4:21:40 AM","20","0","0","number","scsi0:1","n/a","0"
"WIN-DEMO-APP03","virtualdisk.numberreadaveraged.average","8/20/2026 4:22:00 AM","20","0","0","number","scsi0:1","n/a","0"
"WIN-DEMO-APP03","virtualdisk.numberreadaveraged.average","8/20/2026 4:22:20 AM","20","0","0","number","scsi0:1","n/a","0"
"WIN-DEMO-APP03","virtualdisk.numberreadaveraged.average","8/20/2026 4:22:40 AM","20","0","0","number","scsi0:1","n/a","0"
"WIN-DEMO-APP03","virtualdisk.numberreadaveraged.average","8/20/2026 4:23:00 AM","20","0","0","number","scsi0:1","n/a","0"
"WIN-DEMO-APP03","virtualdisk.numberreadaveraged.average","8/20/2026 4:23:20 AM","20","0","0","number","scsi0:1","n/a","0"
"WIN-DEMO-APP03","virtualdisk.numberreadaveraged.average","8/20/2026 4:23:40 AM","20","0","0","number","scsi0:1","n/a","0"
"WIN-DEMO-APP03","virtualdisk.numberreadaveraged.average","8/20/2026 4:24:00 AM","20","0","0","number","scsi0:1","n/a","0"
"WIN-DEMO-APP03","virtualdisk.numberreadaveraged.average","8/20/2026 4:24:20 AM","20","0","0","number","scsi0:1","n/a","0"
"WIN-DEMO-APP03","virtualdisk.numberreadaveraged.average","8/20/2026 4:24:40 AM","20","0","0","number","scsi0:1","n/a","0"
"WIN-DEMO-APP03","virtualdisk.numberreadaveraged.average","8/20/2026 4:25:00 AM","20","0","0","number","scsi0:1","n/a","0"
"WIN-DEMO-APP03","virtualdisk.numberreadaveraged.average","8/20/2026 4:25:20 AM","20","0","0","number","scsi0:1","n/a","0"
"WIN-DEMO-APP03","virtualdisk.numberreadaveraged.average","8/20/2026 4:25:40 AM","20","0","0","number","scsi0:1","n/a","0"
"WIN-DEMO-APP03","virtualdisk.numberreadaveraged.average","8/20/2026 4:26:00 AM","20","0","0","number","scsi0:1","n/a","0"
"WIN-DEMO-APP03","virtualdisk.numberreadaveraged.average","8/20/2026 4:26:20 AM","20","0","0","number","scsi0:1","n/a","0"
"WIN-DEMO-APP03","virtualdisk.numberreadaveraged.average","8/20/2026 4:26:40 AM","20","0","0","number","scsi0:1","n/a","0"
"WIN-DEMO-APP03","virtualdisk.numberreadaveraged.average","8/20/2026 4:27:00 AM","20","0","0","number","scsi0:1","n/a","0"
"WIN-DEMO-APP03","virtualdisk.numberreadaveraged.average","8/20/2026 4:27:20 AM","20","0","0","number","scsi0:1","n/a","0"
"WIN-DEMO-APP03","virtualdisk.numberreadaveraged.average","8/20/2026 4:27:40 AM","20","0","0","number","scsi0:1","n/a","0"
"WIN-DEMO-APP03","virtualdisk.numberreadaveraged.average","8/20/2026 4:28:00 AM","20","0","0","number","scsi0:1","n/a","0"
"WIN-DEMO-APP03","virtualdisk.numberreadaveraged.average","8/20/2026 4:28:20 AM","20","0","0","number","scsi0:1","n/a","0"
"WIN-DEMO-APP03","virtualdisk.numberreadaveraged.average","8/20/2026 4:28:40 AM","20","0","0","number","scsi0:1","n/a","0"
"WIN-DEMO-APP03","virtualdisk.numberreadaveraged.average","8/20/2026 4:29:00 AM","20","0","0","number","scsi0:1","n/a","0"
"WIN-DEMO-APP03","virtualdisk.numberreadaveraged.average","8/20/2026 4:29:20 AM","20","0","0","number","scsi0:1","n/a","0"
"WIN-DEMO-APP03","virtualdisk.numberreadaveraged.average","8/20/2026 4:29:40 AM","20","0","0","number","scsi0:1","n/a","0"
"WIN-DEMO-APP03","virtualdisk.numberreadaveraged.average","8/20/2026 4:30:00 AM","20","0","0","number","scsi0:1","n/a","0"
"WIN-DEMO-APP03","virtualdisk.numberreadaveraged.average","8/20/2026 4:30:20 AM","20","0","0","number","scsi0:1","n/a","0"
"WIN-DEMO-APP03","virtualdisk.numberreadaveraged.average","8/20/2026 4:30:40 AM","20","0","0","number","scsi0:1","n/a","0"
"WIN-DEMO-APP03","virtualdisk.numberreadaveraged.average","8/20/2026 4:31:00 AM","20","0","0","number","scsi0:1","n/a","0"
"WIN-DEMO-APP03","virtualdisk.numberreadaveraged.average","8/20/2026 4:31:20 AM","20","0","0","number","scsi0:1","n/a","0"
"WIN-DEMO-APP03","virtualdisk.numberreadaveraged.average","8/20/2026 4:31:40 AM","20","0","0","number","scsi0:1","n/a","0"
"WIN-DEMO-APP03","virtualdisk.numberreadaveraged.average","8/20/2026 4:32:00 AM","20","0","0","number","scsi0:1","n/a","0"
"WIN-DEMO-APP03","virtualdisk.numberreadaveraged.average","8/20/2026 4:32:20 AM","20","0","0","number","scsi0:1","n/a","0"
"WIN-DEMO-APP03","virtualdisk.numberreadaveraged.average","8/20/2026 4:32:40 AM","20","0","0","number","scsi0:1","n/a","0"
"WIN-DEMO-APP03","virtualdisk.numberreadaveraged.average","8/20/2026 4:33:00 AM","20","0","0","number","scsi0:1","n/a","0"
"WIN-DEMO-APP03","virtualdisk.numberreadaveraged.average","8/20/2026 4:33:20 AM","20","0","0","number","scsi0:1","n/a","0"
"WIN-DEMO-APP03","virtualdisk.numberreadaveraged.average","8/20/2026 4:33:40 AM","20","0","0","number","scsi0:1","n/a","0"
"WIN-DEMO-APP03","virtualdisk.numberreadaveraged.average","8/20/2026 4:34:00 AM","20","0","0","number","scsi0:1","n/a","0"
"WIN-DEMO-APP03","virtualdisk.numberreadaveraged.average","8/20/2026 4:34:20 AM","20","0","0","number","scsi0:1","n/a","0"
"WIN-DEMO-APP03","virtualdisk.numberreadaveraged.average","8/20/2026 4:34:40 AM","20","0","0","number","scsi0:1","n/a","0"
"WIN-DEMO-APP03","virtualdisk.numberreadaveraged.average","8/20/2026 4:35:00 AM","20","0","0","number","scsi0:1","n/a","0"
"WIN-DEMO-APP03","virtualdisk.numberreadaveraged.average","8/20/2026 4:35:20 AM","20","0","0","number","scsi0:1","n/a","0"
"WIN-DEMO-APP03","virtualdisk.numberreadaveraged.average","8/20/2026 4:35:40 AM","20","0","0","number","scsi0:1","n/a","0"
"WIN-DEMO-APP03","virtualdisk.numberreadaveraged.average","8/20/2026 4:36:00 AM","20","0","0","number","scsi0:1","n/a","0"
"WIN-DEMO-APP03","virtualdisk.numberreadaveraged.average","8/20/2026 4:36:20 AM","20","0","0","number","scsi0:1","n/a","0"
"WIN-DEMO-APP03","virtualdisk.numberreadaveraged.average","8/20/2026 4:36:40 AM","20","0","0","number","scsi0:1","n/a","0"
"WIN-DEMO-APP03","virtualdisk.numberreadaveraged.average","8/20/2026 4:37:00 AM","20","0","0","number","scsi0:1","n/a","0"
"WIN-DEMO-APP03","virtualdisk.numberreadaveraged.average","8/20/2026 4:37:20 AM","20","0","0","number","scsi0:1","n/a","0"
"WIN-DEMO-APP03","virtualdisk.numberreadaveraged.average","8/20/2026 4:37:40 AM","20","0","0","number","scsi0:1","n/a","0"
"WIN-DEMO-APP03","virtualdisk.numberreadaveraged.average","8/20/2026 4:38:00 AM","20","0","0","number","scsi0:1","n/a","0"
"WIN-DEMO-APP03","virtualdisk.numberreadaveraged.average","8/20/2026 4:38:20 AM","20","0","0","number","scsi0:1","n/a","0"
"WIN-DEMO-APP03","virtualdisk.numberreadaveraged.average","8/20/2026 4:38:40 AM","20","0","0","number","scsi0:1","n/a","0"
"WIN-DEMO-APP03","virtualdisk.numberreadaveraged.average","8/20/2026 4:39:00 AM","20","0","0","number","scsi0:1","n/a","0"
"WIN-DEMO-APP03","virtualdisk.numberreadaveraged.average","8/20/2026 4:39:20 AM","20","0","0","number","scsi0:1","n/a","0"
"WIN-DEMO-APP03","virtualdisk.numberreadaveraged.average","8/20/2026 4:39:40 AM","20","0","0","number","scsi0:1","n/a","0"
"WIN-DEMO-APP03","virtualdisk.numberreadaveraged.average","8/20/2026 4:40:00 AM","20","0","0","number","scsi0:1","n/a","0"
"WIN-DEMO-APP03","virtualdisk.numberreadaveraged.average","8/20/2026 4:40:20 AM","20","0","0","number","scsi0:1","n/a","0"
"WIN-DEMO-APP03","virtualdisk.numberreadaveraged.average","8/20/2026 4:40:40 AM","20","0","0","number","scsi0:1","n/a","0"
"WIN-DEMO-APP03","virtualdisk.numberreadaveraged.average","8/20/2026 4:41:00 AM","20","0","0","number","scsi0:1","n/a","0"
"WIN-DEMO-APP03","virtualdisk.numberreadaveraged.average","8/20/2026 4:41:20 AM","20","0","0","number","scsi0:1","n/a","0"
"WIN-DEMO-APP03","virtualdisk.numberreadaveraged.average","8/20/2026 4:41:40 AM","20","0","0","number","scsi0:1","n/a","0"
"WIN-DEMO-APP03","virtualdisk.numberreadaveraged.average","8/20/2026 4:42:00 AM","20","0","0","number","scsi0:1","n/a","0"
"WIN-DEMO-APP03","virtualdisk.numberreadaveraged.average","8/20/2026 4:42:20 AM","20","0","0","number","scsi0:1","n/a","0"
"WIN-DEMO-APP03","virtualdisk.numberreadaveraged.average","8/20/2026 4:42:40 AM","20","0","0","number","scsi0:1","n/a","0"
"WIN-DEMO-APP03","virtualdisk.numberreadaveraged.average","8/20/2026 4:43:00 AM","20","0","0","number","scsi0:1","n/a","0"
"WIN-DEMO-APP03","virtualdisk.numberreadaveraged.average","8/20/2026 4:43:20 AM","20","0","0","number","scsi0:1","n/a","0"
"WIN-DEMO-APP03","virtualdisk.numberreadaveraged.average","8/20/2026 4:43:40 AM","20","0","0","number","scsi0:1","n/a","0"
"WIN-DEMO-APP03","virtualdisk.numberreadaveraged.average","8/20/2026 4:44:00 AM","20","0","0","number","scsi0:1","n/a","0"
"WIN-DEMO-APP03","virtualdisk.numberreadaveraged.average","8/20/2026 4:44:20 AM","20","0","0","number","scsi0:1","n/a","0"
"WIN-DEMO-APP03","virtualdisk.numberreadaveraged.average","8/20/2026 4:44:40 AM","20","0","0","number","scsi0:1","n/a","0"
"WIN-DEMO-APP03","virtualdisk.numberreadaveraged.average","8/20/2026 4:45:00 AM","20","0","0","number","scsi0:1","n/a","0"
"WIN-DEMO-APP03","virtualdisk.numberreadaveraged.average","8/20/2026 4:45:20 AM","20","0","0","number","scsi0:1","n/a","0"
"WIN-DEMO-APP03","virtualdisk.numberreadaveraged.average","8/20/2026 4:45:40 AM","20","0","0","number","scsi0:1","n/a","0"
"WIN-DEMO-APP03","virtualdisk.numberreadaveraged.average","8/20/2026 4:46:00 AM","20","0","0","number","scsi0:1","n/a","0"
"WIN-DEMO-APP03","virtualdisk.numberreadaveraged.average","8/20/2026 4:46:20 AM","20","0","0","number","scsi0:1","n/a","0"
"WIN-DEMO-APP03","virtualdisk.numberreadaveraged.average","8/20/2026 4:46:40 AM","20","0","0","number","scsi0:1","n/a","0"
"WIN-DEMO-APP03","virtualdisk.numberreadaveraged.average","8/20/2026 4:47:00 AM","20","0","0","number","scsi0:1","n/a","0"
"WIN-DEMO-APP03","virtualdisk.numberreadaveraged.average","8/20/2026 4:47:20 AM","20","0","0","number","scsi0:1","n/a","0"
"WIN-DEMO-APP03","virtualdisk.numberreadaveraged.average","8/20/2026 4:47:40 AM","20","0","0","number","scsi0:1","n/a","0"
"WIN-DEMO-APP03","virtualdisk.numberreadaveraged.average","8/20/2026 4:48:00 AM","20","0","0","number","scsi0:1","n/a","0"
"WIN-DEMO-APP03","virtualdisk.numberreadaveraged.average","8/20/2026 4:48:20 AM","20","0","0","number","scsi0:1","n/a","0"
"WIN-DEMO-APP03","virtualdisk.numberreadaveraged.average","8/20/2026 4:48:40 AM","20","0","0","number","scsi0:1","n/a","0"
"WIN-DEMO-APP03","virtualdisk.numberreadaveraged.average","8/20/2026 4:49:00 AM","20","0","0","number","scsi0:1","n/a","0"
"WIN-DEMO-APP03","virtualdisk.numberreadaveraged.average","8/20/2026 4:49:20 AM","20","0","0","number","scsi0:1","n/a","0"
"WIN-DEMO-APP03","virtualdisk.numberreadaveraged.average","8/20/2026 4:49:40 AM","20","0","0","number","scsi0:1","n/a","0"
"WIN-DEMO-APP03","virtualdisk.numberreadaveraged.average","8/20/2026 4:50:00 AM","20","0","0","number","scsi0:1","n/a","0"
"WIN-DEMO-APP03","virtualdisk.numberreadaveraged.average","8/20/2026 4:50:20 AM","20","0","0","number","scsi0:1","n/a","0"
"WIN-DEMO-APP03","virtualdisk.numberreadaveraged.average","8/20/2026 4:50:40 AM","20","0","0","number","scsi0:1","n/a","0"
"WIN-DEMO-APP03","virtualdisk.numberreadaveraged.average","8/20/2026 4:51:00 AM","20","0","0","number","scsi0:1","n/a","0"
"WIN-DEMO-APP03","virtualdisk.numberreadaveraged.average","8/20/2026 4:51:20 AM","20","0","0","number","scsi0:1","n/a","0"
"WIN-DEMO-APP03","virtualdisk.numberreadaveraged.average","8/20/2026 4:51:40 AM","20","0","0","number","scsi0:1","n/a","0"
"WIN-DEMO-APP03","virtualdisk.numberreadaveraged.average","8/20/2026 4:52:00 AM","20","0","0","number","scsi0:1","n/a","0"
"WIN-DEMO-APP03","virtualdisk.numberreadaveraged.average","8/20/2026 4:52:20 AM","20","0","0","number","scsi0:1","n/a","0"
"WIN-DEMO-APP03","virtualdisk.numberreadaveraged.average","8/20/2026 4:52:40 AM","20","0","0","number","scsi0:1","n/a","0"
"WIN-DEMO-APP03","virtualdisk.numberreadaveraged.average","8/20/2026 4:53:00 AM","20","0","0","number","scsi0:1","n/a","0"
"WIN-DEMO-APP03","virtualdisk.numberreadaveraged.average","8/20/2026 4:53:20 AM","20","0","0","number","scsi0:1","n/a","0"
"WIN-DEMO-APP03","virtualdisk.numberreadaveraged.average","8/20/2026 4:53:40 AM","20","0","0","number","scsi0:1","n/a","0"
"WIN-DEMO-APP03","virtualdisk.numberreadaveraged.average","8/20/2026 4:54:00 AM","20","0","0","number","scsi0:1","n/a","0"
"WIN-DEMO-APP03","virtualdisk.numberreadaveraged.average","8/20/2026 4:54:20 AM","20","0","0","number","scsi0:1","n/a","0"
"WIN-DEMO-APP03","virtualdisk.numberreadaveraged.average","8/20/2026 4:54:40 AM","20","0","0","number","scsi0:1","n/a","0"
"WIN-DEMO-APP03","virtualdisk.numberreadaveraged.average","8/20/2026 4:55:00 AM","20","0","0","number","scsi0:1","n/a","0"
"WIN-DEMO-APP03","virtualdisk.numberreadaveraged.average","8/20/2026 4:55:20 AM","20","0","0","number","scsi0:1","n/a","0"
"WIN-DEMO-APP03","virtualdisk.numberreadaveraged.average","8/20/2026 4:55:40 AM","20","0","0","number","scsi0:1","n/a","0"
"WIN-DEMO-APP03","virtualdisk.numberreadaveraged.average","8/20/2026 4:56:00 AM","20","0","0","number","scsi0:1","n/a","0"
"WIN-DEMO-APP03","virtualdisk.numberreadaveraged.average","8/20/2026 4:56:20 AM","20","0","0","number","scsi0:1","n/a","0"
"WIN-DEMO-APP03","virtualdisk.numberreadaveraged.average","8/20/2026 4:56:40 AM","20","0","0","number","scsi0:1","n/a","0"
"WIN-DEMO-APP03","virtualdisk.numberreadaveraged.average","8/20/2026 4:57:00 AM","20","0","0","number","scsi0:1","n/a","0"
"WIN-DEMO-APP03","virtualdisk.numberreadaveraged.average","8/20/2026 4:57:20 AM","20","0","0","number","scsi0:1","n/a","0"
"WIN-DEMO-APP03","virtualdisk.numberreadaveraged.average","8/20/2026 4:57:40 AM","20","0","0","number","scsi0:1","n/a","0"
"WIN-DEMO-APP03","virtualdisk.numberreadaveraged.average","8/20/2026 4:58:00 AM","20","0","0","number","scsi0:1","n/a","0"
"WIN-DEMO-APP03","virtualdisk.numberreadaveraged.average","8/20/2026 4:58:20 AM","20","0","0","number","scsi0:1","n/a","0"
"WIN-DEMO-APP03","virtualdisk.numberreadaveraged.average","8/20/2026 4:58:40 AM","20","0","0","number","scsi0:1","n/a","0"
"WIN-DEMO-APP03","virtualdisk.numberreadaveraged.average","8/20/2026 4:59:00 AM","20","0","0","number","scsi0:1","n/a","0"
"WIN-DEMO-APP03","virtualdisk.numberreadaveraged.average","8/20/2026 4:59:20 AM","20","0","0","number","scsi0:1","n/a","0"
"WIN-DEMO-APP03","virtualdisk.numberreadaveraged.average","8/20/2026 4:59:40 AM","20","0","0","number","scsi0:1","n/a","0"
"WIN-DEMO-APP03","virtualdisk.numberreadaveraged.average","8/20/2026 5:00:00 AM","20","0","0","number","scsi0:1","n/a","0"
"WIN-DEMO-APP03","virtualdisk.numberreadaveraged.average","8/20/2026 5:00:20 AM","20","0","0","number","scsi0:1","n/a","0"
"WIN-DEMO-APP03","virtualdisk.numberreadaveraged.average","8/20/2026 5:00:40 AM","20","0","0","number","scsi0:1","n/a","0"
"WIN-DEMO-APP03","virtualdisk.numberreadaveraged.average","8/20/2026 5:01:00 AM","20","0","0","number","scsi0:1","n/a","0"
"WIN-DEMO-APP03","virtualdisk.numberreadaveraged.average","8/20/2026 5:01:20 AM","20","0","0","number","scsi0:1","n/a","0"
"WIN-DEMO-APP03","virtualdisk.numberreadaveraged.average","8/20/2026 5:01:40 AM","20","0","0","number","scsi0:1","n/a","0"
"WIN-DEMO-APP03","virtualdisk.numberreadaveraged.average","8/20/2026 5:02:00 AM","20","0","0","number","scsi0:1","n/a","0"
"WIN-DEMO-APP03","virtualdisk.numberreadaveraged.average","8/20/2026 5:02:20 AM","20","0","0","number","scsi0:1","n/a","0"
"WIN-DEMO-APP03","virtualdisk.numberreadaveraged.average","8/20/2026 5:02:40 AM","20","0","0","number","scsi0:1","n/a","0"
"WIN-DEMO-APP03","virtualdisk.numberreadaveraged.average","8/20/2026 5:03:00 AM","20","0","0","number","scsi0:1","n/a","0"
"WIN-DEMO-APP03","virtualdisk.numberreadaveraged.average","8/20/2026 5:03:20 AM","20","0","0","number","scsi0:1","n/a","0"
"WIN-DEMO-APP03","virtualdisk.numberreadaveraged.average","8/20/2026 5:03:40 AM","20","0","0","number","scsi0:1","n/a","0"
"WIN-DEMO-APP03","virtualdisk.numberreadaveraged.average","8/20/2026 5:04:00 AM","20","0","0","number","scsi0:1","n/a","0"
"WIN-DEMO-APP03","virtualdisk.numberreadaveraged.average","8/20/2026 5:04:20 AM","20","0","0","number","scsi0:1","n/a","0"
"WIN-DEMO-APP03","virtualdisk.numberreadaveraged.average","8/20/2026 5:04:40 AM","20","0","0","number","scsi0:1","n/a","0"
"WIN-DEMO-APP03","virtualdisk.numberreadaveraged.average","8/20/2026 5:05:00 AM","20","0","0","number","scsi0:1","n/a","0"
"WIN-DEMO-APP03","virtualdisk.numberreadaveraged.average","8/20/2026 5:05:20 AM","20","0","0","number","scsi0:1","n/a","0"
"WIN-DEMO-APP03","virtualdisk.numberreadaveraged.average","8/20/2026 5:05:40 AM","20","0","0","number","scsi0:1","n/a","0"
"WIN-DEMO-APP03","virtualdisk.numberwriteaveraged.average","8/20/2026 4:06:00 AM","20","0","0","number","scsi0:0","n/a","0"
"WIN-DEMO-APP03","virtualdisk.numberwriteaveraged.average","8/20/2026 4:06:20 AM","20","0","0","number","scsi0:0","n/a","0"
"WIN-DEMO-APP03","virtualdisk.numberwriteaveraged.average","8/20/2026 4:06:40 AM","20","0","0","number","scsi0:0","n/a","0"
"WIN-DEMO-APP03","virtualdisk.numberwriteaveraged.average","8/20/2026 4:07:00 AM","20","0","0","number","scsi0:0","n/a","0"
"WIN-DEMO-APP03","virtualdisk.numberwriteaveraged.average","8/20/2026 4:07:20 AM","20","0","0","number","scsi0:0","n/a","0"
"WIN-DEMO-APP03","virtualdisk.numberwriteaveraged.average","8/20/2026 4:07:40 AM","20","1","1","number","scsi0:0","n/a","0"
"WIN-DEMO-APP03","virtualdisk.numberwriteaveraged.average","8/20/2026 4:08:00 AM","20","1","1","number","scsi0:0","n/a","0"
"WIN-DEMO-APP03","virtualdisk.numberwriteaveraged.average","8/20/2026 4:08:20 AM","20","1","1","number","scsi0:0","n/a","0"
"WIN-DEMO-APP03","virtualdisk.numberwriteaveraged.average","8/20/2026 4:08:40 AM","20","0","0","number","scsi0:0","n/a","0"
"WIN-DEMO-APP03","virtualdisk.numberwriteaveraged.average","8/20/2026 4:09:00 AM","20","0","0","number","scsi0:0","n/a","0"
"WIN-DEMO-APP03","virtualdisk.numberwriteaveraged.average","8/20/2026 4:09:20 AM","20","0","0","number","scsi0:0","n/a","0"
"WIN-DEMO-APP03","virtualdisk.numberwriteaveraged.average","8/20/2026 4:09:40 AM","20","0","0","number","scsi0:0","n/a","0"
"WIN-DEMO-APP03","virtualdisk.numberwriteaveraged.average","8/20/2026 4:10:00 AM","20","0","0","number","scsi0:0","n/a","0"
"WIN-DEMO-APP03","virtualdisk.numberwriteaveraged.average","8/20/2026 4:10:20 AM","20","0","0","number","scsi0:0","n/a","0"
"WIN-DEMO-APP03","virtualdisk.numberwriteaveraged.average","8/20/2026 4:10:40 AM","20","0","0","number","scsi0:0","n/a","0"
"WIN-DEMO-APP03","virtualdisk.numberwriteaveraged.average","8/20/2026 4:11:00 AM","20","0","0","number","scsi0:0","n/a","0"
"WIN-DEMO-APP03","virtualdisk.numberwriteaveraged.average","8/20/2026 4:11:20 AM","20","0","0","number","scsi0:0","n/a","0"
"WIN-DEMO-APP03","virtualdisk.numberwriteaveraged.average","8/20/2026 4:11:40 AM","20","1","1","number","scsi0:0","n/a","0"
"WIN-DEMO-APP03","virtualdisk.numberwriteaveraged.average","8/20/2026 4:12:00 AM","20","0","0","number","scsi0:0","n/a","0"
"WIN-DEMO-APP03","virtualdisk.numberwriteaveraged.average","8/20/2026 4:12:20 AM","20","0","0","number","scsi0:0","n/a","0"
"WIN-DEMO-APP03","virtualdisk.numberwriteaveraged.average","8/20/2026 4:12:40 AM","20","0","0","number","scsi0:0","n/a","0"
"WIN-DEMO-APP03","virtualdisk.numberwriteaveraged.average","8/20/2026 4:13:00 AM","20","1","1","number","scsi0:0","n/a","0"
"WIN-DEMO-APP03","virtualdisk.numberwriteaveraged.average","8/20/2026 4:13:20 AM","20","0","0","number","scsi0:0","n/a","0"
"WIN-DEMO-APP03","virtualdisk.numberwriteaveraged.average","8/20/2026 4:13:40 AM","20","0","0","number","scsi0:0","n/a","0"
"WIN-DEMO-APP03","virtualdisk.numberwriteaveraged.average","8/20/2026 4:14:00 AM","20","0","0","number","scsi0:0","n/a","0"
"WIN-DEMO-APP03","virtualdisk.numberwriteaveraged.average","8/20/2026 4:14:20 AM","20","0","0","number","scsi0:0","n/a","0"
"WIN-DEMO-APP03","virtualdisk.numberwriteaveraged.average","8/20/2026 4:14:40 AM","20","0","0","number","scsi0:0","n/a","0"
"WIN-DEMO-APP03","virtualdisk.numberwriteaveraged.average","8/20/2026 4:15:00 AM","20","0","0","number","scsi0:0","n/a","0"
"WIN-DEMO-APP03","virtualdisk.numberwriteaveraged.average","8/20/2026 4:15:20 AM","20","0","0","number","scsi0:0","n/a","0"
"WIN-DEMO-APP03","virtualdisk.numberwriteaveraged.average","8/20/2026 4:15:40 AM","20","0","0","number","scsi0:0","n/a","0"
"WIN-DEMO-APP03","virtualdisk.numberwriteaveraged.average","8/20/2026 4:16:00 AM","20","0","0","number","scsi0:0","n/a","0"
"WIN-DEMO-APP03","virtualdisk.numberwriteaveraged.average","8/20/2026 4:16:20 AM","20","0","0","number","scsi0:0","n/a","0"
"WIN-DEMO-APP03","virtualdisk.numberwriteaveraged.average","8/20/2026 4:16:40 AM","20","0","0","number","scsi0:0","n/a","0"
"WIN-DEMO-APP03","virtualdisk.numberwriteaveraged.average","8/20/2026 4:17:00 AM","20","0","0","number","scsi0:0","n/a","0"
"WIN-DEMO-APP03","virtualdisk.numberwriteaveraged.average","8/20/2026 4:17:20 AM","20","0","0","number","scsi0:0","n/a","0"
"WIN-DEMO-APP03","virtualdisk.numberwriteaveraged.average","8/20/2026 4:17:40 AM","20","0","0","number","scsi0:0","n/a","0"
"WIN-DEMO-APP03","virtualdisk.numberwriteaveraged.average","8/20/2026 4:18:00 AM","20","1","1","number","scsi0:0","n/a","0"
"WIN-DEMO-APP03","virtualdisk.numberwriteaveraged.average","8/20/2026 4:18:20 AM","20","0","0","number","scsi0:0","n/a","0"
"WIN-DEMO-APP03","virtualdisk.numberwriteaveraged.average","8/20/2026 4:18:40 AM","20","0","0","number","scsi0:0","n/a","0"
"WIN-DEMO-APP03","virtualdisk.numberwriteaveraged.average","8/20/2026 4:19:00 AM","20","0","0","number","scsi0:0","n/a","0"
"WIN-DEMO-APP03","virtualdisk.numberwriteaveraged.average","8/20/2026 4:19:20 AM","20","0","0","number","scsi0:0","n/a","0"
"WIN-DEMO-APP03","virtualdisk.numberwriteaveraged.average","8/20/2026 4:19:40 AM","20","0","0","number","scsi0:0","n/a","0"
"WIN-DEMO-APP03","virtualdisk.numberwriteaveraged.average","8/20/2026 4:20:00 AM","20","0","0","number","scsi0:0","n/a","0"
"WIN-DEMO-APP03","virtualdisk.numberwriteaveraged.average","8/20/2026 4:20:20 AM","20","0","0","number","scsi0:0","n/a","0"
"WIN-DEMO-APP03","virtualdisk.numberwriteaveraged.average","8/20/2026 4:20:40 AM","20","0","0","number","scsi0:0","n/a","0"
"WIN-DEMO-APP03","virtualdisk.numberwriteaveraged.average","8/20/2026 4:21:00 AM","20","0","0","number","scsi0:0","n/a","0"
"WIN-DEMO-APP03","virtualdisk.numberwriteaveraged.average","8/20/2026 4:21:20 AM","20","0","0","number","scsi0:0","n/a","0"
"WIN-DEMO-APP03","virtualdisk.numberwriteaveraged.average","8/20/2026 4:21:40 AM","20","0","0","number","scsi0:0","n/a","0"
"WIN-DEMO-APP03","virtualdisk.numberwriteaveraged.average","8/20/2026 4:22:00 AM","20","0","0","number","scsi0:0","n/a","0"
"WIN-DEMO-APP03","virtualdisk.numberwriteaveraged.average","8/20/2026 4:22:20 AM","20","1","1","number","scsi0:0","n/a","0"
"WIN-DEMO-APP03","virtualdisk.numberwriteaveraged.average","8/20/2026 4:22:40 AM","20","4","4","number","scsi0:0","n/a","0"
"WIN-DEMO-APP03","virtualdisk.numberwriteaveraged.average","8/20/2026 4:23:00 AM","20","0","0","number","scsi0:0","n/a","0"
"WIN-DEMO-APP03","virtualdisk.numberwriteaveraged.average","8/20/2026 4:23:20 AM","20","0","0","number","scsi0:0","n/a","0"
"WIN-DEMO-APP03","virtualdisk.numberwriteaveraged.average","8/20/2026 4:23:40 AM","20","0","0","number","scsi0:0","n/a","0"
"WIN-DEMO-APP03","virtualdisk.numberwriteaveraged.average","8/20/2026 4:24:00 AM","20","0","0","number","scsi0:0","n/a","0"
"WIN-DEMO-APP03","virtualdisk.numberwriteaveraged.average","8/20/2026 4:24:20 AM","20","1","1","number","scsi0:0","n/a","0"
"WIN-DEMO-APP03","virtualdisk.numberwriteaveraged.average","8/20/2026 4:24:40 AM","20","0","0","number","scsi0:0","n/a","0"
"WIN-DEMO-APP03","virtualdisk.numberwriteaveraged.average","8/20/2026 4:25:00 AM","20","0","0","number","scsi0:0","n/a","0"
"WIN-DEMO-APP03","virtualdisk.numberwriteaveraged.average","8/20/2026 4:25:20 AM","20","0","0","number","scsi0:0","n/a","0"
"WIN-DEMO-APP03","virtualdisk.numberwriteaveraged.average","8/20/2026 4:25:40 AM","20","0","0","number","scsi0:0","n/a","0"
"WIN-DEMO-APP03","virtualdisk.numberwriteaveraged.average","8/20/2026 4:26:00 AM","20","0","0","number","scsi0:0","n/a","0"
"WIN-DEMO-APP03","virtualdisk.numberwriteaveraged.average","8/20/2026 4:26:20 AM","20","0","0","number","scsi0:0","n/a","0"
"WIN-DEMO-APP03","virtualdisk.numberwriteaveraged.average","8/20/2026 4:26:40 AM","20","0","0","number","scsi0:0","n/a","0"
"WIN-DEMO-APP03","virtualdisk.numberwriteaveraged.average","8/20/2026 4:27:00 AM","20","0","0","number","scsi0:0","n/a","0"
"WIN-DEMO-APP03","virtualdisk.numberwriteaveraged.average","8/20/2026 4:27:20 AM","20","0","0","number","scsi0:0","n/a","0"
"WIN-DEMO-APP03","virtualdisk.numberwriteaveraged.average","8/20/2026 4:27:40 AM","20","0","0","number","scsi0:0","n/a","0"
"WIN-DEMO-APP03","virtualdisk.numberwriteaveraged.average","8/20/2026 4:28:00 AM","20","1","1","number","scsi0:0","n/a","0"
"WIN-DEMO-APP03","virtualdisk.numberwriteaveraged.average","8/20/2026 4:28:20 AM","20","0","0","number","scsi0:0","n/a","0"
"WIN-DEMO-APP03","virtualdisk.numberwriteaveraged.average","8/20/2026 4:28:40 AM","20","0","0","number","scsi0:0","n/a","0"
"WIN-DEMO-APP03","virtualdisk.numberwriteaveraged.average","8/20/2026 4:29:00 AM","20","0","0","number","scsi0:0","n/a","0"
"WIN-DEMO-APP03","virtualdisk.numberwriteaveraged.average","8/20/2026 4:29:20 AM","20","0","0","number","scsi0:0","n/a","0"
"WIN-DEMO-APP03","virtualdisk.numberwriteaveraged.average","8/20/2026 4:29:40 AM","20","0","0","number","scsi0:0","n/a","0"
"WIN-DEMO-APP03","virtualdisk.numberwriteaveraged.average","8/20/2026 4:30:00 AM","20","0","0","number","scsi0:0","n/a","0"
"WIN-DEMO-APP03","virtualdisk.numberwriteaveraged.average","8/20/2026 4:30:20 AM","20","0","0","number","scsi0:0","n/a","0"
"WIN-DEMO-APP03","virtualdisk.numberwriteaveraged.average","8/20/2026 4:30:40 AM","20","0","0","number","scsi0:0","n/a","0"
"WIN-DEMO-APP03","virtualdisk.numberwriteaveraged.average","8/20/2026 4:31:00 AM","20","0","0","number","scsi0:0","n/a","0"
"WIN-DEMO-APP03","virtualdisk.numberwriteaveraged.average","8/20/2026 4:31:20 AM","20","0","0","number","scsi0:0","n/a","0"
"WIN-DEMO-APP03","virtualdisk.numberwriteaveraged.average","8/20/2026 4:31:40 AM","20","0","0","number","scsi0:0","n/a","0"
"WIN-DEMO-APP03","virtualdisk.numberwriteaveraged.average","8/20/2026 4:32:00 AM","20","0","0","number","scsi0:0","n/a","0"
"WIN-DEMO-APP03","virtualdisk.numberwriteaveraged.average","8/20/2026 4:32:20 AM","20","0","0","number","scsi0:0","n/a","0"
"WIN-DEMO-APP03","virtualdisk.numberwriteaveraged.average","8/20/2026 4:32:40 AM","20","1","1","number","scsi0:0","n/a","0"
"WIN-DEMO-APP03","virtualdisk.numberwriteaveraged.average","8/20/2026 4:33:00 AM","20","0","0","number","scsi0:0","n/a","0"
"WIN-DEMO-APP03","virtualdisk.numberwriteaveraged.average","8/20/2026 4:33:20 AM","20","0","0","number","scsi0:0","n/a","0"
"WIN-DEMO-APP03","virtualdisk.numberwriteaveraged.average","8/20/2026 4:33:40 AM","20","0","0","number","scsi0:0","n/a","0"
"WIN-DEMO-APP03","virtualdisk.numberwriteaveraged.average","8/20/2026 4:34:00 AM","20","0","0","number","scsi0:0","n/a","0"
"WIN-DEMO-APP03","virtualdisk.numberwriteaveraged.average","8/20/2026 4:34:20 AM","20","0","0","number","scsi0:0","n/a","0"
"WIN-DEMO-APP03","virtualdisk.numberwriteaveraged.average","8/20/2026 4:34:40 AM","20","0","0","number","scsi0:0","n/a","0"
"WIN-DEMO-APP03","virtualdisk.numberwriteaveraged.average","8/20/2026 4:35:00 AM","20","0","0","number","scsi0:0","n/a","0"
"WIN-DEMO-APP03","virtualdisk.numberwriteaveraged.average","8/20/2026 4:35:20 AM","20","0","0","number","scsi0:0","n/a","0"
"WIN-DEMO-APP03","virtualdisk.numberwriteaveraged.average","8/20/2026 4:35:40 AM","20","0","0","number","scsi0:0","n/a","0"
"WIN-DEMO-APP03","virtualdisk.numberwriteaveraged.average","8/20/2026 4:36:00 AM","20","3","3","number","scsi0:0","n/a","0"
"WIN-DEMO-APP03","virtualdisk.numberwriteaveraged.average","8/20/2026 4:36:20 AM","20","1","1","number","scsi0:0","n/a","0"
"WIN-DEMO-APP03","virtualdisk.numberwriteaveraged.average","8/20/2026 4:36:40 AM","20","1","1","number","scsi0:0","n/a","0"
"WIN-DEMO-APP03","virtualdisk.numberwriteaveraged.average","8/20/2026 4:37:00 AM","20","0","0","number","scsi0:0","n/a","0"
"WIN-DEMO-APP03","virtualdisk.numberwriteaveraged.average","8/20/2026 4:37:20 AM","20","0","0","number","scsi0:0","n/a","0"
"WIN-DEMO-APP03","virtualdisk.numberwriteaveraged.average","8/20/2026 4:37:40 AM","20","1","1","number","scsi0:0","n/a","0"
"WIN-DEMO-APP03","virtualdisk.numberwriteaveraged.average","8/20/2026 4:38:00 AM","20","1","1","number","scsi0:0","n/a","0"
"WIN-DEMO-APP03","virtualdisk.numberwriteaveraged.average","8/20/2026 4:38:20 AM","20","1","1","number","scsi0:0","n/a","0"
"WIN-DEMO-APP03","virtualdisk.numberwriteaveraged.average","8/20/2026 4:38:40 AM","20","0","0","number","scsi0:0","n/a","0"
"WIN-DEMO-APP03","virtualdisk.numberwriteaveraged.average","8/20/2026 4:39:00 AM","20","1","1","number","scsi0:0","n/a","0"
"WIN-DEMO-APP03","virtualdisk.numberwriteaveraged.average","8/20/2026 4:39:20 AM","20","0","0","number","scsi0:0","n/a","0"
"WIN-DEMO-APP03","virtualdisk.numberwriteaveraged.average","8/20/2026 4:39:40 AM","20","0","0","number","scsi0:0","n/a","0"
"WIN-DEMO-APP03","virtualdisk.numberwriteaveraged.average","8/20/2026 4:40:00 AM","20","0","0","number","scsi0:0","n/a","0"
"WIN-DEMO-APP03","virtualdisk.numberwriteaveraged.average","8/20/2026 4:40:20 AM","20","0","0","number","scsi0:0","n/a","0"
"WIN-DEMO-APP03","virtualdisk.numberwriteaveraged.average","8/20/2026 4:40:40 AM","20","0","0","number","scsi0:0","n/a","0"
"WIN-DEMO-APP03","virtualdisk.numberwriteaveraged.average","8/20/2026 4:41:00 AM","20","0","0","number","scsi0:0","n/a","0"
"WIN-DEMO-APP03","virtualdisk.numberwriteaveraged.average","8/20/2026 4:41:20 AM","20","0","0","number","scsi0:0","n/a","0"
"WIN-DEMO-APP03","virtualdisk.numberwriteaveraged.average","8/20/2026 4:41:40 AM","20","0","0","number","scsi0:0","n/a","0"
"WIN-DEMO-APP03","virtualdisk.numberwriteaveraged.average","8/20/2026 4:42:00 AM","20","0","0","number","scsi0:0","n/a","0"
"WIN-DEMO-APP03","virtualdisk.numberwriteaveraged.average","8/20/2026 4:42:20 AM","20","0","0","number","scsi0:0","n/a","0"
"WIN-DEMO-APP03","virtualdisk.numberwriteaveraged.average","8/20/2026 4:42:40 AM","20","0","0","number","scsi0:0","n/a","0"
"WIN-DEMO-APP03","virtualdisk.numberwriteaveraged.average","8/20/2026 4:43:00 AM","20","0","0","number","scsi0:0","n/a","0"
"WIN-DEMO-APP03","virtualdisk.numberwriteaveraged.average","8/20/2026 4:43:20 AM","20","0","0","number","scsi0:0","n/a","0"
"WIN-DEMO-APP03","virtualdisk.numberwriteaveraged.average","8/20/2026 4:43:40 AM","20","0","0","number","scsi0:0","n/a","0"
"WIN-DEMO-APP03","virtualdisk.numberwriteaveraged.average","8/20/2026 4:44:00 AM","20","0","0","number","scsi0:0","n/a","0"
"WIN-DEMO-APP03","virtualdisk.numberwriteaveraged.average","8/20/2026 4:44:20 AM","20","0","0","number","scsi0:0","n/a","0"
"WIN-DEMO-APP03","virtualdisk.numberwriteaveraged.average","8/20/2026 4:44:40 AM","20","1","1","number","scsi0:0","n/a","0"
"WIN-DEMO-APP03","virtualdisk.numberwriteaveraged.average","8/20/2026 4:45:00 AM","20","0","0","number","scsi0:0","n/a","0"
"WIN-DEMO-APP03","virtualdisk.numberwriteaveraged.average","8/20/2026 4:45:20 AM","20","0","0","number","scsi0:0","n/a","0"
"WIN-DEMO-APP03","virtualdisk.numberwriteaveraged.average","8/20/2026 4:45:40 AM","20","0","0","number","scsi0:0","n/a","0"
"WIN-DEMO-APP03","virtualdisk.numberwriteaveraged.average","8/20/2026 4:46:00 AM","20","0","0","number","scsi0:0","n/a","0"
"WIN-DEMO-APP03","virtualdisk.numberwriteaveraged.average","8/20/2026 4:46:20 AM","20","0","0","number","scsi0:0","n/a","0"
"WIN-DEMO-APP03","virtualdisk.numberwriteaveraged.average","8/20/2026 4:46:40 AM","20","0","0","number","scsi0:0","n/a","0"
"WIN-DEMO-APP03","virtualdisk.numberwriteaveraged.average","8/20/2026 4:47:00 AM","20","0","0","number","scsi0:0","n/a","0"
"WIN-DEMO-APP03","virtualdisk.numberwriteaveraged.average","8/20/2026 4:47:20 AM","20","0","0","number","scsi0:0","n/a","0"
"WIN-DEMO-APP03","virtualdisk.numberwriteaveraged.average","8/20/2026 4:47:40 AM","20","0","0","number","scsi0:0","n/a","0"
"WIN-DEMO-APP03","virtualdisk.numberwriteaveraged.average","8/20/2026 4:48:00 AM","20","1","1","number","scsi0:0","n/a","0"
"WIN-DEMO-APP03","virtualdisk.numberwriteaveraged.average","8/20/2026 4:48:20 AM","20","0","0","number","scsi0:0","n/a","0"
"WIN-DEMO-APP03","virtualdisk.numberwriteaveraged.average","8/20/2026 4:48:40 AM","20","0","0","number","scsi0:0","n/a","0"
"WIN-DEMO-APP03","virtualdisk.numberwriteaveraged.average","8/20/2026 4:49:00 AM","20","1","1","number","scsi0:0","n/a","0"
"WIN-DEMO-APP03","virtualdisk.numberwriteaveraged.average","8/20/2026 4:49:20 AM","20","0","0","number","scsi0:0","n/a","0"
"WIN-DEMO-APP03","virtualdisk.numberwriteaveraged.average","8/20/2026 4:49:40 AM","20","1","1","number","scsi0:0","n/a","0"
"WIN-DEMO-APP03","virtualdisk.numberwriteaveraged.average","8/20/2026 4:50:00 AM","20","0","0","number","scsi0:0","n/a","0"
"WIN-DEMO-APP03","virtualdisk.numberwriteaveraged.average","8/20/2026 4:50:20 AM","20","0","0","number","scsi0:0","n/a","0"
"WIN-DEMO-APP03","virtualdisk.numberwriteaveraged.average","8/20/2026 4:50:40 AM","20","0","0","number","scsi0:0","n/a","0"
"WIN-DEMO-APP03","virtualdisk.numberwriteaveraged.average","8/20/2026 4:51:00 AM","20","0","0","number","scsi0:0","n/a","0"
"WIN-DEMO-APP03","virtualdisk.numberwriteaveraged.average","8/20/2026 4:51:20 AM","20","0","0","number","scsi0:0","n/a","0"
"WIN-DEMO-APP03","virtualdisk.numberwriteaveraged.average","8/20/2026 4:51:40 AM","20","0","0","number","scsi0:0","n/a","0"
"WIN-DEMO-APP03","virtualdisk.numberwriteaveraged.average","8/20/2026 4:52:00 AM","20","0","0","number","scsi0:0","n/a","0"
"WIN-DEMO-APP03","virtualdisk.numberwriteaveraged.average","8/20/2026 4:52:20 AM","20","1","1","number","scsi0:0","n/a","0"
"WIN-DEMO-APP03","virtualdisk.numberwriteaveraged.average","8/20/2026 4:52:40 AM","20","0","0","number","scsi0:0","n/a","0"
"WIN-DEMO-APP03","virtualdisk.numberwriteaveraged.average","8/20/2026 4:53:00 AM","20","0","0","number","scsi0:0","n/a","0"
"WIN-DEMO-APP03","virtualdisk.numberwriteaveraged.average","8/20/2026 4:53:20 AM","20","0","0","number","scsi0:0","n/a","0"
"WIN-DEMO-APP03","virtualdisk.numberwriteaveraged.average","8/20/2026 4:53:40 AM","20","0","0","number","scsi0:0","n/a","0"
"WIN-DEMO-APP03","virtualdisk.numberwriteaveraged.average","8/20/2026 4:54:00 AM","20","0","0","number","scsi0:0","n/a","0"
"WIN-DEMO-APP03","virtualdisk.numberwriteaveraged.average","8/20/2026 4:54:20 AM","20","0","0","number","scsi0:0","n/a","0"
"WIN-DEMO-APP03","virtualdisk.numberwriteaveraged.average","8/20/2026 4:54:40 AM","20","0","0","number","scsi0:0","n/a","0"
"WIN-DEMO-APP03","virtualdisk.numberwriteaveraged.average","8/20/2026 4:55:00 AM","20","0","0","number","scsi0:0","n/a","0"
"WIN-DEMO-APP03","virtualdisk.numberwriteaveraged.average","8/20/2026 4:55:20 AM","20","0","0","number","scsi0:0","n/a","0"
"WIN-DEMO-APP03","virtualdisk.numberwriteaveraged.average","8/20/2026 4:55:40 AM","20","0","0","number","scsi0:0","n/a","0"
"WIN-DEMO-APP03","virtualdisk.numberwriteaveraged.average","8/20/2026 4:56:00 AM","20","0","0","number","scsi0:0","n/a","0"
"WIN-DEMO-APP03","virtualdisk.numberwriteaveraged.average","8/20/2026 4:56:20 AM","20","0","0","number","scsi0:0","n/a","0"
"WIN-DEMO-APP03","virtualdisk.numberwriteaveraged.average","8/20/2026 4:56:40 AM","20","0","0","number","scsi0:0","n/a","0"
"WIN-DEMO-APP03","virtualdisk.numberwriteaveraged.average","8/20/2026 4:57:00 AM","20","0","0","number","scsi0:0","n/a","0"
"WIN-DEMO-APP03","virtualdisk.numberwriteaveraged.average","8/20/2026 4:57:20 AM","20","0","0","number","scsi0:0","n/a","0"
"WIN-DEMO-APP03","virtualdisk.numberwriteaveraged.average","8/20/2026 4:57:40 AM","20","0","0","number","scsi0:0","n/a","0"
"WIN-DEMO-APP03","virtualdisk.numberwriteaveraged.average","8/20/2026 4:58:00 AM","20","1","1","number","scsi0:0","n/a","0"
"WIN-DEMO-APP03","virtualdisk.numberwriteaveraged.average","8/20/2026 4:58:20 AM","20","0","0","number","scsi0:0","n/a","0"
"WIN-DEMO-APP03","virtualdisk.numberwriteaveraged.average","8/20/2026 4:58:40 AM","20","0","0","number","scsi0:0","n/a","0"
"WIN-DEMO-APP03","virtualdisk.numberwriteaveraged.average","8/20/2026 4:59:00 AM","20","0","0","number","scsi0:0","n/a","0"
"WIN-DEMO-APP03","virtualdisk.numberwriteaveraged.average","8/20/2026 4:59:20 AM","20","0","0","number","scsi0:0","n/a","0"
"WIN-DEMO-APP03","virtualdisk.numberwriteaveraged.average","8/20/2026 4:59:40 AM","20","0","0","number","scsi0:0","n/a","0"
"WIN-DEMO-APP03","virtualdisk.numberwriteaveraged.average","8/20/2026 5:00:00 AM","20","5","5","number","scsi0:0","n/a","0"
"WIN-DEMO-APP03","virtualdisk.numberwriteaveraged.average","8/20/2026 5:00:20 AM","20","1","1","number","scsi0:0","n/a","0"
"WIN-DEMO-APP03","virtualdisk.numberwriteaveraged.average","8/20/2026 5:00:40 AM","20","0","0","number","scsi0:0","n/a","0"
"WIN-DEMO-APP03","virtualdisk.numberwriteaveraged.average","8/20/2026 5:01:00 AM","20","0","0","number","scsi0:0","n/a","0"
"WIN-DEMO-APP03","virtualdisk.numberwriteaveraged.average","8/20/2026 5:01:20 AM","20","0","0","number","scsi0:0","n/a","0"
"WIN-DEMO-APP03","virtualdisk.numberwriteaveraged.average","8/20/2026 5:01:40 AM","20","2","2","number","scsi0:0","n/a","0"
"WIN-DEMO-APP03","virtualdisk.numberwriteaveraged.average","8/20/2026 5:02:00 AM","20","0","0","number","scsi0:0","n/a","0"
"WIN-DEMO-APP03","virtualdisk.numberwriteaveraged.average","8/20/2026 5:02:20 AM","20","0","0","number","scsi0:0","n/a","0"
"WIN-DEMO-APP03","virtualdisk.numberwriteaveraged.average","8/20/2026 5:02:40 AM","20","0","0","number","scsi0:0","n/a","0"
"WIN-DEMO-APP03","virtualdisk.numberwriteaveraged.average","8/20/2026 5:03:00 AM","20","1","1","number","scsi0:0","n/a","0"
"WIN-DEMO-APP03","virtualdisk.numberwriteaveraged.average","8/20/2026 5:03:20 AM","20","0","0","number","scsi0:0","n/a","0"
"WIN-DEMO-APP03","virtualdisk.numberwriteaveraged.average","8/20/2026 5:03:40 AM","20","0","0","number","scsi0:0","n/a","0"
"WIN-DEMO-APP03","virtualdisk.numberwriteaveraged.average","8/20/2026 5:04:00 AM","20","0","0","number","scsi0:0","n/a","0"
"WIN-DEMO-APP03","virtualdisk.numberwriteaveraged.average","8/20/2026 5:04:20 AM","20","0","0","number","scsi0:0","n/a","0"
"WIN-DEMO-APP03","virtualdisk.numberwriteaveraged.average","8/20/2026 5:04:40 AM","20","0","0","number","scsi0:0","n/a","0"
"WIN-DEMO-APP03","virtualdisk.numberwriteaveraged.average","8/20/2026 5:05:00 AM","20","0","0","number","scsi0:0","n/a","0"
"WIN-DEMO-APP03","virtualdisk.numberwriteaveraged.average","8/20/2026 5:05:20 AM","20","0","0","number","scsi0:0","n/a","0"
"WIN-DEMO-APP03","virtualdisk.numberwriteaveraged.average","8/20/2026 5:05:40 AM","20","0","0","number","scsi0:0","n/a","0"
"WIN-DEMO-APP03","virtualdisk.numberwriteaveraged.average","8/20/2026 4:06:00 AM","20","0","0","number","scsi0:1","n/a","0"
"WIN-DEMO-APP03","virtualdisk.numberwriteaveraged.average","8/20/2026 4:06:20 AM","20","0","0","number","scsi0:1","n/a","0"
"WIN-DEMO-APP03","virtualdisk.numberwriteaveraged.average","8/20/2026 4:06:40 AM","20","0","0","number","scsi0:1","n/a","0"
"WIN-DEMO-APP03","virtualdisk.numberwriteaveraged.average","8/20/2026 4:07:00 AM","20","0","0","number","scsi0:1","n/a","0"
"WIN-DEMO-APP03","virtualdisk.numberwriteaveraged.average","8/20/2026 4:07:20 AM","20","0","0","number","scsi0:1","n/a","0"
"WIN-DEMO-APP03","virtualdisk.numberwriteaveraged.average","8/20/2026 4:07:40 AM","20","0","0","number","scsi0:1","n/a","0"
"WIN-DEMO-APP03","virtualdisk.numberwriteaveraged.average","8/20/2026 4:08:00 AM","20","0","0","number","scsi0:1","n/a","0"
"WIN-DEMO-APP03","virtualdisk.numberwriteaveraged.average","8/20/2026 4:08:20 AM","20","0","0","number","scsi0:1","n/a","0"
"WIN-DEMO-APP03","virtualdisk.numberwriteaveraged.average","8/20/2026 4:08:40 AM","20","0","0","number","scsi0:1","n/a","0"
"WIN-DEMO-APP03","virtualdisk.numberwriteaveraged.average","8/20/2026 4:09:00 AM","20","0","0","number","scsi0:1","n/a","0"
"WIN-DEMO-APP03","virtualdisk.numberwriteaveraged.average","8/20/2026 4:09:20 AM","20","0","0","number","scsi0:1","n/a","0"
"WIN-DEMO-APP03","virtualdisk.numberwriteaveraged.average","8/20/2026 4:09:40 AM","20","0","0","number","scsi0:1","n/a","0"
"WIN-DEMO-APP03","virtualdisk.numberwriteaveraged.average","8/20/2026 4:10:00 AM","20","0","0","number","scsi0:1","n/a","0"
"WIN-DEMO-APP03","virtualdisk.numberwriteaveraged.average","8/20/2026 4:10:20 AM","20","0","0","number","scsi0:1","n/a","0"
"WIN-DEMO-APP03","virtualdisk.numberwriteaveraged.average","8/20/2026 4:10:40 AM","20","0","0","number","scsi0:1","n/a","0"
"WIN-DEMO-APP03","virtualdisk.numberwriteaveraged.average","8/20/2026 4:11:00 AM","20","0","0","number","scsi0:1","n/a","0"
"WIN-DEMO-APP03","virtualdisk.numberwriteaveraged.average","8/20/2026 4:11:20 AM","20","0","0","number","scsi0:1","n/a","0"
"WIN-DEMO-APP03","virtualdisk.numberwriteaveraged.average","8/20/2026 4:11:40 AM","20","0","0","number","scsi0:1","n/a","0"
"WIN-DEMO-APP03","virtualdisk.numberwriteaveraged.average","8/20/2026 4:12:00 AM","20","0","0","number","scsi0:1","n/a","0"
"WIN-DEMO-APP03","virtualdisk.numberwriteaveraged.average","8/20/2026 4:12:20 AM","20","0","0","number","scsi0:1","n/a","0"
"WIN-DEMO-APP03","virtualdisk.numberwriteaveraged.average","8/20/2026 4:12:40 AM","20","0","0","number","scsi0:1","n/a","0"
"WIN-DEMO-APP03","virtualdisk.numberwriteaveraged.average","8/20/2026 4:13:00 AM","20","0","0","number","scsi0:1","n/a","0"
"WIN-DEMO-APP03","virtualdisk.numberwriteaveraged.average","8/20/2026 4:13:20 AM","20","0","0","number","scsi0:1","n/a","0"
"WIN-DEMO-APP03","virtualdisk.numberwriteaveraged.average","8/20/2026 4:13:40 AM","20","0","0","number","scsi0:1","n/a","0"
"WIN-DEMO-APP03","virtualdisk.numberwriteaveraged.average","8/20/2026 4:14:00 AM","20","0","0","number","scsi0:1","n/a","0"
"WIN-DEMO-APP03","virtualdisk.numberwriteaveraged.average","8/20/2026 4:14:20 AM","20","0","0","number","scsi0:1","n/a","0"
"WIN-DEMO-APP03","virtualdisk.numberwriteaveraged.average","8/20/2026 4:14:40 AM","20","0","0","number","scsi0:1","n/a","0"
"WIN-DEMO-APP03","virtualdisk.numberwriteaveraged.average","8/20/2026 4:15:00 AM","20","0","0","number","scsi0:1","n/a","0"
"WIN-DEMO-APP03","virtualdisk.numberwriteaveraged.average","8/20/2026 4:15:20 AM","20","0","0","number","scsi0:1","n/a","0"
"WIN-DEMO-APP03","virtualdisk.numberwriteaveraged.average","8/20/2026 4:15:40 AM","20","0","0","number","scsi0:1","n/a","0"
"WIN-DEMO-APP03","virtualdisk.numberwriteaveraged.average","8/20/2026 4:16:00 AM","20","0","0","number","scsi0:1","n/a","0"
"WIN-DEMO-APP03","virtualdisk.numberwriteaveraged.average","8/20/2026 4:16:20 AM","20","0","0","number","scsi0:1","n/a","0"
"WIN-DEMO-APP03","virtualdisk.numberwriteaveraged.average","8/20/2026 4:16:40 AM","20","0","0","number","scsi0:1","n/a","0"
"WIN-DEMO-APP03","virtualdisk.numberwriteaveraged.average","8/20/2026 4:17:00 AM","20","0","0","number","scsi0:1","n/a","0"
"WIN-DEMO-APP03","virtualdisk.numberwriteaveraged.average","8/20/2026 4:17:20 AM","20","0","0","number","scsi0:1","n/a","0"
"WIN-DEMO-APP03","virtualdisk.numberwriteaveraged.average","8/20/2026 4:17:40 AM","20","0","0","number","scsi0:1","n/a","0"
"WIN-DEMO-APP03","virtualdisk.numberwriteaveraged.average","8/20/2026 4:18:00 AM","20","0","0","number","scsi0:1","n/a","0"
"WIN-DEMO-APP03","virtualdisk.numberwriteaveraged.average","8/20/2026 4:18:20 AM","20","0","0","number","scsi0:1","n/a","0"
"WIN-DEMO-APP03","virtualdisk.numberwriteaveraged.average","8/20/2026 4:18:40 AM","20","0","0","number","scsi0:1","n/a","0"
"WIN-DEMO-APP03","virtualdisk.numberwriteaveraged.average","8/20/2026 4:19:00 AM","20","0","0","number","scsi0:1","n/a","0"
"WIN-DEMO-APP03","virtualdisk.numberwriteaveraged.average","8/20/2026 4:19:20 AM","20","0","0","number","scsi0:1","n/a","0"
"WIN-DEMO-APP03","virtualdisk.numberwriteaveraged.average","8/20/2026 4:19:40 AM","20","0","0","number","scsi0:1","n/a","0"
"WIN-DEMO-APP03","virtualdisk.numberwriteaveraged.average","8/20/2026 4:20:00 AM","20","0","0","number","scsi0:1","n/a","0"
"WIN-DEMO-APP03","virtualdisk.numberwriteaveraged.average","8/20/2026 4:20:20 AM","20","0","0","number","scsi0:1","n/a","0"
"WIN-DEMO-APP03","virtualdisk.numberwriteaveraged.average","8/20/2026 4:20:40 AM","20","0","0","number","scsi0:1","n/a","0"
"WIN-DEMO-APP03","virtualdisk.numberwriteaveraged.average","8/20/2026 4:21:00 AM","20","0","0","number","scsi0:1","n/a","0"
"WIN-DEMO-APP03","virtualdisk.numberwriteaveraged.average","8/20/2026 4:21:20 AM","20","0","0","number","scsi0:1","n/a","0"
"WIN-DEMO-APP03","virtualdisk.numberwriteaveraged.average","8/20/2026 4:21:40 AM","20","0","0","number","scsi0:1","n/a","0"
"WIN-DEMO-APP03","virtualdisk.numberwriteaveraged.average","8/20/2026 4:22:00 AM","20","0","0","number","scsi0:1","n/a","0"
"WIN-DEMO-APP03","virtualdisk.numberwriteaveraged.average","8/20/2026 4:22:20 AM","20","0","0","number","scsi0:1","n/a","0"
"WIN-DEMO-APP03","virtualdisk.numberwriteaveraged.average","8/20/2026 4:22:40 AM","20","0","0","number","scsi0:1","n/a","0"
"WIN-DEMO-APP03","virtualdisk.numberwriteaveraged.average","8/20/2026 4:23:00 AM","20","0","0","number","scsi0:1","n/a","0"
"WIN-DEMO-APP03","virtualdisk.numberwriteaveraged.average","8/20/2026 4:23:20 AM","20","0","0","number","scsi0:1","n/a","0"
"WIN-DEMO-APP03","virtualdisk.numberwriteaveraged.average","8/20/2026 4:23:40 AM","20","0","0","number","scsi0:1","n/a","0"
"WIN-DEMO-APP03","virtualdisk.numberwriteaveraged.average","8/20/2026 4:24:00 AM","20","0","0","number","scsi0:1","n/a","0"
"WIN-DEMO-APP03","virtualdisk.numberwriteaveraged.average","8/20/2026 4:24:20 AM","20","0","0","number","scsi0:1","n/a","0"
"WIN-DEMO-APP03","virtualdisk.numberwriteaveraged.average","8/20/2026 4:24:40 AM","20","0","0","number","scsi0:1","n/a","0"
"WIN-DEMO-APP03","virtualdisk.numberwriteaveraged.average","8/20/2026 4:25:00 AM","20","0","0","number","scsi0:1","n/a","0"
"WIN-DEMO-APP03","virtualdisk.numberwriteaveraged.average","8/20/2026 4:25:20 AM","20","0","0","number","scsi0:1","n/a","0"
"WIN-DEMO-APP03","virtualdisk.numberwriteaveraged.average","8/20/2026 4:25:40 AM","20","0","0","number","scsi0:1","n/a","0"
"WIN-DEMO-APP03","virtualdisk.numberwriteaveraged.average","8/20/2026 4:26:00 AM","20","0","0","number","scsi0:1","n/a","0"
"WIN-DEMO-APP03","virtualdisk.numberwriteaveraged.average","8/20/2026 4:26:20 AM","20","0","0","number","scsi0:1","n/a","0"
"WIN-DEMO-APP03","virtualdisk.numberwriteaveraged.average","8/20/2026 4:26:40 AM","20","0","0","number","scsi0:1","n/a","0"
"WIN-DEMO-APP03","virtualdisk.numberwriteaveraged.average","8/20/2026 4:27:00 AM","20","0","0","number","scsi0:1","n/a","0"
"WIN-DEMO-APP03","virtualdisk.numberwriteaveraged.average","8/20/2026 4:27:20 AM","20","0","0","number","scsi0:1","n/a","0"
"WIN-DEMO-APP03","virtualdisk.numberwriteaveraged.average","8/20/2026 4:27:40 AM","20","0","0","number","scsi0:1","n/a","0"
"WIN-DEMO-APP03","virtualdisk.numberwriteaveraged.average","8/20/2026 4:28:00 AM","20","0","0","number","scsi0:1","n/a","0"
"WIN-DEMO-APP03","virtualdisk.numberwriteaveraged.average","8/20/2026 4:28:20 AM","20","0","0","number","scsi0:1","n/a","0"
"WIN-DEMO-APP03","virtualdisk.numberwriteaveraged.average","8/20/2026 4:28:40 AM","20","0","0","number","scsi0:1","n/a","0"
"WIN-DEMO-APP03","virtualdisk.numberwriteaveraged.average","8/20/2026 4:29:00 AM","20","0","0","number","scsi0:1","n/a","0"
"WIN-DEMO-APP03","virtualdisk.numberwriteaveraged.average","8/20/2026 4:29:20 AM","20","0","0","number","scsi0:1","n/a","0"
"WIN-DEMO-APP03","virtualdisk.numberwriteaveraged.average","8/20/2026 4:29:40 AM","20","0","0","number","scsi0:1","n/a","0"
"WIN-DEMO-APP03","virtualdisk.numberwriteaveraged.average","8/20/2026 4:30:00 AM","20","0","0","number","scsi0:1","n/a","0"
"WIN-DEMO-APP03","virtualdisk.numberwriteaveraged.average","8/20/2026 4:30:20 AM","20","0","0","number","scsi0:1","n/a","0"
"WIN-DEMO-APP03","virtualdisk.numberwriteaveraged.average","8/20/2026 4:30:40 AM","20","0","0","number","scsi0:1","n/a","0"
"WIN-DEMO-APP03","virtualdisk.numberwriteaveraged.average","8/20/2026 4:31:00 AM","20","0","0","number","scsi0:1","n/a","0"
"WIN-DEMO-APP03","virtualdisk.numberwriteaveraged.average","8/20/2026 4:31:20 AM","20","0","0","number","scsi0:1","n/a","0"
"WIN-DEMO-APP03","virtualdisk.numberwriteaveraged.average","8/20/2026 4:31:40 AM","20","0","0","number","scsi0:1","n/a","0"
"WIN-DEMO-APP03","virtualdisk.numberwriteaveraged.average","8/20/2026 4:32:00 AM","20","0","0","number","scsi0:1","n/a","0"
"WIN-DEMO-APP03","virtualdisk.numberwriteaveraged.average","8/20/2026 4:32:20 AM","20","0","0","number","scsi0:1","n/a","0"
"WIN-DEMO-APP03","virtualdisk.numberwriteaveraged.average","8/20/2026 4:32:40 AM","20","0","0","number","scsi0:1","n/a","0"
"WIN-DEMO-APP03","virtualdisk.numberwriteaveraged.average","8/20/2026 4:33:00 AM","20","0","0","number","scsi0:1","n/a","0"
"WIN-DEMO-APP03","virtualdisk.numberwriteaveraged.average","8/20/2026 4:33:20 AM","20","0","0","number","scsi0:1","n/a","0"
"WIN-DEMO-APP03","virtualdisk.numberwriteaveraged.average","8/20/2026 4:33:40 AM","20","0","0","number","scsi0:1","n/a","0"
"WIN-DEMO-APP03","virtualdisk.numberwriteaveraged.average","8/20/2026 4:34:00 AM","20","0","0","number","scsi0:1","n/a","0"
"WIN-DEMO-APP03","virtualdisk.numberwriteaveraged.average","8/20/2026 4:34:20 AM","20","0","0","number","scsi0:1","n/a","0"
"WIN-DEMO-APP03","virtualdisk.numberwriteaveraged.average","8/20/2026 4:34:40 AM","20","0","0","number","scsi0:1","n/a","0"
"WIN-DEMO-APP03","virtualdisk.numberwriteaveraged.average","8/20/2026 4:35:00 AM","20","0","0","number","scsi0:1","n/a","0"
"WIN-DEMO-APP03","virtualdisk.numberwriteaveraged.average","8/20/2026 4:35:20 AM","20","0","0","number","scsi0:1","n/a","0"
"WIN-DEMO-APP03","virtualdisk.numberwriteaveraged.average","8/20/2026 4:35:40 AM","20","0","0","number","scsi0:1","n/a","0"
"WIN-DEMO-APP03","virtualdisk.numberwriteaveraged.average","8/20/2026 4:36:00 AM","20","0","0","number","scsi0:1","n/a","0"
"WIN-DEMO-APP03","virtualdisk.numberwriteaveraged.average","8/20/2026 4:36:20 AM","20","0","0","number","scsi0:1","n/a","0"
"WIN-DEMO-APP03","virtualdisk.numberwriteaveraged.average","8/20/2026 4:36:40 AM","20","0","0","number","scsi0:1","n/a","0"
"WIN-DEMO-APP03","virtualdisk.numberwriteaveraged.average","8/20/2026 4:37:00 AM","20","0","0","number","scsi0:1","n/a","0"
"WIN-DEMO-APP03","virtualdisk.numberwriteaveraged.average","8/20/2026 4:37:20 AM","20","0","0","number","scsi0:1","n/a","0"
"WIN-DEMO-APP03","virtualdisk.numberwriteaveraged.average","8/20/2026 4:37:40 AM","20","0","0","number","scsi0:1","n/a","0"
"WIN-DEMO-APP03","virtualdisk.numberwriteaveraged.average","8/20/2026 4:38:00 AM","20","0","0","number","scsi0:1","n/a","0"
"WIN-DEMO-APP03","virtualdisk.numberwriteaveraged.average","8/20/2026 4:38:20 AM","20","0","0","number","scsi0:1","n/a","0"
"WIN-DEMO-APP03","virtualdisk.numberwriteaveraged.average","8/20/2026 4:38:40 AM","20","0","0","number","scsi0:1","n/a","0"
"WIN-DEMO-APP03","virtualdisk.numberwriteaveraged.average","8/20/2026 4:39:00 AM","20","0","0","number","scsi0:1","n/a","0"
"WIN-DEMO-APP03","virtualdisk.numberwriteaveraged.average","8/20/2026 4:39:20 AM","20","0","0","number","scsi0:1","n/a","0"
"WIN-DEMO-APP03","virtualdisk.numberwriteaveraged.average","8/20/2026 4:39:40 AM","20","0","0","number","scsi0:1","n/a","0"
"WIN-DEMO-APP03","virtualdisk.numberwriteaveraged.average","8/20/2026 4:40:00 AM","20","0","0","number","scsi0:1","n/a","0"
"WIN-DEMO-APP03","virtualdisk.numberwriteaveraged.average","8/20/2026 4:40:20 AM","20","0","0","number","scsi0:1","n/a","0"
"WIN-DEMO-APP03","virtualdisk.numberwriteaveraged.average","8/20/2026 4:40:40 AM","20","0","0","number","scsi0:1","n/a","0"
"WIN-DEMO-APP03","virtualdisk.numberwriteaveraged.average","8/20/2026 4:41:00 AM","20","0","0","number","scsi0:1","n/a","0"
"WIN-DEMO-APP03","virtualdisk.numberwriteaveraged.average","8/20/2026 4:41:20 AM","20","0","0","number","scsi0:1","n/a","0"
"WIN-DEMO-APP03","virtualdisk.numberwriteaveraged.average","8/20/2026 4:41:40 AM","20","0","0","number","scsi0:1","n/a","0"
"WIN-DEMO-APP03","virtualdisk.numberwriteaveraged.average","8/20/2026 4:42:00 AM","20","0","0","number","scsi0:1","n/a","0"
"WIN-DEMO-APP03","virtualdisk.numberwriteaveraged.average","8/20/2026 4:42:20 AM","20","0","0","number","scsi0:1","n/a","0"
"WIN-DEMO-APP03","virtualdisk.numberwriteaveraged.average","8/20/2026 4:42:40 AM","20","0","0","number","scsi0:1","n/a","0"
"WIN-DEMO-APP03","virtualdisk.numberwriteaveraged.average","8/20/2026 4:43:00 AM","20","0","0","number","scsi0:1","n/a","0"
"WIN-DEMO-APP03","virtualdisk.numberwriteaveraged.average","8/20/2026 4:43:20 AM","20","0","0","number","scsi0:1","n/a","0"
"WIN-DEMO-APP03","virtualdisk.numberwriteaveraged.average","8/20/2026 4:43:40 AM","20","0","0","number","scsi0:1","n/a","0"
"WIN-DEMO-APP03","virtualdisk.numberwriteaveraged.average","8/20/2026 4:44:00 AM","20","0","0","number","scsi0:1","n/a","0"
"WIN-DEMO-APP03","virtualdisk.numberwriteaveraged.average","8/20/2026 4:44:20 AM","20","0","0","number","scsi0:1","n/a","0"
"WIN-DEMO-APP03","virtualdisk.numberwriteaveraged.average","8/20/2026 4:44:40 AM","20","0","0","number","scsi0:1","n/a","0"
"WIN-DEMO-APP03","virtualdisk.numberwriteaveraged.average","8/20/2026 4:45:00 AM","20","0","0","number","scsi0:1","n/a","0"
"WIN-DEMO-APP03","virtualdisk.numberwriteaveraged.average","8/20/2026 4:45:20 AM","20","0","0","number","scsi0:1","n/a","0"
"WIN-DEMO-APP03","virtualdisk.numberwriteaveraged.average","8/20/2026 4:45:40 AM","20","0","0","number","scsi0:1","n/a","0"
"WIN-DEMO-APP03","virtualdisk.numberwriteaveraged.average","8/20/2026 4:46:00 AM","20","0","0","number","scsi0:1","n/a","0"
"WIN-DEMO-APP03","virtualdisk.numberwriteaveraged.average","8/20/2026 4:46:20 AM","20","0","0","number","scsi0:1","n/a","0"
"WIN-DEMO-APP03","virtualdisk.numberwriteaveraged.average","8/20/2026 4:46:40 AM","20","0","0","number","scsi0:1","n/a","0"
"WIN-DEMO-APP03","virtualdisk.numberwriteaveraged.average","8/20/2026 4:47:00 AM","20","0","0","number","scsi0:1","n/a","0"
"WIN-DEMO-APP03","virtualdisk.numberwriteaveraged.average","8/20/2026 4:47:20 AM","20","0","0","number","scsi0:1","n/a","0"
"WIN-DEMO-APP03","virtualdisk.numberwriteaveraged.average","8/20/2026 4:47:40 AM","20","0","0","number","scsi0:1","n/a","0"
"WIN-DEMO-APP03","virtualdisk.numberwriteaveraged.average","8/20/2026 4:48:00 AM","20","0","0","number","scsi0:1","n/a","0"
"WIN-DEMO-APP03","virtualdisk.numberwriteaveraged.average","8/20/2026 4:48:20 AM","20","0","0","number","scsi0:1","n/a","0"
"WIN-DEMO-APP03","virtualdisk.numberwriteaveraged.average","8/20/2026 4:48:40 AM","20","0","0","number","scsi0:1","n/a","0"
"WIN-DEMO-APP03","virtualdisk.numberwriteaveraged.average","8/20/2026 4:49:00 AM","20","0","0","number","scsi0:1","n/a","0"
"WIN-DEMO-APP03","virtualdisk.numberwriteaveraged.average","8/20/2026 4:49:20 AM","20","0","0","number","scsi0:1","n/a","0"
"WIN-DEMO-APP03","virtualdisk.numberwriteaveraged.average","8/20/2026 4:49:40 AM","20","0","0","number","scsi0:1","n/a","0"
"WIN-DEMO-APP03","virtualdisk.numberwriteaveraged.average","8/20/2026 4:50:00 AM","20","0","0","number","scsi0:1","n/a","0"
"WIN-DEMO-APP03","virtualdisk.numberwriteaveraged.average","8/20/2026 4:50:20 AM","20","0","0","number","scsi0:1","n/a","0"
"WIN-DEMO-APP03","virtualdisk.numberwriteaveraged.average","8/20/2026 4:50:40 AM","20","0","0","number","scsi0:1","n/a","0"
"WIN-DEMO-APP03","virtualdisk.numberwriteaveraged.average","8/20/2026 4:51:00 AM","20","0","0","number","scsi0:1","n/a","0"
"WIN-DEMO-APP03","virtualdisk.numberwriteaveraged.average","8/20/2026 4:51:20 AM","20","0","0","number","scsi0:1","n/a","0"
"WIN-DEMO-APP03","virtualdisk.numberwriteaveraged.average","8/20/2026 4:51:40 AM","20","0","0","number","scsi0:1","n/a","0"
"WIN-DEMO-APP03","virtualdisk.numberwriteaveraged.average","8/20/2026 4:52:00 AM","20","0","0","number","scsi0:1","n/a","0"
"WIN-DEMO-APP03","virtualdisk.numberwriteaveraged.average","8/20/2026 4:52:20 AM","20","0","0","number","scsi0:1","n/a","0"
"WIN-DEMO-APP03","virtualdisk.numberwriteaveraged.average","8/20/2026 4:52:40 AM","20","0","0","number","scsi0:1","n/a","0"
"WIN-DEMO-APP03","virtualdisk.numberwriteaveraged.average","8/20/2026 4:53:00 AM","20","0","0","number","scsi0:1","n/a","0"
"WIN-DEMO-APP03","virtualdisk.numberwriteaveraged.average","8/20/2026 4:53:20 AM","20","0","0","number","scsi0:1","n/a","0"
"WIN-DEMO-APP03","virtualdisk.numberwriteaveraged.average","8/20/2026 4:53:40 AM","20","0","0","number","scsi0:1","n/a","0"
"WIN-DEMO-APP03","virtualdisk.numberwriteaveraged.average","8/20/2026 4:54:00 AM","20","0","0","number","scsi0:1","n/a","0"
"WIN-DEMO-APP03","virtualdisk.numberwriteaveraged.average","8/20/2026 4:54:20 AM","20","0","0","number","scsi0:1","n/a","0"
"WIN-DEMO-APP03","virtualdisk.numberwriteaveraged.average","8/20/2026 4:54:40 AM","20","0","0","number","scsi0:1","n/a","0"
"WIN-DEMO-APP03","virtualdisk.numberwriteaveraged.average","8/20/2026 4:55:00 AM","20","0","0","number","scsi0:1","n/a","0"
"WIN-DEMO-APP03","virtualdisk.numberwriteaveraged.average","8/20/2026 4:55:20 AM","20","0","0","number","scsi0:1","n/a","0"
"WIN-DEMO-APP03","virtualdisk.numberwriteaveraged.average","8/20/2026 4:55:40 AM","20","0","0","number","scsi0:1","n/a","0"
"WIN-DEMO-APP03","virtualdisk.numberwriteaveraged.average","8/20/2026 4:56:00 AM","20","0","0","number","scsi0:1","n/a","0"
"WIN-DEMO-APP03","virtualdisk.numberwriteaveraged.average","8/20/2026 4:56:20 AM","20","0","0","number","scsi0:1","n/a","0"
"WIN-DEMO-APP03","virtualdisk.numberwriteaveraged.average","8/20/2026 4:56:40 AM","20","0","0","number","scsi0:1","n/a","0"
"WIN-DEMO-APP03","virtualdisk.numberwriteaveraged.average","8/20/2026 4:57:00 AM","20","0","0","number","scsi0:1","n/a","0"
"WIN-DEMO-APP03","virtualdisk.numberwriteaveraged.average","8/20/2026 4:57:20 AM","20","0","0","number","scsi0:1","n/a","0"
"WIN-DEMO-APP03","virtualdisk.numberwriteaveraged.average","8/20/2026 4:57:40 AM","20","0","0","number","scsi0:1","n/a","0"
"WIN-DEMO-APP03","virtualdisk.numberwriteaveraged.average","8/20/2026 4:58:00 AM","20","0","0","number","scsi0:1","n/a","0"
"WIN-DEMO-APP03","virtualdisk.numberwriteaveraged.average","8/20/2026 4:58:20 AM","20","0","0","number","scsi0:1","n/a","0"
"WIN-DEMO-APP03","virtualdisk.numberwriteaveraged.average","8/20/2026 4:58:40 AM","20","0","0","number","scsi0:1","n/a","0"
"WIN-DEMO-APP03","virtualdisk.numberwriteaveraged.average","8/20/2026 4:59:00 AM","20","0","0","number","scsi0:1","n/a","0"
"WIN-DEMO-APP03","virtualdisk.numberwriteaveraged.average","8/20/2026 4:59:20 AM","20","0","0","number","scsi0:1","n/a","0"
"WIN-DEMO-APP03","virtualdisk.numberwriteaveraged.average","8/20/2026 4:59:40 AM","20","0","0","number","scsi0:1","n/a","0"
"WIN-DEMO-APP03","virtualdisk.numberwriteaveraged.average","8/20/2026 5:00:00 AM","20","0","0","number","scsi0:1","n/a","0"
"WIN-DEMO-APP03","virtualdisk.numberwriteaveraged.average","8/20/2026 5:00:20 AM","20","0","0","number","scsi0:1","n/a","0"
"WIN-DEMO-APP03","virtualdisk.numberwriteaveraged.average","8/20/2026 5:00:40 AM","20","0","0","number","scsi0:1","n/a","0"
"WIN-DEMO-APP03","virtualdisk.numberwriteaveraged.average","8/20/2026 5:01:00 AM","20","0","0","number","scsi0:1","n/a","0"
"WIN-DEMO-APP03","virtualdisk.numberwriteaveraged.average","8/20/2026 5:01:20 AM","20","0","0","number","scsi0:1","n/a","0"
"WIN-DEMO-APP03","virtualdisk.numberwriteaveraged.average","8/20/2026 5:01:40 AM","20","0","0","number","scsi0:1","n/a","0"
"WIN-DEMO-APP03","virtualdisk.numberwriteaveraged.average","8/20/2026 5:02:00 AM","20","0","0","number","scsi0:1","n/a","0"
"WIN-DEMO-APP03","virtualdisk.numberwriteaveraged.average","8/20/2026 5:02:20 AM","20","0","0","number","scsi0:1","n/a","0"
"WIN-DEMO-APP03","virtualdisk.numberwriteaveraged.average","8/20/2026 5:02:40 AM","20","0","0","number","scsi0:1","n/a","0"
"WIN-DEMO-APP03","virtualdisk.numberwriteaveraged.average","8/20/2026 5:03:00 AM","20","0","0","number","scsi0:1","n/a","0"
"WIN-DEMO-APP03","virtualdisk.numberwriteaveraged.average","8/20/2026 5:03:20 AM","20","0","0","number","scsi0:1","n/a","0"
"WIN-DEMO-APP03","virtualdisk.numberwriteaveraged.average","8/20/2026 5:03:40 AM","20","0","0","number","scsi0:1","n/a","0"
"WIN-DEMO-APP03","virtualdisk.numberwriteaveraged.average","8/20/2026 5:04:00 AM","20","0","0","number","scsi0:1","n/a","0"
"WIN-DEMO-APP03","virtualdisk.numberwriteaveraged.average","8/20/2026 5:04:20 AM","20","0","0","number","scsi0:1","n/a","0"
"WIN-DEMO-APP03","virtualdisk.numberwriteaveraged.average","8/20/2026 5:04:40 AM","20","0","0","number","scsi0:1","n/a","0"
"WIN-DEMO-APP03","virtualdisk.numberwriteaveraged.average","8/20/2026 5:05:00 AM","20","0","0","number","scsi0:1","n/a","0"
"WIN-DEMO-APP03","virtualdisk.numberwriteaveraged.average","8/20/2026 5:05:20 AM","20","0","0","number","scsi0:1","n/a","0"
"WIN-DEMO-APP03","virtualdisk.numberwriteaveraged.average","8/20/2026 5:05:40 AM","20","0","0","number","scsi0:1","n/a","0"
"WIN-DEMO-APP03","virtualdisk.read.average","8/20/2026 4:06:00 AM","20","0","0","KBps","scsi0:0","n/a","0"
"WIN-DEMO-APP03","virtualdisk.read.average","8/20/2026 4:06:20 AM","20","0","0","KBps","scsi0:0","n/a","0"
"WIN-DEMO-APP03","virtualdisk.read.average","8/20/2026 4:06:40 AM","20","0","0","KBps","scsi0:0","n/a","0"
"WIN-DEMO-APP03","virtualdisk.read.average","8/20/2026 4:07:00 AM","20","0","0","KBps","scsi0:0","n/a","0"
"WIN-DEMO-APP03","virtualdisk.read.average","8/20/2026 4:07:20 AM","20","0","0","KBps","scsi0:0","n/a","0"
"WIN-DEMO-APP03","virtualdisk.read.average","8/20/2026 4:07:40 AM","20","0","0","KBps","scsi0:0","n/a","0"
"WIN-DEMO-APP03","virtualdisk.read.average","8/20/2026 4:08:00 AM","20","0","0","KBps","scsi0:0","n/a","0"
"WIN-DEMO-APP03","virtualdisk.read.average","8/20/2026 4:08:20 AM","20","0","0","KBps","scsi0:0","n/a","0"
"WIN-DEMO-APP03","virtualdisk.read.average","8/20/2026 4:08:40 AM","20","0","0","KBps","scsi0:0","n/a","0"
"WIN-DEMO-APP03","virtualdisk.read.average","8/20/2026 4:09:00 AM","20","0","0","KBps","scsi0:0","n/a","0"
"WIN-DEMO-APP03","virtualdisk.read.average","8/20/2026 4:09:20 AM","20","0","0","KBps","scsi0:0","n/a","0"
"WIN-DEMO-APP03","virtualdisk.read.average","8/20/2026 4:09:40 AM","20","0","0","KBps","scsi0:0","n/a","0"
"WIN-DEMO-APP03","virtualdisk.read.average","8/20/2026 4:10:00 AM","20","0","0","KBps","scsi0:0","n/a","0"
"WIN-DEMO-APP03","virtualdisk.read.average","8/20/2026 4:10:20 AM","20","0","0","KBps","scsi0:0","n/a","0"
"WIN-DEMO-APP03","virtualdisk.read.average","8/20/2026 4:10:40 AM","20","0","0","KBps","scsi0:0","n/a","0"
"WIN-DEMO-APP03","virtualdisk.read.average","8/20/2026 4:11:00 AM","20","0","0","KBps","scsi0:0","n/a","0"
"WIN-DEMO-APP03","virtualdisk.read.average","8/20/2026 4:11:20 AM","20","0","0","KBps","scsi0:0","n/a","0"
"WIN-DEMO-APP03","virtualdisk.read.average","8/20/2026 4:11:40 AM","20","0","0","KBps","scsi0:0","n/a","0"
"WIN-DEMO-APP03","virtualdisk.read.average","8/20/2026 4:12:00 AM","20","0","0","KBps","scsi0:0","n/a","0"
"WIN-DEMO-APP03","virtualdisk.read.average","8/20/2026 4:12:20 AM","20","0","0","KBps","scsi0:0","n/a","0"
"WIN-DEMO-APP03","virtualdisk.read.average","8/20/2026 4:12:40 AM","20","0","0","KBps","scsi0:0","n/a","0"
"WIN-DEMO-APP03","virtualdisk.read.average","8/20/2026 4:13:00 AM","20","0","0","KBps","scsi0:0","n/a","0"
"WIN-DEMO-APP03","virtualdisk.read.average","8/20/2026 4:13:20 AM","20","0","0","KBps","scsi0:0","n/a","0"
"WIN-DEMO-APP03","virtualdisk.read.average","8/20/2026 4:13:40 AM","20","0","0","KBps","scsi0:0","n/a","0"
"WIN-DEMO-APP03","virtualdisk.read.average","8/20/2026 4:14:00 AM","20","0","0","KBps","scsi0:0","n/a","0"
"WIN-DEMO-APP03","virtualdisk.read.average","8/20/2026 4:14:20 AM","20","0","0","KBps","scsi0:0","n/a","0"
"WIN-DEMO-APP03","virtualdisk.read.average","8/20/2026 4:14:40 AM","20","0","0","KBps","scsi0:0","n/a","0"
"WIN-DEMO-APP03","virtualdisk.read.average","8/20/2026 4:15:00 AM","20","0","0","KBps","scsi0:0","n/a","0"
"WIN-DEMO-APP03","virtualdisk.read.average","8/20/2026 4:15:20 AM","20","0","0","KBps","scsi0:0","n/a","0"
"WIN-DEMO-APP03","virtualdisk.read.average","8/20/2026 4:15:40 AM","20","0","0","KBps","scsi0:0","n/a","0"
"WIN-DEMO-APP03","virtualdisk.read.average","8/20/2026 4:16:00 AM","20","0","0","KBps","scsi0:0","n/a","0"
"WIN-DEMO-APP03","virtualdisk.read.average","8/20/2026 4:16:20 AM","20","0","0","KBps","scsi0:0","n/a","0"
"WIN-DEMO-APP03","virtualdisk.read.average","8/20/2026 4:16:40 AM","20","0","0","KBps","scsi0:0","n/a","0"
"WIN-DEMO-APP03","virtualdisk.read.average","8/20/2026 4:17:00 AM","20","0","0","KBps","scsi0:0","n/a","0"
"WIN-DEMO-APP03","virtualdisk.read.average","8/20/2026 4:17:20 AM","20","0","0","KBps","scsi0:0","n/a","0"
"WIN-DEMO-APP03","virtualdisk.read.average","8/20/2026 4:17:40 AM","20","0","0","KBps","scsi0:0","n/a","0"
"WIN-DEMO-APP03","virtualdisk.read.average","8/20/2026 4:18:00 AM","20","0","0","KBps","scsi0:0","n/a","0"
"WIN-DEMO-APP03","virtualdisk.read.average","8/20/2026 4:18:20 AM","20","0","0","KBps","scsi0:0","n/a","0"
"WIN-DEMO-APP03","virtualdisk.read.average","8/20/2026 4:18:40 AM","20","0","0","KBps","scsi0:0","n/a","0"
"WIN-DEMO-APP03","virtualdisk.read.average","8/20/2026 4:19:00 AM","20","0","0","KBps","scsi0:0","n/a","0"
"WIN-DEMO-APP03","virtualdisk.read.average","8/20/2026 4:19:20 AM","20","0","0","KBps","scsi0:0","n/a","0"
"WIN-DEMO-APP03","virtualdisk.read.average","8/20/2026 4:19:40 AM","20","0","0","KBps","scsi0:0","n/a","0"
"WIN-DEMO-APP03","virtualdisk.read.average","8/20/2026 4:20:00 AM","20","0","0","KBps","scsi0:0","n/a","0"
"WIN-DEMO-APP03","virtualdisk.read.average","8/20/2026 4:20:20 AM","20","0","0","KBps","scsi0:0","n/a","0"
"WIN-DEMO-APP03","virtualdisk.read.average","8/20/2026 4:20:40 AM","20","0","0","KBps","scsi0:0","n/a","0"
"WIN-DEMO-APP03","virtualdisk.read.average","8/20/2026 4:21:00 AM","20","0","0","KBps","scsi0:0","n/a","0"
"WIN-DEMO-APP03","virtualdisk.read.average","8/20/2026 4:21:20 AM","20","0","0","KBps","scsi0:0","n/a","0"
"WIN-DEMO-APP03","virtualdisk.read.average","8/20/2026 4:21:40 AM","20","0","0","KBps","scsi0:0","n/a","0"
"WIN-DEMO-APP03","virtualdisk.read.average","8/20/2026 4:22:00 AM","20","0","0","KBps","scsi0:0","n/a","0"
"WIN-DEMO-APP03","virtualdisk.read.average","8/20/2026 4:22:20 AM","20","0","0","KBps","scsi0:0","n/a","0"
"WIN-DEMO-APP03","virtualdisk.read.average","8/20/2026 4:22:40 AM","20","0","0","KBps","scsi0:0","n/a","0"
"WIN-DEMO-APP03","virtualdisk.read.average","8/20/2026 4:23:00 AM","20","0","0","KBps","scsi0:0","n/a","0"
"WIN-DEMO-APP03","virtualdisk.read.average","8/20/2026 4:23:20 AM","20","0","0","KBps","scsi0:0","n/a","0"
"WIN-DEMO-APP03","virtualdisk.read.average","8/20/2026 4:23:40 AM","20","0","0","KBps","scsi0:0","n/a","0"
"WIN-DEMO-APP03","virtualdisk.read.average","8/20/2026 4:24:00 AM","20","0","0","KBps","scsi0:0","n/a","0"
"WIN-DEMO-APP03","virtualdisk.read.average","8/20/2026 4:24:20 AM","20","0","0","KBps","scsi0:0","n/a","0"
"WIN-DEMO-APP03","virtualdisk.read.average","8/20/2026 4:24:40 AM","20","0","0","KBps","scsi0:0","n/a","0"
"WIN-DEMO-APP03","virtualdisk.read.average","8/20/2026 4:25:00 AM","20","0","0","KBps","scsi0:0","n/a","0"
"WIN-DEMO-APP03","virtualdisk.read.average","8/20/2026 4:25:20 AM","20","0","0","KBps","scsi0:0","n/a","0"
"WIN-DEMO-APP03","virtualdisk.read.average","8/20/2026 4:25:40 AM","20","0","0","KBps","scsi0:0","n/a","0"
"WIN-DEMO-APP03","virtualdisk.read.average","8/20/2026 4:26:00 AM","20","0","0","KBps","scsi0:0","n/a","0"
"WIN-DEMO-APP03","virtualdisk.read.average","8/20/2026 4:26:20 AM","20","0","0","KBps","scsi0:0","n/a","0"
"WIN-DEMO-APP03","virtualdisk.read.average","8/20/2026 4:26:40 AM","20","0","0","KBps","scsi0:0","n/a","0"
"WIN-DEMO-APP03","virtualdisk.read.average","8/20/2026 4:27:00 AM","20","0","0","KBps","scsi0:0","n/a","0"
"WIN-DEMO-APP03","virtualdisk.read.average","8/20/2026 4:27:20 AM","20","0","0","KBps","scsi0:0","n/a","0"
"WIN-DEMO-APP03","virtualdisk.read.average","8/20/2026 4:27:40 AM","20","0","0","KBps","scsi0:0","n/a","0"
"WIN-DEMO-APP03","virtualdisk.read.average","8/20/2026 4:28:00 AM","20","0","0","KBps","scsi0:0","n/a","0"
"WIN-DEMO-APP03","virtualdisk.read.average","8/20/2026 4:28:20 AM","20","0","0","KBps","scsi0:0","n/a","0"
"WIN-DEMO-APP03","virtualdisk.read.average","8/20/2026 4:28:40 AM","20","0","0","KBps","scsi0:0","n/a","0"
"WIN-DEMO-APP03","virtualdisk.read.average","8/20/2026 4:29:00 AM","20","0","0","KBps","scsi0:0","n/a","0"
"WIN-DEMO-APP03","virtualdisk.read.average","8/20/2026 4:29:20 AM","20","0","0","KBps","scsi0:0","n/a","0"
"WIN-DEMO-APP03","virtualdisk.read.average","8/20/2026 4:29:40 AM","20","0","0","KBps","scsi0:0","n/a","0"
"WIN-DEMO-APP03","virtualdisk.read.average","8/20/2026 4:30:00 AM","20","0","0","KBps","scsi0:0","n/a","0"
"WIN-DEMO-APP03","virtualdisk.read.average","8/20/2026 4:30:20 AM","20","0","0","KBps","scsi0:0","n/a","0"
"WIN-DEMO-APP03","virtualdisk.read.average","8/20/2026 4:30:40 AM","20","0","0","KBps","scsi0:0","n/a","0"
"WIN-DEMO-APP03","virtualdisk.read.average","8/20/2026 4:31:00 AM","20","0","0","KBps","scsi0:0","n/a","0"
"WIN-DEMO-APP03","virtualdisk.read.average","8/20/2026 4:31:20 AM","20","0","0","KBps","scsi0:0","n/a","0"
"WIN-DEMO-APP03","virtualdisk.read.average","8/20/2026 4:31:40 AM","20","0","0","KBps","scsi0:0","n/a","0"
"WIN-DEMO-APP03","virtualdisk.read.average","8/20/2026 4:32:00 AM","20","0","0","KBps","scsi0:0","n/a","0"
"WIN-DEMO-APP03","virtualdisk.read.average","8/20/2026 4:32:20 AM","20","0","0","KBps","scsi0:0","n/a","0"
"WIN-DEMO-APP03","virtualdisk.read.average","8/20/2026 4:32:40 AM","20","0","0","KBps","scsi0:0","n/a","0"
"WIN-DEMO-APP03","virtualdisk.read.average","8/20/2026 4:33:00 AM","20","0","0","KBps","scsi0:0","n/a","0"
"WIN-DEMO-APP03","virtualdisk.read.average","8/20/2026 4:33:20 AM","20","0","0","KBps","scsi0:0","n/a","0"
"WIN-DEMO-APP03","virtualdisk.read.average","8/20/2026 4:33:40 AM","20","0","0","KBps","scsi0:0","n/a","0"
"WIN-DEMO-APP03","virtualdisk.read.average","8/20/2026 4:34:00 AM","20","0","0","KBps","scsi0:0","n/a","0"
"WIN-DEMO-APP03","virtualdisk.read.average","8/20/2026 4:34:20 AM","20","0","0","KBps","scsi0:0","n/a","0"
"WIN-DEMO-APP03","virtualdisk.read.average","8/20/2026 4:34:40 AM","20","0","0","KBps","scsi0:0","n/a","0"
"WIN-DEMO-APP03","virtualdisk.read.average","8/20/2026 4:35:00 AM","20","0","0","KBps","scsi0:0","n/a","0"
"WIN-DEMO-APP03","virtualdisk.read.average","8/20/2026 4:35:20 AM","20","0","0","KBps","scsi0:0","n/a","0"
"WIN-DEMO-APP03","virtualdisk.read.average","8/20/2026 4:35:40 AM","20","0","0","KBps","scsi0:0","n/a","0"
"WIN-DEMO-APP03","virtualdisk.read.average","8/20/2026 4:36:00 AM","20","56","56","KBps","scsi0:0","n/a","0"
"WIN-DEMO-APP03","virtualdisk.read.average","8/20/2026 4:36:20 AM","20","0","0","KBps","scsi0:0","n/a","0"
"WIN-DEMO-APP03","virtualdisk.read.average","8/20/2026 4:36:40 AM","20","0","0","KBps","scsi0:0","n/a","0"
"WIN-DEMO-APP03","virtualdisk.read.average","8/20/2026 4:37:00 AM","20","0","0","KBps","scsi0:0","n/a","0"
"WIN-DEMO-APP03","virtualdisk.read.average","8/20/2026 4:37:20 AM","20","0","0","KBps","scsi0:0","n/a","0"
"WIN-DEMO-APP03","virtualdisk.read.average","8/20/2026 4:37:40 AM","20","0","0","KBps","scsi0:0","n/a","0"
"WIN-DEMO-APP03","virtualdisk.read.average","8/20/2026 4:38:00 AM","20","0","0","KBps","scsi0:0","n/a","0"
"WIN-DEMO-APP03","virtualdisk.read.average","8/20/2026 4:38:20 AM","20","0","0","KBps","scsi0:0","n/a","0"
"WIN-DEMO-APP03","virtualdisk.read.average","8/20/2026 4:38:40 AM","20","0","0","KBps","scsi0:0","n/a","0"
"WIN-DEMO-APP03","virtualdisk.read.average","8/20/2026 4:39:00 AM","20","0","0","KBps","scsi0:0","n/a","0"
"WIN-DEMO-APP03","virtualdisk.read.average","8/20/2026 4:39:20 AM","20","0","0","KBps","scsi0:0","n/a","0"
"WIN-DEMO-APP03","virtualdisk.read.average","8/20/2026 4:39:40 AM","20","0","0","KBps","scsi0:0","n/a","0"
"WIN-DEMO-APP03","virtualdisk.read.average","8/20/2026 4:40:00 AM","20","0","0","KBps","scsi0:0","n/a","0"
"WIN-DEMO-APP03","virtualdisk.read.average","8/20/2026 4:40:20 AM","20","0","0","KBps","scsi0:0","n/a","0"
"WIN-DEMO-APP03","virtualdisk.read.average","8/20/2026 4:40:40 AM","20","0","0","KBps","scsi0:0","n/a","0"
"WIN-DEMO-APP03","virtualdisk.read.average","8/20/2026 4:41:00 AM","20","0","0","KBps","scsi0:0","n/a","0"
"WIN-DEMO-APP03","virtualdisk.read.average","8/20/2026 4:41:20 AM","20","0","0","KBps","scsi0:0","n/a","0"
"WIN-DEMO-APP03","virtualdisk.read.average","8/20/2026 4:41:40 AM","20","0","0","KBps","scsi0:0","n/a","0"
"WIN-DEMO-APP03","virtualdisk.read.average","8/20/2026 4:42:00 AM","20","0","0","KBps","scsi0:0","n/a","0"
"WIN-DEMO-APP03","virtualdisk.read.average","8/20/2026 4:42:20 AM","20","0","0","KBps","scsi0:0","n/a","0"
"WIN-DEMO-APP03","virtualdisk.read.average","8/20/2026 4:42:40 AM","20","0","0","KBps","scsi0:0","n/a","0"
"WIN-DEMO-APP03","virtualdisk.read.average","8/20/2026 4:43:00 AM","20","0","0","KBps","scsi0:0","n/a","0"
"WIN-DEMO-APP03","virtualdisk.read.average","8/20/2026 4:43:20 AM","20","0","0","KBps","scsi0:0","n/a","0"
"WIN-DEMO-APP03","virtualdisk.read.average","8/20/2026 4:43:40 AM","20","0","0","KBps","scsi0:0","n/a","0"
"WIN-DEMO-APP03","virtualdisk.read.average","8/20/2026 4:44:00 AM","20","0","0","KBps","scsi0:0","n/a","0"
"WIN-DEMO-APP03","virtualdisk.read.average","8/20/2026 4:44:20 AM","20","0","0","KBps","scsi0:0","n/a","0"
"WIN-DEMO-APP03","virtualdisk.read.average","8/20/2026 4:44:40 AM","20","0","0","KBps","scsi0:0","n/a","0"
"WIN-DEMO-APP03","virtualdisk.read.average","8/20/2026 4:45:00 AM","20","0","0","KBps","scsi0:0","n/a","0"
"WIN-DEMO-APP03","virtualdisk.read.average","8/20/2026 4:45:20 AM","20","0","0","KBps","scsi0:0","n/a","0"
"WIN-DEMO-APP03","virtualdisk.read.average","8/20/2026 4:45:40 AM","20","0","0","KBps","scsi0:0","n/a","0"
"WIN-DEMO-APP03","virtualdisk.read.average","8/20/2026 4:46:00 AM","20","0","0","KBps","scsi0:0","n/a","0"
"WIN-DEMO-APP03","virtualdisk.read.average","8/20/2026 4:46:20 AM","20","0","0","KBps","scsi0:0","n/a","0"
"WIN-DEMO-APP03","virtualdisk.read.average","8/20/2026 4:46:40 AM","20","0","0","KBps","scsi0:0","n/a","0"
"WIN-DEMO-APP03","virtualdisk.read.average","8/20/2026 4:47:00 AM","20","0","0","KBps","scsi0:0","n/a","0"
"WIN-DEMO-APP03","virtualdisk.read.average","8/20/2026 4:47:20 AM","20","0","0","KBps","scsi0:0","n/a","0"
"WIN-DEMO-APP03","virtualdisk.read.average","8/20/2026 4:47:40 AM","20","0","0","KBps","scsi0:0","n/a","0"
"WIN-DEMO-APP03","virtualdisk.read.average","8/20/2026 4:48:00 AM","20","0","0","KBps","scsi0:0","n/a","0"
"WIN-DEMO-APP03","virtualdisk.read.average","8/20/2026 4:48:20 AM","20","0","0","KBps","scsi0:0","n/a","0"
"WIN-DEMO-APP03","virtualdisk.read.average","8/20/2026 4:48:40 AM","20","0","0","KBps","scsi0:0","n/a","0"
"WIN-DEMO-APP03","virtualdisk.read.average","8/20/2026 4:49:00 AM","20","0","0","KBps","scsi0:0","n/a","0"
"WIN-DEMO-APP03","virtualdisk.read.average","8/20/2026 4:49:20 AM","20","0","0","KBps","scsi0:0","n/a","0"
"WIN-DEMO-APP03","virtualdisk.read.average","8/20/2026 4:49:40 AM","20","0","0","KBps","scsi0:0","n/a","0"
"WIN-DEMO-APP03","virtualdisk.read.average","8/20/2026 4:50:00 AM","20","0","0","KBps","scsi0:0","n/a","0"
"WIN-DEMO-APP03","virtualdisk.read.average","8/20/2026 4:50:20 AM","20","0","0","KBps","scsi0:0","n/a","0"
"WIN-DEMO-APP03","virtualdisk.read.average","8/20/2026 4:50:40 AM","20","0","0","KBps","scsi0:0","n/a","0"
"WIN-DEMO-APP03","virtualdisk.read.average","8/20/2026 4:51:00 AM","20","0","0","KBps","scsi0:0","n/a","0"
"WIN-DEMO-APP03","virtualdisk.read.average","8/20/2026 4:51:20 AM","20","0","0","KBps","scsi0:0","n/a","0"
"WIN-DEMO-APP03","virtualdisk.read.average","8/20/2026 4:51:40 AM","20","0","0","KBps","scsi0:0","n/a","0"
"WIN-DEMO-APP03","virtualdisk.read.average","8/20/2026 4:52:00 AM","20","0","0","KBps","scsi0:0","n/a","0"
"WIN-DEMO-APP03","virtualdisk.read.average","8/20/2026 4:52:20 AM","20","0","0","KBps","scsi0:0","n/a","0"
"WIN-DEMO-APP03","virtualdisk.read.average","8/20/2026 4:52:40 AM","20","0","0","KBps","scsi0:0","n/a","0"
"WIN-DEMO-APP03","virtualdisk.read.average","8/20/2026 4:53:00 AM","20","0","0","KBps","scsi0:0","n/a","0"
"WIN-DEMO-APP03","virtualdisk.read.average","8/20/2026 4:53:20 AM","20","0","0","KBps","scsi0:0","n/a","0"
"WIN-DEMO-APP03","virtualdisk.read.average","8/20/2026 4:53:40 AM","20","0","0","KBps","scsi0:0","n/a","0"
"WIN-DEMO-APP03","virtualdisk.read.average","8/20/2026 4:54:00 AM","20","0","0","KBps","scsi0:0","n/a","0"
"WIN-DEMO-APP03","virtualdisk.read.average","8/20/2026 4:54:20 AM","20","0","0","KBps","scsi0:0","n/a","0"
"WIN-DEMO-APP03","virtualdisk.read.average","8/20/2026 4:54:40 AM","20","0","0","KBps","scsi0:0","n/a","0"
"WIN-DEMO-APP03","virtualdisk.read.average","8/20/2026 4:55:00 AM","20","0","0","KBps","scsi0:0","n/a","0"
"WIN-DEMO-APP03","virtualdisk.read.average","8/20/2026 4:55:20 AM","20","0","0","KBps","scsi0:0","n/a","0"
"WIN-DEMO-APP03","virtualdisk.read.average","8/20/2026 4:55:40 AM","20","0","0","KBps","scsi0:0","n/a","0"
"WIN-DEMO-APP03","virtualdisk.read.average","8/20/2026 4:56:00 AM","20","0","0","KBps","scsi0:0","n/a","0"
"WIN-DEMO-APP03","virtualdisk.read.average","8/20/2026 4:56:20 AM","20","0","0","KBps","scsi0:0","n/a","0"
"WIN-DEMO-APP03","virtualdisk.read.average","8/20/2026 4:56:40 AM","20","0","0","KBps","scsi0:0","n/a","0"
"WIN-DEMO-APP03","virtualdisk.read.average","8/20/2026 4:57:00 AM","20","0","0","KBps","scsi0:0","n/a","0"
"WIN-DEMO-APP03","virtualdisk.read.average","8/20/2026 4:57:20 AM","20","0","0","KBps","scsi0:0","n/a","0"
"WIN-DEMO-APP03","virtualdisk.read.average","8/20/2026 4:57:40 AM","20","0","0","KBps","scsi0:0","n/a","0"
"WIN-DEMO-APP03","virtualdisk.read.average","8/20/2026 4:58:00 AM","20","0","0","KBps","scsi0:0","n/a","0"
"WIN-DEMO-APP03","virtualdisk.read.average","8/20/2026 4:58:20 AM","20","0","0","KBps","scsi0:0","n/a","0"
"WIN-DEMO-APP03","virtualdisk.read.average","8/20/2026 4:58:40 AM","20","0","0","KBps","scsi0:0","n/a","0"
"WIN-DEMO-APP03","virtualdisk.read.average","8/20/2026 4:59:00 AM","20","0","0","KBps","scsi0:0","n/a","0"
"WIN-DEMO-APP03","virtualdisk.read.average","8/20/2026 4:59:20 AM","20","0","0","KBps","scsi0:0","n/a","0"
"WIN-DEMO-APP03","virtualdisk.read.average","8/20/2026 4:59:40 AM","20","0","0","KBps","scsi0:0","n/a","0"
"WIN-DEMO-APP03","virtualdisk.read.average","8/20/2026 5:00:00 AM","20","129","129","KBps","scsi0:0","n/a","0"
"WIN-DEMO-APP03","virtualdisk.read.average","8/20/2026 5:00:20 AM","20","0","0","KBps","scsi0:0","n/a","0"
"WIN-DEMO-APP03","virtualdisk.read.average","8/20/2026 5:00:40 AM","20","0","0","KBps","scsi0:0","n/a","0"
"WIN-DEMO-APP03","virtualdisk.read.average","8/20/2026 5:01:00 AM","20","0","0","KBps","scsi0:0","n/a","0"
"WIN-DEMO-APP03","virtualdisk.read.average","8/20/2026 5:01:20 AM","20","0","0","KBps","scsi0:0","n/a","0"
"WIN-DEMO-APP03","virtualdisk.read.average","8/20/2026 5:01:40 AM","20","0","0","KBps","scsi0:0","n/a","0"
"WIN-DEMO-APP03","virtualdisk.read.average","8/20/2026 5:02:00 AM","20","0","0","KBps","scsi0:0","n/a","0"
"WIN-DEMO-APP03","virtualdisk.read.average","8/20/2026 5:02:20 AM","20","0","0","KBps","scsi0:0","n/a","0"
"WIN-DEMO-APP03","virtualdisk.read.average","8/20/2026 5:02:40 AM","20","0","0","KBps","scsi0:0","n/a","0"
"WIN-DEMO-APP03","virtualdisk.read.average","8/20/2026 5:03:00 AM","20","0","0","KBps","scsi0:0","n/a","0"
"WIN-DEMO-APP03","virtualdisk.read.average","8/20/2026 5:03:20 AM","20","0","0","KBps","scsi0:0","n/a","0"
"WIN-DEMO-APP03","virtualdisk.read.average","8/20/2026 5:03:40 AM","20","0","0","KBps","scsi0:0","n/a","0"
"WIN-DEMO-APP03","virtualdisk.read.average","8/20/2026 5:04:00 AM","20","0","0","KBps","scsi0:0","n/a","0"
"WIN-DEMO-APP03","virtualdisk.read.average","8/20/2026 5:04:20 AM","20","0","0","KBps","scsi0:0","n/a","0"
"WIN-DEMO-APP03","virtualdisk.read.average","8/20/2026 5:04:40 AM","20","0","0","KBps","scsi0:0","n/a","0"
"WIN-DEMO-APP03","virtualdisk.read.average","8/20/2026 5:05:00 AM","20","0","0","KBps","scsi0:0","n/a","0"
"WIN-DEMO-APP03","virtualdisk.read.average","8/20/2026 5:05:20 AM","20","0","0","KBps","scsi0:0","n/a","0"
"WIN-DEMO-APP03","virtualdisk.read.average","8/20/2026 5:05:40 AM","20","0","0","KBps","scsi0:0","n/a","0"
"WIN-DEMO-APP03","virtualdisk.read.average","8/20/2026 4:06:00 AM","20","0","0","KBps","scsi0:1","n/a","0"
"WIN-DEMO-APP03","virtualdisk.read.average","8/20/2026 4:06:20 AM","20","0","0","KBps","scsi0:1","n/a","0"
"WIN-DEMO-APP03","virtualdisk.read.average","8/20/2026 4:06:40 AM","20","0","0","KBps","scsi0:1","n/a","0"
"WIN-DEMO-APP03","virtualdisk.read.average","8/20/2026 4:07:00 AM","20","0","0","KBps","scsi0:1","n/a","0"
"WIN-DEMO-APP03","virtualdisk.read.average","8/20/2026 4:07:20 AM","20","0","0","KBps","scsi0:1","n/a","0"
"WIN-DEMO-APP03","virtualdisk.read.average","8/20/2026 4:07:40 AM","20","0","0","KBps","scsi0:1","n/a","0"
"WIN-DEMO-APP03","virtualdisk.read.average","8/20/2026 4:08:00 AM","20","0","0","KBps","scsi0:1","n/a","0"
"WIN-DEMO-APP03","virtualdisk.read.average","8/20/2026 4:08:20 AM","20","0","0","KBps","scsi0:1","n/a","0"
"WIN-DEMO-APP03","virtualdisk.read.average","8/20/2026 4:08:40 AM","20","0","0","KBps","scsi0:1","n/a","0"
"WIN-DEMO-APP03","virtualdisk.read.average","8/20/2026 4:09:00 AM","20","0","0","KBps","scsi0:1","n/a","0"
"WIN-DEMO-APP03","virtualdisk.read.average","8/20/2026 4:09:20 AM","20","0","0","KBps","scsi0:1","n/a","0"
"WIN-DEMO-APP03","virtualdisk.read.average","8/20/2026 4:09:40 AM","20","0","0","KBps","scsi0:1","n/a","0"
"WIN-DEMO-APP03","virtualdisk.read.average","8/20/2026 4:10:00 AM","20","0","0","KBps","scsi0:1","n/a","0"
"WIN-DEMO-APP03","virtualdisk.read.average","8/20/2026 4:10:20 AM","20","0","0","KBps","scsi0:1","n/a","0"
"WIN-DEMO-APP03","virtualdisk.read.average","8/20/2026 4:10:40 AM","20","0","0","KBps","scsi0:1","n/a","0"
"WIN-DEMO-APP03","virtualdisk.read.average","8/20/2026 4:11:00 AM","20","0","0","KBps","scsi0:1","n/a","0"
"WIN-DEMO-APP03","virtualdisk.read.average","8/20/2026 4:11:20 AM","20","0","0","KBps","scsi0:1","n/a","0"
"WIN-DEMO-APP03","virtualdisk.read.average","8/20/2026 4:11:40 AM","20","0","0","KBps","scsi0:1","n/a","0"
"WIN-DEMO-APP03","virtualdisk.read.average","8/20/2026 4:12:00 AM","20","0","0","KBps","scsi0:1","n/a","0"
"WIN-DEMO-APP03","virtualdisk.read.average","8/20/2026 4:12:20 AM","20","0","0","KBps","scsi0:1","n/a","0"
"WIN-DEMO-APP03","virtualdisk.read.average","8/20/2026 4:12:40 AM","20","0","0","KBps","scsi0:1","n/a","0"
"WIN-DEMO-APP03","virtualdisk.read.average","8/20/2026 4:13:00 AM","20","0","0","KBps","scsi0:1","n/a","0"
"WIN-DEMO-APP03","virtualdisk.read.average","8/20/2026 4:13:20 AM","20","0","0","KBps","scsi0:1","n/a","0"
"WIN-DEMO-APP03","virtualdisk.read.average","8/20/2026 4:13:40 AM","20","0","0","KBps","scsi0:1","n/a","0"
"WIN-DEMO-APP03","virtualdisk.read.average","8/20/2026 4:14:00 AM","20","0","0","KBps","scsi0:1","n/a","0"
"WIN-DEMO-APP03","virtualdisk.read.average","8/20/2026 4:14:20 AM","20","0","0","KBps","scsi0:1","n/a","0"
"WIN-DEMO-APP03","virtualdisk.read.average","8/20/2026 4:14:40 AM","20","0","0","KBps","scsi0:1","n/a","0"
"WIN-DEMO-APP03","virtualdisk.read.average","8/20/2026 4:15:00 AM","20","0","0","KBps","scsi0:1","n/a","0"
"WIN-DEMO-APP03","virtualdisk.read.average","8/20/2026 4:15:20 AM","20","0","0","KBps","scsi0:1","n/a","0"
"WIN-DEMO-APP03","virtualdisk.read.average","8/20/2026 4:15:40 AM","20","0","0","KBps","scsi0:1","n/a","0"
"WIN-DEMO-APP03","virtualdisk.read.average","8/20/2026 4:16:00 AM","20","0","0","KBps","scsi0:1","n/a","0"
"WIN-DEMO-APP03","virtualdisk.read.average","8/20/2026 4:16:20 AM","20","0","0","KBps","scsi0:1","n/a","0"
"WIN-DEMO-APP03","virtualdisk.read.average","8/20/2026 4:16:40 AM","20","0","0","KBps","scsi0:1","n/a","0"
"WIN-DEMO-APP03","virtualdisk.read.average","8/20/2026 4:17:00 AM","20","0","0","KBps","scsi0:1","n/a","0"
"WIN-DEMO-APP03","virtualdisk.read.average","8/20/2026 4:17:20 AM","20","0","0","KBps","scsi0:1","n/a","0"
"WIN-DEMO-APP03","virtualdisk.read.average","8/20/2026 4:17:40 AM","20","0","0","KBps","scsi0:1","n/a","0"
"WIN-DEMO-APP03","virtualdisk.read.average","8/20/2026 4:18:00 AM","20","0","0","KBps","scsi0:1","n/a","0"
"WIN-DEMO-APP03","virtualdisk.read.average","8/20/2026 4:18:20 AM","20","0","0","KBps","scsi0:1","n/a","0"
"WIN-DEMO-APP03","virtualdisk.read.average","8/20/2026 4:18:40 AM","20","0","0","KBps","scsi0:1","n/a","0"
"WIN-DEMO-APP03","virtualdisk.read.average","8/20/2026 4:19:00 AM","20","0","0","KBps","scsi0:1","n/a","0"
"WIN-DEMO-APP03","virtualdisk.read.average","8/20/2026 4:19:20 AM","20","0","0","KBps","scsi0:1","n/a","0"
"WIN-DEMO-APP03","virtualdisk.read.average","8/20/2026 4:19:40 AM","20","0","0","KBps","scsi0:1","n/a","0"
"WIN-DEMO-APP03","virtualdisk.read.average","8/20/2026 4:20:00 AM","20","0","0","KBps","scsi0:1","n/a","0"
"WIN-DEMO-APP03","virtualdisk.read.average","8/20/2026 4:20:20 AM","20","0","0","KBps","scsi0:1","n/a","0"
"WIN-DEMO-APP03","virtualdisk.read.average","8/20/2026 4:20:40 AM","20","0","0","KBps","scsi0:1","n/a","0"
"WIN-DEMO-APP03","virtualdisk.read.average","8/20/2026 4:21:00 AM","20","0","0","KBps","scsi0:1","n/a","0"
"WIN-DEMO-APP03","virtualdisk.read.average","8/20/2026 4:21:20 AM","20","0","0","KBps","scsi0:1","n/a","0"
"WIN-DEMO-APP03","virtualdisk.read.average","8/20/2026 4:21:40 AM","20","0","0","KBps","scsi0:1","n/a","0"
"WIN-DEMO-APP03","virtualdisk.read.average","8/20/2026 4:22:00 AM","20","0","0","KBps","scsi0:1","n/a","0"
"WIN-DEMO-APP03","virtualdisk.read.average","8/20/2026 4:22:20 AM","20","0","0","KBps","scsi0:1","n/a","0"
"WIN-DEMO-APP03","virtualdisk.read.average","8/20/2026 4:22:40 AM","20","0","0","KBps","scsi0:1","n/a","0"
"WIN-DEMO-APP03","virtualdisk.read.average","8/20/2026 4:23:00 AM","20","0","0","KBps","scsi0:1","n/a","0"
"WIN-DEMO-APP03","virtualdisk.read.average","8/20/2026 4:23:20 AM","20","0","0","KBps","scsi0:1","n/a","0"
"WIN-DEMO-APP03","virtualdisk.read.average","8/20/2026 4:23:40 AM","20","0","0","KBps","scsi0:1","n/a","0"
"WIN-DEMO-APP03","virtualdisk.read.average","8/20/2026 4:24:00 AM","20","0","0","KBps","scsi0:1","n/a","0"
"WIN-DEMO-APP03","virtualdisk.read.average","8/20/2026 4:24:20 AM","20","0","0","KBps","scsi0:1","n/a","0"
"WIN-DEMO-APP03","virtualdisk.read.average","8/20/2026 4:24:40 AM","20","0","0","KBps","scsi0:1","n/a","0"
"WIN-DEMO-APP03","virtualdisk.read.average","8/20/2026 4:25:00 AM","20","0","0","KBps","scsi0:1","n/a","0"
"WIN-DEMO-APP03","virtualdisk.read.average","8/20/2026 4:25:20 AM","20","0","0","KBps","scsi0:1","n/a","0"
"WIN-DEMO-APP03","virtualdisk.read.average","8/20/2026 4:25:40 AM","20","0","0","KBps","scsi0:1","n/a","0"
"WIN-DEMO-APP03","virtualdisk.read.average","8/20/2026 4:26:00 AM","20","0","0","KBps","scsi0:1","n/a","0"
"WIN-DEMO-APP03","virtualdisk.read.average","8/20/2026 4:26:20 AM","20","0","0","KBps","scsi0:1","n/a","0"
"WIN-DEMO-APP03","virtualdisk.read.average","8/20/2026 4:26:40 AM","20","0","0","KBps","scsi0:1","n/a","0"
"WIN-DEMO-APP03","virtualdisk.read.average","8/20/2026 4:27:00 AM","20","0","0","KBps","scsi0:1","n/a","0"
"WIN-DEMO-APP03","virtualdisk.read.average","8/20/2026 4:27:20 AM","20","0","0","KBps","scsi0:1","n/a","0"
"WIN-DEMO-APP03","virtualdisk.read.average","8/20/2026 4:27:40 AM","20","0","0","KBps","scsi0:1","n/a","0"
"WIN-DEMO-APP03","virtualdisk.read.average","8/20/2026 4:28:00 AM","20","0","0","KBps","scsi0:1","n/a","0"
"WIN-DEMO-APP03","virtualdisk.read.average","8/20/2026 4:28:20 AM","20","0","0","KBps","scsi0:1","n/a","0"
"WIN-DEMO-APP03","virtualdisk.read.average","8/20/2026 4:28:40 AM","20","0","0","KBps","scsi0:1","n/a","0"
"WIN-DEMO-APP03","virtualdisk.read.average","8/20/2026 4:29:00 AM","20","0","0","KBps","scsi0:1","n/a","0"
"WIN-DEMO-APP03","virtualdisk.read.average","8/20/2026 4:29:20 AM","20","0","0","KBps","scsi0:1","n/a","0"
"WIN-DEMO-APP03","virtualdisk.read.average","8/20/2026 4:29:40 AM","20","0","0","KBps","scsi0:1","n/a","0"
"WIN-DEMO-APP03","virtualdisk.read.average","8/20/2026 4:30:00 AM","20","0","0","KBps","scsi0:1","n/a","0"
"WIN-DEMO-APP03","virtualdisk.read.average","8/20/2026 4:30:20 AM","20","0","0","KBps","scsi0:1","n/a","0"
"WIN-DEMO-APP03","virtualdisk.read.average","8/20/2026 4:30:40 AM","20","0","0","KBps","scsi0:1","n/a","0"
"WIN-DEMO-APP03","virtualdisk.read.average","8/20/2026 4:31:00 AM","20","0","0","KBps","scsi0:1","n/a","0"
"WIN-DEMO-APP03","virtualdisk.read.average","8/20/2026 4:31:20 AM","20","0","0","KBps","scsi0:1","n/a","0"
"WIN-DEMO-APP03","virtualdisk.read.average","8/20/2026 4:31:40 AM","20","0","0","KBps","scsi0:1","n/a","0"
"WIN-DEMO-APP03","virtualdisk.read.average","8/20/2026 4:32:00 AM","20","0","0","KBps","scsi0:1","n/a","0"
"WIN-DEMO-APP03","virtualdisk.read.average","8/20/2026 4:32:20 AM","20","0","0","KBps","scsi0:1","n/a","0"
"WIN-DEMO-APP03","virtualdisk.read.average","8/20/2026 4:32:40 AM","20","0","0","KBps","scsi0:1","n/a","0"
"WIN-DEMO-APP03","virtualdisk.read.average","8/20/2026 4:33:00 AM","20","0","0","KBps","scsi0:1","n/a","0"
"WIN-DEMO-APP03","virtualdisk.read.average","8/20/2026 4:33:20 AM","20","0","0","KBps","scsi0:1","n/a","0"
"WIN-DEMO-APP03","virtualdisk.read.average","8/20/2026 4:33:40 AM","20","0","0","KBps","scsi0:1","n/a","0"
"WIN-DEMO-APP03","virtualdisk.read.average","8/20/2026 4:34:00 AM","20","0","0","KBps","scsi0:1","n/a","0"
"WIN-DEMO-APP03","virtualdisk.read.average","8/20/2026 4:34:20 AM","20","0","0","KBps","scsi0:1","n/a","0"
"WIN-DEMO-APP03","virtualdisk.read.average","8/20/2026 4:34:40 AM","20","0","0","KBps","scsi0:1","n/a","0"
"WIN-DEMO-APP03","virtualdisk.read.average","8/20/2026 4:35:00 AM","20","0","0","KBps","scsi0:1","n/a","0"
"WIN-DEMO-APP03","virtualdisk.read.average","8/20/2026 4:35:20 AM","20","0","0","KBps","scsi0:1","n/a","0"
"WIN-DEMO-APP03","virtualdisk.read.average","8/20/2026 4:35:40 AM","20","0","0","KBps","scsi0:1","n/a","0"
"WIN-DEMO-APP03","virtualdisk.read.average","8/20/2026 4:36:00 AM","20","0","0","KBps","scsi0:1","n/a","0"
"WIN-DEMO-APP03","virtualdisk.read.average","8/20/2026 4:36:20 AM","20","0","0","KBps","scsi0:1","n/a","0"
"WIN-DEMO-APP03","virtualdisk.read.average","8/20/2026 4:36:40 AM","20","0","0","KBps","scsi0:1","n/a","0"
"WIN-DEMO-APP03","virtualdisk.read.average","8/20/2026 4:37:00 AM","20","0","0","KBps","scsi0:1","n/a","0"
"WIN-DEMO-APP03","virtualdisk.read.average","8/20/2026 4:37:20 AM","20","0","0","KBps","scsi0:1","n/a","0"
"WIN-DEMO-APP03","virtualdisk.read.average","8/20/2026 4:37:40 AM","20","0","0","KBps","scsi0:1","n/a","0"
"WIN-DEMO-APP03","virtualdisk.read.average","8/20/2026 4:38:00 AM","20","0","0","KBps","scsi0:1","n/a","0"
"WIN-DEMO-APP03","virtualdisk.read.average","8/20/2026 4:38:20 AM","20","0","0","KBps","scsi0:1","n/a","0"
"WIN-DEMO-APP03","virtualdisk.read.average","8/20/2026 4:38:40 AM","20","0","0","KBps","scsi0:1","n/a","0"
"WIN-DEMO-APP03","virtualdisk.read.average","8/20/2026 4:39:00 AM","20","0","0","KBps","scsi0:1","n/a","0"
"WIN-DEMO-APP03","virtualdisk.read.average","8/20/2026 4:39:20 AM","20","0","0","KBps","scsi0:1","n/a","0"
"WIN-DEMO-APP03","virtualdisk.read.average","8/20/2026 4:39:40 AM","20","0","0","KBps","scsi0:1","n/a","0"
"WIN-DEMO-APP03","virtualdisk.read.average","8/20/2026 4:40:00 AM","20","0","0","KBps","scsi0:1","n/a","0"
"WIN-DEMO-APP03","virtualdisk.read.average","8/20/2026 4:40:20 AM","20","0","0","KBps","scsi0:1","n/a","0"
"WIN-DEMO-APP03","virtualdisk.read.average","8/20/2026 4:40:40 AM","20","0","0","KBps","scsi0:1","n/a","0"
"WIN-DEMO-APP03","virtualdisk.read.average","8/20/2026 4:41:00 AM","20","0","0","KBps","scsi0:1","n/a","0"
"WIN-DEMO-APP03","virtualdisk.read.average","8/20/2026 4:41:20 AM","20","0","0","KBps","scsi0:1","n/a","0"
"WIN-DEMO-APP03","virtualdisk.read.average","8/20/2026 4:41:40 AM","20","0","0","KBps","scsi0:1","n/a","0"
"WIN-DEMO-APP03","virtualdisk.read.average","8/20/2026 4:42:00 AM","20","0","0","KBps","scsi0:1","n/a","0"
"WIN-DEMO-APP03","virtualdisk.read.average","8/20/2026 4:42:20 AM","20","0","0","KBps","scsi0:1","n/a","0"
"WIN-DEMO-APP03","virtualdisk.read.average","8/20/2026 4:42:40 AM","20","0","0","KBps","scsi0:1","n/a","0"
"WIN-DEMO-APP03","virtualdisk.read.average","8/20/2026 4:43:00 AM","20","0","0","KBps","scsi0:1","n/a","0"
"WIN-DEMO-APP03","virtualdisk.read.average","8/20/2026 4:43:20 AM","20","0","0","KBps","scsi0:1","n/a","0"
"WIN-DEMO-APP03","virtualdisk.read.average","8/20/2026 4:43:40 AM","20","0","0","KBps","scsi0:1","n/a","0"
"WIN-DEMO-APP03","virtualdisk.read.average","8/20/2026 4:44:00 AM","20","0","0","KBps","scsi0:1","n/a","0"
"WIN-DEMO-APP03","virtualdisk.read.average","8/20/2026 4:44:20 AM","20","0","0","KBps","scsi0:1","n/a","0"
"WIN-DEMO-APP03","virtualdisk.read.average","8/20/2026 4:44:40 AM","20","0","0","KBps","scsi0:1","n/a","0"
"WIN-DEMO-APP03","virtualdisk.read.average","8/20/2026 4:45:00 AM","20","0","0","KBps","scsi0:1","n/a","0"
"WIN-DEMO-APP03","virtualdisk.read.average","8/20/2026 4:45:20 AM","20","0","0","KBps","scsi0:1","n/a","0"
"WIN-DEMO-APP03","virtualdisk.read.average","8/20/2026 4:45:40 AM","20","0","0","KBps","scsi0:1","n/a","0"
"WIN-DEMO-APP03","virtualdisk.read.average","8/20/2026 4:46:00 AM","20","0","0","KBps","scsi0:1","n/a","0"
"WIN-DEMO-APP03","virtualdisk.read.average","8/20/2026 4:46:20 AM","20","0","0","KBps","scsi0:1","n/a","0"
"WIN-DEMO-APP03","virtualdisk.read.average","8/20/2026 4:46:40 AM","20","0","0","KBps","scsi0:1","n/a","0"
"WIN-DEMO-APP03","virtualdisk.read.average","8/20/2026 4:47:00 AM","20","0","0","KBps","scsi0:1","n/a","0"
"WIN-DEMO-APP03","virtualdisk.read.average","8/20/2026 4:47:20 AM","20","0","0","KBps","scsi0:1","n/a","0"
"WIN-DEMO-APP03","virtualdisk.read.average","8/20/2026 4:47:40 AM","20","0","0","KBps","scsi0:1","n/a","0"
"WIN-DEMO-APP03","virtualdisk.read.average","8/20/2026 4:48:00 AM","20","0","0","KBps","scsi0:1","n/a","0"
"WIN-DEMO-APP03","virtualdisk.read.average","8/20/2026 4:48:20 AM","20","0","0","KBps","scsi0:1","n/a","0"
"WIN-DEMO-APP03","virtualdisk.read.average","8/20/2026 4:48:40 AM","20","0","0","KBps","scsi0:1","n/a","0"
"WIN-DEMO-APP03","virtualdisk.read.average","8/20/2026 4:49:00 AM","20","0","0","KBps","scsi0:1","n/a","0"
"WIN-DEMO-APP03","virtualdisk.read.average","8/20/2026 4:49:20 AM","20","0","0","KBps","scsi0:1","n/a","0"
"WIN-DEMO-APP03","virtualdisk.read.average","8/20/2026 4:49:40 AM","20","0","0","KBps","scsi0:1","n/a","0"
"WIN-DEMO-APP03","virtualdisk.read.average","8/20/2026 4:50:00 AM","20","0","0","KBps","scsi0:1","n/a","0"
"WIN-DEMO-APP03","virtualdisk.read.average","8/20/2026 4:50:20 AM","20","0","0","KBps","scsi0:1","n/a","0"
"WIN-DEMO-APP03","virtualdisk.read.average","8/20/2026 4:50:40 AM","20","0","0","KBps","scsi0:1","n/a","0"
"WIN-DEMO-APP03","virtualdisk.read.average","8/20/2026 4:51:00 AM","20","0","0","KBps","scsi0:1","n/a","0"
"WIN-DEMO-APP03","virtualdisk.read.average","8/20/2026 4:51:20 AM","20","0","0","KBps","scsi0:1","n/a","0"
"WIN-DEMO-APP03","virtualdisk.read.average","8/20/2026 4:51:40 AM","20","0","0","KBps","scsi0:1","n/a","0"
"WIN-DEMO-APP03","virtualdisk.read.average","8/20/2026 4:52:00 AM","20","0","0","KBps","scsi0:1","n/a","0"
"WIN-DEMO-APP03","virtualdisk.read.average","8/20/2026 4:52:20 AM","20","0","0","KBps","scsi0:1","n/a","0"
"WIN-DEMO-APP03","virtualdisk.read.average","8/20/2026 4:52:40 AM","20","0","0","KBps","scsi0:1","n/a","0"
"WIN-DEMO-APP03","virtualdisk.read.average","8/20/2026 4:53:00 AM","20","0","0","KBps","scsi0:1","n/a","0"
"WIN-DEMO-APP03","virtualdisk.read.average","8/20/2026 4:53:20 AM","20","0","0","KBps","scsi0:1","n/a","0"
"WIN-DEMO-APP03","virtualdisk.read.average","8/20/2026 4:53:40 AM","20","0","0","KBps","scsi0:1","n/a","0"
"WIN-DEMO-APP03","virtualdisk.read.average","8/20/2026 4:54:00 AM","20","0","0","KBps","scsi0:1","n/a","0"
"WIN-DEMO-APP03","virtualdisk.read.average","8/20/2026 4:54:20 AM","20","0","0","KBps","scsi0:1","n/a","0"
"WIN-DEMO-APP03","virtualdisk.read.average","8/20/2026 4:54:40 AM","20","0","0","KBps","scsi0:1","n/a","0"
"WIN-DEMO-APP03","virtualdisk.read.average","8/20/2026 4:55:00 AM","20","0","0","KBps","scsi0:1","n/a","0"
"WIN-DEMO-APP03","virtualdisk.read.average","8/20/2026 4:55:20 AM","20","0","0","KBps","scsi0:1","n/a","0"
"WIN-DEMO-APP03","virtualdisk.read.average","8/20/2026 4:55:40 AM","20","0","0","KBps","scsi0:1","n/a","0"
"WIN-DEMO-APP03","virtualdisk.read.average","8/20/2026 4:56:00 AM","20","0","0","KBps","scsi0:1","n/a","0"
"WIN-DEMO-APP03","virtualdisk.read.average","8/20/2026 4:56:20 AM","20","0","0","KBps","scsi0:1","n/a","0"
"WIN-DEMO-APP03","virtualdisk.read.average","8/20/2026 4:56:40 AM","20","0","0","KBps","scsi0:1","n/a","0"
"WIN-DEMO-APP03","virtualdisk.read.average","8/20/2026 4:57:00 AM","20","0","0","KBps","scsi0:1","n/a","0"
"WIN-DEMO-APP03","virtualdisk.read.average","8/20/2026 4:57:20 AM","20","0","0","KBps","scsi0:1","n/a","0"
"WIN-DEMO-APP03","virtualdisk.read.average","8/20/2026 4:57:40 AM","20","0","0","KBps","scsi0:1","n/a","0"
"WIN-DEMO-APP03","virtualdisk.read.average","8/20/2026 4:58:00 AM","20","0","0","KBps","scsi0:1","n/a","0"
"WIN-DEMO-APP03","virtualdisk.read.average","8/20/2026 4:58:20 AM","20","0","0","KBps","scsi0:1","n/a","0"
"WIN-DEMO-APP03","virtualdisk.read.average","8/20/2026 4:58:40 AM","20","0","0","KBps","scsi0:1","n/a","0"
"WIN-DEMO-APP03","virtualdisk.read.average","8/20/2026 4:59:00 AM","20","0","0","KBps","scsi0:1","n/a","0"
"WIN-DEMO-APP03","virtualdisk.read.average","8/20/2026 4:59:20 AM","20","0","0","KBps","scsi0:1","n/a","0"
"WIN-DEMO-APP03","virtualdisk.read.average","8/20/2026 4:59:40 AM","20","0","0","KBps","scsi0:1","n/a","0"
"WIN-DEMO-APP03","virtualdisk.read.average","8/20/2026 5:00:00 AM","20","0","0","KBps","scsi0:1","n/a","0"
"WIN-DEMO-APP03","virtualdisk.read.average","8/20/2026 5:00:20 AM","20","0","0","KBps","scsi0:1","n/a","0"
"WIN-DEMO-APP03","virtualdisk.read.average","8/20/2026 5:00:40 AM","20","0","0","KBps","scsi0:1","n/a","0"
"WIN-DEMO-APP03","virtualdisk.read.average","8/20/2026 5:01:00 AM","20","0","0","KBps","scsi0:1","n/a","0"
"WIN-DEMO-APP03","virtualdisk.read.average","8/20/2026 5:01:20 AM","20","0","0","KBps","scsi0:1","n/a","0"
"WIN-DEMO-APP03","virtualdisk.read.average","8/20/2026 5:01:40 AM","20","0","0","KBps","scsi0:1","n/a","0"
"WIN-DEMO-APP03","virtualdisk.read.average","8/20/2026 5:02:00 AM","20","0","0","KBps","scsi0:1","n/a","0"
"WIN-DEMO-APP03","virtualdisk.read.average","8/20/2026 5:02:20 AM","20","0","0","KBps","scsi0:1","n/a","0"
"WIN-DEMO-APP03","virtualdisk.read.average","8/20/2026 5:02:40 AM","20","0","0","KBps","scsi0:1","n/a","0"
"WIN-DEMO-APP03","virtualdisk.read.average","8/20/2026 5:03:00 AM","20","0","0","KBps","scsi0:1","n/a","0"
"WIN-DEMO-APP03","virtualdisk.read.average","8/20/2026 5:03:20 AM","20","0","0","KBps","scsi0:1","n/a","0"
"WIN-DEMO-APP03","virtualdisk.read.average","8/20/2026 5:03:40 AM","20","0","0","KBps","scsi0:1","n/a","0"
"WIN-DEMO-APP03","virtualdisk.read.average","8/20/2026 5:04:00 AM","20","0","0","KBps","scsi0:1","n/a","0"
"WIN-DEMO-APP03","virtualdisk.read.average","8/20/2026 5:04:20 AM","20","0","0","KBps","scsi0:1","n/a","0"
"WIN-DEMO-APP03","virtualdisk.read.average","8/20/2026 5:04:40 AM","20","0","0","KBps","scsi0:1","n/a","0"
"WIN-DEMO-APP03","virtualdisk.read.average","8/20/2026 5:05:00 AM","20","0","0","KBps","scsi0:1","n/a","0"
"WIN-DEMO-APP03","virtualdisk.read.average","8/20/2026 5:05:20 AM","20","0","0","KBps","scsi0:1","n/a","0"
"WIN-DEMO-APP03","virtualdisk.read.average","8/20/2026 5:05:40 AM","20","0","0","KBps","scsi0:1","n/a","0"
"WIN-DEMO-APP03","virtualdisk.write.average","8/20/2026 4:06:00 AM","20","3","3","KBps","scsi0:0","n/a","0"
"WIN-DEMO-APP03","virtualdisk.write.average","8/20/2026 4:06:20 AM","20","4","4","KBps","scsi0:0","n/a","0"
"WIN-DEMO-APP03","virtualdisk.write.average","8/20/2026 4:06:40 AM","20","2","2","KBps","scsi0:0","n/a","0"
"WIN-DEMO-APP03","virtualdisk.write.average","8/20/2026 4:07:00 AM","20","2","2","KBps","scsi0:0","n/a","0"
"WIN-DEMO-APP03","virtualdisk.write.average","8/20/2026 4:07:20 AM","20","5","5","KBps","scsi0:0","n/a","0"
"WIN-DEMO-APP03","virtualdisk.write.average","8/20/2026 4:07:40 AM","20","9","9","KBps","scsi0:0","n/a","0"
"WIN-DEMO-APP03","virtualdisk.write.average","8/20/2026 4:08:00 AM","20","10","10","KBps","scsi0:0","n/a","0"
"WIN-DEMO-APP03","virtualdisk.write.average","8/20/2026 4:08:20 AM","20","14","14","KBps","scsi0:0","n/a","0"
"WIN-DEMO-APP03","virtualdisk.write.average","8/20/2026 4:08:40 AM","20","3","3","KBps","scsi0:0","n/a","0"
"WIN-DEMO-APP03","virtualdisk.write.average","8/20/2026 4:09:00 AM","20","5","5","KBps","scsi0:0","n/a","0"
"WIN-DEMO-APP03","virtualdisk.write.average","8/20/2026 4:09:20 AM","20","2","2","KBps","scsi0:0","n/a","0"
"WIN-DEMO-APP03","virtualdisk.write.average","8/20/2026 4:09:40 AM","20","11","11","KBps","scsi0:0","n/a","0"
"WIN-DEMO-APP03","virtualdisk.write.average","8/20/2026 4:10:00 AM","20","3","3","KBps","scsi0:0","n/a","0"
"WIN-DEMO-APP03","virtualdisk.write.average","8/20/2026 4:10:20 AM","20","1","1","KBps","scsi0:0","n/a","0"
"WIN-DEMO-APP03","virtualdisk.write.average","8/20/2026 4:10:40 AM","20","1","1","KBps","scsi0:0","n/a","0"
"WIN-DEMO-APP03","virtualdisk.write.average","8/20/2026 4:11:00 AM","20","3","3","KBps","scsi0:0","n/a","0"
"WIN-DEMO-APP03","virtualdisk.write.average","8/20/2026 4:11:20 AM","20","0","0","KBps","scsi0:0","n/a","0"
"WIN-DEMO-APP03","virtualdisk.write.average","8/20/2026 4:11:40 AM","20","11","11","KBps","scsi0:0","n/a","0"
"WIN-DEMO-APP03","virtualdisk.write.average","8/20/2026 4:12:00 AM","20","7","7","KBps","scsi0:0","n/a","0"
"WIN-DEMO-APP03","virtualdisk.write.average","8/20/2026 4:12:20 AM","20","0","0","KBps","scsi0:0","n/a","0"
"WIN-DEMO-APP03","virtualdisk.write.average","8/20/2026 4:12:40 AM","20","5","5","KBps","scsi0:0","n/a","0"
"WIN-DEMO-APP03","virtualdisk.write.average","8/20/2026 4:13:00 AM","20","8","8","KBps","scsi0:0","n/a","0"
"WIN-DEMO-APP03","virtualdisk.write.average","8/20/2026 4:13:20 AM","20","1","1","KBps","scsi0:0","n/a","0"
"WIN-DEMO-APP03","virtualdisk.write.average","8/20/2026 4:13:40 AM","20","5","5","KBps","scsi0:0","n/a","0"
"WIN-DEMO-APP03","virtualdisk.write.average","8/20/2026 4:14:00 AM","20","3","3","KBps","scsi0:0","n/a","0"
"WIN-DEMO-APP03","virtualdisk.write.average","8/20/2026 4:14:20 AM","20","3","3","KBps","scsi0:0","n/a","0"
"WIN-DEMO-APP03","virtualdisk.write.average","8/20/2026 4:14:40 AM","20","20","20","KBps","scsi0:0","n/a","0"
"WIN-DEMO-APP03","virtualdisk.write.average","8/20/2026 4:15:00 AM","20","3","3","KBps","scsi0:0","n/a","0"
"WIN-DEMO-APP03","virtualdisk.write.average","8/20/2026 4:15:20 AM","20","2","2","KBps","scsi0:0","n/a","0"
"WIN-DEMO-APP03","virtualdisk.write.average","8/20/2026 4:15:40 AM","20","2","2","KBps","scsi0:0","n/a","0"
"WIN-DEMO-APP03","virtualdisk.write.average","8/20/2026 4:16:00 AM","20","4","4","KBps","scsi0:0","n/a","0"
"WIN-DEMO-APP03","virtualdisk.write.average","8/20/2026 4:16:20 AM","20","0","0","KBps","scsi0:0","n/a","0"
"WIN-DEMO-APP03","virtualdisk.write.average","8/20/2026 4:16:40 AM","20","1","1","KBps","scsi0:0","n/a","0"
"WIN-DEMO-APP03","virtualdisk.write.average","8/20/2026 4:17:00 AM","20","6","6","KBps","scsi0:0","n/a","0"
"WIN-DEMO-APP03","virtualdisk.write.average","8/20/2026 4:17:20 AM","20","1","1","KBps","scsi0:0","n/a","0"
"WIN-DEMO-APP03","virtualdisk.write.average","8/20/2026 4:17:40 AM","20","3","3","KBps","scsi0:0","n/a","0"
"WIN-DEMO-APP03","virtualdisk.write.average","8/20/2026 4:18:00 AM","20","5","5","KBps","scsi0:0","n/a","0"
"WIN-DEMO-APP03","virtualdisk.write.average","8/20/2026 4:18:20 AM","20","6","6","KBps","scsi0:0","n/a","0"
"WIN-DEMO-APP03","virtualdisk.write.average","8/20/2026 4:18:40 AM","20","3","3","KBps","scsi0:0","n/a","0"
"WIN-DEMO-APP03","virtualdisk.write.average","8/20/2026 4:19:00 AM","20","6","6","KBps","scsi0:0","n/a","0"
"WIN-DEMO-APP03","virtualdisk.write.average","8/20/2026 4:19:20 AM","20","2","2","KBps","scsi0:0","n/a","0"
"WIN-DEMO-APP03","virtualdisk.write.average","8/20/2026 4:19:40 AM","20","10","10","KBps","scsi0:0","n/a","0"
"WIN-DEMO-APP03","virtualdisk.write.average","8/20/2026 4:20:00 AM","20","4","4","KBps","scsi0:0","n/a","0"
"WIN-DEMO-APP03","virtualdisk.write.average","8/20/2026 4:20:20 AM","20","1","1","KBps","scsi0:0","n/a","0"
"WIN-DEMO-APP03","virtualdisk.write.average","8/20/2026 4:20:40 AM","20","2","2","KBps","scsi0:0","n/a","0"
"WIN-DEMO-APP03","virtualdisk.write.average","8/20/2026 4:21:00 AM","20","4","4","KBps","scsi0:0","n/a","0"
"WIN-DEMO-APP03","virtualdisk.write.average","8/20/2026 4:21:20 AM","20","4","4","KBps","scsi0:0","n/a","0"
"WIN-DEMO-APP03","virtualdisk.write.average","8/20/2026 4:21:40 AM","20","1","1","KBps","scsi0:0","n/a","0"
"WIN-DEMO-APP03","virtualdisk.write.average","8/20/2026 4:22:00 AM","20","3","3","KBps","scsi0:0","n/a","0"
"WIN-DEMO-APP03","virtualdisk.write.average","8/20/2026 4:22:20 AM","20","8","8","KBps","scsi0:0","n/a","0"
"WIN-DEMO-APP03","virtualdisk.write.average","8/20/2026 4:22:40 AM","20","17","17","KBps","scsi0:0","n/a","0"
"WIN-DEMO-APP03","virtualdisk.write.average","8/20/2026 4:23:00 AM","20","5","5","KBps","scsi0:0","n/a","0"
"WIN-DEMO-APP03","virtualdisk.write.average","8/20/2026 4:23:20 AM","20","4","4","KBps","scsi0:0","n/a","0"
"WIN-DEMO-APP03","virtualdisk.write.average","8/20/2026 4:23:40 AM","20","7","7","KBps","scsi0:0","n/a","0"
"WIN-DEMO-APP03","virtualdisk.write.average","8/20/2026 4:24:00 AM","20","4","4","KBps","scsi0:0","n/a","0"
"WIN-DEMO-APP03","virtualdisk.write.average","8/20/2026 4:24:20 AM","20","5","5","KBps","scsi0:0","n/a","0"
"WIN-DEMO-APP03","virtualdisk.write.average","8/20/2026 4:24:40 AM","20","1","1","KBps","scsi0:0","n/a","0"
"WIN-DEMO-APP03","virtualdisk.write.average","8/20/2026 4:25:00 AM","20","4","4","KBps","scsi0:0","n/a","0"
"WIN-DEMO-APP03","virtualdisk.write.average","8/20/2026 4:25:20 AM","20","2","2","KBps","scsi0:0","n/a","0"
"WIN-DEMO-APP03","virtualdisk.write.average","8/20/2026 4:25:40 AM","20","4","4","KBps","scsi0:0","n/a","0"
"WIN-DEMO-APP03","virtualdisk.write.average","8/20/2026 4:26:00 AM","20","6","6","KBps","scsi0:0","n/a","0"
"WIN-DEMO-APP03","virtualdisk.write.average","8/20/2026 4:26:20 AM","20","0","0","KBps","scsi0:0","n/a","0"
"WIN-DEMO-APP03","virtualdisk.write.average","8/20/2026 4:26:40 AM","20","0","0","KBps","scsi0:0","n/a","0"
"WIN-DEMO-APP03","virtualdisk.write.average","8/20/2026 4:27:00 AM","20","4","4","KBps","scsi0:0","n/a","0"
"WIN-DEMO-APP03","virtualdisk.write.average","8/20/2026 4:27:20 AM","20","0","0","KBps","scsi0:0","n/a","0"
"WIN-DEMO-APP03","virtualdisk.write.average","8/20/2026 4:27:40 AM","20","4","4","KBps","scsi0:0","n/a","0"
"WIN-DEMO-APP03","virtualdisk.write.average","8/20/2026 4:28:00 AM","20","7","7","KBps","scsi0:0","n/a","0"
"WIN-DEMO-APP03","virtualdisk.write.average","8/20/2026 4:28:20 AM","20","4","4","KBps","scsi0:0","n/a","0"
"WIN-DEMO-APP03","virtualdisk.write.average","8/20/2026 4:28:40 AM","20","0","0","KBps","scsi0:0","n/a","0"
"WIN-DEMO-APP03","virtualdisk.write.average","8/20/2026 4:29:00 AM","20","3","3","KBps","scsi0:0","n/a","0"
"WIN-DEMO-APP03","virtualdisk.write.average","8/20/2026 4:29:20 AM","20","2","2","KBps","scsi0:0","n/a","0"
"WIN-DEMO-APP03","virtualdisk.write.average","8/20/2026 4:29:40 AM","20","11","11","KBps","scsi0:0","n/a","0"
"WIN-DEMO-APP03","virtualdisk.write.average","8/20/2026 4:30:00 AM","20","4","4","KBps","scsi0:0","n/a","0"
"WIN-DEMO-APP03","virtualdisk.write.average","8/20/2026 4:30:20 AM","20","2","2","KBps","scsi0:0","n/a","0"
"WIN-DEMO-APP03","virtualdisk.write.average","8/20/2026 4:30:40 AM","20","3","3","KBps","scsi0:0","n/a","0"
"WIN-DEMO-APP03","virtualdisk.write.average","8/20/2026 4:31:00 AM","20","2","2","KBps","scsi0:0","n/a","0"
"WIN-DEMO-APP03","virtualdisk.write.average","8/20/2026 4:31:20 AM","20","1","1","KBps","scsi0:0","n/a","0"
"WIN-DEMO-APP03","virtualdisk.write.average","8/20/2026 4:31:40 AM","20","3","3","KBps","scsi0:0","n/a","0"
"WIN-DEMO-APP03","virtualdisk.write.average","8/20/2026 4:32:00 AM","20","3","3","KBps","scsi0:0","n/a","0"
"WIN-DEMO-APP03","virtualdisk.write.average","8/20/2026 4:32:20 AM","20","5","5","KBps","scsi0:0","n/a","0"
"WIN-DEMO-APP03","virtualdisk.write.average","8/20/2026 4:32:40 AM","20","10","10","KBps","scsi0:0","n/a","0"
"WIN-DEMO-APP03","virtualdisk.write.average","8/20/2026 4:33:00 AM","20","8","8","KBps","scsi0:0","n/a","0"
"WIN-DEMO-APP03","virtualdisk.write.average","8/20/2026 4:33:20 AM","20","0","0","KBps","scsi0:0","n/a","0"
"WIN-DEMO-APP03","virtualdisk.write.average","8/20/2026 4:33:40 AM","20","3","3","KBps","scsi0:0","n/a","0"
"WIN-DEMO-APP03","virtualdisk.write.average","8/20/2026 4:34:00 AM","20","3","3","KBps","scsi0:0","n/a","0"
"WIN-DEMO-APP03","virtualdisk.write.average","8/20/2026 4:34:20 AM","20","0","0","KBps","scsi0:0","n/a","0"
"WIN-DEMO-APP03","virtualdisk.write.average","8/20/2026 4:34:40 AM","20","8","8","KBps","scsi0:0","n/a","0"
"WIN-DEMO-APP03","virtualdisk.write.average","8/20/2026 4:35:00 AM","20","4","4","KBps","scsi0:0","n/a","0"
"WIN-DEMO-APP03","virtualdisk.write.average","8/20/2026 4:35:20 AM","20","7","7","KBps","scsi0:0","n/a","0"
"WIN-DEMO-APP03","virtualdisk.write.average","8/20/2026 4:35:40 AM","20","3","3","KBps","scsi0:0","n/a","0"
"WIN-DEMO-APP03","virtualdisk.write.average","8/20/2026 4:36:00 AM","20","74","74","KBps","scsi0:0","n/a","0"
"WIN-DEMO-APP03","virtualdisk.write.average","8/20/2026 4:36:20 AM","20","12","12","KBps","scsi0:0","n/a","0"
"WIN-DEMO-APP03","virtualdisk.write.average","8/20/2026 4:36:40 AM","20","17","17","KBps","scsi0:0","n/a","0"
"WIN-DEMO-APP03","virtualdisk.write.average","8/20/2026 4:37:00 AM","20","4","4","KBps","scsi0:0","n/a","0"
"WIN-DEMO-APP03","virtualdisk.write.average","8/20/2026 4:37:20 AM","20","4","4","KBps","scsi0:0","n/a","0"
"WIN-DEMO-APP03","virtualdisk.write.average","8/20/2026 4:37:40 AM","20","6","6","KBps","scsi0:0","n/a","0"
"WIN-DEMO-APP03","virtualdisk.write.average","8/20/2026 4:38:00 AM","20","13","13","KBps","scsi0:0","n/a","0"
"WIN-DEMO-APP03","virtualdisk.write.average","8/20/2026 4:38:20 AM","20","14","14","KBps","scsi0:0","n/a","0"
"WIN-DEMO-APP03","virtualdisk.write.average","8/20/2026 4:38:40 AM","20","1","1","KBps","scsi0:0","n/a","0"
"WIN-DEMO-APP03","virtualdisk.write.average","8/20/2026 4:39:00 AM","20","5","5","KBps","scsi0:0","n/a","0"
"WIN-DEMO-APP03","virtualdisk.write.average","8/20/2026 4:39:20 AM","20","1","1","KBps","scsi0:0","n/a","0"
"WIN-DEMO-APP03","virtualdisk.write.average","8/20/2026 4:39:40 AM","20","2","2","KBps","scsi0:0","n/a","0"
"WIN-DEMO-APP03","virtualdisk.write.average","8/20/2026 4:40:00 AM","20","6","6","KBps","scsi0:0","n/a","0"
"WIN-DEMO-APP03","virtualdisk.write.average","8/20/2026 4:40:20 AM","20","2","2","KBps","scsi0:0","n/a","0"
"WIN-DEMO-APP03","virtualdisk.write.average","8/20/2026 4:40:40 AM","20","0","0","KBps","scsi0:0","n/a","0"
"WIN-DEMO-APP03","virtualdisk.write.average","8/20/2026 4:41:00 AM","20","3","3","KBps","scsi0:0","n/a","0"
"WIN-DEMO-APP03","virtualdisk.write.average","8/20/2026 4:41:20 AM","20","2","2","KBps","scsi0:0","n/a","0"
"WIN-DEMO-APP03","virtualdisk.write.average","8/20/2026 4:41:40 AM","20","2","2","KBps","scsi0:0","n/a","0"
"WIN-DEMO-APP03","virtualdisk.write.average","8/20/2026 4:42:00 AM","20","4","4","KBps","scsi0:0","n/a","0"
"WIN-DEMO-APP03","virtualdisk.write.average","8/20/2026 4:42:20 AM","20","7","7","KBps","scsi0:0","n/a","0"
"WIN-DEMO-APP03","virtualdisk.write.average","8/20/2026 4:42:40 AM","20","4","4","KBps","scsi0:0","n/a","0"
"WIN-DEMO-APP03","virtualdisk.write.average","8/20/2026 4:43:00 AM","20","5","5","KBps","scsi0:0","n/a","0"
"WIN-DEMO-APP03","virtualdisk.write.average","8/20/2026 4:43:20 AM","20","4","4","KBps","scsi0:0","n/a","0"
"WIN-DEMO-APP03","virtualdisk.write.average","8/20/2026 4:43:40 AM","20","3","3","KBps","scsi0:0","n/a","0"
"WIN-DEMO-APP03","virtualdisk.write.average","8/20/2026 4:44:00 AM","20","4","4","KBps","scsi0:0","n/a","0"
"WIN-DEMO-APP03","virtualdisk.write.average","8/20/2026 4:44:20 AM","20","1","1","KBps","scsi0:0","n/a","0"
"WIN-DEMO-APP03","virtualdisk.write.average","8/20/2026 4:44:40 AM","20","42","42","KBps","scsi0:0","n/a","0"
"WIN-DEMO-APP03","virtualdisk.write.average","8/20/2026 4:45:00 AM","20","4","4","KBps","scsi0:0","n/a","0"
"WIN-DEMO-APP03","virtualdisk.write.average","8/20/2026 4:45:20 AM","20","2","2","KBps","scsi0:0","n/a","0"
"WIN-DEMO-APP03","virtualdisk.write.average","8/20/2026 4:45:40 AM","20","5","5","KBps","scsi0:0","n/a","0"
"WIN-DEMO-APP03","virtualdisk.write.average","8/20/2026 4:46:00 AM","20","4","4","KBps","scsi0:0","n/a","0"
"WIN-DEMO-APP03","virtualdisk.write.average","8/20/2026 4:46:20 AM","20","0","0","KBps","scsi0:0","n/a","0"
"WIN-DEMO-APP03","virtualdisk.write.average","8/20/2026 4:46:40 AM","20","17","17","KBps","scsi0:0","n/a","0"
"WIN-DEMO-APP03","virtualdisk.write.average","8/20/2026 4:47:00 AM","20","7","7","KBps","scsi0:0","n/a","0"
"WIN-DEMO-APP03","virtualdisk.write.average","8/20/2026 4:47:20 AM","20","0","0","KBps","scsi0:0","n/a","0"
"WIN-DEMO-APP03","virtualdisk.write.average","8/20/2026 4:47:40 AM","20","4","4","KBps","scsi0:0","n/a","0"
"WIN-DEMO-APP03","virtualdisk.write.average","8/20/2026 4:48:00 AM","20","6","6","KBps","scsi0:0","n/a","0"
"WIN-DEMO-APP03","virtualdisk.write.average","8/20/2026 4:48:20 AM","20","1","1","KBps","scsi0:0","n/a","0"
"WIN-DEMO-APP03","virtualdisk.write.average","8/20/2026 4:48:40 AM","20","5","5","KBps","scsi0:0","n/a","0"
"WIN-DEMO-APP03","virtualdisk.write.average","8/20/2026 4:49:00 AM","20","10","10","KBps","scsi0:0","n/a","0"
"WIN-DEMO-APP03","virtualdisk.write.average","8/20/2026 4:49:20 AM","20","6","6","KBps","scsi0:0","n/a","0"
"WIN-DEMO-APP03","virtualdisk.write.average","8/20/2026 4:49:40 AM","20","15","15","KBps","scsi0:0","n/a","0"
"WIN-DEMO-APP03","virtualdisk.write.average","8/20/2026 4:50:00 AM","20","3","3","KBps","scsi0:0","n/a","0"
"WIN-DEMO-APP03","virtualdisk.write.average","8/20/2026 4:50:20 AM","20","2","2","KBps","scsi0:0","n/a","0"
"WIN-DEMO-APP03","virtualdisk.write.average","8/20/2026 4:50:40 AM","20","4","4","KBps","scsi0:0","n/a","0"
"WIN-DEMO-APP03","virtualdisk.write.average","8/20/2026 4:51:00 AM","20","4","4","KBps","scsi0:0","n/a","0"
"WIN-DEMO-APP03","virtualdisk.write.average","8/20/2026 4:51:20 AM","20","2","2","KBps","scsi0:0","n/a","0"
"WIN-DEMO-APP03","virtualdisk.write.average","8/20/2026 4:51:40 AM","20","6","6","KBps","scsi0:0","n/a","0"
"WIN-DEMO-APP03","virtualdisk.write.average","8/20/2026 4:52:00 AM","20","3","3","KBps","scsi0:0","n/a","0"
"WIN-DEMO-APP03","virtualdisk.write.average","8/20/2026 4:52:20 AM","20","6","6","KBps","scsi0:0","n/a","0"
"WIN-DEMO-APP03","virtualdisk.write.average","8/20/2026 4:52:40 AM","20","3","3","KBps","scsi0:0","n/a","0"
"WIN-DEMO-APP03","virtualdisk.write.average","8/20/2026 4:53:00 AM","20","3","3","KBps","scsi0:0","n/a","0"
"WIN-DEMO-APP03","virtualdisk.write.average","8/20/2026 4:53:20 AM","20","2","2","KBps","scsi0:0","n/a","0"
"WIN-DEMO-APP03","virtualdisk.write.average","8/20/2026 4:53:40 AM","20","4","4","KBps","scsi0:0","n/a","0"
"WIN-DEMO-APP03","virtualdisk.write.average","8/20/2026 4:54:00 AM","20","6","6","KBps","scsi0:0","n/a","0"
"WIN-DEMO-APP03","virtualdisk.write.average","8/20/2026 4:54:20 AM","20","1","1","KBps","scsi0:0","n/a","0"
"WIN-DEMO-APP03","virtualdisk.write.average","8/20/2026 4:54:40 AM","20","4","4","KBps","scsi0:0","n/a","0"
"WIN-DEMO-APP03","virtualdisk.write.average","8/20/2026 4:55:00 AM","20","3","3","KBps","scsi0:0","n/a","0"
"WIN-DEMO-APP03","virtualdisk.write.average","8/20/2026 4:55:20 AM","20","2","2","KBps","scsi0:0","n/a","0"
"WIN-DEMO-APP03","virtualdisk.write.average","8/20/2026 4:55:40 AM","20","3","3","KBps","scsi0:0","n/a","0"
"WIN-DEMO-APP03","virtualdisk.write.average","8/20/2026 4:56:00 AM","20","4","4","KBps","scsi0:0","n/a","0"
"WIN-DEMO-APP03","virtualdisk.write.average","8/20/2026 4:56:20 AM","20","4","4","KBps","scsi0:0","n/a","0"
"WIN-DEMO-APP03","virtualdisk.write.average","8/20/2026 4:56:40 AM","20","0","0","KBps","scsi0:0","n/a","0"
"WIN-DEMO-APP03","virtualdisk.write.average","8/20/2026 4:57:00 AM","20","3","3","KBps","scsi0:0","n/a","0"
"WIN-DEMO-APP03","virtualdisk.write.average","8/20/2026 4:57:20 AM","20","6","6","KBps","scsi0:0","n/a","0"
"WIN-DEMO-APP03","virtualdisk.write.average","8/20/2026 4:57:40 AM","20","5","5","KBps","scsi0:0","n/a","0"
"WIN-DEMO-APP03","virtualdisk.write.average","8/20/2026 4:58:00 AM","20","8","8","KBps","scsi0:0","n/a","0"
"WIN-DEMO-APP03","virtualdisk.write.average","8/20/2026 4:58:20 AM","20","8","8","KBps","scsi0:0","n/a","0"
"WIN-DEMO-APP03","virtualdisk.write.average","8/20/2026 4:58:40 AM","20","0","0","KBps","scsi0:0","n/a","0"
"WIN-DEMO-APP03","virtualdisk.write.average","8/20/2026 4:59:00 AM","20","3","3","KBps","scsi0:0","n/a","0"
"WIN-DEMO-APP03","virtualdisk.write.average","8/20/2026 4:59:20 AM","20","2","2","KBps","scsi0:0","n/a","0"
"WIN-DEMO-APP03","virtualdisk.write.average","8/20/2026 4:59:40 AM","20","6","6","KBps","scsi0:0","n/a","0"
"WIN-DEMO-APP03","virtualdisk.write.average","8/20/2026 5:00:00 AM","20","29","29","KBps","scsi0:0","n/a","0"
"WIN-DEMO-APP03","virtualdisk.write.average","8/20/2026 5:00:20 AM","20","13","13","KBps","scsi0:0","n/a","0"
"WIN-DEMO-APP03","virtualdisk.write.average","8/20/2026 5:00:40 AM","20","1","1","KBps","scsi0:0","n/a","0"
"WIN-DEMO-APP03","virtualdisk.write.average","8/20/2026 5:01:00 AM","20","14","14","KBps","scsi0:0","n/a","0"
"WIN-DEMO-APP03","virtualdisk.write.average","8/20/2026 5:01:20 AM","20","3","3","KBps","scsi0:0","n/a","0"
"WIN-DEMO-APP03","virtualdisk.write.average","8/20/2026 5:01:40 AM","20","12","12","KBps","scsi0:0","n/a","0"
"WIN-DEMO-APP03","virtualdisk.write.average","8/20/2026 5:02:00 AM","20","4","4","KBps","scsi0:0","n/a","0"
"WIN-DEMO-APP03","virtualdisk.write.average","8/20/2026 5:02:20 AM","20","0","0","KBps","scsi0:0","n/a","0"
"WIN-DEMO-APP03","virtualdisk.write.average","8/20/2026 5:02:40 AM","20","2","2","KBps","scsi0:0","n/a","0"
"WIN-DEMO-APP03","virtualdisk.write.average","8/20/2026 5:03:00 AM","20","7","7","KBps","scsi0:0","n/a","0"
"WIN-DEMO-APP03","virtualdisk.write.average","8/20/2026 5:03:20 AM","20","4","4","KBps","scsi0:0","n/a","0"
"WIN-DEMO-APP03","virtualdisk.write.average","8/20/2026 5:03:40 AM","20","3","3","KBps","scsi0:0","n/a","0"
"WIN-DEMO-APP03","virtualdisk.write.average","8/20/2026 5:04:00 AM","20","3","3","KBps","scsi0:0","n/a","0"
"WIN-DEMO-APP03","virtualdisk.write.average","8/20/2026 5:04:20 AM","20","1","1","KBps","scsi0:0","n/a","0"
"WIN-DEMO-APP03","virtualdisk.write.average","8/20/2026 5:04:40 AM","20","8","8","KBps","scsi0:0","n/a","0"
"WIN-DEMO-APP03","virtualdisk.write.average","8/20/2026 5:05:00 AM","20","2","2","KBps","scsi0:0","n/a","0"
"WIN-DEMO-APP03","virtualdisk.write.average","8/20/2026 5:05:20 AM","20","3","3","KBps","scsi0:0","n/a","0"
"WIN-DEMO-APP03","virtualdisk.write.average","8/20/2026 5:05:40 AM","20","5","5","KBps","scsi0:0","n/a","0"
"WIN-DEMO-APP03","virtualdisk.write.average","8/20/2026 4:06:00 AM","20","0","0","KBps","scsi0:1","n/a","0"
"WIN-DEMO-APP03","virtualdisk.write.average","8/20/2026 4:06:20 AM","20","0","0","KBps","scsi0:1","n/a","0"
"WIN-DEMO-APP03","virtualdisk.write.average","8/20/2026 4:06:40 AM","20","0","0","KBps","scsi0:1","n/a","0"
"WIN-DEMO-APP03","virtualdisk.write.average","8/20/2026 4:07:00 AM","20","0","0","KBps","scsi0:1","n/a","0"
"WIN-DEMO-APP03","virtualdisk.write.average","8/20/2026 4:07:20 AM","20","0","0","KBps","scsi0:1","n/a","0"
"WIN-DEMO-APP03","virtualdisk.write.average","8/20/2026 4:07:40 AM","20","0","0","KBps","scsi0:1","n/a","0"
"WIN-DEMO-APP03","virtualdisk.write.average","8/20/2026 4:08:00 AM","20","0","0","KBps","scsi0:1","n/a","0"
"WIN-DEMO-APP03","virtualdisk.write.average","8/20/2026 4:08:20 AM","20","0","0","KBps","scsi0:1","n/a","0"
"WIN-DEMO-APP03","virtualdisk.write.average","8/20/2026 4:08:40 AM","20","0","0","KBps","scsi0:1","n/a","0"
"WIN-DEMO-APP03","virtualdisk.write.average","8/20/2026 4:09:00 AM","20","0","0","KBps","scsi0:1","n/a","0"
"WIN-DEMO-APP03","virtualdisk.write.average","8/20/2026 4:09:20 AM","20","0","0","KBps","scsi0:1","n/a","0"
"WIN-DEMO-APP03","virtualdisk.write.average","8/20/2026 4:09:40 AM","20","0","0","KBps","scsi0:1","n/a","0"
"WIN-DEMO-APP03","virtualdisk.write.average","8/20/2026 4:10:00 AM","20","0","0","KBps","scsi0:1","n/a","0"
"WIN-DEMO-APP03","virtualdisk.write.average","8/20/2026 4:10:20 AM","20","0","0","KBps","scsi0:1","n/a","0"
"WIN-DEMO-APP03","virtualdisk.write.average","8/20/2026 4:10:40 AM","20","0","0","KBps","scsi0:1","n/a","0"
"WIN-DEMO-APP03","virtualdisk.write.average","8/20/2026 4:11:00 AM","20","0","0","KBps","scsi0:1","n/a","0"
"WIN-DEMO-APP03","virtualdisk.write.average","8/20/2026 4:11:20 AM","20","0","0","KBps","scsi0:1","n/a","0"
"WIN-DEMO-APP03","virtualdisk.write.average","8/20/2026 4:11:40 AM","20","0","0","KBps","scsi0:1","n/a","0"
"WIN-DEMO-APP03","virtualdisk.write.average","8/20/2026 4:12:00 AM","20","0","0","KBps","scsi0:1","n/a","0"
"WIN-DEMO-APP03","virtualdisk.write.average","8/20/2026 4:12:20 AM","20","0","0","KBps","scsi0:1","n/a","0"
"WIN-DEMO-APP03","virtualdisk.write.average","8/20/2026 4:12:40 AM","20","0","0","KBps","scsi0:1","n/a","0"
"WIN-DEMO-APP03","virtualdisk.write.average","8/20/2026 4:13:00 AM","20","0","0","KBps","scsi0:1","n/a","0"
"WIN-DEMO-APP03","virtualdisk.write.average","8/20/2026 4:13:20 AM","20","0","0","KBps","scsi0:1","n/a","0"
"WIN-DEMO-APP03","virtualdisk.write.average","8/20/2026 4:13:40 AM","20","0","0","KBps","scsi0:1","n/a","0"
"WIN-DEMO-APP03","virtualdisk.write.average","8/20/2026 4:14:00 AM","20","0","0","KBps","scsi0:1","n/a","0"
"WIN-DEMO-APP03","virtualdisk.write.average","8/20/2026 4:14:20 AM","20","0","0","KBps","scsi0:1","n/a","0"
"WIN-DEMO-APP03","virtualdisk.write.average","8/20/2026 4:14:40 AM","20","0","0","KBps","scsi0:1","n/a","0"
"WIN-DEMO-APP03","virtualdisk.write.average","8/20/2026 4:15:00 AM","20","0","0","KBps","scsi0:1","n/a","0"
"WIN-DEMO-APP03","virtualdisk.write.average","8/20/2026 4:15:20 AM","20","0","0","KBps","scsi0:1","n/a","0"
"WIN-DEMO-APP03","virtualdisk.write.average","8/20/2026 4:15:40 AM","20","0","0","KBps","scsi0:1","n/a","0"
"WIN-DEMO-APP03","virtualdisk.write.average","8/20/2026 4:16:00 AM","20","0","0","KBps","scsi0:1","n/a","0"
"WIN-DEMO-APP03","virtualdisk.write.average","8/20/2026 4:16:20 AM","20","0","0","KBps","scsi0:1","n/a","0"
"WIN-DEMO-APP03","virtualdisk.write.average","8/20/2026 4:16:40 AM","20","0","0","KBps","scsi0:1","n/a","0"
"WIN-DEMO-APP03","virtualdisk.write.average","8/20/2026 4:17:00 AM","20","0","0","KBps","scsi0:1","n/a","0"
"WIN-DEMO-APP03","virtualdisk.write.average","8/20/2026 4:17:20 AM","20","0","0","KBps","scsi0:1","n/a","0"
"WIN-DEMO-APP03","virtualdisk.write.average","8/20/2026 4:17:40 AM","20","0","0","KBps","scsi0:1","n/a","0"
"WIN-DEMO-APP03","virtualdisk.write.average","8/20/2026 4:18:00 AM","20","0","0","KBps","scsi0:1","n/a","0"
"WIN-DEMO-APP03","virtualdisk.write.average","8/20/2026 4:18:20 AM","20","0","0","KBps","scsi0:1","n/a","0"
"WIN-DEMO-APP03","virtualdisk.write.average","8/20/2026 4:18:40 AM","20","0","0","KBps","scsi0:1","n/a","0"
"WIN-DEMO-APP03","virtualdisk.write.average","8/20/2026 4:19:00 AM","20","0","0","KBps","scsi0:1","n/a","0"
"WIN-DEMO-APP03","virtualdisk.write.average","8/20/2026 4:19:20 AM","20","0","0","KBps","scsi0:1","n/a","0"
"WIN-DEMO-APP03","virtualdisk.write.average","8/20/2026 4:19:40 AM","20","0","0","KBps","scsi0:1","n/a","0"
"WIN-DEMO-APP03","virtualdisk.write.average","8/20/2026 4:20:00 AM","20","0","0","KBps","scsi0:1","n/a","0"
"WIN-DEMO-APP03","virtualdisk.write.average","8/20/2026 4:20:20 AM","20","0","0","KBps","scsi0:1","n/a","0"
"WIN-DEMO-APP03","virtualdisk.write.average","8/20/2026 4:20:40 AM","20","0","0","KBps","scsi0:1","n/a","0"
"WIN-DEMO-APP03","virtualdisk.write.average","8/20/2026 4:21:00 AM","20","0","0","KBps","scsi0:1","n/a","0"
"WIN-DEMO-APP03","virtualdisk.write.average","8/20/2026 4:21:20 AM","20","0","0","KBps","scsi0:1","n/a","0"
"WIN-DEMO-APP03","virtualdisk.write.average","8/20/2026 4:21:40 AM","20","0","0","KBps","scsi0:1","n/a","0"
"WIN-DEMO-APP03","virtualdisk.write.average","8/20/2026 4:22:00 AM","20","0","0","KBps","scsi0:1","n/a","0"
"WIN-DEMO-APP03","virtualdisk.write.average","8/20/2026 4:22:20 AM","20","0","0","KBps","scsi0:1","n/a","0"
"WIN-DEMO-APP03","virtualdisk.write.average","8/20/2026 4:22:40 AM","20","0","0","KBps","scsi0:1","n/a","0"
"WIN-DEMO-APP03","virtualdisk.write.average","8/20/2026 4:23:00 AM","20","0","0","KBps","scsi0:1","n/a","0"
"WIN-DEMO-APP03","virtualdisk.write.average","8/20/2026 4:23:20 AM","20","0","0","KBps","scsi0:1","n/a","0"
"WIN-DEMO-APP03","virtualdisk.write.average","8/20/2026 4:23:40 AM","20","0","0","KBps","scsi0:1","n/a","0"
"WIN-DEMO-APP03","virtualdisk.write.average","8/20/2026 4:24:00 AM","20","0","0","KBps","scsi0:1","n/a","0"
"WIN-DEMO-APP03","virtualdisk.write.average","8/20/2026 4:24:20 AM","20","0","0","KBps","scsi0:1","n/a","0"
"WIN-DEMO-APP03","virtualdisk.write.average","8/20/2026 4:24:40 AM","20","0","0","KBps","scsi0:1","n/a","0"
"WIN-DEMO-APP03","virtualdisk.write.average","8/20/2026 4:25:00 AM","20","0","0","KBps","scsi0:1","n/a","0"
"WIN-DEMO-APP03","virtualdisk.write.average","8/20/2026 4:25:20 AM","20","0","0","KBps","scsi0:1","n/a","0"
"WIN-DEMO-APP03","virtualdisk.write.average","8/20/2026 4:25:40 AM","20","0","0","KBps","scsi0:1","n/a","0"
"WIN-DEMO-APP03","virtualdisk.write.average","8/20/2026 4:26:00 AM","20","0","0","KBps","scsi0:1","n/a","0"
"WIN-DEMO-APP03","virtualdisk.write.average","8/20/2026 4:26:20 AM","20","0","0","KBps","scsi0:1","n/a","0"
"WIN-DEMO-APP03","virtualdisk.write.average","8/20/2026 4:26:40 AM","20","0","0","KBps","scsi0:1","n/a","0"
"WIN-DEMO-APP03","virtualdisk.write.average","8/20/2026 4:27:00 AM","20","0","0","KBps","scsi0:1","n/a","0"
"WIN-DEMO-APP03","virtualdisk.write.average","8/20/2026 4:27:20 AM","20","0","0","KBps","scsi0:1","n/a","0"
"WIN-DEMO-APP03","virtualdisk.write.average","8/20/2026 4:27:40 AM","20","0","0","KBps","scsi0:1","n/a","0"
"WIN-DEMO-APP03","virtualdisk.write.average","8/20/2026 4:28:00 AM","20","0","0","KBps","scsi0:1","n/a","0"
"WIN-DEMO-APP03","virtualdisk.write.average","8/20/2026 4:28:20 AM","20","0","0","KBps","scsi0:1","n/a","0"
"WIN-DEMO-APP03","virtualdisk.write.average","8/20/2026 4:28:40 AM","20","0","0","KBps","scsi0:1","n/a","0"
"WIN-DEMO-APP03","virtualdisk.write.average","8/20/2026 4:29:00 AM","20","0","0","KBps","scsi0:1","n/a","0"
"WIN-DEMO-APP03","virtualdisk.write.average","8/20/2026 4:29:20 AM","20","0","0","KBps","scsi0:1","n/a","0"
"WIN-DEMO-APP03","virtualdisk.write.average","8/20/2026 4:29:40 AM","20","0","0","KBps","scsi0:1","n/a","0"
"WIN-DEMO-APP03","virtualdisk.write.average","8/20/2026 4:30:00 AM","20","0","0","KBps","scsi0:1","n/a","0"
"WIN-DEMO-APP03","virtualdisk.write.average","8/20/2026 4:30:20 AM","20","0","0","KBps","scsi0:1","n/a","0"
"WIN-DEMO-APP03","virtualdisk.write.average","8/20/2026 4:30:40 AM","20","0","0","KBps","scsi0:1","n/a","0"
"WIN-DEMO-APP03","virtualdisk.write.average","8/20/2026 4:31:00 AM","20","0","0","KBps","scsi0:1","n/a","0"
"WIN-DEMO-APP03","virtualdisk.write.average","8/20/2026 4:31:20 AM","20","0","0","KBps","scsi0:1","n/a","0"
"WIN-DEMO-APP03","virtualdisk.write.average","8/20/2026 4:31:40 AM","20","0","0","KBps","scsi0:1","n/a","0"
"WIN-DEMO-APP03","virtualdisk.write.average","8/20/2026 4:32:00 AM","20","0","0","KBps","scsi0:1","n/a","0"
"WIN-DEMO-APP03","virtualdisk.write.average","8/20/2026 4:32:20 AM","20","0","0","KBps","scsi0:1","n/a","0"
"WIN-DEMO-APP03","virtualdisk.write.average","8/20/2026 4:32:40 AM","20","0","0","KBps","scsi0:1","n/a","0"
"WIN-DEMO-APP03","virtualdisk.write.average","8/20/2026 4:33:00 AM","20","0","0","KBps","scsi0:1","n/a","0"
"WIN-DEMO-APP03","virtualdisk.write.average","8/20/2026 4:33:20 AM","20","0","0","KBps","scsi0:1","n/a","0"
"WIN-DEMO-APP03","virtualdisk.write.average","8/20/2026 4:33:40 AM","20","0","0","KBps","scsi0:1","n/a","0"
"WIN-DEMO-APP03","virtualdisk.write.average","8/20/2026 4:34:00 AM","20","0","0","KBps","scsi0:1","n/a","0"
"WIN-DEMO-APP03","virtualdisk.write.average","8/20/2026 4:34:20 AM","20","0","0","KBps","scsi0:1","n/a","0"
"WIN-DEMO-APP03","virtualdisk.write.average","8/20/2026 4:34:40 AM","20","0","0","KBps","scsi0:1","n/a","0"
"WIN-DEMO-APP03","virtualdisk.write.average","8/20/2026 4:35:00 AM","20","0","0","KBps","scsi0:1","n/a","0"
"WIN-DEMO-APP03","virtualdisk.write.average","8/20/2026 4:35:20 AM","20","0","0","KBps","scsi0:1","n/a","0"
"WIN-DEMO-APP03","virtualdisk.write.average","8/20/2026 4:35:40 AM","20","0","0","KBps","scsi0:1","n/a","0"
"WIN-DEMO-APP03","virtualdisk.write.average","8/20/2026 4:36:00 AM","20","0","0","KBps","scsi0:1","n/a","0"
"WIN-DEMO-APP03","virtualdisk.write.average","8/20/2026 4:36:20 AM","20","0","0","KBps","scsi0:1","n/a","0"
"WIN-DEMO-APP03","virtualdisk.write.average","8/20/2026 4:36:40 AM","20","0","0","KBps","scsi0:1","n/a","0"
"WIN-DEMO-APP03","virtualdisk.write.average","8/20/2026 4:37:00 AM","20","0","0","KBps","scsi0:1","n/a","0"
"WIN-DEMO-APP03","virtualdisk.write.average","8/20/2026 4:37:20 AM","20","0","0","KBps","scsi0:1","n/a","0"
"WIN-DEMO-APP03","virtualdisk.write.average","8/20/2026 4:37:40 AM","20","0","0","KBps","scsi0:1","n/a","0"
"WIN-DEMO-APP03","virtualdisk.write.average","8/20/2026 4:38:00 AM","20","0","0","KBps","scsi0:1","n/a","0"
"WIN-DEMO-APP03","virtualdisk.write.average","8/20/2026 4:38:20 AM","20","0","0","KBps","scsi0:1","n/a","0"
"WIN-DEMO-APP03","virtualdisk.write.average","8/20/2026 4:38:40 AM","20","0","0","KBps","scsi0:1","n/a","0"
"WIN-DEMO-APP03","virtualdisk.write.average","8/20/2026 4:39:00 AM","20","0","0","KBps","scsi0:1","n/a","0"
"WIN-DEMO-APP03","virtualdisk.write.average","8/20/2026 4:39:20 AM","20","0","0","KBps","scsi0:1","n/a","0"
"WIN-DEMO-APP03","virtualdisk.write.average","8/20/2026 4:39:40 AM","20","0","0","KBps","scsi0:1","n/a","0"
"WIN-DEMO-APP03","virtualdisk.write.average","8/20/2026 4:40:00 AM","20","0","0","KBps","scsi0:1","n/a","0"
"WIN-DEMO-APP03","virtualdisk.write.average","8/20/2026 4:40:20 AM","20","0","0","KBps","scsi0:1","n/a","0"
"WIN-DEMO-APP03","virtualdisk.write.average","8/20/2026 4:40:40 AM","20","0","0","KBps","scsi0:1","n/a","0"
"WIN-DEMO-APP03","virtualdisk.write.average","8/20/2026 4:41:00 AM","20","0","0","KBps","scsi0:1","n/a","0"
"WIN-DEMO-APP03","virtualdisk.write.average","8/20/2026 4:41:20 AM","20","0","0","KBps","scsi0:1","n/a","0"
"WIN-DEMO-APP03","virtualdisk.write.average","8/20/2026 4:41:40 AM","20","0","0","KBps","scsi0:1","n/a","0"
"WIN-DEMO-APP03","virtualdisk.write.average","8/20/2026 4:42:00 AM","20","0","0","KBps","scsi0:1","n/a","0"
"WIN-DEMO-APP03","virtualdisk.write.average","8/20/2026 4:42:20 AM","20","0","0","KBps","scsi0:1","n/a","0"
"WIN-DEMO-APP03","virtualdisk.write.average","8/20/2026 4:42:40 AM","20","0","0","KBps","scsi0:1","n/a","0"
"WIN-DEMO-APP03","virtualdisk.write.average","8/20/2026 4:43:00 AM","20","0","0","KBps","scsi0:1","n/a","0"
"WIN-DEMO-APP03","virtualdisk.write.average","8/20/2026 4:43:20 AM","20","0","0","KBps","scsi0:1","n/a","0"
"WIN-DEMO-APP03","virtualdisk.write.average","8/20/2026 4:43:40 AM","20","0","0","KBps","scsi0:1","n/a","0"
"WIN-DEMO-APP03","virtualdisk.write.average","8/20/2026 4:44:00 AM","20","0","0","KBps","scsi0:1","n/a","0"
"WIN-DEMO-APP03","virtualdisk.write.average","8/20/2026 4:44:20 AM","20","0","0","KBps","scsi0:1","n/a","0"
"WIN-DEMO-APP03","virtualdisk.write.average","8/20/2026 4:44:40 AM","20","0","0","KBps","scsi0:1","n/a","0"
"WIN-DEMO-APP03","virtualdisk.write.average","8/20/2026 4:45:00 AM","20","0","0","KBps","scsi0:1","n/a","0"
"WIN-DEMO-APP03","virtualdisk.write.average","8/20/2026 4:45:20 AM","20","0","0","KBps","scsi0:1","n/a","0"
"WIN-DEMO-APP03","virtualdisk.write.average","8/20/2026 4:45:40 AM","20","0","0","KBps","scsi0:1","n/a","0"
"WIN-DEMO-APP03","virtualdisk.write.average","8/20/2026 4:46:00 AM","20","0","0","KBps","scsi0:1","n/a","0"
"WIN-DEMO-APP03","virtualdisk.write.average","8/20/2026 4:46:20 AM","20","0","0","KBps","scsi0:1","n/a","0"
"WIN-DEMO-APP03","virtualdisk.write.average","8/20/2026 4:46:40 AM","20","0","0","KBps","scsi0:1","n/a","0"
"WIN-DEMO-APP03","virtualdisk.write.average","8/20/2026 4:47:00 AM","20","0","0","KBps","scsi0:1","n/a","0"
"WIN-DEMO-APP03","virtualdisk.write.average","8/20/2026 4:47:20 AM","20","0","0","KBps","scsi0:1","n/a","0"
"WIN-DEMO-APP03","virtualdisk.write.average","8/20/2026 4:47:40 AM","20","0","0","KBps","scsi0:1","n/a","0"
"WIN-DEMO-APP03","virtualdisk.write.average","8/20/2026 4:48:00 AM","20","0","0","KBps","scsi0:1","n/a","0"
"WIN-DEMO-APP03","virtualdisk.write.average","8/20/2026 4:48:20 AM","20","0","0","KBps","scsi0:1","n/a","0"
"WIN-DEMO-APP03","virtualdisk.write.average","8/20/2026 4:48:40 AM","20","0","0","KBps","scsi0:1","n/a","0"
"WIN-DEMO-APP03","virtualdisk.write.average","8/20/2026 4:49:00 AM","20","0","0","KBps","scsi0:1","n/a","0"
"WIN-DEMO-APP03","virtualdisk.write.average","8/20/2026 4:49:20 AM","20","0","0","KBps","scsi0:1","n/a","0"
"WIN-DEMO-APP03","virtualdisk.write.average","8/20/2026 4:49:40 AM","20","0","0","KBps","scsi0:1","n/a","0"
"WIN-DEMO-APP03","virtualdisk.write.average","8/20/2026 4:50:00 AM","20","0","0","KBps","scsi0:1","n/a","0"
"WIN-DEMO-APP03","virtualdisk.write.average","8/20/2026 4:50:20 AM","20","0","0","KBps","scsi0:1","n/a","0"
"WIN-DEMO-APP03","virtualdisk.write.average","8/20/2026 4:50:40 AM","20","0","0","KBps","scsi0:1","n/a","0"
"WIN-DEMO-APP03","virtualdisk.write.average","8/20/2026 4:51:00 AM","20","0","0","KBps","scsi0:1","n/a","0"
"WIN-DEMO-APP03","virtualdisk.write.average","8/20/2026 4:51:20 AM","20","0","0","KBps","scsi0:1","n/a","0"
"WIN-DEMO-APP03","virtualdisk.write.average","8/20/2026 4:51:40 AM","20","0","0","KBps","scsi0:1","n/a","0"
"WIN-DEMO-APP03","virtualdisk.write.average","8/20/2026 4:52:00 AM","20","0","0","KBps","scsi0:1","n/a","0"
"WIN-DEMO-APP03","virtualdisk.write.average","8/20/2026 4:52:20 AM","20","0","0","KBps","scsi0:1","n/a","0"
"WIN-DEMO-APP03","virtualdisk.write.average","8/20/2026 4:52:40 AM","20","0","0","KBps","scsi0:1","n/a","0"
"WIN-DEMO-APP03","virtualdisk.write.average","8/20/2026 4:53:00 AM","20","0","0","KBps","scsi0:1","n/a","0"
"WIN-DEMO-APP03","virtualdisk.write.average","8/20/2026 4:53:20 AM","20","0","0","KBps","scsi0:1","n/a","0"
"WIN-DEMO-APP03","virtualdisk.write.average","8/20/2026 4:53:40 AM","20","0","0","KBps","scsi0:1","n/a","0"
"WIN-DEMO-APP03","virtualdisk.write.average","8/20/2026 4:54:00 AM","20","0","0","KBps","scsi0:1","n/a","0"
"WIN-DEMO-APP03","virtualdisk.write.average","8/20/2026 4:54:20 AM","20","0","0","KBps","scsi0:1","n/a","0"
"WIN-DEMO-APP03","virtualdisk.write.average","8/20/2026 4:54:40 AM","20","0","0","KBps","scsi0:1","n/a","0"
"WIN-DEMO-APP03","virtualdisk.write.average","8/20/2026 4:55:00 AM","20","0","0","KBps","scsi0:1","n/a","0"
"WIN-DEMO-APP03","virtualdisk.write.average","8/20/2026 4:55:20 AM","20","0","0","KBps","scsi0:1","n/a","0"
"WIN-DEMO-APP03","virtualdisk.write.average","8/20/2026 4:55:40 AM","20","0","0","KBps","scsi0:1","n/a","0"
"WIN-DEMO-APP03","virtualdisk.write.average","8/20/2026 4:56:00 AM","20","0","0","KBps","scsi0:1","n/a","0"
"WIN-DEMO-APP03","virtualdisk.write.average","8/20/2026 4:56:20 AM","20","0","0","KBps","scsi0:1","n/a","0"
"WIN-DEMO-APP03","virtualdisk.write.average","8/20/2026 4:56:40 AM","20","0","0","KBps","scsi0:1","n/a","0"
"WIN-DEMO-APP03","virtualdisk.write.average","8/20/2026 4:57:00 AM","20","0","0","KBps","scsi0:1","n/a","0"
"WIN-DEMO-APP03","virtualdisk.write.average","8/20/2026 4:57:20 AM","20","0","0","KBps","scsi0:1","n/a","0"
"WIN-DEMO-APP03","virtualdisk.write.average","8/20/2026 4:57:40 AM","20","0","0","KBps","scsi0:1","n/a","0"
"WIN-DEMO-APP03","virtualdisk.write.average","8/20/2026 4:58:00 AM","20","0","0","KBps","scsi0:1","n/a","0"
"WIN-DEMO-APP03","virtualdisk.write.average","8/20/2026 4:58:20 AM","20","0","0","KBps","scsi0:1","n/a","0"
"WIN-DEMO-APP03","virtualdisk.write.average","8/20/2026 4:58:40 AM","20","0","0","KBps","scsi0:1","n/a","0"
"WIN-DEMO-APP03","virtualdisk.write.average","8/20/2026 4:59:00 AM","20","0","0","KBps","scsi0:1","n/a","0"
"WIN-DEMO-APP03","virtualdisk.write.average","8/20/2026 4:59:20 AM","20","0","0","KBps","scsi0:1","n/a","0"
"WIN-DEMO-APP03","virtualdisk.write.average","8/20/2026 4:59:40 AM","20","0","0","KBps","scsi0:1","n/a","0"
"WIN-DEMO-APP03","virtualdisk.write.average","8/20/2026 5:00:00 AM","20","0","0","KBps","scsi0:1","n/a","0"
"WIN-DEMO-APP03","virtualdisk.write.average","8/20/2026 5:00:20 AM","20","0","0","KBps","scsi0:1","n/a","0"
"WIN-DEMO-APP03","virtualdisk.write.average","8/20/2026 5:00:40 AM","20","0","0","KBps","scsi0:1","n/a","0"
"WIN-DEMO-APP03","virtualdisk.write.average","8/20/2026 5:01:00 AM","20","0","0","KBps","scsi0:1","n/a","0"
"WIN-DEMO-APP03","virtualdisk.write.average","8/20/2026 5:01:20 AM","20","0","0","KBps","scsi0:1","n/a","0"
"WIN-DEMO-APP03","virtualdisk.write.average","8/20/2026 5:01:40 AM","20","0","0","KBps","scsi0:1","n/a","0"
"WIN-DEMO-APP03","virtualdisk.write.average","8/20/2026 5:02:00 AM","20","0","0","KBps","scsi0:1","n/a","0"
"WIN-DEMO-APP03","virtualdisk.write.average","8/20/2026 5:02:20 AM","20","0","0","KBps","scsi0:1","n/a","0"
"WIN-DEMO-APP03","virtualdisk.write.average","8/20/2026 5:02:40 AM","20","0","0","KBps","scsi0:1","n/a","0"
"WIN-DEMO-APP03","virtualdisk.write.average","8/20/2026 5:03:00 AM","20","0","0","KBps","scsi0:1","n/a","0"
"WIN-DEMO-APP03","virtualdisk.write.average","8/20/2026 5:03:20 AM","20","0","0","KBps","scsi0:1","n/a","0"
"WIN-DEMO-APP03","virtualdisk.write.average","8/20/2026 5:03:40 AM","20","0","0","KBps","scsi0:1","n/a","0"
"WIN-DEMO-APP03","virtualdisk.write.average","8/20/2026 5:04:00 AM","20","0","0","KBps","scsi0:1","n/a","0"
"WIN-DEMO-APP03","virtualdisk.write.average","8/20/2026 5:04:20 AM","20","0","0","KBps","scsi0:1","n/a","0"
"WIN-DEMO-APP03","virtualdisk.write.average","8/20/2026 5:04:40 AM","20","0","0","KBps","scsi0:1","n/a","0"
"WIN-DEMO-APP03","virtualdisk.write.average","8/20/2026 5:05:00 AM","20","0","0","KBps","scsi0:1","n/a","0"
"WIN-DEMO-APP03","virtualdisk.write.average","8/20/2026 5:05:20 AM","20","0","0","KBps","scsi0:1","n/a","0"
"WIN-DEMO-APP03","virtualdisk.write.average","8/20/2026 5:05:40 AM","20","0","0","KBps","scsi0:1","n/a","0"
